:020000040800F2
:1000000058130020B5020008DD6F0008C763000820
:10001000D96F000849090008C181000800000000EC
:10002000000000000000000000000000B97000089F
:10003000710F000800000000517000083D710008B9
:10004000CF020008CF020008CF020008CF0200084C
:10005000CF020008CF020008CF020008CF0200083C
:10006000CF020008CF020008CF0200086D09000887
:100070007D0900088D0900089D090008AD090008E8
:10008000BD090008CD090008CF020008CF02000812
:10009000CF020008CF020008CF020008CF020008FC
:1000A000CF020008C1710008CF020008CF0200088B
:1000B000CF020008CF020008CF020008CF020008DC
:1000C000CF020008CF020008CF020008CF020008CC
:1000D000CF0200082181000835810008CF02000806
:1000E000CF020008CF020008CF020008CF020008AC
:1000F000CF020008CF020008CF020008CF0200089C
:10010000CF020008CF020008CF020008CF0200088B
:10011000CF020008CF020008F17100081172000838
:10012000ED090008FD090008CF020008CF02000811
:10013000CF020008CF020008CF020008CF0200085B
:10014000CF020008CF020008CF020008CF0200084B
:10015000CF020008CF020008CF020008CF0200083B
:10016000CF020008CF020008CF020008CF0200082B
:10017000CF020008CF020008CF020008CF0200081B
:10018000CF020008CF020008CF020008CF0200080B
:10019000CF02000800000000790F0008CF0200081D
:1001A000CF020008CF020008CF020008CF020008EB
:1001B000CF020008CF020008CF020008CF020008DB
:1001C000DD090008CF020008CF020008CF020008B6
:1001D000CF020008CF02000800F002F800F05AF841
:1001E0000AA090E8000C82448344AAF10107DA4592
:1001F00001D100F04FF8AFF2090EBAE80F0013F08A
:10020000010F18BFFB1A43F001031847548D00007B
:10021000948D00000A4410F8014B14F00F0508BF3C
:1002200010F8015B240908BF10F8014B6D1E05D0C2
:1002300010F8013B6D1E01F8013BF9D1641E03D09B
:10024000641E01F8015BFBD19142E4D370470000CA
:10025000103A24BF78C878C1FAD8520724BF30C8F2
:1002600030C144BF04680C607047000000230024C4
:1002700000250026103A28BF78C1FBD8520728BFB6
:1002800030C148BF0B6070471FB508F005FD1FBDAA
:1002900010B510BD00F046F91146FFF7F5FF08F064
:1002A00075F800F064F903B4FFF7F2FF03BC00F047
:1002B000E7F900000948804709480047FEE7FEE7E4
:1002C000FEE7FEE7FEE7FEE7FEE7FEE7FEE7FEE706
:1002D00004480549054A064B70470000AD71000807
:1002E000D9010008580D002058130020580F002095
:1002F000580F002053EA020C00F069802DE9F04B02
:100300004FF00006002B1FBFB3FA83F503FA05F484
:1003100024FA05F65E4012BF1643B2FA82F502FADD
:1003200005F4C5F120051EBF22FA05FC44EA0C04C1
:10033000203556EA044C4FEA144418BF641C4FF0B1
:1003400000084FF00009904271EB030C39D30029EB
:1003500019BFB1FA81F701FA07F6B0FA80F700FA8F
:1003600007F6C7F120071EBF20FA07FC46EA0C0675
:100370002037B6FBF4FCA7EB0507103F07F01F0B77
:10038000CBF120060CFA0BFB2CFA06F644BFB34661
:100390000026202FA4BF5E464FF0000B5BEA060C40
:1003A00008BF4FF0010B19EB0B09ABFB027C48EBCC
:1003B0000608C01B06FB02CC0BFB03CC71EB0C0147
:1003C000C1E70B46024641464846BDE8F08B13B5EF
:1003D0004FF000004FF00001AFF30080BDE81C407B
:1003E0007047032A40F2308010F0030C00F01580B3
:1003F00011F8013BBCF1020F624498BF11F801CB28
:1004000000F8013B38BF11F8013BA2F1040298BF8C
:1004100000F801CB38BF00F8013B11F0030300F0F6
:100420004F80083AC0F0088051F8043B083A51F870
:1004300004CBA0E80810F5E7121D5CBF51F8043B9F
:1004400040F8043BAFF30080D20724BF11F8013B12
:1004500011F801CB48BF11F8012B24BF00F8013B74
:1004600000F801CB48BF00F8012B70474FF00002A5
:1004700000B5134694469646203922BFA0E80C509A
:10048000A0E80C50B1F12001BFF4F7AF090728BF75
:10049000A0E80C5048BF0CC05DF804EB890028BFF1
:1004A00040F8042B08BF704748BF20F8022B11F01A
:1004B000804F18BF00F8012B704770477047704796
:1004C00010B5203AC0F00B80B1E81850203AA0E8EF
:1004D0001850B1E81850A0E81850BFF4F5AF5FEA23
:1004E000027C24BFB1E81850A0E8185044BF18C9D6
:1004F00018C0BDE810405FEA827C24BF51F8043B7D
:1005000040F8043B08BF7047D20728BF31F8023BD0
:1005100048BF11F8012B28BF20F8023B48BF00F864
:10052000012B7047754600F033F8AE46050069466A
:10053000534620F00700854618B020B5FFF7C8FEE7
:10054000BDE820404FF000064FF000074FF00008D4
:100550004FF0000B21F00701AC46ACE8C009ACE855
:10056000C009ACE8C009ACE8C0098D46704710B5B9
:100570000446AFF300802046BDE81040FFF793BE6D
:1005800010B500F027F8BDE8104000F01DB80000DD
:1005900000487047F80C00201FB584B000200A9C6A
:1005A00006AB04AA02A90094AFF3008018B1DDE9FC
:1005B000020108B010BD03482040FFF7E1FF002012
:1005C0000146F6E70000207C002801D000F058B872
:1005D0007047000010B5022803D0410103D50DA1DA
:1005E00012E0002010BD010101D50FA10CE0C100F7
:1005F00001D511A108E0810001D512A104E040005D
:1006000001D513A100E0002115A000F03FF8012062
:1006100010BD0000496E76616C6964204F70657290
:100620006174696F6E0000004469766964652042F8
:1006300079205A65726F00004F766572666C6F772D
:1006400000000000556E646572666C6F77000000F4
:10065000496E657861637420526573756C7400002F
:100660005349474650453A2041726974686D657434
:10067000696320657863657074696F6E3A20000065
:1006800001491820ABBEFEE72600020070B5054602
:100690000C460A2000E06D1C00F011F835B12878F6
:1006A0000028F8D102E0641C00F009F814B12078A9
:1006B0000028F8D1BDE870400A20AFF3008008B5EB
:1006C00069468DF800000320ABBE08BD704740F6B8
:1006D000934CC1F2000C604740F24F2CC1F2000C69
:1006E000604740F2212CC1F2000C604740F6574CA5
:1006F000C1F2000C604740F2650CC1F2000C60478B
:1007000041F2455CC1F2000C604740F2453CC1F249
:10071000000C604770B50546AC6AE06D00F0500013
:1007200098BBE06D40F40070E0652068006800F060
:100730000800A8B1206805F087FE10B32068C068E3
:1007400000F40050E8B9E06D20F48070E065E06DE1
:1007500000F48050A8B9E06D40F00100E06510E0C1
:100760002068C06800F0020058B9E06D20F4807085
:10077000E065E06D00F4805018B9E06D40F00100D4
:10078000E065204601F0D2F80CE0FFE7E06D00F0F4
:10079000100018B1204601F0CBF803E0606D416B0A
:1007A0002846884770BD70B50546AC6AE06D40F0DC
:1007B0004000E065206E40F004002066204601F015
:1007C000B7F870BD70B50446A56A284601F0AFF8C9
:1007D00070BD000070B50446206805F017FE06469F
:1007E000206805F018FE98B396BB2068806800F07A
:1007F0000D0001280AD1206881681A4A1140891C1D
:10080000816000BF03202168086009E0E06D40F0CE
:100810001000E065206E40F001002066012070BDF0
:1008200002F094FA054614E002F090FA401B022808
:100830000FD92068806800F0010050B1E06D40F0F1
:100840001000E065206E40F0010020660120E6E720
:1008500005E02068806800F001000028E4D1002055
:10086000DDE70000C0FFFF7F38B5044600200090A0
:10087000206805F0D0FD002858D1206880682C49F8
:10088000084048B1E06D40F01000E065206E40F097
:1008900001002066012038BD206805F097FD216821
:1008A000B1F1A04F03D0234A2168914201D12249DE
:1008B00000E02249084605F091FD00F4000080B1F7
:1008C0001F4800681F49B0FBF1F0401C00EB4000DE
:1008D0008000009002E00098401E009000980028E0
:1008E000F9D102F033FA05461AE0206805F093FDCD
:1008F00010B9206805F06AFD02F028FA401B0228B2
:100900000ED92068006800F0010048B9E06D40F0A1
:100910001000E065206E40F0010020660120BAE77B
:100920002068006800F001000028DED00020B2E757
:100930003F000080000100500003005000070050FD
:1009400018000020400D030000BFFEE7102806D16C
:10095000044A0B7813700022034B9A6100BF00BF5A
:100960007047000080000020E819001010B5024810
:1009700001F024FC10BD0000DC02002010B502488C
:1009800001F01CFC10BD00007C02002010B50248E4
:1009900001F014FC10BD00003409002010B502481D
:1009A00001F00CFC10BD00009409002010B50248B5
:1009B00001F004FC10BD00007408002010B50248CE
:1009C00001F0FCFB10BD0000D408002010B5024867
:1009D00001F0F4FB10BD00005C05002010B50248DA
:1009E00001F0ECFB10BD0000BC05002010B5024872
:1009F00001F0E4FB10BD00003C03002010B50248EC
:100A000001F0DCFB10BD00009C03002030B50E4D52
:100A10000468AC4201D20D4901E00C4920310B467B
:100A20000478083C1425B4FBF5F2446CA40803EBED
:100A300084048464054C8034C46402F01F050124DE
:100A4000AC40046530BD00000804024000080240CC
:100A500001794A1E064B03EB82024265044A40328A
:100A600082654A1E02F01F0301229A40C265704748
:100A70000009024030B5D0E913546C60446D14B1E4
:100A8000D0E916546C6090F8444004F01F0501242E
:100A9000AC40056C6C60046863608468102C04D101
:100AA0000468A2600468E16003E00468A16004686F
:100AB000E26030BD10B501460A2900DC09B900200A
:100AC00010BD042202EB8102D0B20023074C04F8CF
:100AD00021308A00521CA35480238A00921CA35404
:100AE0007F238A00D21CA35400BFE9E7A80C002092
:100AF00010B52DED020B0C4890F82D00401C0A4952
:100B000081F82D00084690F82D000A2800DD1CBD54
:100B1000054890F82D00401E8006020E02496846E6
:100B200000F0DAFA00BFF2E7A80C002010B5044686
:100B300000F018F8094991F82D00FFF7BBFF0749AD
:100B400081F82C002C22064805F00CF800200349FF
:100B500081F82D0081F82C0010BD0000A80C0020A9
:100B6000E007002010B52DED028BF448007807282F
:100B70007ED2DFE800F00469ACBBF0EEED00F04897
:100B80000078C0F3800000EE900AF8EE600AB0EE44
:100B9000600AFFF7ADFFEA480078C0F3C00000EE3E
:100BA000900AF8EE600AB0EE600AFFF7A1FFE44891
:100BB000007800F0010000EE900AF8EE600AB0EE56
:100BC000600AFFF795FFDE480078C0F3400000EEB2
:100BD000900AF8EE600AB0EE600AFFF789FFD84885
:100BE0000078C0F3001000EE900AF8EE600AB0EE54
:100BF000600AFFF77DFFD2480078C0F3401000EE96
:100C0000900AF8EE600AB0EE600AFFF771FFCD4877
:100C1000D0ED010AB0EE600AFFF76AFFCA48D0EDD6
:100C2000010AB0EE600AFFF763FFC748D0ED020A81
:100C3000B0EE600AFFF75CFFC448D0ED020AB0EEE8
:100C4000600AFFF755FF74E1C148D0ED000AB0EE2D
:100C5000600AFFF74DFFBE48D0ED010AB0EE600A12
:100C6000FFF746FFB848D0ED000AB0EE600A00E09A
:100C70005EE1FFF73DFFB448D0ED010AB0EE600A37
:100C8000FFF736FFB148D0ED000AB0EE600AFFF77B
:100C90002FFFAE48D0ED010AB0EE600AFFF728FF43
:100CA000A948D0ED020AB0EE600AFFF721FFA7487D
:100CB000D0ED020AB0EE600AFFF71AFFA5480078EF
:100CC00000EE100AB8EE400AFFF712FF31E1A24829
:100CD000D0ED010AB0EE600AFFF70AFF9948D0EDA7
:100CE000010AB0EE600AFFF703FF22E19548D0ED5C
:100CF000000AB0EE600AFFF7FBFE9748D0ED000A4D
:100D0000B0EE600AFFF7F4FE9348D0ED010AB0EEB2
:100D1000600AFFF7EDFE9148D0ED000AB0EE600AE0
:100D2000FFF7E6FE8D48D0ED010AB0EE600AFFF74E
:100D3000DFFE8948D0ED020AB0EE600AFFF7D8FE68
:100D40008648D0ED020AB0EE600AFFF7D1FEF0E06F
:100D5000A0E047E0FFE78248D0ED000AB0EE600A6D
:100D6000FFF7C6FE7F48D0ED010AB0EE600AFFF73C
:100D7000BFFE7748D0ED000AB0EE600AFFF7B8FE7C
:100D80007348D0ED010AB0EE600AFFF7B1FE6E487D
:100D9000D0ED000AB0EE600AFFF7AAFE6A48D0ED77
:100DA000010AB0EE600AFFF7A3FE6848D0ED010A21
:100DB000B0EE600AFFF79CFE6748D0ED000AB0EE87
:100DC000600AFFF795FE6048D0ED020AB0EE600AB7
:100DD000FFF78EFE5D48D0ED020AB0EE600AFFF725
:100DE00087FEA6E05748D0ED000AB0EE600AFFF794
:100DF0007FFE5948D0ED000AB0EE600AFFF778FE9A
:100E00005648D0ED000AB0EE600AFFF771FE4D487B
:100E1000D0ED010AB0EE600AFFF76AFE4E48D0ED51
:100E2000010AB0EE600AFFF763FE4C48D0ED010AFC
:100E3000B0EE600AFFF75CFE4848D0ED020AB0EE63
:100E4000600AFFF755FE4848408800EE100AB8EEE9
:100E5000400ADFED460A80EE201AB0EE418AB0EE7D
:100E6000480AFFF745FE4048008800EE100AB8EE39
:100E7000400ADFED3E0A80EE201AB0EE418AB0EE65
:100E8000480AFFF735FE3848406800EE100AFFF7C1
:100E90002FFE4EE03248D0ED000AB0EE600AFFF7B8
:100EA00027FE284890ED020A2C48D0ED020A80EE79
:100EB000201AB0EE418AB0EE480AFFF719FE244826
:100EC000D0ED000AB0EE600AFFF712FE2048D0ED28
:100ED000010AB0EE600AFFF70BFE1B48D0ED000AD6
:100EE000B0EE600AFFF704FE1748D0ED010AB0EE3D
:100EF000600AFFF7FDFD1548D0ED010AB0EE600A6B
:100F0000FFF7F6FD1448D0ED000AB0EE600AFFF7D7
:100F1000EFFD0D48D0ED020AB0EE600AFFF7E8FDE4
:100F20000A48D0ED020AB0EE600AFFF7E1FD00E0EA
:100F300000BF00BFBDEC028B10BD0000740000209C
:100F4000E4190010CC190010E81B0010181C001048
:100F5000F81B0010B0190010C0190010B4190010CF
:100F6000D8190010081C00102C0A002000007A4438
:100F7000704772B600BFFEE710B5024801F080FB73
:100F800010BD0000FC03002010B51D4A1D4C036875
:100F9000A34201D102F554721B4C0368A34201D154
:100FA00002F5D46202640368D3F8803023F4F814A5
:100FB000838E44EA03430468C4F8803002F170036E
:100FC00043640368D3F8803023F0706490F83830BD
:100FD00044EA03630468C4F8803002F1B003836418
:100FE000D833C364D833036518334365114602E030
:100FF00000230B60091D02F554739942F8D310BD0C
:1010000000A4004000680040006C00402DE9F04161
:10101000054614461E46D1F804C0BCF1000F0AD1A3
:10102000D1F810C0D1F808804CEA080CB1F8008063
:101030004CEA88430BE0D1F810C04CF0804CD1F85A
:1010400008804CEA080CD1F800804CEA080391F8BB
:101050002080D1F81CC04CEA086CD1F818804CEA0A
:10106000080CD1F814804CEA080CB1F80C804CEA5A
:10107000084706EBC608D5F854C00CEBC80213604D
:10108000121D1760121D002019E000F1030C14F866
:101090000CC04FEA0C6800F1020C14F80CC048EACE
:1010A0000C4800F1010C14F80CC048EA0C2C14F8A0
:1010B00000804CEA080CC2F800C0121D001DDFF8C9
:1010C0001480D1F80CC018F80CC08445DDD8BDE8F8
:1010D000F0810000268F000830B503461C788C5440
:1010E0005D78541C0D559D78941C0D55DD78D41CED
:1010F0000D5530BD02464FF0FF30D2F8E0308B4244
:1011000001D1062022E0D2F8E4308B4201D1002048
:101110001CE0D2F8E8308B4201D1012016E0D2F871
:10112000EC308B4201D1022010E0D2F8F0308B423B
:1011300001D103200AE0D2F8F4308B4201D104201F
:1011400004E0D2F8F8308B4200D10520704700004F
:10115000F8B504460D460020009000BF94F85800F2
:10116000012801D10220F8BD012084F8580000BFF9
:101170002046FFF72FFB06468EBBE06D20F488501B
:1011800040F00200E065206881681B4A114005F0CC
:10119000804242F000421143816000BF13E000989A
:1011A000401C00901549009888420CD3E06D20F057
:1011B000020040F01000E06500BF002084F85800F5
:1011C00000BF0120CFE720688168C90F0029E6D160
:1011D000E06D20F0020040F00100E06504E0FFE770
:1011E000E06D40F01000E06500BF002084F858007A
:1011F00000BF3046B7E70000C0FFFF3F02DE04003B
:101200002DE9F0439BB004460E464FF000083068CD
:1012100000B100BF00BF94F85800012803D102209C
:101220001BB0BDE8F083012084F8580000BF002007
:10123000179018902068B0F1A04F02D15848009044
:1012400008E058492068884202D15748009001E0E0
:1012500000200090009850B9E06D40F02000E0655B
:1012600000BF002084F8580000BF0120D8E7009894
:1012700005F0E5F80746206805F0E1F800287DD183
:10128000002F7FD12068B0F1A04F03D044492068DF
:10129000884201D1454800E0454805463068D8B34A
:1012A00094F83800716841EA4030A96821F460413F
:1012B0000843A8602068B0F1A04F03D038492068E7
:1012C000884201D1394800E03948384988420AD17A
:1012D0004FF0A04005F0A4F88146314805F0A0F891
:1012E00049EA00000DE02F4805F09AF881462E48A3
:1012F00005F096F849EA00092E4805F091F849EA08
:101300000000E0BBB16830680843A96840F61F726E
:1013100091430843A8603BE0FFE7A86820F46040E1
:10132000A8602068B0F1A04F03D01D492068884212
:1013300001D11E4800E01E481C4988420AD14FF0E6
:10134000A04005F06DF88146154805F069F849EAB6
:1013500000000DE0134805F063F88146124805F0DF
:101360005FF849EA0009134805F05AF849EA000015
:1013700028B9A86840F61F71884301E002E007E041
:10138000A86005E0E06D40F02000E0654FF0010846
:1013900000BF002084F8580000BF404640E700002E
:1013A00000010050000400500005005000030050F0
:1013B00000070050000600502DE9F84F05460C4686
:1013C0004FF0000A00200090FE49E068884200D0FB
:1013D00000E000BF00BF95F85800012802D10220AC
:1013E000BDE8F88F012085F8580000BF286805F097
:1013F00021F800287DD12968D4E9002001F1300CC2
:10140000C0F3012B0CEB8B03D3F800C000F01F0ED0
:101410004FF01F0B0BFA0EFB2CEA0B0C00F01F0B0E
:10142000C2F3846E0EFA0BFE4CEA0E0CC3F800C039
:1014300000BF286804F0FEFF8146286804F0E1FF41
:101440008046B9F1000F64D1B8F1000FFBD1A0685C
:10145000B0F1004F0AD121680022286805F006F893
:101460004FF00041286805F026F808E0A2682168DE
:10147000286804F0FBFF0021286805F01CF860696B
:101480002968C968C1F3C101490000FA01F7206960
:1014900004283FD028682268216900F1600C0CEB19
:1014A0008103D3F800C0DFF820B30CEA0B0C02F084
:1014B000F84B4BF0004B4BEA070B4CEA0B0CC3F814
:1014C00000C000BF2868A269216900F1600C0CEB24
:1014D0008103D3F800C02CF0807C4CEA020CC3F8E6
:1014E00000C000BF2868227F2169012A02D152066C
:1014F00001E0F6E10022134600F1600C0CEB8102E2
:10150000D2F800C02CF0007C4CEA030CC2F800C0FA
:1015100000BFA7E00021286804F06AFFC0F31200B2
:1015200030B90021286804F063FFC0F3846007E04D
:101530000021286804F05CFF90FAA0F0B0FA80F077
:101540002168C1F3120119B92168C1F3846104E073
:10155000216891FAA1F1B1FA81F1884204D1002207
:101560001146286804F09CFF0121286804F040FF20
:10157000C0F3120030B90121286804F039FFC0F32C
:10158000846007E00121286804F032FF90FAA0F09F
:10159000B0FA80F02168C1F3120119B92168C1F3D2
:1015A000846104E0216891FAA1F1B1FA81F18842E5
:1015B00004D100220121286804F072FF022128686A
:1015C00004F016FFC0F3120030B90221286804F0BD
:1015D0000FFFC0F3846007E00221286804F008FFD1
:1015E00090FAA0F0B0FA80F02168C1F3120119B9A5
:1015F0002168C1F3846104E0216891FAA1F1B1FA94
:1016000081F1884204D100220221286804F048FFB9
:101610000321286804F0ECFEC0F3120030B9032166
:10162000286804F0E5FEC0F3846007E00321286821
:1016300004F0DEFE90FAA0F0B0FA80F02168C1F369
:10164000120119B92168C1F3846104E0216891FA9B
:10165000A1F1B1FA81F1884204D100220321286866
:1016600004F01EFF286804F0D6FE002870D1286818
:10167000E2682168D0F8B0C0C1F312032CEA030C71
:1016800002F0180B514B23FA0BF30B404CEA030CFE
:10169000C0F8B0C000BF4B49E068884258D1236809
:1016A000C3F312031BB92368C3F3846304E0236804
:1016B00093FAA3F3B3FA83F35B1C03F01F03092B24
:1016C0003ED82368C3F312031BB92368C3F38463B2
:1016D00004E0236893FAA3F3B3FA83F35B1C03F0EB
:1016E0001F034FF0010C0CFA03FC2368C3F3120331
:1016F0001BB92368C3F3846304E0236893FAA3F35C
:10170000B3FA83F35B1C03F01F034CEA836C23687A
:10171000C3F312031BB92368C3F3846304E0236893
:1017200093FAA3F3B3FA83F35B1C03F01F0303EBF9
:1017300043034FF0000B4BEA03534CEA03033FE033
:101740002368C3F3120323B92368C3F3846305E05A
:1017500042E0236893FAA3F3B3FA83F35B1C03F02C
:101760001F034FF0010C0CFA03FC2368C3F31203B0
:101770001BB92368C3F3846304E0236893FAA3F3DB
:10178000B3FA83F35B1C03F01F034CEA836C2368FA
:10179000C3F312031BB92368C3F3846304E0236813
:1017A00093FAA3F3B3FA83F35B1C03F01F030A3B22
:1017B00003EB43034FF0007B4BEA03534CEA030374
:1017C000194605E000007F4000F0FF03FFFF07001F
:1017D000A268286804F04AFE4849206808400028AA
:1017E00042D02968B1F1A04F03D0454A29689142FF
:1017F00001D1444900E04449084604F0EFFD0646A3
:1018000042492068884203D04149206888422CD14F
:1018100006F4000048BB2868B0F1A04F03D03D4952
:101820002868884263D12A68B2F1A04F03D0344BB4
:101830002A689A4201D1334A00E0334A104646F4FE
:10184000000104F027FE344800683449B0FBF1F091
:10185000401C00EB40008000009002E00098401E19
:10186000009000980028F9D141E02D492068884275
:101870001BD106F08070C0B921492868884203D185
:1018800028492868884232D02A68B2F1A04F03D094
:101890001B4B2A689A4201D11A4A00E01A4A1046A4
:1018A00046F0807104F0F6FD21E01F49206888426F
:1018B0001DD106F48000D0B911492868884216D09D
:1018C0002A68B2F1A04F03D00B462A689A4201D190
:1018D0000C4A00E00C4A104646F4800104F0DAFDA0
:1018E00005E0E86D40F02000E8654FF0010A00BF18
:1018F000002085F8580000BF504671E500000880C0
:10190000000100500003005000070050000021C3F8
:101910001000C0900006005018000020400D030089
:10192000000052C700050050000084CB704770478C
:10193000704700002DE9F84304464FF000080020EE
:10194000009014B90120BDE8F883606920B194F8D3
:101950002400012800D100BFE06D30B9204600F01E
:1019600045F90020206684F8580020688168C1F39A
:10197000407131B120688168914A1140816000BF97
:1019800000BF206804F051FDB0B9206881688D4A1D
:10199000114041F08051816000BF8B4800688B4945
:1019A000B0FBF1F0401C4000009002E00098401EA7
:1019B000009000980028F9D1206804F036FD48B95D
:1019C000E06D40F01000E065206E40F00100206600
:1019D0004FF00108206804F02DFD0646E06D00F090
:1019E000100000287ED1002EFCD1E06D20F4807024
:1019F00040F00200E065206804F00DFD88BB20681F
:101A0000B0F1A04F03D072492068884201D17148DB
:101A100000E071486F4988420AD14FF0A04004F0BD
:101A2000FAFC81466A4804F0F6FC49EA00000DE041
:101A30006A4804F0F0FC8146694804F0ECFC49EA8D
:101A40000009684804F0E7FC49EA000048B9226848
:101A5000B2F1A04F03D05E4B22689A4202D15D4A98
:101A600001E009E05C4A10466168826822F47C1259
:101A70000A43826000BF00BF607FE16B41EA4030F3
:101A8000E1680843A168084394F8241040EA01453E
:101A900094F82400012803D1208D401E45EA4045DA
:101AA000E06A28B1A08D00F47870216B08430543EB
:101AB0002068C0684C49084028432168C8602068F5
:101AC000006920F04060616B08432168086120686C
:101AD00004F097FC0746EEBBE7BB207F002141EAFC
:101AE000803100E064E094F8380041EA4005206865
:101AF000C06844F20201884328432168C860206915
:101B000080B12068006940F4803021680861206855
:101B1000D0F8C0006FF30D00216908432168C1F8B7
:101B2000C0000DE02068006920F480302168086161
:101B30002068D0F8C0006FF30D002168C1F8C00024
:101B400094F84000012813D1606C40F00101A06CB2
:101B5000084300E012E0E16C0843216D084321686E
:101B6000096940F2FC72914308432168086105E06D
:101B70002068006920F0010021680861606901287F
:101B800009D12068006B20F00F00216A491E08432C
:101B90002168086305E02068006B20F00F002168D1
:101BA0000863E06D20F0020040F00100E06505E010
:101BB000E06D40F01000E0654FF001084046C2E6DD
:101BC000C0FFFF5FC0FFFF7F18000020400D030033
:101BD00000010050000300500007005000040050B6
:101BE00000050050000600500740F0FF10B59CB003
:101BF0000446142117A8FEF739FC542102A8FEF769
:101C000035FC2068B0F1A04F71D14FF40040029034
:101C10008003139002A802F08FF808B1FFF7A9F92A
:101C2000BF480068401CBE4908600846006801289B
:101C30000DD100BFBB48C06C40F40050B949C86426
:101C40000846C06C00F40050019000BF00BF00BF08
:101C5000B448C06C40F00100B249C8640846C06C8A
:101C600000F00100019000BF00BF00BF0846C06C3B
:101C700040F00200C8640846C06C00F00200019009
:101C800000BF00BF07201790032018900020199074
:101C900017A94FF0904000F06DFF4FF4804017906F
:101CA000032018900020199017A99F4800F062FFA8
:101CB0009E489F4908600520486000219C4881603B
:101CC000C160802101614900416189008161202159
:101CD000C1614FF44051016200F0F0FA08B1FFF722
:101CE00048F900BF92486065846216E1FFE79149B8
:101CF0002068884258D1C00102908003139002A846
:101D000002F01AF808B1FFF734F985480068401C62
:101D1000834908600846006801280DD100BF81484A
:101D2000C06C40F400507F49C8640846C06C00F4A1
:101D30000050019000BF00BF00BF7A48C06C40F067
:101D400001007849C8640846C06C00F001000190A9
:101D500000BF00BFF22017900320189000201990B8
:101D600017A94FF0904000F005FF704814387249F1
:101D700008602420486000216F488160C160802194
:101D8000016149004161890081612021C1614FF4F5
:101D90004051016200F092FA08B1FFF7EAF800BF83
:101DA000654860658462B8E064492068884256D11D
:101DB00080010290C003149002A801F0BDFF08B199
:101DC000FFF7D7F85E480068401C5D490860084688
:101DD000006801280DD100BF5248C06C40F480401B
:101DE0005049C8640846C06C00F48040019000BFB0
:101DF00000BF00BF4B48C06C40F002004949C864B6
:101E00000846C06C00F00200019000BF00BF022035
:101E10001790032018900020199017A9424800F04D
:101E2000A9FE4848484908602520486000214648E6
:101E30008160C16080210161490041618900816147
:101E40002021C1614FF44051016200F037FA08B11E
:101E5000FFF78FF800BF3C48606584625DE03B4956
:101E60002068884259D14FF480300290C00314900A
:101E700002A801F061FF08B1FFF77BF83048006865
:101E8000401C2F4908600846006801280DD100BF9A
:101E90002448C06C40F480402249C8640846C06CA5
:101EA00000F48040019000BF00BF00BF1D48C06C1F
:101EB00040F002001B49C8640846C06C00F00200F4
:101EC000019000BF00BF4FF480401790032018908E
:101ED0000020199017A9144800F04CFE194814303E
:101EE0001B49086026204860002119488160C160B4
:101EF0008021016149004161890081612021C16126
:101F00004FF44051016200F0D9F908B1FFF731F800
:101F100000BF0F486065846200BF1CB010BD0000A8
:101F20000000002000100240000400481C00024095
:101F30007C02002000010050DC0200200004005060
:101F400004000020080402403C030020000500506B
:101F50009C0300202DE9F04104460F46904621687D
:101F6000B1F1A04F03D0484A2168914201D14749BD
:101F700000E04749084604F036FA0646206804F0B7
:101F800059FA00287CD100BF94F85800012802D1EA
:101F90000220BDE8F081012084F8580000BF3D49CF
:101FA0002068884201D1012000E0002020B91EB144
:101FB000052E01D0092E5DD12046FEF755FC0546C1
:101FC000002D52D1E06D40F60161884340F48070ED
:101FD000E0652D492068884202D14FF0A04006E01C
:101FE0002D492068884201D12C4800E020682168F2
:101FF000884200D01EB9E06D20F48010E065E06DED
:1020000000F4805020B1206E20F00600206601E030
:10201000002020662248616DC8622248616D086315
:102020002148616D48631C202168086000BF0020C2
:1020300084F8580000BF2068406840F01000216814
:1020400048602068C06840F001002168C8602268CC
:1020500002F1400143463A46606D00F097F90546AB
:10206000206804F0FBF90CE00AE000BF002084F8CF
:10207000580006E0012500BF002084F8580000E069
:102080000225284685E700000001005000030050AB
:1020900000070050000600500005005000040050EA
:1020A00015070008C5070008A7070008014600201B
:1020B00091F82520022A03D00422CA63012027E0D8
:1020C0000A68126822F00E020B681A608A6C1268A5
:1020D00022F480728B6C1A600A68126822F0010286
:1020E0000B681A6091F8442002F01F0301229A4005
:1020F0000B6C5A60D1E913325A604A6D42B14A6D95
:10210000126822F480724B6D1A60D1E916325A605F
:10211000012281F8252000BF002281F8242000BF81
:10212000704770B50446002594F8250002280BD0AE
:102130000420E063012084F8250000BF002084F81B
:10214000240000BF012534E02068006820F00E0064
:10215000216808602068006820F00100216808609C
:10216000A06C006820F48070A16C086094F84400B2
:1021700000F01F0101208840216C4860D4E9131051
:102180004860606D40B1606D006820F48070616DE2
:102190000860D4E916104860012084F8250000BFCB
:1021A000002084F8240000BFA06B10B12046A16B72
:1021B0008847284670BD0146C86B704770B5044615
:1021C000206C05682068066894F8440000F01F0140
:1021D000042088402840E0B106F00400C8B120681F
:1021E000006800F0200028B92068006820F0040092
:1021F0002168086094F8440000F01F010420884022
:10220000216C4860206B002856D02046216B8847FF
:1022100052E094F8440000F01F010220884028405A
:1022200018B306F0020000B32068006800F0200038
:1022300040B92068006820F00A0021680860012089
:1022400084F8250094F8440000F01F010220884023
:10225000216C486000BF002084F8240000BFE06AC1
:1022600050B32046E16A884726E094F8440000F025
:102270001F01082088402840F0B106F00800D8B1BE
:102280002068006820F00E002168086094F844007F
:1022900000F01F0101208840216C48600120E063AC
:1022A00084F8250000BF002084F8240000BF606B84
:1022B00010B12046616B884770BD000070B50446C0
:1022C0000CB9012070BD2F49206888420BD22E49DD
:1022D0002068401A1421B0FBF1F0800060642A48A5
:1022E000083820640AE027492068401A1421B0FB0E
:1022F000F1F080006064234808382064022084F8EC
:1023000025002068056847F6F0708543D4E902018E
:1023100008432169084361690843A1690843E169E9
:102320000843216A08430543206805602046FEF7FC
:102330006DFBA068B0F5804F01D10020606020796E
:10234000A16C0860D4E913104860606860B16068EF
:10235000042809D82046FEF77BFB0020616D086049
:10236000D4E91610486003E000206065A065E065D0
:102370000020E063012084F82500002084F8240078
:1023800000BF9FE708040240080002402DE9F04129
:1023900004460D4616461F464FF0000800BF94F84D
:1023A0002400012802D10220BDE8F081012084F838
:1023B000240000BF94F8250001283FD1022084F8B2
:1023C00025000020E0632068006820F001002168FB
:1023D00008603B46324629462046FEF74BFB206B01
:1023E00030B12068006840F00E00216808600BE002
:1023F0002068006820F004002168086020680068F8
:1024000040F00A0021680860A06C006800F4803089
:1024100028B1A06C006840F48070A16C0860606D09
:1024200028B1606D006840F48070616D08602068BC
:10243000006840F001002168086006E000BF00204D
:1024400084F8240000BF4FF002084046ACE72DE9B5
:10245000F04104460E461746706800B900E000BF20
:1024600094F85C00022821D12068D0F8C40000F460
:10247000001030B1206E40F4007020660120BDE8ED
:10248000F0812068D0F8C400C0F301452B463A46DD
:1024900031462046FEF7BAFD0120A8402168C1F868
:1024A000CC000120A840A0650020E8E7206E40F0A5
:1024B000080020660120E2E7F0B5024692F85C6071
:1024C000012E01D0022E23D1086880B9087A800736
:1024D0000F7B40EAC7600F8A40EA07404F6940EA35
:1024E0000704176C486807EB80031C600EE00F7B45
:1024F000086940EA47740F7A486940EA8775576C63
:10250000486807EBC0031C601B1D1D600020F0BD68
:10251000106E40F0020010660120F8E77047704727
:102520002DE9F04304460E469C46002394F85C8057
:10253000B8F1020F7DD1402E25D12068D0F890004F
:1025400000F00F0030B9206E40F48070206601204A
:10255000BDE8F0832068D0F89000C0F3006030B18F
:102560002068D0F88000C0F3402000B1012320682B
:10257000D0F89000C0F30120034403EBC309A06C22
:1025800000EBC90123E02068D0F8980000F00F00AC
:1025900028B9206E40F4807020660120D8E72068BA
:1025A000D0F89800C0F3006030B12068D0F8800007
:1025B000C0F3002000B101232068D0F89800C0F3D8
:1025C0000120034403EBC309E06C00EBC901086878
:1025D00000F080405060506820B90868C0F38A401D
:1025E000106003E0086820F060401060086800F0A8
:1025F00000509060086800F000401061091D0888D4
:1026000080B2D0610868C0F30340D060086800F46D
:1026100080105061086800F4001090610868C0F3F1
:10262000066010620868C00F5062091D0F46002541
:1026300004E015E0785D0CF805006D1CDFF82C90C7
:10264000D06819F80000A842F4D8402E03D12068C1
:10265000C0F8943002E02068C0F89C30002077E792
:10266000206E40F008002066012071E7268F0008E8
:1026700001460A68D2F8C42002F00700704770478C
:102680002DE9FC5F04462068006D00F4E0572068E7
:10269000406D07402068006D00F007082068406D1D
:1026A00000EA08082068006D00F038092068406DD5
:1026B00000EA09092068006D00F4710A2068406D85
:1026C00000EA0A0A2068006D00F4602B2068406D63
:1026D00000EA0B0B2068456D2068066DC6F380107C
:1026E00040B1C5F3801028B140202168086520461C
:1026F000FFF7C5FFC6F30020A0B1C5F3002088B1E5
:102700002068D0F8D80000902068D0F8E000009948
:10271000084000904FF480702168086520460099B9
:1027200000F024FA2FB1206807653946204600F0F2
:102730001FFAB8F1000F06D02068C0F8508041465B
:10274000204600F0D1F9B9F1000F06D02068C0F89A
:1027500050904946204600F0EFF9C6F3402048B1BA
:10276000C5F3402030B14FF4007021680865204661
:1027700000F0FFF9C6F3C01098B1C5F3C01080B1E6
:102780002068D0F8D40001902068D0F8DC000199CE
:10279000084001908020216808652046019900F0DA
:1027A000E6F9C6F3403048B1C5F3403030B14FF4DC
:1027B000005021680865204600F0D7F9C6F3C03004
:1027C00048B1C5F3C03030B14FF40040216808650E
:1027D000204600F0C9F9C6F3803050B1C5F380300F
:1027E00038B14FF4804021680865206E40F08000C9
:1027F0002066BBF1000F06D02068C0F850B05946E3
:102800002046FFF78CFEBAF1000F06D02068C0F812
:1028100050A0206E40EA0A002066206E10B12046CB
:10282000FFF77CFEBDE8FC9F70B504460CB90120A3
:1028300070BD81492068884200D100BFA068B0F512
:10284000407F00D100BF94F85C0028B9002084F8D4
:102850005D00204600F0F4F82068806920F0100048
:102860002168886100F072FA05460DE000F06EFA0A
:10287000401B0A2808D9206E40F001002066032082
:1028800084F85C000120D3E72068806900F008002C
:102890000828EBD02068806940F001002168886139
:1028A00000F054FA05460DE000F050FA401B0A28EB
:1028B00008D9206E40F001002066032084F85C00F7
:1028C0000120B5E72068806900F001000028EBD006
:1028D0002068806940F002002168886156492068BC
:1028E000884202D1554960680860207C012806D1E1
:1028F0002068806920F040002168886105E0206838
:10290000806940F0400021688861607C012806D120
:102910002068806940F480402168886105E0206873
:10292000806920F4804021688861A07C012806D15C
:102930002068806920F480502168886105E0206863
:10294000806940F48050216888612068806920F4A3
:102950004070A1680843216888612068806920F080
:10296000A400216888612068006920F010002168B7
:102970000861E068012806D12068806940F0040001
:102980002168886120E0E068F0B1E068022815D095
:102990002068806940F080002168886120680069B3
:1029A00040F0100021680861E06803280CD120681D
:1029B000806940F020002168886105E02068806916
:1029C00040F0200021688861207E401E4106E069B9
:1029D000401E41EA0020216A491E0843A18A491E7F
:1029E00040EA01402168C861A068B0F5407F0FD17E
:1029F000A06A401EE16A491E40EA0121206B401E88
:102A000041EA0011A08C401E41EA00402168C860E4
:102A10002068D0F8C000E16B08432168C1F8C0000D
:102A20002046FEF7B1FA0020A0652066012084F858
:102A30005C000020FCE600000064004000650040EF
:102A400010B59CB00446142117A8FDF70FFD5421C2
:102A500002A8FDF70BFD2149206888423BD1801474
:102A600002904003109002A801F066F908B1FEF749
:102A700080FA00BF1A48806D40F0007018498865E0
:102A80000846806D00F00070019000BF00BF00BFDD
:102A90000846C06C40F00200C8640846C06C00F0F4
:102AA0000200019000BF00BF4FF440501790022079
:102AB00018900020199003201A9009201B9017A944
:102AC000084800F057F800220321562001F04CF886
:102AD000562001F035F81CB010BD00000068004021
:102AE000001002400004004870B504460D460E492F
:102AF0002068884217D10D4B0D4A40212046FFF730
:102B00000FFD0B480068102803D10849FDF71EFF90
:102B100000E000BF00BF07480068406D40F00100C2
:102B200004490968486570BD00680040280C002011
:102B3000000C0020FC0300207047014691F85C0067
:102B400001280BD1022081F85C000868806920F020
:102B500001000A689061002008667047086E40F026
:102B6000040008660120F8E7704770477047704717
:102B70007047704778B502460B460021CAE001262F
:102B80008E401D6805EA0604002C73D01D7905F0FF
:102B90000305012D04D01D7905F00305022D13D185
:102BA00090684E000325B540A8434E00DD68B5404F
:102BB00028439060506801258D40A8431D79C5F3D6
:102BC00000158D40284350601D7905F00305032D45
:102BD00009D0D0684E000325B540A8434E009D683B
:102BE000B5402843D0601D7905F00305022D13D1AF
:102BF000CE0802F1200555F826004D07EE0E0F25F0
:102C0000B540A8434E07F60E1D69B5402843CE08CF
:102C100002F1200545F8260010684E000325B54056
:102C2000A8431D7905F003054E00B5402843106008
:102C30005D6805F44035002D6BD000BF384D2D6E1A
:102C400045F00105364E356635462D6E05F0010519
:102C5000009500BF00BF4FEAB6358E0855F8260034
:102C60008D072E0F0F25B540A843B2F1904F02D12A
:102C700000251AE04DE02B4DAA4201D1012514E0B8
:102C8000294DAA4201D102250FE0284DAA4201D1C7
:102C900003250AE0264DAA4201D1042505E0254D71
:102CA000AA4201D1052500E006258E07360FB54062
:102CB0002843214D8E0845F82600204D2868A04362
:102CC0005D6805F4801505B120431C4D28602D1D5D
:102CD0002868A0435D6805F4001505B12043174D31
:102CE0002D1D2860154D2D1F2868A0435D6805F433
:102CF000003505B12043114D2D1F28602D1F286878
:102D0000A0435D6805F4803505B120430B4D083DB7
:102D10002860491C1D68CD40002D7FF430AF78BD80
:102D2000001002400004004800080048000C004861
:102D30000010004800140048080001400804014049
:102D40000AB1816100E081627047000001480068BB
:102D500070470000A400002010B5034693F8DD0082
:102D6000022800D110BD00BF93F8DC00012801D17A
:102D70000220F7E7012083F8DC0000BF022083F87F
:102D8000DD00202945D00CDC042927D004DC0129F2
:102D900012D002296AD118E0082928D0102965D15B
:102DA0002EE040293ED0802945D0B1F5807F4BD020
:102DB000B1F5007F5AD150E01868D0F8000462F3F2
:102DC00004001C68C4F8000459E01868D0F8000436
:102DD00062F38A101C68C4F8000450E01868D0F848
:102DE000000462F310301C68C4F8000447E018685F
:102DF000D0F8000462F396401C68C4F800043EE07A
:102E00001868D0F8000462F31C601C68C4F8000461
:102E100035E01868D0F8040462F304001C68C4F8B4
:102E200004042CE01868D0F8040462F38A101C68CB
:102E3000C4F8040423E01868D0F8040462F31030E6
:102E40001C68C4F804041AE01868D0F8040462F39B
:102E500096401C68C4F8040411E01868D0F8040413
:102E600062F31C601C68C4F8040408E0072083F8BF
:102E7000DD0000BF002083F8DC0000BF00BF00BF02
:102E800093F8DD00072801D101206BE7012083F8CA
:102E9000DD0000BF002083F8DC0000BF00BF61E759
:102EA000F0B503460D4693F8DD00022800D1F0BDD1
:102EB00000BF93F8DC00012801D10220F7E70120D0
:102EC00083F8DC0000BF022083F8DD001868D0F82A
:102ED00080431868D0F8FC13202D63D00CDC042D3F
:102EE0002DD004DC012D12D0022D77D11AE0082D4F
:102EF00032D0102DF9D13CE0402D73D0802D6FD011
:102F0000B5F5807F6DD0B5F5007FEED1BFE024F43C
:102F1000E024106800F4E020044356681868C0F804
:102F2000BC63DAE024F460144FF46016106806EA1B
:102F3000C000044356681868C0F8C063CDE024F0B0
:102F4000E0744FF0E076106806EA8010044356689B
:102F50001868C0F8C463C0E024F060644FF0606695
:102F6000106806EA4020044356681868C0F8C86331
:102F7000B3E021F007011068C0F302400143186874
:102F8000D0F8F80320F01F061868C0F8F863186836
:102F9000D0F8F803167906F01F0630431E68C6F80D
:102FA000F8039AE021F070017026106806EA1030EC
:102FB00001431868D0F8F80320F478761868C0F850
:102FC000F8631868D0F8F8034FF47877566807EA82
:102FD000461630431E68C6F8F8037EE074E001E050
:102FE0001DE039E021F4E0614FF4E066106806EA84
:102FF000102001431868D0F8F80320F4F846186848
:10300000C0F8F8631868D0F8F8034FF4F84756682A
:1030100007EA862630431E68C6F8F8035DE021F40F
:10302000E0414FF4E046106806EA101001431868CA
:10303000D0F8F80320F4F8161868C0F8F863186898
:10304000D0F8F80396884FF4F81707EA064630439D
:103050001E68C6F8F80340E021F4E021106800F48F
:10306000E02001431868D0F8F80320F0787618685B
:10307000C0F8F8631868D0F8F80396884FF07877AE
:1030800007EA465630431E68C6F8F80325E021F4E7
:10309000E0014FF4E006106806EA001001431868EA
:1030A000D0F8F80320F0F8461868C0F8F8631868FC
:1030B000D0F8F80316794FF0F84707EA86663043F0
:1030C0001E68C6F8F80308E0072083F8DD0000BF9B
:1030D000002083F8DC0000BF00BF00BF93F8DD00D4
:1030E000072801D10120E2E6102D03D21868C0F8AC
:1030F000804302E01868C0F8FC13012083F8DD006B
:1031000000BF002083F8DC0000BF00BFCFE670479F
:10311000704770477047704770477047024600BF5E
:1031200092F8DC00012801D102207047012082F8CA
:10313000DC0000BF022082F8DD00481C80B9106866
:10314000D0F8CC0320F002031068C0F8CC3310682C
:10315000D0F8CC0340F001031068C0F8CC3318E07D
:103160001068D0F8CC0340F002031068C0F8CC33EC
:103170001068D0F8CC0320F00C0008431368C3F8A3
:10318000CC031068D0F8CC0340F001031068C0F8FD
:10319000CC33012082F8DD000020C6E730B50346BD
:1031A0000C4693F8DD00022800D130BD00BF93F833
:1031B000DC00012801D10220F7E7012083F8DC00C0
:1031C00000BF022083F8DD00108800F4E0519088F1
:1031D000C0F308000143108900F400700143108A15
:1031E00000F480400143908900F400400143908A3C
:1031F000134D05EA00400143906900F0007001435F
:10320000106A00F080400143D06900F000400143A3
:103210001868803000EBC410806B0A4D28400843CA
:103220001D68803505EBC415A863012083F8DD0017
:1032300000BF002083F8DC0000BF00BFB5E700003E
:103240000000FF010020003C70477047F8B50446BD
:103250000CB90120F8BD0220E03404F8030C002072
:1032600020606060A060E06020616061A061E03C7F
:10327000207A00F0010008B33549206888420DD15A
:1032800000BF3448006E40F080603249086608464E
:10329000006E00F08060009000BF00BF20680668EC
:1032A00026F44046208A00F44040064326F4405667
:1032B000A08A00F44050064320680660204600F0D3
:1032C0004BF8207A00F0020048B12068066826F426
:1032D0004076A08900F44070064320680660012013
:1032E00084F8DD0000BF002084F8DC0000BF00256A
:1032F00029E00021C5EBC50204F1180040F82210B6
:10330000C5EBC50200EB82004160C5EBC50204F1CC
:10331000180000EB82008160C5EBC50204F11800C3
:1033200000EB8200C160C5EBC50204F1180000EBA0
:1033300082000161C5EBC50204F1180000EB8200B8
:103340008161681CC5B2062DD3D9002082E7000038
:10335000006801400010024038B504462849206842
:1033600088424CD100BF2748006E40F0806025495C
:1033700008660846006E00F08060009000BF00BF45
:103380002148224908606020486000211F48816070
:10339000C160802101614900416189008161202172
:1033A000C1614FF440510162FEF788FF08B1FDF79B
:1033B000E0FD00BF1548C4F8E400846200BF124875
:1033C0001430134908606120486000211048816072
:1033D000C160802101614900416189008161202132
:1033E000C1614FF440510162FEF768FF08B1FDF77B
:1033F000C0FD00BF0648C4F8E800846200BF38BDC5
:103400000068014000100240800002405C0500207E
:10341000BC05002010B586B00446142101A8FDF7B4
:1034200025F81249206888421DD100BF1048C06CA1
:1034300040F001000E49C8640846C06C00F001006D
:10344000009000BF00BF4FF4706001900220029016
:1034500000200390012004900D20059001A94FF059
:103460009040FFF787FB06B010BD000000680140E8
:1034700000100240704770477047704770B50446AF
:103480000D46FFF763FC06460CE0681C50B1FFF7E1
:103490005DFC801BA84200D825B9072084F8DD0018
:1034A000032070BD2068D0F88803C0F300400028D6
:1034B000EBD0012084F8DD0000BF002084F8DC00A0
:1034C00000BF00BFEDE770477047704770B5044616
:1034D0000D46164694F8DD00022800D170BD02208A
:1034E00084F8DD00062D04D13146204602F012FD9D
:1034F00004E032462946204602F0F2FD012084F81D
:10350000DD000020EAE730B5044694F8DD0002282B
:1035100000D130BD00BF94F8DC00012801D10220A9
:10352000F7E7012084F8DC0000BF022084F8DD000A
:10353000062928D1012A06D0022A08D0042A0AD056
:10354000082A10D10BE018682568E86114E01868B3
:103550002568686210E018682568A8620CE01868A1
:103560002568E86208E0072084F8DD0000BF00203D
:1035700084F8DC0000BF00BF00BF94F8DD0007281E
:103580007DD10120C5E7012A06D0022A0BD0042AEA
:103590004CD0082A74D150E01D682068803000EBC0
:1035A000C110C5619AE01D682068803000EBC11031
:1035B0004562586868B32068803000EBC11000682D
:1035C00020F440552068803000EBC1100560206871
:1035D000803000EBC11000685D68284325688035A5
:1035E00005EBC11528605868B0F5005F06D19D68ED
:1035F0002068803000EBC110C56116E05868B0F556
:10360000405F12D19D682068803000EBC110856258
:103610000BE02068803000EBC110006820F44050BF
:103620002568803505EBC115286057E01D682068C6
:10363000803000EBC110856250E01D68206880304A
:1036400000EBC110C562586888B32068803000EB79
:10365000C110006820F440452068803000EBC110A4
:1036600005602068803000EBC11000685D6840EAAA
:1036700085052068803000EBC110056001E034E072
:1036800023E05868B0F5005F06D19D68206880305F
:1036900000EBC110C56117E05868B0F5405F13D169
:1036A0009D682068803000EBC11085620CE0FFE768
:1036B0002068803000EBC110006820F4404025688D
:1036C000803505EBC115286008E0072084F8DD008F
:1036D00000BF002084F8DC0000BF00BF00BF94F8EA
:1036E000DD00072801D1012013E7012084F8DD0067
:1036F00000BF002084F8DC0000BF00BF09E7000025
:103700002DE9F04104460F4694F8DD00022801D16E
:10371000BDE8F081022084F8DD0000BF94F8DC00F1
:10372000012801D10220F3E7012084F8DC0000BF6A
:1037300007F4803020B3D4F8CC0008B34748D4F85D
:10374000E01048634648D4F8E010C862D4E9352355
:10375000D4F8D010D4F8E000FEF718FE48B10720E6
:1037600084F8DD0000BF002084F8DC0000BF0120E9
:10377000CEE72068C168D4F8CC0001432068C1605E
:10378000002559E0374850F825003840002851D02E
:10379000C5EBC50104F1180000EB8100C0680028EA
:1037A00048D02946204602F093FB06464EB9072032
:1037B00084F8DD0000BF002084F8DC0000BF012099
:1037C000A6E7264870632848F062C5EBC50C04F1F3
:1037D000180000EB8C00C5EBC50C836904F11800E0
:1037E00000EB8C00C5EBC50C426904F1180000EB3E
:1037F0008C0001693046FEF7C9FD48B1072084F806
:10380000DD0000BF002084F8DC0000BF01207FE75E
:103810002068803000EBC510C068C5EBC50204F11C
:10382000180101EB8201C96808432168803101EB6E
:10383000C511C860681CC5B2062DA3D320680068F6
:10384000384321680860012084F8DD0000BF0020B3
:1038500084F8DC0000BF00BF5AE70000095C0008E4
:10386000175C0008B0000020A75C00082DE9F041BB
:1038700004460D4616461F4694F8DD00022801D185
:10388000BDE8F08100BF94F8DC00012801D10220DE
:10389000F6E7012084F8DC0000BF022084F8DD0098
:1038A0003B4632462946204602F097FB012084F829
:1038B000DD0000BF002084F8DC0000BF00BFDFE7B0
:1038C000024600BF92F8DC00012801D102207047B7
:1038D000012082F8DC0000BF022082F8DD001068C1
:1038E000D0F8940308431368C3F89403012082F8C6
:1038F000DD0000BF002082F8DC0000BF00BFE6E76B
:10390000024600BF92F8DC00012801D10220704776
:10391000012082F8DC0000BF022082F8DD00106880
:10392000D0F8980308431368C3F89803012082F87D
:10393000DD0000BF002082F8DC0000BF00BFE6E72A
:1039400070B504460D46164694F8DD00022800D1F5
:1039500070BD00BF94F8DC00012801D10220F7E718
:10396000012084F8DC0000BF022084F8DD00062D71
:1039700004D13146204602F0E1FA04E032462946FD
:10398000204602F0CDFBC5EBC50204F1180000EBA8
:10399000820031688160C5EBC50204F1180000EBBC
:1039A00082007168C160C5EBC50204F1180000EB2C
:1039B0008200B1680161C5EBC50204F1180000EB9B
:1039C0008200F1684161C5EBC50204F1180000EB0B
:1039D0008200316981612946204602F02FFA062DC6
:1039E00010D0F06A70B92068803000EBC510006814
:1039F00020F40070F16D40EA41212068803000EB36
:103A0000C5100160012084F8DD0000BF002084F8AB
:103A1000DC0000BF00BF9BE770B504460D461646AC
:103A200094F8DD00022800D170BD00BF94F8DC00DE
:103A3000012801D10220F7E7012084F8DC0000BF53
:103A4000022084F8DD0032462946204602F08EFC32
:103A50002946204602F0F2F9012084F8DD0000BF7B
:103A6000002084F8DC0000BF00BFDDE703480068E9
:103A7000034909680844014908607047A400002010
:103A8000AC00002010B50024032000F0ABF80F209C
:103A900000F008F808B1012401E000F02FF82046FA
:103AA00010BD000070B50446002511480068D8B16B
:103AB0000F4800684FF47A71B1FBF0F00D490968C6
:103AC000B1FBF0F6304600F077FF58B9102C07D262
:103AD00000222146501E00F047F80748046004E029
:103AE000012502E0012500E00125284670BD000007
:103AF000AC00002018000020A800002008B500BF7E
:103B00000E48006E40F001000C4908660846006E41
:103B100000F00100009000BF00BF00BF0846806DAC
:103B200040F0805088650846806D00F0805000901D
:103B300000BF00BF00F0F6F808BD00000010024012
:103B40000146084600280DDB00BF00BF00F01F0340
:103B500001229A4043099B0003F1E023C3F80021AE
:103B600000BF00BF00BF70472DE9F05F80460D46E3
:103B7000164604F02DFB074639462A46334601F027
:103B80000700C0F1070ABAF1040F02D94FF0040A86
:103B900001E0C0F1070AD14600F1040ABAF1070FAB
:103BA00002D24FF0000A01E0A0F1030AD4464FF020
:103BB000010A0AFA09FAAAF1010A0AEA020A0AFA49
:103BC0000CFA4FF0010B0BFA0CFBABF1010B0BEAFB
:103BD000030B4AEA0B042146404604F001FBBDE812
:103BE000F09F000000BF00F00702064B19684FF677
:103BF000FF031940044B0B4343EA0221014B1960B8
:103C000000BF70470CED00E00000FA0502468ABBD9
:103C10004148006800F4C060B0F5806F2BD13E4889
:103C20008030006820F480703B4BC3F88000184659
:103C3000006820F4C06040F40070186037480068E5
:103C400032235843364BB0FBF3F0411C00E0491ED1
:103C50003148406900F48060B0F5806F01D10029DF
:103C6000F5D12D48406900F48060B0F5806F51D1E6
:103C70000320704708E028488030006820F48070F6
:103C8000254BC3F8800045E0B2F5007F3AD12248C9
:103C9000006800F4C060B0F5806F2AD11E48803003
:103CA000006840F480701C4BC3F880001846006820
:103CB00020F4C06040F40070186018480068322397
:103CC0005843174BB0FBF3F0411C00E0491E12486B
:103CD000406900F48060B0F5806F01D10029F5D112
:103CE0000D48406900F48060B0F5806F12D1032068
:103CF000BFE709488030006840F48070064BC3F885
:103D0000800007E00448006820F4C06040F4806050
:103D1000014B18600020ACE7007000401800002044
:103D200040420F000348806840F4804001498860A9
:103D300070470000007000402DE9F843044600275A
:103D4000B846206800F40020B0F5002F73D1B946C2
:103D5000FD48806D00F0805078B900BFFA48806D52
:103D600040F08050F84988650846806D00F080502A
:103D7000009000BF00BF4FF00109F448006840F414
:103D80008070F2490860FEF7E1FF064606E0FEF7A4
:103D9000DDFF801B022801D9032705E0EB480068FE
:103DA00000F480700028F2D000BF002F46D1E64812
:103DB0009030006800F44075CDB1206DA84216D057
:103DC000E1489030006820F44075DF48D0F890005A
:103DD00040F48030DC49C1F890000846D0F89000EB
:103DE00020F48030C1F890000846C0F8905005F0EB
:103DF0000100A0B1FEF7AAFF064608E0FEF7A6FF05
:103E0000801B41F28831884201D9032706E0CE4861
:103E10009030006800F002000028EFD000BF5FB9CA
:103E2000C9489030006820F44070216D0843C649AD
:103E3000C1F8900003E00CE0B84600E0B846B9F1E4
:103E4000010F05D1C048806D20F08050BE498865C3
:103E500000BF207800F0010048B1BB4888300068FE
:103E600020F0030061680843B749C1F88800207852
:103E700000F00200022809D1B3488830006820F021
:103E80000C00A1680843B049C1F88800207800F010
:103E90000400042809D1AC488830006820F03000C4
:103EA000E1680843A849C1F88800207800F00800BC
:103EB000082809D1A4488830006820F0C000216992
:103EC0000843A149C1F88800207800F010001028AC
:103ED00009D19D488830006820F44070616908432A
:103EE0009949C1F88800207800F02000202809D1E5
:103EF00095488830006820F44060A16908439249E1
:103F0000C1F88800207800F04000402809D18E4890
:103F10008830006820F44050E16908438A49C1F8BC
:103F20008800207800F08000802809D186488830F9
:103F3000006820F44040216A08438349C1F88800A2
:103F4000208800F48070B0F5807F09D17E488830E9
:103F5000006820F44030616A08437B49C1F888005A
:103F6000206800F40030B0F5003F09D176489C305D
:103F7000006820F00300A16A08437349C1F89C005F
:103F8000208800F40070B0F5007F09D16E488830B9
:103F9000006820F44020E16A08436B49C1F88800BA
:103FA000208800F48060B0F5806F13D166488830B7
:103FB000006820F44010216B084363498831086091
:103FC000206BB0F5801F05D15F48C06840F48010B9
:103FD0005D49C860208800F40060B0F5006F13D11F
:103FE00059488830006820F44000616B0843564906
:103FF00088310860606BB0F5800F05D15248C06809
:1040000040F480105049C860208800F48050B0F51A
:10401000805F13D14C488830006820F04070A16B5D
:104020000843494988310860A06BB0F1807F05D111
:104030004548C06840F480104349C860208800F4B7
:104040000050B0F5005F13D13F488830006820F081
:104050004060E16B08433C4988310860E06BB0F197
:10406000006F05D13848C06840F480103649C860F8
:10407000208800F48040B0F5804F13D1324888305A
:10408000006820F04060216C08432F4988310860A7
:10409000206CB0F1006F05D12B48C06840F480104F
:1040A0002949C860208800F40040B0F5004F13D1C2
:1040B00025488830006820F04050616C0843224950
:1040C00088310860606CB0F1805F05D11E48C0681F
:1040D00040F480301C49C860206800F48030B0F59E
:1040E000803F13D118488830006820F04040A16C10
:1040F0000843154988310860A06CB0F1804F05D1A4
:104100001148C06840F480300F49C860206800F44E
:104110008020B0F5802F13D10B489C30006820F42C
:104120004010E16C084308499C310860E06CB0F530
:10413000001F05D10448C06840F480100249C860DF
:104140004046BDE8F88300000010024000700040C7
:104150002DE9F04104460D464FF0000814B9012046
:10416000BDE8F0817D48006800F00F00A8420ED243
:104170007A48006820F00F00284378490860084614
:10418000006800F00F00A84201D00120E8E7207885
:1041900000F00100002864D06068032823D1704833
:1041A000006800F0007008B90120D9E702F052FF62
:1041B00006466C48864237D96948806800F0F000AE
:1041C00030B1207800F0020002282DD1A06858BB41
:1041D0006348806820F0F00040F08000604988600B
:1041E0004FF0800820E06068022806D15C48006833
:1041F00000F4003040B90120B2E75948006800F4EB
:10420000806008B90120ABE700F0DEF806465548AB
:10421000864209D95248806820F0F00040F08000C2
:104220004F4988604FF080084D48806820F00300B7
:10423000616808434A498860FEF788FD074608E040
:10424000FEF784FDC01B41F28831884201D903206A
:1042500086E74348806800F00C006168B0EB810F8E
:10426000EED1207800F00200022820D1207800F062
:104270000400042805D13A48806840F4E0603849D9
:104280008860207800F00800082807D1344880684A
:1042900020F4605040F4E060314988603048806824
:1042A00020F0F000A16808432D49886008E0B8F1CB
:1042B000800F05D12A48806820F0F00028498860E6
:1042C0002648006800F00F00A84219D9234800686A
:1042D00020F00F00284321490860FEF737FD07460C
:1042E00008E0FEF733FDC01B41F28831884201D956
:1042F000032035E71948006800F00F00A842F0D10C
:10430000207800F00400042807D11548806820F4C4
:10431000E060E168084312498860207800F00800F6
:10432000082808D10E48806820F46050216940EACE
:10433000C1000B49886000F047F809498968C1F35A
:104340000311094A515C01F01F01C8400749086088
:1043500007480068FFF7A6FB02E7000000200240C4
:104360000010024000B4C4040E8F000818000020A2
:10437000A8000020014800687047000018000020D5
:1043800000B5FFF7F7FF05498968C1F30221044A28
:10439000515C01F01F01C84000BD00000010024048
:1043A0001E8F000800B5FFF7E5FF05498968C1F3D6
:1043B000C221044A515C01F01F01C84000BD000049
:1043C000001002401E8F000870B5224DAD6805F048
:1043D0000C05042D01D120483AE01E4DAD6805F0D2
:1043E0000C05082D01D11C4832E01A4DAD6805F0CE
:1043F0000C050C2D2BD1174DED6805F00304154D60
:10440000ED68C5F303156A1C022C0CD0032C09D1EE
:10441000114DB5FBF2F50F4EF668C6F3062605FB07
:1044200006F10AE000BF0C4DB5FBF2F5094EF66847
:10443000C6F3062605FB06F100BF00BF054DED687B
:10444000C5F341656D1C6B00B1FBF3F000E000208B
:1044500070BD0000001002400024F4002DE9F84374
:10446000044614B90120BDE8F883207800F001006B
:10447000002865D0FC48806800F00C07FA48C06846
:1044800000F003060C2F01D1032E01D0082F0AD112
:10449000F548006800F40030002851D0606800281A
:1044A0004ED10120DFE700BF6068B0F5803F06D144
:1044B000ED48006840F48030EB4908601AE060681D
:1044C000B0F5A02F0BD1E848006840F48020E64901
:1044D00008600846006840F4803008600AE0E2485E
:1044E000006820F48030E04908600846006820F445
:1044F0008020086000BF606888B1FEF727FC054691
:1045000006E0FEF723FC401B642801D90320AAE73C
:10451000D548006800F400300028F2D010E0FEF723
:1045200015FC054606E0FEF711FC401B642801D986
:10453000032098E7CC48006800F400300028F2D14E
:10454000207800F00200022860D1C748806800F09F
:104550000C07C548C06800F003060C2F01D1022EDD
:1045600001D0042F18D1C048006800F4806018B151
:10457000E06808B9012076E7BB48406820F0FE40BB
:10458000217C40EA0160B8494860B8480068FFF7FC
:1045900089FA18B3012066E7E06800B3B248006802
:1045A00040F48070B0490860FEF7D0FB054606E095
:1045B000FEF7CCFB401B022801D9032053E7AA4891
:1045C000006800F480600028F2D0A748406820F01E
:1045D000FE40217C40EA0160A349486016E0A24801
:1045E000006820F48070A0490860FEF7AFFB054624
:1045F00006E0FEF7ABFB401B022801D9032032E79F
:104600009948006800F480600028F2D1207800F01A
:104610000800082836D16069D0B19348943000680A
:1046200040F001009049C1F89400FEF78FFB054669
:1046300006E0FEF78BFB401B022801D9032012E79E
:1046400089489430006800F002000028F1D019E099
:1046500085489430006820F001008349C1F8940037
:10466000FEF774FB054606E0FEF770FB401B0228D0
:1046700001D90320F7E67C489430006800F002007E
:104680000028F1D1207800F00400042872D14FF006
:1046900000087548806D012121EA107078B100BFD3
:1046A0007148806D40F080506F4988650846806D84
:1046B00000F08050009000BF00BF4FF001086C4830
:1046C000006800F48070B0B96948006840F48070F8
:1046D00067490860FEF73AFB054606E0FEF736FB41
:1046E000401B022801D90320BDE66148006800F4A0
:1046F00080700028F2D000BFA068012808D15A4875
:104700009030006840F001005749C1F8900021E066
:10471000A06805280FD154489030006840F004008C
:104720005149C1F890000846D0F8900040F00100CF
:10473000C1F890000EE04C489030006820F0010075
:104740004949C1F890000846D0F8900020F00400D4
:10475000C1F8900000BFA068A8B1FEF7F7FA0546BF
:1047600009E0FEF7F3FA401B41F28831884202D992
:10477000032078E625E03C489030006800F0020015
:104780000028EED013E0FEF7E1FA054608E0FEF758
:10479000DDFA401B41F28831884201D9032062E6EC
:1047A00031489030006800F002000028EFD1B8F1E5
:1047B000010F05D12C48806D20F080502A49886572
:1047C00000BF207800F02000202836D1A069D0B1A9
:1047D00025489830006840F001002349C1F898004E
:1047E000FEF7B4FA054606E0FEF7B0FA401B0228D1
:1047F00001D9032037E61C489830006800F0020019
:104800000028F1D019E018489830006820F0010025
:104810001549C1F89800FEF799FA054606E0FEF73B
:1048200095FA401B022801D903201CE60E48983057
:10483000006800F002000028F1D1E069002860D093
:104840000948806800F00C000C287AD0E069022842
:1048500058D10548006820F0807003490860FEF7D1
:1048600075FA05460DE0000000100240A800002087
:1048700000700040FEF76AFA401B022801D90320AD
:10488000F1E54A48006800F000700028F2D1D4E950
:104890000810401E41EA0011A06A41EA0021208E62
:1048A0000122C2EB500041EA40513420005DC2EBCE
:1048B000500041EA40612C20005D41EAC0603B4964
:1048C000C9683B4A114008433849C8600846006837
:1048D00040F0807008600846C06840F08070C86092
:1048E000FEF734FA054606E0FEF730FA401B0228D0
:1048F00001D90320B7E52D48006800F000700028BA
:10490000F2D051E02948006820F080702749086003
:10491000FEF71CFA054606E0FEF718FA401B0228CF
:1049200001D903209FE52148006800F000700028AD
:10493000F2D11E48C0681F4908401C49C86033E0D6
:10494000FFE7E069012800D18DE51848C66806F048
:104950000301206A814225D106F0F001606A401E01
:10496000B1EB001F1ED106F4FE41A06AB1EB002F8F
:1049700018D106F078412C20005DB1EBC06F11D149
:1049800006F4C001208E0122C2EB5000B1EB405F63
:1049900008D106F0C0613420005DC2EB5000B1EBDD
:1049A000406F01D001205EE500205CE50010024070
:1049B0000C809F01FCFFEEFE70B504462546681E84
:1049C000B0F1807F01D301200FE0681E4FF0E0219D
:1049D00048610F214FF0FF3003F002FC00204FF040
:1049E000E021886107200861002070BD7047704792
:1049F0007047000010B50346002200BF93F83C004A
:104A0000012801D1022010BD012083F83C0000BF25
:104A100022F0FF00CC6840EA040222F440708C6867
:104A200040EA040222F480604C6840EA040222F466
:104A300000600C6840EA040222F480500C6940EAED
:104A4000040222F400504C6940EA040222F480403F
:104A50000C6B40EA040222F470200C8B40EA044202
:104A600022F08050CC6940EA0402144C1868A0423D
:104A700007D0134C1868A04203D0124C1868A0420B
:104A800013D122F470000C8D40EA045222F08070A1
:104A90000C6A40EA040222F000704C6A40EA040208
:104AA00022F00050CC6A40EA04021868426400BF59
:104AB000002083F83C0000BF00BFA4E7002C0140A9
:104AC00000340140005001407047704770470000BB
:104AD00030B502460B4600BF92F83C00012801D1D8
:104AE000022030BD012082F83C0000BF022082F885
:104AF0003D001068416810688468234D1068A84222
:104B000007D0224D1068A84203D0214D1068A8425A
:104B100003D121F47001586801431E480140186810
:104B2000014310684160184D1068A8421BD01068FE
:104B3000B0F1804F17D0184D1068A84213D0174D10
:104B40001068A8420FD0164D1068A8420BD00F4D28
:104B50001068A84207D0134D1068A84203D00C4D2E
:104B60001068A84205D124F08004986804431068B6
:104B70008460012082F83D0000BF002082F83C00E4
:104B800000BF00BFADE70000002C01400034014031
:104B9000005001408FFFFFFD00040040000800406E
:104BA000000C004000400140704710B504460CB9AD
:104BB000012010BD94F83D0028B9002084F83C0085
:104BC000204600F029F8022084F83D00211D2068CD
:104BD00002F02AFB012084F8480000BF84F83E0060
:104BE00001213F200155402001554120015542201F
:104BF00001554320015500BF00BF012084F8440047
:104C000045200155462001554720015500BF012090
:104C100084F83D000020CCE738B5044628492068D8
:104C2000884216D100BF2748806D40F0100025490A
:104C300088650846806D00F01000009000BF00BF3E
:104C4000002211463620FEF78FFF3620FEF778FF50
:104C500034E01D492068884216D100BF1948806D94
:104C600040F02000174988650846806D00F020005C
:104C7000009000BF00BF002211463720FEF774FFEE
:104C80003720FEF75DFF19E010492068884215D1F2
:104C900000BF0C48006E40F400300A490866084620
:104CA000006E00F40030009000BF00BF00221146EB
:104CB0001920FEF759FF1920FEF742FF38BD00000A
:104CC0000010004000100240001400400044014069
:104CD000014691F83D00012801D0012070470220D3
:104CE00081F83D000868C06840F001000B68D8609A
:104CF0001C4B086898421BD00868B0F1804F17D051
:104D0000194B0868984213D0184B086898420FD086
:104D1000174B086898420BD0164B0868984207D08A
:104D2000154B0868984203D0144B0868984210D17C
:104D300008688068124B00EA0302062A0FD0B2F519
:104D4000803F0CD00868006840F001000B681860D4
:104D500005E00868006840F001000B68186000205A
:104D6000BCE70000002C01400004004000080040A7
:104D7000000C004000340140004001400050014060
:104D800007000100704770B504462068C6682068B7
:104D9000056905F00200022819D106F00200022878
:104DA00015D1401F216808610120207720688069A3
:104DB00000F0030018B12046FFF7E4FF05E02046AD
:104DC00000F022F9204600F031FA0020207705F0AB
:104DD0000400042819D106F00400042815D1C043AA
:104DE00021680861022020772068806900F4407003
:104DF00018B12046FFF7C6FF05E0204600F004F991
:104E0000204600F013FA0020207705F0080008285B
:104E100019D106F00800082815D1C043216808619F
:104E2000042020772068C06900F0030018B12046F4
:104E3000FFF7A8FF05E0204600F0E6F8204600F066
:104E4000F5F90020207705F01000102819D106F0A0
:104E50001000102815D1C043216808610820207770
:104E60002068C06900F4407018B12046FFF78AFF3F
:104E700005E0204600F0C8F8204600F0D7F90020F1
:104E8000207705F0010048B106F0010030B16FF065
:104E9000010021680861204600F0C9F905F0800092
:104EA000802804D005F40050B0F5005F0AD106F068
:104EB0008000802806D16FF40250216808612046E6
:104EC000FFF795FD05F48070B0F5807F0AD106F0FC
:104ED0008000802806D16FF4807021680861204628
:104EE000FFF784FD05F04000402809D106F040009E
:104EF000402805D1C04321680861204600F098F998
:104F000005F02000202809D106F02000202805D136
:104F1000C043216808612046FFF76AFD05F4801050
:104F2000B0F5801F0BD106F48010B0F5801F06D1BC
:104F30006FF48010216808612046FFF7C6FD05F474
:104F40000010B0F5001F0BD106F40010B0F5001FE3
:104F500006D16FF40010216808612046FFF7B4FD08
:104F600005F48000B0F5800F0BD106F48000B0F599
:104F7000800F06D16FF48000216808612046FFF79A
:104F8000A5FD05F40000B0F5000F0BD106F40000FC
:104F9000B0F5000F06D16FF40000216808612046CB
:104FA000FFF702FE70BD000010B586B00446142164
:104FB00001A8FBF75BFA1149206888421BD100BFAA
:104FC0000F48C06C40F004000D49C8640846C06C2E
:104FD00000F00400009000BF00BF4FF400500190AB
:104FE000022002900020039004900420059001A963
:104FF0000448FDF7BFFD06B010BD0000002C0140C5
:10500000001002400008004870472DE9F0410446B6
:105010000D461646002700BF94F83C00012802D137
:105020000220BDE8F081012084F83C0000BF0C2E76
:1050300051D005DC4EB1042E1ED0082E7AD133E0BB
:10504000102E60D0142EF9D175E02946206802F0A8
:1050500063F92068806940F0080021688861206851
:10506000806920F0040021688861206880692969CE
:1050700008432168886178E02946206802F0AAF98F
:105080002068806940F40060216888612068806938
:1050900020F480602168886120688069296940EA7D
:1050A00001202168886160E02946206802F0F6F955
:1050B0002068C06940F008002168C8612068C069A4
:1050C00020F004002168C8612068C069296908438C
:1050D0002168C86149E02946206802F041FA206849
:1050E000C06940F400602168C8612068C06920F48C
:1050F00080602168C8612068C069296940EA012090
:105100002168C86131E02946206802F08DFA2068E4
:10511000006D40F00800216808652068006D20F0EF
:105120000400216808652068006D2969084321682A
:1051300008651AE017E02946206802F0B1FA2068F5
:10514000006D40F40060216808652068006D20F45F
:105150008060216808652068006D296940EA0120A7
:105160002168086501E0012700BF00BF00BF0020E3
:1051700084F83C0000BF384653E710B504460CB92C
:10518000012010BD94F83D0028B9002084F83C00AF
:10519000204600F029F8022084F83D00211D2068F7
:1051A00002F042F8012084F8480000BF84F83E0075
:1051B00001213F2001554020015541200155422049
:1051C00001554320015500BF00BF012084F8440071
:1051D00045200155462001554720015500BF0120BB
:1051E00084F83D000020CCE738B504460D4920681E
:1051F000884215D100BF0C48006E40F400600A4997
:1052000008660846006E00F40060009000BF00BF12
:10521000002211461920FEF7A7FC1920FEF790FC8A
:1052200038BD0000002C014000100240704770475C
:105230007047014600BF91F88400012801D1022087
:105240007047012081F8840000BF2420C1F8880045
:10525000086802680868006820F001000B681860A0
:1052600022F0005200204866086802602020C1F841
:10527000880000BF002081F8840000BF00BFDFE786
:105280007047704770B504460D4600BF94F884001F
:10529000012801D1022070BD012084F8840000BFE4
:1052A0002420C4F88800206806682068006820F080
:1052B0000100216808602068806820F06060284351
:1052C00021688860204602F029FA206806602020C4
:1052D000C4F8880000BF002084F8840000BF00BF2D
:1052E000D9E770B504460D4600BF94F88400012844
:1052F00001D1022070BD012084F8840000BF242069
:10530000C4F88800206806682068006820F0010062
:10531000216808602068806820F060402843216888
:105320008860204602F0FAF9206806602020C4F860
:10533000880000BF002084F8840000BF00BFD9E7C8
:105340007047704770B50446D4F88850D4F88C6024
:105350002068806800F08000802823D1212D21D191
:1053600000BF00BF2168083151E8001F21F0800014
:105370002168083141E80002002AF3D100BFE06F44
:1053800068B1E06FFCF792FE48B1E06FFCF713FFE5
:10539000202804D11020C4F89000032070BD2046BE
:1053A00002F000FC2068806800F04000402826D110
:1053B000222E24D100BF00BF2168083151E8001F10
:1053C00021F040002168083141E80002002AF3D1B1
:1053D00000BFD4F8800078B1D4F88000FCF766FEF6
:1053E00050B1D4F88000FCF7E6FE202804D110204C
:1053F000C4F890000320D1E7204602F085FB00208E
:10540000CCE7000010B50446204600F01FF800F07D
:10541000080068B100BF2068806940F0080021687A
:1054200088612068806940F010002168886100BFB1
:105430002046FFF787FF4FF496720249024800F0BA
:1054400061FB10BD4C0A00204C0700200146D1F83A
:10545000900070472DE9F04704462068C569206830
:1054600006682068876840F60F0005EA0009B9F170
:10547000000F0FD105F0200060B106F0200010B938
:1054800007F0805030B1606F10B12046616F8847DF
:10549000BDE8F087B9F1000F7ED0DF48384018B979
:1054A000DE4830400028F7D005F0010058B106F47E
:1054B000807040B1012021680862D4F8900040F06B
:1054C0000100C4F8900005F0020058B107F0010097
:1054D00040B1022021680862D4F8900040F0040036
:1054E000C4F8900005F0040058B107F0010040B185
:1054F000042021680862D4F8900040F00200C4F84B
:10550000900005F0080070B106F0200010B9C24804
:10551000384040B1082021680862D4F8900040F07B
:105520000800C4F8900005F4006060B106F08060E7
:1055300048B14FF4006021680862D4F8900040F050
:105540002000C4F89000D4F89000002852D005F054
:10555000200050B106F0200010B907F0805020B1B3
:10556000606F10B12046616F8847D4F890A0206822
:10557000806800F04000402802D00AF0280070B394
:10558000204602F0C1FA2068806800F04000402800
:1055900026D100BF00BF00E02DE02168083151E8AE
:1055A000001F21F040002168083141E80002002A74
:1055B000F1D100BFD4F8800068B19948D4F88010C8
:1055C0008863D4F88000FCF7ACFD98B1D4F8800073
:1055D000816B88470EE02046FFF714FF0AE003E0E6
:1055E0002046FFF70FFF05E02046FFF70BFF0020E6
:1055F000C4F890004CE7E06E012865D105F010007A
:10560000002861D006F010000028FAD01020216890
:1056100008622068806800F0400040287AD1D4F801
:105620008000006840681FFA80F8B8F1000F5CD075
:10563000B4F85C00404558DDA4F85E80D4F88000E2
:105640000068006800F02000E8BB00BF00BF2168D0
:1056500051E8001F21F48070226842E8000100290F
:10566000F5D100BF00BF00BF2168083151E8001F1D
:1056700021F001002168083141E80002002AF3D13D
:1056800000BF00BF00BF2168083151E8001F21F0B2
:1056900040002168083141E80002002AF3D100BF30
:1056A0002020C4F88C000020E06600BF00BF216805
:1056B00051E8001F21F01000226842E80001002993
:1056C000F5D100BF01E004E068E0D4F88000FCF709
:1056D000EDFC02202067B4F85C00B4F85E20801A6C
:1056E00081B22046FFF7CCFD12E0B4F85C004045E3
:1056F0000ED1D4F880000068006800F02000202857
:1057000006D102202067B4F85C102046FFF7B8FDF0
:10571000BEE6FFE734F85C0F6188401A1FFA80F894
:1057200060885C3CC8B3B8F1000F36D000BF00BF42
:10573000216851E8001F21F49070226842E80001BE
:105740000029F5D100BF00BF00BF2168083151E832
:10575000001F314AD24301EA02002168083141E8C2
:105760000002002AF1D100BF2020C4F88C000020E4
:10577000E066606700BF00BF216851E8001F21F0AC
:105780001000226842E800010029F5D100BF022084
:10579000206741462046FFF773FD79E605F4801047
:1057A00050B107F4800038B14FF4801021680862CE
:1057B0002046FFF7C6FD6BE605F0800058B106F005
:1057C000800010B907F4000028B1A06F10B1204686
:1057D000A16F88475CE605F0400030B106F040005C
:1057E00018B1204602F0C6F952E605F4000030B1C7
:1057F00006F0804018B12046FFF7A2FD48E605F00C
:10580000807030B106F0004018B12046FFF739FD36
:105810003EE600BF3CE6000001000010200100044D
:105820005779000810B504460CB9012010BDA069D5
:1058300000B100E000BFD4F8880028B9002084F847
:105840008400204600F02AF82420C4F8880020684C
:10585000006820F0010021680860A06A10B12046AD
:1058600001F088FF204602F0BDF9012800D1DDE7F4
:105870002068406820F49040216848602068806873
:1058800020F02A00216888602068006840F001004C
:1058900021680860204601F0E9FFC7E710B59CB019
:1058A0000446142117A8FAF7E1FD542102A8FAF7DB
:1058B000DDFD8B492068884277D1012002900020CD
:1058C000039002A8FEF738FA08B1FBF752FB00BFBD
:1058D0008448006E40F48040824908660846006EA5
:1058E00000F48040019000BF00BF00BF0846C06CBC
:1058F00040F00200C8640846C06C00F0020001904D
:1059000000BF00BFC02017900220189001201990FE
:1059100000201A9007201B9017A97348FDF72AF959
:1059200072487349086018204860002170488160FF
:10593000C16080210161002141618161C1614FF439
:1059400000510162FCF7BAFC08B1FBF712FB00BF83
:105950006748C4F88000846200BF64481430654919
:105960000860192048601021624881600021C160F0
:1059700080210161002141618161C1614FF40051C9
:105980000162FCF79BFC08B1FBF7F3FA00BF594832
:10599000E067846200BF002211462520FEF7E4F88C
:1059A0002520FEF7CDF898E0FFE7534920688842AC
:1059B000F9D1022002900020049002A8FEF7BCF961
:1059C00008B1FBF7D6FA00BF4648806D40F40030BE
:1059D000444988650846806D00F40030019000BF9E
:1059E00000BF00BF0846C06C40F00100C864084614
:1059F000C06C00F00100019000BF00BF00BF08466E
:105A0000C06C40F00200C8640846C06C00F00200A0
:105A1000019000BF00BF4FF4004017900220189083
:105A20000120199000201A9007201B9017A94FF011
:105A30009040FDF79FF80820179002201890012051
:105A4000199000201A9007201B9017A92648FDF7EF
:105A500091F826482838294908601A204860002112
:105A600026488160C160802101610021416181611E
:105A7000C1614FF480510162FCF720FC08B1FBF7D3
:105A800078FA00BF1D48C4F88000846200BF174840
:105A900014381B4908601B20486010211848816099
:105AA0000021C160802101610021416181612021CB
:105AB000C161C9010162FCF701FC08B1FBF759FAA9
:105AC00000BF0F48E067846200BF00220521262046
:105AD000FEF74AF82620FEF733F81CB010BD000090
:105AE0000038014000100240000400485800024005
:105AF00074080020D408002000440040340900202D
:105B00009409002070B504460D461646D4F88C0062
:105B1000202821D105B10EB9012070BD0020E0661A
:105B20000E492068884211D02068406800F40000C7
:105B300060B100BF00BF216851E8001F41F08060E4
:105B4000226842E800010029F5D100BF324629460B
:105B5000204602F02BFAE0E70220DEE7008000405A
:105B60007047704770B504460E461546D4F8880055
:105B700020283FD106B10DB9012070BD44F8506F07
:105B8000A580E580002020642120A063E06A503CCD
:105B9000E0B11948E16FC8621848E16F086318481E
:105BA000E16F48630020E16F8863236803F12802F6
:105BB0002B46216DE06FFCF7E9FB38B11020C4F8EB
:105BC00090002020C4F888000120D6E740202168FA
:105BD000086200BF00BF2168083151E8001F41F092
:105BE00080002168083141E80002002AF3D100BF9B
:105BF0000020C2E70220C0E7A37A0008F97A000873
:105C00006B7900087047704770B50446A56A28464E
:105C1000FDF71BFB70BD70B50546AC6A2068C06817
:105C200000F4803020B106212046FDF772FA39E0F9
:105C30002068C06800F4003020B106212046FDF73E
:105C400069FA2FE02068C06800F4802020B10621A6
:105C50002046FDF760FA25E02068C06800F40020C7
:105C600020B106212046FDF757FA1BE02068C068E6
:105C700000F4001018B12046FDF727FC12E0206860
:105C8000C06800F4800020B106212046FDF71BFC0F
:105C900008E02068C06800F4801018B10621204692
:105CA000FDF712FC70BD70B50646B56A3146284650
:105CB000FBF720FAC4B254B1012C08D0022C06D054
:105CC000032C04D0042C02D0052C00D070BD286811
:105CD000803000EBC410C06800F4803020B1214651
:105CE0002846FDF716FAA7E02868803000EBC410BC
:105CF000C06800F4003020B121462846FDF70AFABA
:105D00009AE02868803000EBC410C06800F480205E
:105D100020B121462846FDF7FEF98DE02868803045
:105D200000EBC410C06800F4002020B121462846D2
:105D3000FDF7F2F980E02868803000EBC410C068FD
:105D400000F4800020B121462846FDF7BCFB73E03B
:105D50002868803000EBC410C06800F4000020B157
:105D600021462846FDF7D3F966E02868803000EB2D
:105D7000C410C06800F0807020B121462846FDF7AD
:105D8000C7F959E02868803000EBC410C06800F003
:105D9000007020B121462846FDF76DFB4CE02868D5
:105DA000803000EBC410C06800F0806020B1214654
:105DB0002846FDF75FFB3FE02868803000EBC41009
:105DC000C06800F0006020B121462846FDF755FB71
:105DD00032E02868803000EBC410C06800F08050CA
:105DE00020B121462846FDF747FB25E02868803092
:105DF00000EBC410C06800F0005020B121462846D6
:105E0000FDF78BF918E02868803000EBC410C068FB
:105E100000F0804020B121462846FDF715FA0BE03E
:105E20002868803000EBC410C06800F4801018B1FE
:105E300021462846FDF748FB00BF47E7072944D223
:105E4000DFE801F00D161F28313A04000268D2F88D
:105E5000842342F001030268C2F8843336E002680A
:105E6000D2F8842342F002030268C2F884332DE0A2
:105E70000268D2F8842342F004030268C2F8843333
:105E800024E00268D2F8842342F008030268C2F8D2
:105E900084331BE00268D2F8842342F010030268C6
:105EA000C2F8843312E00268D2F8842342F020035F
:105EB0000268C2F8843309E00268D2F8842342F011
:105EC00040030268C2F8843300E000BF00BF70479F
:105ED0000246002007291AD2DFE801F0070A0D1058
:105EE00013160400D2F8E00012E0D2F8E4000FE04C
:105EF000D2F8E8000CE0D2F8EC0009E0D2F8F000AB
:105F000006E0D2F8F40003E0D2F8F80000E000BFA9
:105F100000BF704710B503681A6822F007028B684B
:105F20001A4322F01802CB681A4303681A600B6800
:105F3000046863614B680468A36110BD10B5024634
:105F4000146820681468D4F8A03320F020004C694D
:105F5000204320F0C0004C69202C02D08C69022C18
:105F600004D120F0C00040F0200013E08C69032C25
:105F700004D140F0400020F080000BE08C69042C3C
:105F800004D140F0800020F0400003E020F0200029
:105F900020F0C00020F40060CC69204320F4806031
:105FA0000C6A204320F0C0604C6A204320F000605F
:105FB0008C6A204320F04040CC6A40EA840020F004
:105FC00000504C6B204323F480330C6B2343146844
:105FD00020601468C4F8A03310BDF0B51546002445
:105FE0000768803707EBC1177A6E0768803707EBC1
:105FF000C117BE6B402D23D00EDC082D34D006DC3B
:10600000012D1AD0022D2ED0042D43D116E0102DD3
:1060100015D0202D3ED128E0B5F5007F27D005DC36
:10602000802D23D0B5F5807F34D10AE0B5F5806F9F
:1060300008D0B5F5006F2DD11AE000BF00BF00BF3A
:1060400000BF00BFD3F804C00768803707EBC11753
:10605000C7F83CC0D3F808C00768803707EBC11702
:10606000C7F840C017E000BF00BF00BF00BF00BFBF
:10607000D3F804C00768803707EBC117C7F844C0DE
:10608000D3F808C00768803707EBC117C7F848C0C6
:10609000102400E000BF00BFFE27A740BA431F68DE
:1060A000A7403A43DF68A7403A431F69A7403A43F5
:1060B0005F69A7403A439F69A7403A431F69082F89
:1060C00008D106F400772FB906F0007717B9DF6919
:1060D000A7403A430768803707EBC1177A66F0BDDF
:1060E00030B50468803404EBC114236823F007033F
:1060F0009468234323F01803D4682343046880344E
:1061000004EBC114236015680468803404EBC114E7
:10611000656155680468803404EBC114A56130BD25
:106120002DE9F04103460C46D3F800C00CF1800C79
:106130000CEBC41CDCF800C02CF07048D3F800C095
:106140000CF1800C0CEBC41CCCF80080D3F800C020
:106150000CF1800C0CEBC41CDCF80000D3F800C080
:106160000CF1800C0CEBC41CDCF86860D3F800C0A8
:106170000CF1800C0CEBC41CDCF86450D3F800C0AC
:10618000DCF8A01320F02000D2F814C04CEA000084
:10619000D2F814C0BCF1200F04D0D2F818C0BCF162
:1061A000020F04D120F4C07040F0200017E0D2F8B4
:1061B00018C0BCF1030F04D140F0800020F48070BF
:1061C0000DE0D2F818C0BCF1040F04D140F4807087
:1061D00020F0800003E020F0200020F4C07020F4C4
:1061E0000060D2F81CC04CEA000020F48060D2F8B5
:1061F00020C04CEA000020F0C060D2F824C04CEA75
:10620000000020F00060D2F828C04CEA000020F026
:106210007040D2F82CC04CEA000020F40030D2F8D4
:1062200034C0BCF1005F01D140F4003020F04000E8
:10623000D2F838C04CEA000020F48020D2F858C0D0
:106240004CEA0000DFF820C100EA0C00D2F850C090
:106250004CEA000026F03F0692F83CC00CF03F0CE0
:106260004CEA060626F00046D2F840C04CEA060684
:1062700025F48075D2F844C04CEA0505D2F848C030
:10628000BCF5606F04D0D2F848C0BCF5F05F04D113
:10629000D2F838C0BCF1400F05D125F4F055D2F842
:1062A00048C04CEA050525F48045D2F84CC04CEABC
:1062B0000505576D062C2ED2DFE804F0030A1118ED
:1062C0001F2621F40031D2F830C041EA4C0123E00E
:1062D00021F48021D2F830C041EA8C011CE021F485
:1062E0000021D2F830C041EACC0115E021F4801140
:1062F000D2F830C041EA0C110EE021F40011D2F8BE
:1063000030C041EA4C1107E021F48001D2F830C0DE
:1063100041EA8C1100E000BF00BFD3F800C00CF1CF
:10632000800C0CEBC41CCCF80000D3F800C00CF1BE
:10633000800C0CEBC41CCCF86860D3F800C00CF1E6
:10634000800C0CEBC41CCCF86450D3F800C00CF1EA
:10635000800C0CEBC41CCCF85470D3F800C0CCF803
:10636000A013BDE8F0810000FFFF06FE10B5034654
:106370001C68803404EBC114E06E20F01000146837
:1063800040EA041020F480105468204320F4803048
:10639000D468204320F40030946820439469012C91
:1063A0000BD120F004001469204320F0020054694E
:1063B000204320F00100946920431C68803404EBE2
:1063C000C114E06610BD00BFFEE700008168024A0C
:1063D0001140491C81607047C0FFFF7F01468868FB
:1063E00000F0E07070470146886800F01F007047B9
:1063F000024602F1600000EB8103186800F0F840EB
:10640000704701468868C0F3C0007047014688683D
:10641000C0F3400070470146886800F001007047F3
:106420000146886800F00100704701468868C0F3A3
:106430000070704701468868C0F3800070470146CD
:106440008868C0F3800070470146C86800F4406067
:1064500008B9012070470020FCE700008168024A6B
:106460001140091D81607047C0FFFF7F70B500F1CA
:106470001404C1F3406504EB85031C68C1F30456A2
:106480000725B540AC43C1F3045502FA05F52C438A
:106490001C6070BD826822F0E0720A43826070471F
:1064A00010B500F1600404EB81031C6824F0004483
:1064B00014431C6010BD426922F000420A4342614D
:1064C000704700000A7802F00102027091ED010AA3
:1064D00080ED010A9FED0D0A80ED050A80ED040AAA
:1064E00080ED030A80ED020A0A7802F0010262B12F
:1064F00091ED020A80ED060A0A7BC2774A7B80F89A
:106500002020002282774277027770470000000047
:1065100000B58BB00020089009900A9020216846B1
:10652000F9F7A4FF4FF0A040374908604FF440301E
:106530004860002134488160C160016101214161EE
:10654000042181610021017741770421016200214A
:1065500080F824104FF4D861C1624FF48061016368
:10656000012180F838100021C163012180F840101A
:106570000C21416400218164C16401210165FBF7A4
:10658000D9F908B1FAF7F5FC0020089008A91E48CF
:10659000FAF736FE08B1FAF7ECFC1C48009006202A
:1065A0000190022002907F2003900420049000209C
:1065B000059069461448FAF7FFFE08B1FAF7D9FCCE
:1065C000134800900C20019069460F48FAF7F4FE3A
:1065D00008B1FAF7CEFC0F480090122001906946EE
:1065E0000948FAF7E9FE08B1FAF7C3FC0A48009037
:1065F0001820019069460448FAF7DEFE08B1FAF760
:10660000B8FC0BB000BD0000CC000020000084CB23
:1066100002003004040060080800900C00B589B046
:10662000202101A8F9F722FF3448354908604FF4CA
:1066300040304860002132488160C1600161012121
:1066400041610421816100210177417704210162C8
:10665000012180F82410032181624FF4D861C162C6
:106660004FF480610163012180F838100021C1637B
:10667000012180F840101C214164802181640021A7
:10668000C16401210165FBF755F908B1FAF771FC06
:106690001C48019006200290072003907F20049060
:1066A000042005900020069001A91548FAF784FE01
:1066B00008B1FAF75EFC144801900C20029001A981
:1066C0000F48FAF779FE08B1FAF753FC0F4801902A
:1066D0001220029001A90A48FAF76EFE08B1FAF7F3
:1066E00048FC0B4801901820029001A90448FAF7D1
:1066F00063FE08B1FAF73DFC09B000BD000100508F
:10670000380100201000C0100000524700209036D1
:106710000800900C00B58BB00020089009900A90FA
:1067200020216846F9F7A2FE2648274908604FF461
:1067300040304860002124488160C16001614161AE
:10674000042181610021017741770121016200214B
:1067500080F824104FF4D861C1624FF48061016366
:10676000012180F838100021C163012180F8401018
:106770000C21416400218164C16401210165FBF7A2
:10678000D9F808B1FAF7F5FB0020089008A90E48DF
:10679000FAF736FD08B1FAF7ECFB0C48009006203A
:1067A0000190022002907F2003900420049000209A
:1067B000059069460448FAF7FFFD08B1FAF7D9FBDE
:1067C0000BB000BD00040050A40100200200300402
:1067D00000B589B0202101A8F9F748FE22482349D5
:1067E00008604FF440304860002120488160C1605B
:1067F000016141610421816100210177417701211B
:106800000162002180F824104FF4D861C1624FF476
:1068100080610163012180F838100021C1630121EA
:1068200080F840100C21416400218164C164012181
:106830000165FBF77FF808B1FAF79BFB0C48019064
:1068400006200290022003907F20049004200590EF
:106850000020069001A90548FAF7AEFD08B1FAF745
:1068600088FB09B000BD00000005005010020020A8
:106870001000C01008B500BF3B48806C40F0040019
:10688000394988640846806C00F00400009000BF1D
:1068900000BF00BF0846806C40F0010088640846D5
:1068A000806C00F00100009000BF00BF00BF0846F0
:1068B000806C40F0020088640846806C00F00200A2
:1068C000009000BF00BF002211460B20FDF74CF9DD
:1068D0000B20FDF735F9002211460C20FDF744F995
:1068E0000C20FDF72DF9002211460D20FDF73CF993
:1068F0000D20FDF725F9002211460E20FDF734F991
:106900000E20FDF71DF9002211460F20FDF72CF98E
:106910000F20FDF715F9002211461020FDF724F98C
:106920001020FDF70DF9002211461120FDF71CF98A
:106930001120FDF705F9002211463820FDF714F962
:106940003820FDF7FDF8002211463920FDF70CF93B
:106950003920FDF7F5F8002211466020FDF704F913
:106960006020FDF7EDF808BD0010024010B5144896
:1069700014490860002048604FF44071114881605C
:106980000021C16001210174002141740121817441
:106990000A214161012181610821C1610162052152
:1069A0004162012181620821C162016300214163CA
:1069B0008163C163FBF738FF08B1FAF7DAFA10BD5B
:1069C00000680040FC03002000B587B0142102A835
:1069D000F9F74CFD00BF2448C06C40F00400224988
:1069E000C8640846C06C00F00400019000BF00BFFE
:1069F00000BF0846C06C40F02000C8640846C06C68
:106A000000F02000019000BF00BF00BF0846C06C2E
:106A100040F00100C8640846C06C00F0010001901D
:106A200000BF00BF00BF0846C06C40F00200C86451
:106A30000846C06C00F00200019000BF00BF0022B9
:106A400009150A48FCF77CF94FF480600290012098
:106A50000390002004900320059002A90348FCF74E
:106A600089F807B000BD0000001002400004004893
:106A700000B5B9B0002037903890339034903590FD
:106A8000369060211BA8F9F7F1FC002018901990AE
:106A90001A901C2111A8F9F7E9FC242108A8F9F79C
:106AA000E5FC20216846F9F7E1FCAE48AE490860F4
:106AB000002048600021AC488160FCF7C7FB08B1AA
:106AC000FAF757FA0C21A848FCF728FB08B1FAF7A7
:106AD00050FA0A21A448FCF7D1FC08B1FAF749FAA8
:106AE0004FF4003037904010389037AA04219E4868
:106AF000FCF7D6F908B1FAF73CFA002204219A48CB
:106B0000FCF72AF908B1FAF734FA00220421964872
:106B1000FCF722F908B1FAF72CFA00220421924876
:106B2000FCF71AF908B1FAF724FA46F64020339038
:106B30000020349035900820369033AA06218A48E8
:106B4000FCF7C4FC08B1FAF714FA01201B900020EE
:106B50001C901D901E9001201F90002020902190DD
:106B60002290239024904FF00060259000202690E2
:106B700027904FF000502890002032901BAA062149
:106B80007948FCF7DDFE08B1FAF7F3F943F220503B
:106B9000189018AB012206217348FCF7B4FC08B129
:106BA000FAF7E7F91020369033AA00216E48FCF777
:106BB0008DFC08B1FAF7DDF90020119013901490C4
:106BC000179011AA00216848FCF726FF08B1FAF7D0
:106BD000D0F900201B904FF480201C9063481D903A
:106BE000614800689C301E90002029902A902B90CC
:106BF0004FF480702C9000202D904FF080702F90DB
:106C000010203090800331901BAA00215648FCF7D9
:106C100097FE08B1FAF7ADF95448001D1D9052488F
:106C2000006800F58E701E90202030901BAA012174
:106C30004D48FCF785FE08B1FAF79BF918AB012225
:106C400000214948FCF75FFC08B1FAF792F944F6D5
:106C5000B070189018AB042200214348FCF753FC95
:106C600008B1FAF786F94FF4406008900C200990BB
:106C700000200A900B900C900C200D9000200E909C
:106C80000F90109008AA00213748FCF787FA08B146
:106C9000FAF76FF908AA01213348FCF77FFA08B127
:106CA000FAF767F900200090082001900420029074
:106CB0000020039004900590069007906B460122F7
:106CC00000212948FCF7D2FD08B1FAF752F96B46CA
:106CD000042201212448FCF7C9FD08B1FAF749F95B
:106CE0000020019002906B46022200211E48FCF712
:106CF000BDFD08B1FAF73DF96B46082201211A489B
:106D0000FCF7B4FD08B1FAF734F933AA01211648AB
:106D1000FCF7DCFB08B1FAF72CF911AA01211248A3
:106D2000FCF77AFE08B1FAF724F943F220501890E4
:106D300018AB012211460C48FCF7E5FB08B1FAF745
:106D400018F941F2A860189018AB042201210648F6
:106D5000FCF7D9FB08B1FAF70CF90348FCF75AFB2A
:106D600039B000BD00680140600400200800002028
:106D700010B50A480A490860A9204860002108485F
:106D8000816044F61F61C160002101614161816140
:106D9000FDF70BFF08B1FAF7ECF810BD0044014015
:106DA0000007002000B597B00020149015901690B1
:106DB0001C210DA8F9F75AFB34216846F9F756FB58
:106DC000274828490860A92048600021254881609B
:106DD0001821C1600021016141618161FEF7CDF997
:106DE00008B1FAF7C6F8002014901590169014A96F
:106DF0001C48FDF76DFE08B1FAF7BBF860200D9056
:106E00000C200E9000200F90109011901290139073
:106E100000220DA91348FEF7F8F808B1FAF7A9F80F
:106E20000020009001900290039004904FF40050D5
:106E3000059000200690079008904FF00070099090
:106E400000200A900B900C9069460648FDF7D2FD91
:106E500008B1FAF78EF80348FEF7A6F817B000BDA0
:106E6000002C01401C0600200EB50020009001906F
:106E700002900E480E490860A920486000210C4885
:106E8000816040F2CF71C16000218161FDF78DFE0C
:106E900008B1FAF76EF800200090029069460448A5
:106EA000FDF716FE08B1FAF764F80EBD00100040B9
:106EB000680600200EB500200090019002900E4858
:106EC0000E4908601020486000210C488160C721ED
:106ED000C16000218161FDF768FE08B1FAF749F849
:106EE00000200090029069460448FDF7F1FD08B1CA
:106EF000FAF73FF80EBD000000140040B406002071
:106F000010B51848184908604FF4E1304860002176
:106F100015488160C16001610C21416100218161DE
:106F2000C1610162416200200F4988620846FEF794
:106F300079FC08B1FAF71DF800210B48FEF7D1F9EA
:106F400008B1FAF716F800210748FEF79BF908B1D7
:106F5000FAF70FF80448FEF76CF908B1FAF709F8E8
:106F600010BD0000003801404C07002010B5184843
:106F7000184908604FF4E1304860002115488160ED
:106F8000C16001610C21416100218161C161016227
:106F9000416200200F4988620846FEF743FC08B1B1
:106FA000F9F7E7FF00210B48FEF79BF908B1F9F765
:106FB000E0FF00210748FEF765F908B1F9F7D9FFAE
:106FC0000448FEF736F908B1F9F7D3FF10BD000009
:106FD00000440040E007002000BFFEE700BFFEE7DE
:106FE00070B52DED088B04460D46B0EE408AF0EEEC
:106FF000608AB0EE419AF0EE619AB0EE42AAF0EEED
:1070000062AAB0EE43BAF0EE63BA78212046F9F7EF
:107010002DFA0D4820670D486067F0EE6B3AB0EE30
:107020004B3AF0EE6A2AB0EE4A2AF0EE691AB0EE58
:10703000491AF0EE680AB0EE480A29462046226F47
:107040009047BDEC088B70BDF58400081D850008D5
:107050007047000070B5164DED6805F00304144D3F
:10706000ED68C5F303156B1C022C0CD0032C09D161
:10707000104DB5FBF3F50E4EF668C6F3062605FB7C
:1070800006F10AE000BF0B4DB5FBF3F5084EF668BC
:10709000C6F3062605FB06F100BF00BF044DED68F0
:1070A000C5F341656D1C6A00B1FBF2F070BD0000D4
:1070B000001002400024F4007047000000B52DEDE0
:1070C000020B83B00020009001900290202016490E
:1070D00008600020486088600F20C86000200861B8
:1070E0004FF480104861400088610020C861522040
:1070F000086203980090049801900C4800788DF87D
:1071000008000B4800788DF809000A489DE80E0039
:107110000EC00948FBF7ACFA20B1064A02490648FE
:10712000FBF795F905B000BDDC0B0020E419001059
:10713000B0190010680C0020FC03002010B5FCF70B
:1071400095FC10BD00B593B0382105A8F9F78EF96C
:1071500014216846F9F78AF90020FCF757FD012051
:1071600005900004069002200C9003210D9104214B
:107170000E9155210F91022110911191129105A8A4
:10718000FDF76CF908B1F9F7F4FE0F200090032029
:107190000190002002900390049004216846FCF7BF
:1071A000D7FF08B1F9F7E5FE13B000BD034800684A
:1071B00040F47000014908607047000088ED00E06D
:1071C00010B5F9F784FA07480068401C05490860C3
:1071D000F9F782FA0448FDF7D6FD0448FDF7D3FD20
:1071E00010BD0000140000201C0600200007002035
:1071F00010B5F9F776FAF9F779FA0348F9F796FC3A
:107200000248FDF7C0FD10BDE00700206806002021
:1072100010B5F9F770FAF9F773FA0248FDF7B3FD04
:1072200010BD0000B406002010B50268314B984232
:1072300011D0B0F1804F0ED02F4B98420BD02F4B76
:10724000984208D02E4B984205D02E4B984202D03F
:107250002D4B984203D122F070024B681A43254B04
:1072600098421AD0B0F1804F17D0234B984214D0D7
:10727000224B984211D0224B98420ED0214B98427B
:107280000BD0224B984208D0214B984205D0214B7D
:10729000984202D01C4B984203D122F44072CB6832
:1072A0001A4322F080034C6943EA040202608B68AF
:1072B000C3620B6883620F4B98420ED0114B984209
:1072C0000BD0124B984208D0114B984205D0114B6D
:1072D000984202D00C4B984201D10B690363012301
:1072E0004361036903F001031BB1036923F0010348
:1072F000036110BD002C0140000400400008004064
:10730000000C0040003401400050014000400140AA
:10731000004401400048014030B5026A056A25F08A
:107320000105056243688469234D2C4024F0030461
:107330000D682C4322F002028D682A431F4DA8429B
:1073400000D113E01E4DA84200D10FE01D4DA84210
:1073500000D10BE01C4DA84200D107E01B4DA84214
:1073600000D103E01A4DA84206D100BF22F0080266
:10737000CD682A4322F00402104DA8420ED0104DD1
:10738000A8420BD00F4DA84208D00F4DA84205D0FF
:107390000E4DA84202D00E4DA84207D123F48073AF
:1073A00023F400734D692B438D692B434360846143
:1073B0004D684563026230BD8FFFFEFF002C014027
:1073C00000340140004001400044014000480140B9
:1073D0000050014030B5026A056A25F010050562CB
:1073E00043688469264D2C4024F440740D6844EAB7
:1073F000052422F020028D6842EA0512214DA842A0
:1074000000D113E0204DA84200D10FE01F4DA8424B
:1074100000D100BF1E4DA84200D100BF1D4DA842A3
:1074200000D100BF1C4DA84207D100BF22F080024E
:10743000CD6842EA051222F04002124DA8420ED059
:10744000114DA8420BD0114DA84208D0104DA842B2
:1074500005D0104DA84202D00F4DA84209D123F407
:10746000806323F400634D6943EA85038D6943EA31
:107470008503436084614D688563026230BD00000E
:10748000FF8FFFFE002C014000340140004001400E
:1074900000440140004801400050014030B5026AFC
:1074A000056A25F4807505624368C469254D2C4042
:1074B00024F003040D682C4322F400728D6842EA24
:1074C0000522214DA84200D113E0204DA84200D151
:1074D0000FE01F4DA84200D100BF1E4DA84200D1B1
:1074E00000BF1D4DA84200D100BF1C4DA84207D1CE
:1074F00000BF22F40062CD6842EA052222F48062D5
:10750000114DA8420ED0114DA8420BD0104DA842EB
:1075100008D0104DA84205D00F4DA84202D00F4D03
:10752000A84209D123F4805323F400534D6943EA60
:1075300005138D6943EA05134360C4614D68C56353
:10754000026230BD8FFFFEFF002C0140003401407D
:10755000004001400044014000480140005001400B
:1075600030B5026A056A25F4805505624368C4692E
:10757000264D2C4024F440740D6844EA052422F47E
:1075800000528D6842EA0532214DA84200D113E035
:10759000204DA84200D10FE01F4DA84200D100BFEE
:1075A0001E4DA84200D100BF1D4DA84200D100BF12
:1075B0001C4DA84207D100BF22F40042CD6842EA28
:1075C000053222F48042124DA8420ED0114DA8423D
:1075D0000BD0114DA84208D0104DA84205D0104D37
:1075E000A84202D00F4DA84209D123F4804323F4CE
:1075F00000434D6943EA85138D6943EA851343606F
:10760000C4614D680564026230BD0000FF8FFFFE5B
:10761000002C014000340140004001400044014082
:10762000004801400050014030B5026A056A25F467
:10763000803505624368046D124D2C400D682C4363
:1076400022F400320D8942EA05420F4DA8420ED0C5
:107650000E4DA8420BD00E4DA84208D00D4DA842A9
:1076600005D00D4DA84202D00C4DA84204D123F400
:1076700080334D6943EA0523436004654D688564A2
:10768000026230BD8FFFFEFF002C0140003401403C
:1076900000400140004401400048014000500140CA
:1076A00030B5026A056A25F4801505624368046DE9
:1076B000134D2C400D6844EA052422F400120D8974
:1076C00042EA05520F4DA8420ED00F4DA8420BD0F2
:1076D0000E4DA84208D00E4DA84205D00D4DA8422F
:1076E00002D00D4DA84204D123F480234D6943EA12
:1076F0008523436004654D68C564026230BD0000A7
:10770000FF8FFFFE002C014000340140004001408B
:1077100000440140004801400050014070B5456EF2
:107720002DB90125A0F86A50A0F868501CE0082384
:1077300008240568AD68C5F342610568AD686A0F45
:107740000A4DAD5C15FB04F5094EB65C95FBF6F5EC
:10775000A0F86A50054D6D5C15FB03F5044E765C90
:1077600095FBF6F5A0F8685070BD00004E8F00083C
:10777000568F000890F8281001F00801082907D159
:107780000168496821F40041826B1143026851602D
:1077900090F8281001F0010139B10168496821F41D
:1077A0000031C26A11430268516090F8281001F05C
:1077B0000201022907D10168496821F48031026B76
:1077C00011430268516090F8281001F00401042967
:1077D00007D10168496821F48021426B1143026896
:1077E000516090F8281001F01001102907D10168AC
:1077F000896821F48051C26B11430268916090F84E
:10780000281001F02001202907D10168896821F49E
:107810000051026C11430268916090F8281001F049
:107820004001402913D10168496821F48011426C5C
:10783000114302685160416CB1F5801F07D10168A6
:10784000496821F4C001826C11430268516090F8CC
:10785000281001F08001802907D10168496821F4CE
:107860000021C26C114302685160704738B504466C
:107870000020C4F89000FBF769FA0546206800680C
:1078800000F00800082821D16FF07E402B4600222E
:107890004FF400110090204600F0ECFBB0B100BFA7
:1078A00000BF216851E8001F21F08000226842E8F3
:1078B00000010029F5D100BF2020C4F8880000BFD6
:1078C000002084F8840000BF032038BD20680068D1
:1078D00000F00400042830D16FF07E402B460022D7
:1078E0004FF480010090204600F0C4FB28B300BF95
:1078F00000BF216851E8001F21F49070226842E81F
:1079000000010029F5D100BF00BF00BF2168083188
:1079100051E8001F21F001002168083141E8000210
:10792000002AF3D100BF2020C4F88C0000BF002043
:1079300084F8840000BF0320C7E72020C4F8880033
:10794000C4F88C000020E066206700BF84F8840043
:1079500000BF00BFB9E770B50446A56A0020A5F8CE
:107960005E002846FDF74EFD70BD2DE9F04105464D
:10797000AC6AD4F88860D4F88C702068806800F015
:107980008000802807D1212E05D10020A4F85600C0
:10799000204600F007F92068806800F04000402889
:1079A00007D1222F05D10020A4F85E00204600F068
:1079B000ABF8D4F8900040F01000C4F890002046D6
:1079C000FDF720FDBDE8F08170B50546AC6A28687A
:1079D000006800F02000E0BB0020A4F85E0000BFBB
:1079E00000BF216851E8001F21F48070226842E83E
:1079F00000010029F5D100BF00BF00BF2168083198
:107A000051E8001F21F001002168083141E800021F
:107A1000002AF3D100BF00BF00BF2168083151E840
:107A2000001F21F040002168083141E80002002ACF
:107A3000F3D100BF2020C4F88C00E06E01280ED1E5
:107A400000BF00BF216851E8001F21F0100022682C
:107A500000E004E042E800010029F3D100BF00206B
:107A60002067E06E012805D1B4F85C102046FDF7D0
:107A700007FC02E02046FEF773F870BD70B50546BE
:107A8000AC6A01202067E06E012806D1B4F85C00E2
:107A900041082046FDF7F4FB02E02046FEF761F8BE
:107AA00070BD70B50546AC6A2868006800F020001B
:107AB000F0B90020A4F8560000BF00BF21680831CB
:107AC00051E8001F21F080002168083141E80002E0
:107AD000002AF3D100BF00BF00BF216851E8001F9A
:107AE00041F04000226842E800010029F5D102E09F
:107AF0002046FEF787F870BD70B50446A56A284693
:107B0000FEF781F870BD000000BF00BF026852E8B8
:107B1000002F22F49071036843E80012002AF5D187
:107B200000BF00BF00BF0268083252E8002F104BB0
:107B300002EA03010268083242E80013002BF2D186
:107B400000BFC16E01290CD100BF00BF026852E81E
:107B5000002F22F01001036843E80012002AF5D13B
:107B600000BF2021C0F88C100021C166416770471A
:107B7000FEFFFFEF10B5044600BF00BF216851E8CB
:107B8000001F21F04000226842E800010029F5D1E1
:107B900000BF2020C4F888000020A0672046FEF720
:107BA00031F810BD00BF00BF026852E8002F22F07C
:107BB000C001036843E80012002AF5D100BF00BFEE
:107BC00000BF0268083252E8002F22F40001026868
:107BD000083242E80013002BF3D100BF2021C0F887
:107BE000881070472DE9FE4F044600200290E449BA
:107BF0002068884200D100E000BF2169A0680843E6
:107C000061690843E16940EA010820680068DD49CC
:107C1000084040EA0800216808602068406820F4B5
:107C20004050E168084321684860D4F81880D4497E
:107C30002068884202D0206A40EA080820688068EC
:107C4000D149084040EA0800216888602068C06A7D
:107C500020F00F00616A08432168C86200BFCB4969
:107C60002068884216D1CA48006800F0030030B18D
:107C7000012808D0022804D0032808D105E00125F6
:107C800007E0022505E0042503E0082501E01025B2
:107C900000BF8DE0BF492068884216D1BC4800680B
:107CA00000F00C0030B1042808D0082804D00C28BB
:107CB00008D105E0002507E0022505E0042503E0E2
:107CC000082501E0102500BF72E0B3492068884212
:107CD00016D1AF48006800F0300030B1102808D04D
:107CE000202804D0302808D105E0002507E002252F
:107CF00005E0042503E0082501E0102500BF57E05A
:107D0000A6492068884216D1A148006800F0C0004A
:107D100030B1402808D0802804D0C02808D105E020
:107D2000002507E0022505E0042503E0082501E021
:107D3000102500BF3CE09A492068884219D1944838
:107D4000006800F4407048B1B0F5807F0AD0B0F50B
:107D5000007F05D0B0F5407F08D105E0002507E0A1
:107D6000022505E0042503E0082501E0102500BFF9
:107D70001EE083492068884219D18548006800F4D4
:107D8000406048B1B0F5806F0AD0B0F5006F05D003
:107D9000B0F5406F08D105E0002507E0022505E0B9
:107DA000042503E0082501E0102500BF00E01025B0
:107DB00000BF7349206888425BD135B1022D08D0DD
:107DC000042D08D0082D0DD109E0FCF7D9FA06469C
:107DD0000CE0744E0AE0FCF7F7FA064606E04FF4B2
:107DE000004603E000260120029000BF00BF002EE5
:107DF00010D06D49606A31F81000B6FBF0F9606888
:107E000000EB4000484503D860680003484502D2B3
:107E100001200290A8E06449606A31F810C062460F
:107E2000002330461946F8F765FA4FF4807C0022AB
:107E3000A0FB0C3B01FB0CB100FB02106168490880
:107E400059185041CDE90010D4F804C0624600230F
:107E500008460199F8F74EFA0746B7F5407F05D373
:107E6000B7F5801F02D22068C7607DE00120029034
:107E70007AE0E069B0F5004F3FD1092D17D2DFE875
:107E800005F005090D160F1616161300FCF778FA03
:107E9000064610E0FCF786FA06460CE0414E0AE082
:107EA000FCF792FA064606E04FF4004603E000268F
:107EB0000120029000BF00BF86B33B49606A31F8E1
:107EC0001000B6FBF0F04000616800EB5100B0FB21
:107ED000F1F7102F0ED3B7F5803F0BD24FF6F070AD
:107EE00007EA000AC7F342004AEA000A2068C0F81D
:107EF0000CA039E00120029036E0092D18D2DFE80D
:107F000005F005090E17101717171400FCF738FABB
:107F1000064611E0FCF746FA06460DE024E0214E45
:107F20000AE0FCF751FA064606E04FF4004603E08B
:107F300000260120029000BF00BFAEB11A49606A5E
:107F400031F81000B6FBF0F0616800EB5100B0FBB7
:107F5000F1F7102F06D3B7F5803F03D2B8B22168EE
:107F6000C86001E0012002900120A4F86A00A4F892
:107F7000680000206067A0670298BDE8FE8F0000DF
:107F800000800040F369FFCFFFF4FF11003801408B
:107F9000881002400044004000480040004C00406F
:107FA000005000400024F400368F000870B50446ED
:107FB0000E46154644F8586FA5800020A063222085
:107FC0006063A06A583CF8B12748241DE16FC8627D
:107FD0002648E16F08632648E16F48630020E16F9F
:107FE000886354F8043C03F12401626DE06F241FA0
:107FF0002B46FAF7CBF938B11020C4F890002020B6
:10800000C4F88C00012070BD206960B100BF00BFC2
:10801000216851E8001F41F48070226842E80001A5
:108020000029F5D100BF00BF00BF2168083151E829
:10803000001F41F001002168083141E80002002AD8
:10804000F3D100BF00BF00BF2168083151E8001F15
:1080500041F040002168083141E80002002AF3D1D4
:1080600000BF0020CFE70000C97900087D7A000832
:108070006B7900082DE9F04104460D4617469846F5
:10808000069E41E0701C00283ED0FAF75FFEA0EB90
:108090000800B04200D816B90320BDE8F08120687E
:1080A000006800F0040070B3802D2DD0402D2BD03F
:1080B0002068C069C0F3C00078B108202168086258
:1080C0002046FFF721FD0820C4F8900000BF0020E3
:1080D00084F8840000BF0120DFE72068C069C0F396
:1080E000C02080B14FF40060216808622046FFF78D
:1080F0000BFD2020C4F8900000BF002084F884000D
:1081000000BF0320C9E7FFE72068C0692840A842F4
:1081100001D1012000E00020B842B3D00020BCE72C
:1081200010B50348FDF796F9014800F023F810BD9B
:108130004C07002010B50348FDF78CF9014800F00A
:1081400019F810BDE007002010B504460649206864
:10815000884208D10548F8F7D8FA4FF496720349D7
:108160000348FDF7CFFC10BD003801404C0A002049
:108170004C07002010B504462068C069C0F3001009
:1081800040B11020216808622046FDF7DBF8204648
:10819000FFF7DAFF10BD000010B50748006800685F
:1081A00040F010000449096808604FF496720349D2
:1081B0000148FDF7A7FC10BD4C0700204C0A002029
:1081C00000BFFEE70148008870470000AA75FF1F46
:1081D00002480068C0F30220704700000CED00E088
:1081E00010B5002804DB0A07130E054A135406E0F5
:1081F0000A07140E034A00F00F031B1FD45410BDCE
:1082000000E400E018ED00E02DED020B019820F0F5
:10821000004001909DED000B02B0704790ED001AF8
:1082200070EE201AB4EEE11AF1EE10FA03DD30EE32
:10823000201A80ED001A90ED001AF1EE401A71EE4E
:10824000A01AB4EEE11AF1EE10FA05D2B1EE401A1E
:1082500031EE201A80ED001A7047000010B57F2122
:108260001148F8F775FF7F211048F8F771FF7F215B
:108270000F48F8F76DFF7F210E48F8F769FF0422D9
:108280000D490948F9F766FE04220C490748F9F739
:1082900061FE01220A490648F9F75CFE01220949FC
:1082A0000448F9F757FE10BDCC000020380100202B
:1082B000A4010020100200201C0000202400002047
:1082C0002C0000202E00002010B500200A49086074
:1082D0004860022088600120C860C0020861401E1A
:1082E00048610648FAF7E8F808B1F8F742FE034893
:1082F000FAF723FC10BD0000780B0020FC030020DF
:108300000D48007800F0010090B90B480078C0F3E8
:10831000400068B908480078C0F3800040B90648BA
:108320000078C0F3C00018B903480078C00908B14C
:10833000012070470020FCE7E419001000B50C494B
:108340000C48FEF7BFF80A490B48FEF7BBF808498E
:108350000A48FEF7B7F806490948FEF7B3F804499A
:108360000848FEF7AFF802490748FEF7ABF800BD32
:1083700064000020D4180010F81800101C19001018
:10838000401900106419001088190010FBF77AFBDF
:10839000FEF7D8FEFEF718FBFEF76CFAFEF7B8F80A
:1083A000FEF73CF9FEF7E2FAFEF7AAFDFEF760FBE6
:1083B000FEF780FDFEF7DAFDFEF756FDFEF7D8FC6E
:1083C000FEF7A8F9FEF7EEFCFEF702FAFFF7E4FE6F
:1083D000FFF77AFFFFF7B2FFFFF740FF00F01EF84C
:1083E0004FF4E0210848FBF78BF90848FCF770FCD4
:1083F0000748FCF76DFC0748FCF76AFC01200649BA
:10840000087000BFFEE7000060040020680600203E
:10841000B406002000070020B019001010B5DFEDF1
:10842000283AB0EE023ADFED262A9FED252ADFED4D
:10843000241AB2EE041AFAEE040AB2EE040A01217A
:108440002048FEF7CDFDDFED203A9FED203ADFED2D
:10845000202A9FED1B2ADFED1A1AB2EE0E1AFAEE51
:108460000E0AB2EE0E0A01211A48FEF7B9FDDFED41
:108470001A3A9FED1A3ADFED1A2A9FED112ADFED25
:10848000101AB7EE081ADFED0E0AB7EE080A01213E
:108490001448FEF7A5FDDFED0A3A9FED133ADFED34
:1084A000132A9FED072ADFED061AB7EE081ADFED53
:1084B000040AB7EE080A01210D48FEF791FD10BD30
:1084C00000000000081A00100AD7233D5839B43BB9
:1084D000C1CA213D801A001017B7513C6F12033BEF
:1084E000F085C93BF81A00106F12833AF4FDD43BB3
:1084F000701B001080ED1B1A80ED190AC0ED1A0ADE
:10850000C0ED161A80ED172A80F86010C0ED002A21
:1085100080ED013AC0ED023A7047000080ED000A9C
:10852000C0ED010A80ED021ADFED021AC0ED0E1A4D
:108530007047000000000000491058BFC1F14041E1
:108540005B1058BFC3F140438B42EFF3008070478C
:10855000B1FA81F201FA02F1C2F11D024FEA415073
:1085600003EB025303EBD1217047000051EA030CE7
:1085700011D41CF5801F00F10680994218BF704786
:1085800008BF9042704711F5801F58BF13F5801F38
:1085900018D4994270471CF5801F09D550EA410C48
:1085A0000EBF52EA430C8B42704708BF82427047AD
:1085B0004FF4001C1CEB410F38BF1CEB430F01D2E2
:1085C0008B42704770B500F00DF800BF0000003F0F
:1085D00019001604FFF7B0BF4FF000514FF0805361
:1085E000FFF7AABF0EF1020E2EF0030E01285EF86F
:1085F000086B41EB010414F5001418BFB4F5801F9B
:1086000023D3364208D4012A43EB030515F50015A0
:1086100018BFB5F5801F18D301EB010C1CF5801FA6
:1086200016D2364204D403EB030C1CF5801F0FD284
:10863000002C10D14FEAD17C002D0CEB4C0C0CF12E
:10864000020C08BF4CEBD37C07E04FF0090C04E0B0
:108650004FF0080C01E04FEAD37C0CEB4C0526FAF6
:1086600005F606F00706B6F1040C06D20EEB860CF2
:10867000BDE870404CF0010C6047DFE80CF02224AC
:1086800013025EF804CC1B2D08D1002C88BFB4F572
:10869000801F34BF4CF4804C4CF4004CBDE870405B
:1086A00000F04EB9002C88BFB4F5001F24BF194656
:1086B000104670BD4FF000004FF00041A1F50021C1
:1086C00070BD19461046012851EB010418BFD4F5BE
:1086D000001484BF5EF804CC2CF0806CBDE87040C0
:1086E00000F20D81704780B54FF003065C004FEA41
:1086F00003334FEA3606640D4FEA133318BF43F4D1
:1087000080131CD153EA125E04F1010402BF134628
:108710000022203C1B4202BF130B1205143CB3FA8B
:1087200083FEAEF10B0ECEF1200C03FA0EF322FA0B
:108730000CFC02FA0EF2A4EB0E0443EA0C030FB495
:1087400016F0010F0CBC03BC18BF2546CED180BD6E
:1087500080B50126F3E70808A0F500114FEA3101C2
:10876000704753EA010C11D41CF5801F00F10680FC
:108770008B4218BF704708BF8242704713F5801FB5
:1087800058BF11F5801F18D48B4270471CF5801F0D
:1087900009D552EA430C0EBF50EA410C994270478A
:1087A00008BF904270474FF4001C1CEB430F38BFCA
:1087B0001CEB410F01D2994270470FB40CBC03BCB3
:1087C000FFF700BFF1EE103A13F0807F1EBF01F0FB
:1087D00000410020704713F4006F40F0AA80094266
:1087E00048BF4CF4803C4FF4C0634FEA115203F190
:1087F000010321EA025122F400629A1A48BF6FF085
:10880000FE0241F48011352A3CD830D0152A1ED3FF
:10881000203A0CD90028C2F1200321FA02F001FA13
:1088200003F218BF42F001024FF0000130E0C2F144
:10883000000302F1200201FA03F120FA02F241EAF8
:10884000020100FA03F208464FF0000120E0C2F1F5
:10885000200310B400FA03F401FA03F320FA02F043
:1088600021FA02F1224610BC43EA000010E050EA6F
:1088700001324FF000004FF000014FF0004218BFEE
:10888000521C05E04FF001024FF000014FF00000D4
:108890001CF4803F2CF4803C18BF41F00041124290
:1088A0001ED0F1EE103A13F4400F20D1520003D342
:1088B0000CD0401C41F10001F1EE103A4CF0804C1C
:1088C00043F00803E1EE103A00F03AB85FEAAC7208
:1088D000EFD4F1D1401C41F1000120F00100EBE7A1
:1088E0001CF0804F08BF70472CF0004CE4E70942B1
:1088F00054BF13F4000F13F4800FDDD1D9E7F1EE6C
:10890000103A13F0807F1EBF01F000410020704735
:1089100013F4006F08BF70472DE9F050FFF718FF00
:1089200004F5C064A4F10104314301EB0451BDE836
:10893000F0504CF0005C4CF0800C00F0A9BA000044
:108940001CF0700F08BF0A460FB4F1EE101A0CF0BD
:10895000405030EA814318BF4CF0804C4FEA4C0342
:1089600010EA814F4FEAD36323EA112318BF23F0A3
:10897000100341EA030101F0E073E1EE101A4CEA42
:10898000030C0CF00F030A2B1DBF082B0CF0700317
:108990004CEAC30C4FF4003304BF33EA0C034CF42D
:1089A000400C1CF0005F14D11CF0805F0BD11CF058
:1089B000804F31D11CF0006F12D111F4807F0FBCB9
:1089C00062D000F065BA11F4806F0FBC2BD000F0BC
:1089D0005FBA11F4006F0FBC08BF704700F058BABF
:1089E00011F4007F0FBC40F053821CF0400F1EBFFB
:1089F0004FF0004040F0010070471CF0100F14BF12
:108A000081EA030242400CF00F000A2808BF4FF031
:108A1000FF324FF0000326E011F4805F0FBC08BF67
:108A2000704700F035BAF1EE103A2CF0805C1CF083
:108A3000800F14BF01F0004200F0004212420CBF50
:108A400012EA336F12EAF35F0DD31CF0100F1DBF53
:108A500030A003C81143314808BF104313F4805FAE
:108A600040F0168270471CF0100F02F000421DBF4C
:108A70000FF2940003C81143254808BF104313F4B4
:108A8000805F40F0058270471CF0400F40F0288066
:108A90001CF4404F1BD01CF4004F1CBF194610465D
:108AA0000CF4807218BF8CEA520C1CF0800F0CBFC3
:108AB00040F4800041F400218CEADC0313F0100F35
:108AC0001CBF2CF00F0C4CF0080C00F088B91CF007
:108AD000100F1ABF12A393E80300134800F07FB9E8
:108AE0001CF0800F14BF01F0004200F000421CF0A7
:108AF000100F1BBF0AA393E803000B48114308BFE4
:108B0000104300F06CB900BF000000000000F07FCF
:108B10000000807FFFFFFFFFFFFFEF7FFFFF7F7FF2
:108B2000000000000000F87F0000C07F43004FEA13
:108B3000D30C4FEA3C0C43401FBF40070CF160517F
:108B400013F0FE4F70471CF0006F14D133F000405B
:108B500004BF1946704783EA830383EA430303F0A3
:108B6000070343EACC010CF0004303F15A5303F529
:108B70004013FFF7EDBC0CF0004343EA507010B512
:108B800040EACC0000F00FF8000000BA1800000422
:108B90004FEA0001FFF7DFBD4FEAE0024FEA407005
:108BA00042F0E04170470EF1020E2EF0030E4FEA44
:108BB00040025EF8084B12F1807218BFB2F5000F48
:108BC00022D3244207D44FEA410313F1807318BF24
:108BD000B3F5000F18D34FEA400C1CF5000F16D266
:108BE000244204D44FEA410C1CF5000F0FD2002A96
:108BF00010D14FEAD07C002B0CEB4C0C0CF1020C8A
:108C000008BF4CEBD17C07E04FF0090C04E04FF0BB
:108C1000080C01E04FEAD17C0CEB4C0324FA03F47E
:108C200004F00704B4F1040C06D20EEB840CBDE88A
:108C300010404CF0010C6047DFE80CF01F201302DD
:108C40005EF804CC1B2B08D1002A88BFB2F5000FB8
:108C500034BF4CF4804C4CF4004CBDE81040FFF79E
:108C60006FBE002A88BFB2F1807F28BF084610BDC2
:108C70004FF00040A0F5800010BD0846420018BF2C
:108C8000D2F1807284BF5EF8042C22F08062BDE8CD
:108C9000104000F2858070474FF00000E1EE100AAE
:108CA0007047F1EE101A11F0807F1CBF00F00040F9
:108CB000704711F4006F40F08E8000F0004343EAEB
:108CC000D05323F48073C3F1C10323F0004117296B
:108CD00041D8C3F1200310FA03F1C3F1200320F0BF
:108CE0007F4040F4000020FA03F003F0004340EA24
:108CF000030019D00B46F1EE101A41F00801E1EE25
:108D0000101A11F4400F1CD1590009D318BF401C90
:108D100006D17FEAE27398BF401C38BF20F0010003
:108D200042F0804CFFF70CBE12F0804F08BF704736
:108D3000F1EE101A944641F00801E1EE101AFFF727
:108D4000FFBD10F0004F14BF5FEAF1535FEA3163DB
:108D500038BF401CE4E7182903EB912318BF6FF0DC
:108D600000410131F1EE101A41F00801E1EE101A54
:108D700011F4400F18BF03F00040E2D168BF03F0C8
:108D8000004009D6400203F0004000F1010004BF9A
:108D900012F0004F20F001004FF0804CFFF7D0BDE3
:108DA000F1EE101A11F0807F1CBF00F000407047F8
:108DB00011F4006F08BF704700F0004120F0004040
:108DC000B0FA80F3A3F1080341F0C04100FA03F0C8
:108DD000A1EBC351084442F0005C00F059B80CF01C
:108DE0000F03092B08BF082000F064800A2B32D043
:108DF000082B18BF704708BF1CF0400F31D01CF47F
:108E0000803F23D11CF0200F11D11CF0100F0BBF9D
:108E100002460A466FF000406FF0004118BF4FF065
:108E2000FF3012F0004F1CBFC043C94370471CF015
:108E3000100F0CBF02460A4612F0004F4FF0FF30F1
:108E40004FF0FF311CBFC043C94370474FF00000D3
:108E50004FF0000170471CF0400F18BF4FF000406A
:108E600070471CF0100F08D020F0704300F07F42D4
:108E700042EAD3014FEA4370704700F0604021F0AE
:108E80007F4242EA000201F07F4040EA7270704780
:108E90002DE900502DE90050F7F77EFBBDE80050AA
:108EA000BDE800500CF00F0393F0090F18BF704796
:108EB000AFF300801CF4801F24D01CF4E02F09D0F5
:108EC00010F0080F02D1D0F1020070476FEACC31E8
:108ED000490070474FF0604111EA407028BF40F0F0
:108EE0004050F1EE103A23F0704343EA0003E1EE04
:108EF000103AEFF3008222F0704242EA000282F35D
:108F0000008870471CEA004018BF0120704700002D
:108F10000000000000000102030406070809000029
:108F20000000010203040001020304050607080C07
:108F30001014182030400100020004000600080050
:108F40000A000C0010002000400080000001010118
:108F500001030701000008040204080101010000E8
:108F6000A08F000800000020CC0000005002000884
:108F70006C90000800000010D41800005002000897
:108F800040A90008D4180010700300001402000863
:108F90006C900008CC0000208C1200006C020008CD
:108FA00000000000000000000000000000000000C1
:108FB00000000000000000000024F4000000000099
:108FC00000000000000000000000000000000000A1
:108FD0000000000000000000000000000000000091
:108FE0000000000000000000000000000000000081
:108FF0000000000000000000000000000000000071
:109000000000000000000000E8D95C3F0000000004
:10901000000000000300000000000000000000004D
:1090200000010000000080400000A04200005C42FF
:109030000000000000000000000000000000000030
:10904000000000000000000010000000010000000F
:1090500000000200000004000000080000001000F2
:1090600000002000000040000000010048F2C51C84
:10907000C0F6000C604740F2E33CC0F6000C6047CD
:1090800048F21D2CC0F6000C604748F2013CC0F6C7
:10909000000C604748F62D3CC0F6000C604748F2D3
:1090A000092CC0F6000C604748F2637CC0F6000C47
:1090B000604747F2BD0CC0F6000C604743F6011C48
:1090C000C0F6000C604743F6C10CC0F6000C6047C8
:1090D00010B52DED028B9C48C08800EE100AB8EE4A
:1090E000400A9A48D0ED000A20EE200ADFED980AE7
:1090F00080EE201AB2EE060A21EE000AB0EE408A97
:10910000944800F05FFA9FED941ADFED940A50EE58
:10911000010A9348C0ED000A9248008800EE100A48
:10912000B8EE400A8948D0ED000A20EE200ADFEDB3
:10913000880A80EE201A9FED8C0A31EE400ADFED9E
:109140008B0A80EE201AB0EE418AB0EE480A8848B9
:1091500000F038FA9FED871ADFED870A50EE010A1A
:109160007F48C0ED010A90ED000AD0ED010A20EE23
:10917000200A80ED020A7448408800EE100AB8EE1A
:10918000400A7248D0ED000A20EE200ADFED700A96
:1091900080EE201AB2EE0C0A21EE000AB0EE408AF0
:1091A000764800F00FFA764880ED000A754800888E
:1091B00000EE100AB8EE400A6448D0ED000A20EE36
:1091C000200ADFED630A80EE201A9FED670A31EE78
:1091D000400ADFED660A80EE201AB0EE418AB0EE5A
:1091E000480A694800F0EEF9654880ED010A90ED03
:1091F000000AD0ED010A20EE200A80ED020A524852
:10920000808800EE100AB8EE400A5048D0ED000AFF
:1092100020EE200ADFED4E0A80EE201AB2EE060A9A
:1092200021EE000AB0EE408A584800F0CBF95848C9
:1092300080ED000A4448008800EE100AB8EE400AAB
:109240004248D0ED000A60EE200A9FED411A80EE00
:10925000810ADFED450A30EE600ADFED440A80EE58
:10926000201AB0EE418AB0EE480A4A4800F0AAF946
:10927000474880ED010A90ED000AD0ED010A20EE8A
:10928000200A80ED020ABDEC028B10BD00B5FFF78D
:10929000EDFE00EE100AF8EE400A2B48008800EEC2
:1092A000100AB8EE400A9FED3C1A20EE010A80EE4B
:1092B000201A264880ED001A00BD3848408800EE8C
:1092C000100AB8EE400ADFED360A20EE200A9FEDC4
:1092D000201AC0EE010A9FED331A9FED330A10EEFB
:1092E000810A324880ED000A2C48808800EE100A7E
:1092F000B8EE400ADFED2A0A20EE200A9FED141A8C
:10930000C0EE010A9FED271A9FED270A10EE810A91
:10931000264880ED010A2148C08800EE100AB8EE08
:10932000400ADFED1F0A20EE200A9FED091AC0EE69
:10933000010A9FED1C1A9FED1C0A10EE810A1B48C2
:1093400080ED020A704700001C000020AC190010DC
:1093500000FF7F47881900100C93813FFA7E2A3E58
:10936000B41900102E0000203333D33F90C2753D56
:109370001C19001045D8803F35EFB83D401900104A
:10938000C01900102C000020D4180010641900101F
:10939000CC190010F81800104E44683E240000203C
:1093A000333353400000C84200004842D81900102F
:1093B0002DE9F04104460026002714B9701EBDE8CF
:1093C000F0816B4821680160217901712078A5281E
:1093D00070D10521204600F07DFA01286BD160781C
:1093E00000F109052946204600F0B6FA0128F5D11A
:1093F000012600205F49C86101205F49087060793B
:10940000A17940EA012740F20221781A8F4260D008
:1094100019DC40F20111A7EB01008F4239D008DCC2
:10942000012F19D0022F23D0032F25D0042F1ED1B6
:1094300028E0012832D0032835D004283CD0B0F5EC
:10944000807F14D13FE009287FD2DFE800F07E481A
:109450004E565B5F69717600484854F8071F0160FB
:109460006168416021890181A17AE41F81726CE009
:109470004348E179017068E02022E11D4148FFF78F
:10948000FAFD62E04048B4F807100180617A81700B
:109490005BE03E48D4F80710016056E03C48D4F841
:1094A0000710016051E03B48B4F807100180617A71
:1094B00081704AE05AE049E03748B4F8071001806B
:1094C000617A817041E00D22E11D3448FFF7D3FD40
:1094D0003BE01022E11D3248FFF7CDFD35E01022C0
:1094E000E11D3048FFF7C7FD2FE02F48D4F80710E3
:1094F0000160B4F80B10818027E02C48B4F8071005
:10950000018022E02A48E17901701EE02948D4F860
:1095100007100160B4F80B108180617B817114E049
:109520002548D4F807100160B4F80B1081800CE0D6
:109530002248D4F80710016007E02148D4F807104A
:109540000160B4F80B10818000BF00BF0848B0F87C
:109550000110E01D08448078A52807D10449B1F81E
:109560000120E11D1144881CFFF722FF304626E749
:1095700031000020E81900107B000020F4090020D1
:1095800036000020FF090020370000203A000020AC
:109590003E00002042000020440000201F0A00205E
:1095A0002C0A00203C0A0020470000204800002030
:1095B000490000204A0000205100002057000020F0
:1095C0005B000020F0EE400AC0ED030A017801F0D4
:1095D0000101002956D090ED021AC17F00EE101A49
:1095E000B8EE400A31EE000A90ED031AB4EEC10A5B
:1095F000F1EE10FA02D20121417714E090ED021A47
:10960000C17F00EE101AB8EE400A31EE400A90ED2C
:10961000031AB4EEC10AF1EE10FA02DD022141771D
:1096200001E00021417790ED030A80ED020A417FBD
:10963000027F914220D1817F491C8177817F90F800
:10964000202091421CDB90ED010A9FED3F1A30EE85
:10965000010A80ED010A90ED010AB7EE001AB4EE9E
:10966000C10AF1EE10FA03DBB7EE000A80ED010A41
:1096700090F82010817703E090ED060A80ED010A52
:10968000417F017790ED010A90ED031A20EE010A67
:1096900090ED011AF7EE001A31EEC11AD0ED041A5E
:1096A00001EE210A80ED050A90ED050A80ED040A1D
:1096B00090ED050A7047F0EE400A9FED240AB0EEE7
:1096C000401A90F82C10027891420DDA10F82C2FE5
:1096D0000178491C00F82C19011D01EB8201C1ED34
:1096E000000AB0EE601A2CE0DFED181AB0EE610A45
:1096F00090F82C20511C80F82C10017892FBF1F38B
:1097000001FB1322011D01EB8201C1ED000A0021C2
:109710000AE0021D02EB8102D2ED001A71EE801AFE
:10972000B0EE610A4A1CD1B202788A42F1DC0178BB
:1097300001EE901AF8EE611A80EE212AB0EE421A7C
:1097400000BFB0EE410A7047CDCCCC3D0000000018
:1097500010B52DED028B0446B0EE408AF0EE608A23
:1097600084ED088AC4ED058A38EEC80A84ED0B0A38
:1097700094ED150AB5EEC00AF1EE10FA19D094ED89
:109780000B0AB5EEC00AF1EE10FA02DD94ED0B0AF9
:1097900003E094ED0B0AB1EE400AD4ED150AB4EEE5
:1097A000E00AF1EE10FA04DD94ED130ABDEC028B31
:1097B00010BD94ED0B0AD4ED0A0A30EE600AD4ED28
:1097C000000A20EE200A84ED0D0A94ED010AD4ED82
:1097D0000B0A20EE200A84ED0E0A94ED0B0AD4ED5C
:1097E0000A0AB0EE001A01EE600AD4ED090A30EE62
:1097F000200AD4ED020A20EE200A84ED0F0AD4EDEF
:109800001B0AB0EE600ADFED2A0A04F13800FFF708
:1098100037FC94ED0D0AD4ED0E0A30EE200AD4ED9B
:109820000F0A30EE200A84ED120A94ED140AD4EDEA
:10983000120A30EE200A84ED130A94ED130AD4EDD7
:10984000190AB4EEE00AF1EE10FA04DD94ED190AFB
:1098500084ED130A0CE094ED130AD4ED1A0AB4EE69
:10986000E00AF1EE10FA03D294ED1A0A84ED130A1D
:1098700094ED130A84ED140A94ED0A0A84ED090AA2
:1098800094ED0B0A84ED0A0A94ED070A84ED060AAA
:1098900094ED080A84ED070A94ED040A84ED030AA6
:1098A00094ED050A84ED040A94ED130A7EE70000A6
:1098B0000000000030B5034605E013F8010B80EA14
:1098C00002043F48025D081EA1F10105A9B2F4D1CE
:1098D000104630BD70B505460C4600260DB1022C71
:1098E00001DC002070BD601E81B2FF222846FFF718
:1098F000E1FF0646601E285CB04201D10120F1E77D
:109900000020EFE770B505460C4600260DB1022C8D
:1099100000DC70BD601E81B2FF222846FFF7CAFF3F
:109920000646601E2E5400BFF3E730B5034613B958
:109930004FF6FF7030BD09E013F8014B82EA0400D6
:10994000C0B2204D35F8100080EA2222081EA1F195
:109950000101F1D11046EDE770B505460C46002631
:109960000DB1022C01D8002070BDA11E4FF6FF7270
:109970002846FFF7DAFF0646F1B2A01E285C8142B6
:1099800006D1601E285CB0EB162F01D10120EBE759
:109990000020E9E770B505460C4600260DB1022C03
:1099A00000D870BDA11E4FF6FF722846FFF7BDFF1D
:1099B0000646A01E2E54310A601E295400BFF0E74F
:1099C000D1150010D416001010B5FE480078FE49DD
:1099D0000870FFF75AFB18B10120FA4908701EE021
:1099E000F948007802280AD1F8480088B0F5FA7FD3
:1099F00005DD0020F3490870F44908800FE0F248C3
:109A00000078012803D0F0480078022807D102200E
:109A1000EC490870ED480088401CEC49088010BDF6
:109A2000EB4A12680A2A01D9012200E00022E94B20
:109A30001B7862F30003E74A1370E54A52680A2A6A
:109A400001D9012200E00022E24B1B7862F34103BE
:109A5000E04A1370DE4A9268012A01D9012211E01E
:109A6000DC4A1278C2F380025AB1DB4A92ED000A56
:109A7000F3EE0B0AB4EEE00AF1EE10FA01DB01227C
:109A800000E00022D34B1B7862F38203D14A1370AB
:109A9000CF4AD2680A2A01D9012200E00022CD4B28
:109AA0001B7862F3C303CB4A1370C94A1269012AB7
:109AB00009D9C84A127822F010021032C54B1A7028
:109AC00000220A6014E0C34A1278C2F300127AB18D
:109AD0000A68521C40F6B8330A609A4208D9BD4A57
:109AE000127822F01002BB4B1A70C2F300120A6007
:109AF000B74A5269012A09D9B64A127822F01002EF
:109B00001032B44B1A7000224A6014E0B14A127845
:109B1000C2F300127AB14A68521C40F6B8334A6068
:109B20009A4208D9AB4A127822F01002A94B1A7057
:109B3000C2F300124A60A64A926940F6B8339A42CC
:109B400001D9012200E00022A24B1B7862F38613A8
:109B5000A04A13709E4AD269B2F5967F01D90122BC
:109B600000E000229B4B1B7862F3C713994A1370E5
:109B7000704710B52DED048B0446984890ED000A0F
:109B8000DFED970AB4EEE00AF1EE10FA05DD904839
:109B90000068401C8E49086000E0002020608F486B
:109BA00090ED000AF1EE000AB4EEE00AF1EE10FAD0
:109BB00005D287484068401C8549486000E0002085
:109BC0006060854890ED000ADFED860AB4EEE00A99
:109BD000F1EE10FA05DD7E488068401C7C49886003
:109BE00000E00020A060804890ED000AF2EE040A38
:109BF000B4EEE00AF1EE10FA05D27548C068401CD8
:109C00007349C86000E00020E060744890ED010AEC
:109C100010EE101A0846FFF73DFA41EC190BB0EEB2
:109C2000490AF0EE690AFFF73AFAB0EE408AF0EE20
:109C3000608A9FED6E0B53EC102B51EC180BFFF765
:109C400033FA05D262480069401C6149086100E0AE
:109C500000202061604890ED010A10EE101A0846BD
:109C6000FFF718FA41EC190BB0EE490AF0EE690A59
:109C7000FFF715FAB0EE408AF0EE608A9FED5D0BBB
:109C800053EC102B51EC180BFFF70EFA05D250488D
:109C90004069401C4E49486100E000206061A069B5
:109CA000401CA061E069401CE061BDEC048B10BD6C
:109CB00010B54748FFF75DFF50495148FFF7B0FE28
:109CC00010BD10B5FFF7F4FFFFF77EFE4D4800789A
:109CD00005280EDB404890ED011AF0EE410A3F489E
:109CE00090ED001AB0EE410AFFF7E3F90020454974
:109CF000087044480078401C4249087010BD10B5F7
:109D0000364890ED000AF2EE0E0AB4EEE00AF1EEEB
:109D100010FA1CD23C48408900EE100AB8EE400A06
:109D2000DFED3A0AB4EEE00AF1EE10FA05DD9FED40
:109D3000370A374880ED030A25E03348408900EEB2
:109D4000100AB8EE400A324880ED030A1BE02E48A4
:109D5000408900EE100AB8EE400ADFED2E0AB4EE9C
:109D6000E00AF1EE10FA05DD9FED2A0A284880EDA1
:109D7000030A08E02448408900EE100AB8EE400AC1
:109D8000234880ED030A244890ED000A204880ED26
:109D9000000A2248008900EE100AB8EE400A1C486A
:109DA00080ED010A90ED001AF0EE410A90ED011AE3
:109DB000B0EE410A1A48FFF7CBFC1548D0ED030A74
:109DC00030E00000B0190010A2000020A000002028
:109DD000E8190010E4190010C0190010CC19001087
:109DE0000000044200002C42B419001000000000E2
:109DF00000004440000000000000394098000020AE
:109E0000D80C0020900000201F0A00200000F04223
:109E1000081C0010000048438C0000202C0A002081
:109E2000081A001030EEC00A80ED020A90ED020A16
:109E3000D0ED030AB2EE041A70EE810AB4EEE00A25
:109E4000F1EE10FA04DD90ED030A80ED020A0DE058
:109E5000FE4890ED020ADFEDFE0AB4EEE00AF1EEF4
:109E600010FA03D29FEDFA0A80ED020A10BD10B578
:109E7000F8480078012834DCF748007850BBF748F0
:109E80000068B0F5FA5F18D2F54890ED010AF7EED8
:109E9000080AB4EEE00AF1EE10FA22D290ED010ABF
:109EA000FFEE080AB4EEE00AF1EE10FA19DBEB4817
:109EB0000068401CE949086013E0E8480068B0F514
:109EC0007A5F08D20120E3490870E4480068401C2A
:109ED000E249086005E00220DE4908700020DF4901
:109EE0000860DA4890ED020ADE4880ED000ADE489C
:109EF00090ED020ADB4880ED010A90ED001AF0EEC9
:109F0000410A90ED011AB0EE410AD848FFF720FC53
:109F1000D44880ED020AD64890ED000AD54880ED7D
:109F2000000AD54890ED000AD24880ED010A90ED74
:109F3000001AF0EE410A90ED011AB0EE410ACF4846
:109F4000FFF706FCCB4880ED020ACB4890ED000AF3
:109F50005FED5D0A80EE201A9FEDC90A31EE400ADE
:109F6000C448D0ED020AB4EEE00AF1EE10FA0DDDBD
:109F7000C14890ED000A5FED660A80EE201A9FED61
:109F8000C00A31EE400ABB4880ED020AB1480078B1
:109F900001283BD1B1480068A0F5FA5000EE100A44
:109FA000B8EE400ADFEDB70A80EE201AAD4890ED1A
:109FB000020A21EE000AB44880ED000AB348408945
:109FC00000EE100AB8EE400A5FED7B0A80EE201A20
:109FD0009FEDAF0A31EE000AAB48D0ED000AB4EEB7
:109FE000E00AF1EE10FA1BD2A848408900EE100AF0
:109FF000B8EE400A5FED860A80EE201A9FEDA40AB3
:10A0000031EE000AA04880ED000A09E0914800788E
:10A01000022805D1934890ED020A9B4880ED000A82
:10A020008F4890ED010A984880ED010A90ED001AE2
:10A03000F0EE410A90ED011AB0EE410A9548FFF7A3
:10A0400087FB914880ED020A10BD83480078002804
:10A0500077D0894890ED000ADFED8F0A20EE200AC4
:10A060007F48D0ED000A80EE201AB7EE000AB4EE69
:10A07000C01AF1EE10FA14D87F4890ED000ADFED17
:10A08000860A20EE200A7648D0ED000A80EE201ADB
:10A09000824880ED001A90ED000A814880ED000AA8
:10A0A00013E06F4890ED000ADFED7B0A20EE200AF6
:10A0B0007148D0ED000A80EE201A784880ED001A31
:10A0C00090ED000A764880ED000A744890ED000A91
:10A0D000F7EE000AB4EEE00AF1EE10FA14D890EDB3
:10A0E000000ADFED6D0A20EE200ADFED6E0A20EE99
:10A0F000200ABCEEC00A10EE100A6B49088045F633
:10A10000A0706A49088010E045F6A0706649088092
:10A11000624890ED000ADFED660A80EE801ABCEE20
:10A12000C10A10EE100A614908805F48008845F6B0
:10A13000A071884206DC5C480088B0F52A6F01DB1C
:10A140000EE041E05848008845F6A071884203DDE2
:10A1500008465549088003E04FF42A6052490880B8
:10A160005248008845F6A071884205DC4F480088B7
:10A17000B0F52A6F00DB0DE04C48008845F6A07171
:10A18000884203DD08464949088003E04FF42A600D
:10A19000464908804448008846494860434800884A
:10A1A00008604149088800EBD0714A1042490968AB
:10A1B000C1F828213D49088800EBD0714A103E497A
:10A1C0000968C1F8A820F2E12F4890ED020A294859
:10A1D000D0ED020AB4EEE00AF1EE10FA1DD82A48DA
:10A1E00090ED020A2E48D0ED000AB4EEE00AF1EE3E
:10A1F00010FA6DDD244890ED020A2948D0ED000ADE
:10A200009FED2E1A70EE810AB4EEE00AF1EE10FA1C
:10A210005ED201202A4908705AE0164890ED020AE1
:10A220001F48D0ED000AB4EEE00AF1EE10FA4FDD5F
:10A23000104890ED020A1A48D0ED000A9FED1F1A4F
:10A2400070EE810AB4EEE00A3CE00000081C001049
:10A2500000000C4278000020B0190010940000208B
:10A26000C0190010F81B0010B4190010801A00105B
:10A27000401C0010181C0010CC190010701B00109E
:10A28000CDCCCC3D0000FA45E81B00101F0A002091
:10A290003333B33EF81A00106666663F3C1C00106C
:10A2A0007C0000200080D4463A1C0010381C0010AE
:10A2B0000040BF4608000020600400200AD7233C6D
:10A2C00079000020F1EE10FA02D20120CC4908708A
:10A2D000CB480078012835D0CA4890ED000ACA481A
:10A2E00080ED000A90ED000AF7EE000AB4EEE00AF5
:10A2F000F1EE10FA14D890ED000A5FED190A20EE85
:10A30000200A5FED180A20EE200ABCEEC00A10EE0B
:10A31000100ABE49088045F6A070BD490880F9E0E2
:10A3200045F6A070B9490880B74890ED000A5FED86
:10A33000200A80EE801ABCEEC10A10EE100AB44961
:10A340000880E7E0B34890ED000AB5EEC00AF1EEF0
:10A3500010FA7DDB90ED020AAF48D0ED020AB4EEB0
:10A36000E00AF1EE10FA06D8AA4890ED020AA648D3
:10A3700080ED000A08E0A84890ED020AA24880EDAE
:10A38000000A0120A54908709F4890ED000ADFED02
:10A39000A40AB4EEE00AF1EE10FA14D890ED000A27
:10A3A0005FED430A20EE200A5FED420A20EE200A0C
:10A3B000BCEEC00A10EE100A9449088045F6A07061
:10A3C00093490880A6E0904890ED000AF7EE040A51
:10A3D000B4EEE00AF1EE10FA11DB45F6A0708B49FD
:10A3E0000880894890ED000A5FED4F0A80EE801AE0
:10A3F000BCEEC10A10EE100A854908808AE0824846
:10A4000090ED000AF7EE000A30EE200ADFED850A33
:10A4100020EE200A5FED5D0A20EE200A5FED620A61
:10A4200020EE200ABCEEC00A10EE100A7749088020
:10A430007548D0ED000AB7EE001A81EE200AF7EE5B
:10A44000000A30EE200ADFED770A20EE200A00E055
:10A450000EE05FED6C0A20EE200A5FED710A20EE3F
:10A46000200ABCEEC00A10EE100A6949088051E0CB
:10A470006A480078012817D1634890ED000ADFEDA3
:10A480006A0A30EE200A80ED000A624890ED020A66
:10A490005D48D0ED000AB4EEE00AF1EE10FA09D200
:10A4A00000205E49087005E05A4890ED020A5648BF
:10A4B00080ED000A544890ED000AF7EE000AB4EE71
:10A4C000E00AF1EE10FA14D890ED000A5FED8E0A62
:10A4D00020EE200A5FED8D0A20EE200ABCEEC00AB5
:10A4E00010EE100A4949088045F6A07048490880D6
:10A4F00010E045F6A07045490880434890ED000AF9
:10A500005FED950A80EE801ABCEEC10A10EE100ACB
:10A510003F4908803D48008845F6A071884205DC27
:10A520003A480088B0F52A6F00DB0DE03748008814
:10A5300045F6A071884203DD08463449088003E0EF
:10A540004FF42A60314908803148008845F6A071EF
:10A55000884205DC2E480088B0F52A6F00DB0DE04C
:10A560002B48008845F6A071884203DD084628493B
:10A57000088003E04FF42A602549088023480088BA
:10A580002A4948602248008808602049088800EB72
:10A59000D0714A1026490968C1F828211C49088849
:10A5A00000EBD0714A1022490968C1F8A820704711
:10A5B00010B52048007898B1012802D0022818D19F
:10A5C0000BE00F211A48FEF779FDFFF73EFD002052
:10A5D0000B490870184908700FE0FFF736FD0CE0D2
:10A5E0000F211348FEF76FFDFFF741FCFFF72DFD2C
:10A5F00003E001200F49087000BF00BF10BD00003C
:10A60000790000207C0000203C1C00103A1C001047
:10A61000381C0010E81B0010181C00107A000020E5
:10A62000CDCC4C3F398EE33EBD37063508000020C7
:10A6300060040020B019001078000020FF005EBC0C
:10A64000E2613FDD83C29C7E20A3FD1F419DC321AB
:10A650007FFCA2401E5F01E3BD3E6082DC237D9F44
:10A66000C1421CFEA0E1BF5D0380DE3C62BEE00291
:10A670005CDF81633D7C22C09E1D43A1FF4618FA2A
:10A68000A427799BC584DA3866E5BB5907DB856763
:10A6900039BAE406581947A5FB7826C49A653BD910
:10A6A00087045AB8E6A7F91B45C6987A24F8A64449
:10A6B0001A99C7257B3A6486D85B05E7B98CD230F6
:10A6C0006EEDB3510F4E10F2AC2F7193CD114FAD13
:10A6D000F3702ECC92D38D6F31B2EC0E50AFF113DC
:10A6E0004DCE90722C6D33D18F0C52B0EE326C8EF9
:10A6F000D0530DEFB1F0AE4C1291CF2D73CA9476BA
:10A7000028ABF517490856B4EA6937D58B5709EBDA
:10A71000B536688AD495CB2977F4AA4816E9B75597
:10A720000B88D6346A2B7597C94A14F6A8742AC8C0
:10A7300096154BA9F7B6E80A54D7896B3500FFFF89
:10A740000000891112239B322446AD573665BF7431
:10A75000488CC19D5AAFD3BE6CCAE5DB7EE9F7F8E1
:10A760008110080193331A22A5562C47B7753E6411
:10A77000C99C408DDBBF52AEEDDA64CBFFF976E8C1
:10A7800002218B30100299132667AF763444BD55F1
:10A790004AADC3BC588ED19F6EEBE7FA7CC8F5D9A1
:10A7A00083310A2091121803A7772E66B5543C45D1
:10A7B000CBBD42ACD99E508FEFFB66EAFDD874C981
:10A7C00004428D5316619F702004A9153227BB36B1
:10A7D0004CCEC5DF5EEDD7FC6888E1997AABF3BA61
:10A7E00085520C4397711E60A1142805B3373A2691
:10A7F000CDDE44CFDFFD56ECE9986089FBBB72AA41
:10A8000006638F7214409D512225AB343006B91770
:10A810004EEFC7FE5CCCD5DD6AA9E3B8788AF19B20
:10A8200087730E6295501C41A3352A24B116380750
:10A83000CFFF46EEDDDC54CDEBB962A8F99A708B00
:10A84000088481951AA793B62CC2A5D33EE1B7F030
:10A850004008C919522BDB3A644EED5F766DFF7CE0
:10A86000899400859BB712A6ADD224C3BFF136E010
:10A87000C1184809D33B5A2AE55E6C4FF77D7E6CC0
:10A880000AA583B4188691972EE3A7F23CC0B5D1F0
:10A890004229CB38500AD91B666FEF7E744CFD5DA0
:10A8A0008BB502A499961087AFF326E2BDD034C1D0
:10A8B000C3394A28D11A580BE77F6E6EF55C7C4D80
:10A8C0000CC685D71EE597F42880A1913AA3B3B2B0
:10A8D000444ACD5B5669DF78600CE91D722FFB3E60
:10A8E0008DD604C79FF516E4A9902081BBB332A290
:10A8F000C55A4C4BD7795E68E11C680DF33F7A2E40
:10A900000EE787F61CC495D52AA1A3B03882B1936F
:10A91000466BCF7A5448DD59622DEB3C700EF91F1F
:10A920008FF706E69DD414C5ABB122A0B99230834F
:10A93000C77B4E6AD5585C49E33D6A2CF11E780FFF
:10A9400001FF012F33E80303FFE80301FF01411377
:04A95000E0410000E2
:04000005080001D915
:00000001FF
