:020000040800F2
:1000000078AD0024E102000889200008992000084A
:10001000A1200008A9200008B1200008000000006D
:100020000000000000000000000000000154030870
:10003000B920000800000000D956030849570308FA
:10004000FB020008FB020008FB020008FB0200089C
:10005000FB020008FB020008FB020008FB0200088C
:10006000FB020008FB020008FB020008C120000898
:10007000D1200008E1200008F1200008012100083B
:100080001121000821210008FB020008312100088D
:1000900041210008FB020008FB020008FB020008E7
:1000A000FB02000851210008FB020008FB020008C7
:1000B00061210008FB020008FB020008FB020008A7
:1000C000FB020008FB020008FB0200087121000887
:1000D000FB02000881210008A1210008C1210008BD
:1000E000FB020008FB02000800000000FB02000801
:1000F000FB020008FB020008FB020008E1210008E7
:10010000FB020008FB020008FB020008FB020008DB
:10011000FB020008FB020008FB020008FB020008CB
:10012000F12100080122000811220008FB0200084A
:10013000FB020008FB020008FB020008FB020008AB
:1001400000000000000000000000000000000000AF
:10015000FB020008FB020008FB0200082122000845
:10016000FB020008FB02000841220008512200089F
:10017000FB02000861220008FB02000800000000EA
:10018000FB020008FB020008FB020008FB0200085B
:10019000FB020008FB020008FB020008FB0200084B
:1001A000FB020008FB020008FB0200080000000040
:1001B000FB020008FB020008FB020008FB0200082B
:1001C000FB020008FB020008000000000000000025
:1001D0000000000000000000FB020008000000001A
:1001E000000000000000000000000000000000000F
:1001F0000000000000000000FB020008FB020008F5
:10020000FB020008FB02000800000000FB020008DF
:10021000FB020008FB020008FB020008FB020008CA
:10022000FB02000800000000FB02000800000000C4
:10023000FB020008FB02000800000000FB020008AF
:10024000FB020008FB020008FB020008FB0200089A
:10025000FB020008FB020008FB020008FB0200088A
:10026000FB020008FB020008FB020008FB0200087A
:10027000FB020008FB020008FB020008000000006F
:10028000FB020008FB020008FB020008FB0200085A
:1002900000000000FB020008FB0200080000000054
:1002A00000000000FB020008FB020008FB0200083F
:1002B00071220008FB020008FB02000891220008DE
:1002C000FB020008FB020008FB020008DFF80CD06C
:1002D00037F0DAFD004800470903000878AD002434
:1002E0000648804706480047FEE7FEE7FEE7FEE7D0
:1002F000FEE7FEE7FEE7FEE7FEE7FEE7A19E000859
:10030000CD0200080000000080B582B000200190FE
:1003100018F0C2FF00F03CF800F0AAF800F0D0F8A6
:10032000642019F005F900F02FF900F015FB01F039
:1003300013F901F0C5F800F0CFFD00F02DFF00F03B
:100340000FFC01F075F801F04FF901F095F901F09B
:10035000DBF900F089FB00F0C3FB00F061FF00F067
:1003600017FE4FF49670009019F0E2F809F074FC53
:1003700005F06EF804F090FE009819F0D9F800F03E
:1003800003FA33F0D9FCFFE7FEE700BF00BF00BF70
:1003900080B59EB00BA84C2137F07BFB002001906C
:1003A0000A90099008900790069005900490039099
:1003B000022017F095FFFFE70020029044F6180096
:1003C000C5F60200016821F440410160006800F4B4
:1003D000404002900298FFE7FFE744F61800C5F698
:1003E0000200006800F40050B0F5005F01D0FFE7A4
:1003F000F3E729200B904FF480300C9001201090EF
:1004000011900221149115911690222117911890A4
:10041000372119911A900C201B9000201C904FF44A
:1004200040601D900BA80DF0D7FF18B1FFE700F05A
:1004300083F8FFE73F2003900321049100200590FB
:10044000082006904020079008904FF4806209929F
:100450000A9003A80EF0D0FC18B1FFE700F06CF88A
:10046000FFE70FF0F9F81EB080BD00BF00BF00BF6E
:1004700080B5B0B002A80190B82137F00AFB01980E
:10048000002103914FF410420292012204920C22A7
:1004900005920222069207920892C02209920A91BE
:1004A0000B914FF4805119914FF000511D910FF0B5
:1004B0008FFA18B1FFE700F03FF8FFE730B080BDDA
:1004C00080B58AB0002009900890079006900590AA
:1004D000FFE744F2E040C5F60200016841F0010187
:1004E0000160006800F0010004900498FFE74FF4F9
:1004F0008050029005900120039006900220079002
:100500000020009008900020C5F60200019005A987
:1005100012F086F9009A0198029912F085FC642085
:1005200019F006F801980299039A12F07DFC0AB0BE
:1005300080BD00BF00BF00BF81B0EFF3108072B676
:100540000090FFE7FEE700BF80B582B00190019800
:1005500000680021C4F20101884203D1FFE718F0CE
:1005600087FFFFE701980068B0F1804F08D1FFE7EF
:1005700043F2C411C2F20041486801304860FFE70D
:1005800002B080BD0000000080B590B000200F9048
:100590000E900D900C900B90FFE744F2E040C5F6F2
:1005A0000200016841F010010160006800F01000D5
:1005B0000A900A98FFE7FFE744F2E040C5F6020020
:1005C000016841F004010160006800F00400099036
:1005D0000998FFE7FFE744F2E040C5F60200016832
:1005E00041F080010160006800F0800008900898E8
:1005F000FFE7FFE744F2E040C5F60200016841F082
:1006000001010160006800F0010007900798FFE712
:10061000FFE744F2E040C5F60200016841F0020144
:100620000160006800F0020006900698FFE7FFE70F
:1006300044F2E040C5F60200016841F008010160A3
:10064000006800F0080005900598FFE740F60040BC
:10065000C5F6020003904FF4C0610022029212F02E
:10066000E3FB02984FF6F3710B91032100910C917B
:100670000D9041F20000C5F602000BA9049112F0A2
:10068000CFF8009A029804994FF63F730B930C929F
:100690000D9040F60000C5F6020012F0C1F8009A75
:1006A0000298049948F213130B930C920D900020BA
:1006B000C5F6020012F0B4F8009A029804994CF2C0
:1006C000FF330B930C920D9040F20040C5F60200F0
:1006D00012F0A6F8009B029A0398049940F67C1C3D
:1006E000CDF82CC00C930D9212F09AF8029A039850
:1006F00004994FF400730B93012301930C9302238D
:100700000D930E9212F08CF8019B029A03980499B3
:100710004FF4806CCDF82CC00C930D920E9212F019
:100720007FF810B080BD000083B00290019100926C
:10073000029947F2CC70C2F200400860019947F27A
:10074000C850C2F20040086000998020086003B0E1
:10075000704700BF00BF00BF83B0029001910092BC
:10076000029947F6CC40C2F200400860019947F672
:10077000C800C2F20040086000994FF48070086021
:1007800003B0704700BF00BFB0B5B4B049F2FC3051
:10079000C0F60300016842688368D0F80CC0D0F846
:1007A00010E044693294CDF8C4E0CDF8C0C02F9376
:1007B0002E922D91806933902DA80021029133F063
:1007C000F3FA029940F26412C2F20042106049F258
:1007D000C430C0F6030002684368D0F808C0D0F8FF
:1007E0000CE0046945692B952A94CDF8A4E0CDF876
:1007F000A0C02793269280692C9026A833F0D4FAC3
:10080000029940F26812C2F20042106049F254307C
:10081000C0F6030002684368D0F808C0D0F80CE0C6
:100820000469456924952394CDF888E0CDF884C007
:1008300020931F92806925901FA833F0B5FA029982
:1008400040F24C12C2F20042106049F2A830C0F6E9
:10085000030002684368D0F808C0D0F80CE00469CF
:1008600045691D951C94CDF86CE0CDF868C01993CE
:10087000189280691E9018A833F096FA029940F2F7
:100880005C12C2F20042106049F28C30C0F60300E4
:1008900002684368D0F808C0D0F80CE004694569E4
:1008A00016951594CDF850E0CDF84CC012931192E6
:1008B0008069179011A833F077FA029940F2481234
:1008C000C2F200420192106049F2E030C0F603002B
:1008D00002684368D0F808C0D0F80CE004694569A4
:1008E0000F950E94CDF834E0CDF830C00B930A92FA
:1008F000806910900AA833F057FA019A02991060A3
:1009000049F27030C0F6030002684368D0F808C0AE
:10091000D0F80CE00469456908950794CDF818E013
:10092000CDF814C0049303928069099003A833F0B2
:100930003BFA40F25011C2F20041086034B0B0BD41
:1009400080B582B0019001F043FDFFE7642033F0F1
:10095000FBFAFBE70000000080B590B0FFE744F22F
:10096000D840C5F60200016841F00101016000684D
:1009700000F001000F900F98FFE7FFE744F2D84026
:10098000C5F60200016841F002010160006800F054
:1009900002000E900E98FFE70B20019005210B91AD
:1009A00000220C9218F090F9019818F009FA0B99AE
:1009B0000C9A0C20029018F087F9029818F000FAAF
:1009C0000B990C9A0D20039018F07EF9039818F0FB
:1009D000F7F90B990C9A0E20049018F075F9049809
:1009E00018F0EEF90B990C9A0F20059018F06CF99D
:1009F000059818F0E5F90B990C9A1020069018F05C
:100A000063F9069818F0DCF90B990C9A11200790FD
:100A100018F05AF9079818F0D3F90B990C9A2F206F
:100A2000089018F051F9089818F0CAF90B990C9A27
:100A30003820099018F048F9099818F0C1F90B9975
:100A40000C9A39200A9018F03FF90A9818F0B8F972
:100A50000B990C9A3A200D9018F036F90D9818F071
:100A6000AFF910B080BD000080B582B042F26020C6
:100A7000C2F2004000904AF20001C4F2000101609D
:100A8000002201928260C26001210174427481746B
:100A9000082343618161C361032303624162816270
:100AA0000D21C16202210163426305218163C2639A
:100AB00040230364042141648364C1640265416589
:100AC0008265C265202303664266816619F080F85C
:100AD00018B1FFE7FFF730FDFFE702B080BD00BFB0
:100AE00080B582B042F20030C2F2004000904AF27B
:100AF0000041C4F200010160002201928260C260E4
:100B00000121017442748174082343618161C361CE
:100B100003230362416281620D21C16202210163EC
:100B200040F25231416305218163C2634023036473
:100B3000042141648364C164026541658265C265C4
:100B4000202303664266816619F042F818B1FFE778
:100B5000FFF7F2FCFFE702B080BD00BF00BF00BF9F
:100B600080B582B042F2A030C2F2004000904DF257
:100B70000041C4F200010160002201928260C26063
:100B80000274427401218174082343618161C3614D
:100B900003230362416281620D21C162022101636C
:100BA00040F2A461416305218163C2634023036471
:100BB000042141648364C164026541658265C26544
:100BC000202303664266816619F002F818B1FFE738
:100BD000FFF7B2FCFFE702B080BD00BF00BF00BF5F
:100BE00080B594B0139000201290119010900F9047
:100BF0000E90139800684AF20001C4F20001884286
:100C000045D1FFE740F25410C2F2004001680131C3
:100C100001600068012810D1FFE7FFE744F2EC40D3
:100C2000C5F60200016841F480710160006800F4BB
:100C300080700D900D98FFE7FFE7FFE744F2E0407A
:100C4000C5F60200016841F008010160006800F08B
:100C500008000C900C98FFE703200E9002200F90E4
:100C600000200690109011900920129040F600404C
:100C7000C5F602000EA911F0D3FD069A13200790C5
:100C8000052118F021F8079818F09AF8A0E01398B9
:100C900000684AF20041C4F20001884246D1FFE7F1
:100CA00040F25410C2F20040016801310160006856
:100CB000012810D1FFE7FFE744F2EC40C5F602003F
:100CC000016841F480710160006800F480700B904D
:100CD0000B98FFE7FFE7FFE744F2E040C5F60200AC
:100CE000016841F002010160006800F002000A9012
:100CF0000A98FFE74FF440500E9002200F9000201A
:100D00000490109011900920129040F20040C5F616
:100D100002000EA911F084FD049A1420059005210B
:100D200017F0D2FF059818F04BF850E013980068C0
:100D30004DF20041C4F20001884247D1FFE740F282
:100D40005410C2F2004001680131016000680128BE
:100D500010D1FFE7FFE744F2EC40C5F6020001685E
:100D600041F480710160006800F480700990099876
:100D7000FFE7FFE7FFE744F2E040C5F60200016845
:100D800041F008010160006800F008000890089830
:100D9000FFE74FF440500E9002200F900020029089
:100DA0001090119005200190129040F60040C5F679
:100DB00002000EA911F034FD0199029A9F200390C0
:100DC00017F082FF039817F0FBFFFFE7FFE7FFE74D
:100DD00014B080BD00BF00BF80B582B00190019803
:100DE00000684AF20001C4F2000188421ED1FFE708
:100DF00040F25410C2F200400168013901600068FD
:100E000048B9FFE744F2EC41C5F60201086820F456
:100E100080700860FFE740F60040C5F6020003213D
:100E200011F0D2FE132017F0EFFF51E00198006897
:100E30004AF20041C4F2000188421FD1FFE740F2AC
:100E40005410C2F20040016801390160006848B9DD
:100E5000FFE744F2EC41C5F60201086820F4807017
:100E60000860FFE740F20040C5F602004FF4405131
:100E700011F0AAFE142017F0C7FF28E001980068BF
:100E80004DF20041C4F2000188421FD1FFE740F259
:100E90005410C2F20040016801390160006848B98D
:100EA000FFE744F2EC41C5F60201086820F48070C7
:100EB0000860FFE740F60040C5F602004FF44051DD
:100EC00011F082FE9F2017F09FFFFFE7FFE7FFE78B
:100ED00002B080BD0000000080B542F63410C2F2BE
:100EE000004041F60001C4F60201016000214160AA
:100EF0001CF0BAFB18B1FFE7FFF71EFBFFE780BD50
:100F000080B5B2B0319002A8B82136F0C2FD319858
:100F1000006841F60001C4F6020188421ED1FFE7D5
:100F2000002003904FF400310291219002A80EF0AE
:100F30004FFD18B1FFE7FFF7FFFAFFE7FFE744F2C5
:100F4000DC40C5F60200016841F040010160006824
:100F500000F0400001900198FFE7FFE732B080BD4C
:100F600081B000900098006841F60001C4F60201CB
:100F7000884209D1FFE744F2DC41C5F60201086866
:100F800020F040000860FFE701B07047000000005B
:100F900080B582B042F64810C2F20040009043F2A1
:100FA0000001C4F2010101604FF4800141604FF47F
:100FB000003181600721C1600021019101614FF082
:100FC000807242614FF0806282614FF04052C26194
:100FD000016241628162C1624FF08042426381637B
:100FE000C163016441648164C164016541658165D7
:100FF0001CF04AFE18B1FFE7FFF79EFAFFE702B0C8
:1010000080BD00BF00BF00BF80B590B00F90002032
:101010000E900D900C900B900A900F98006843F280
:101020000001C4F20101884240F08680FFE7FFE73B
:1010300044F2F040C5F60200016841F480510160BD
:10104000006800F4805009900998FFE7FFE744F238
:10105000E040C5F60200016841F00101016000684E
:1010600000F0010008900898FFE7FFE744F2E04035
:10107000C5F60200016841F008010160006800F057
:10108000080007900798FFE720200A9002200290AE
:101090000B90002005900C900D90052003900E9071
:1010A0000020C5F602000AA9049111F0B9FB029BC9
:1010B00003980499059A4FF0800CCDF828C00B9343
:1010C0000C920D920E9040F60040C5F6020011F011
:1010D000A7FB059941F63850C2F20040069040F255
:1010E0004042C4F202020260262242604022826034
:1010F000C1604FF48062026141618161C16101623E
:10110000416211F00DFF18B1FFE7FFF715FAFFE795
:10111000FFE70F9841F63851C2F2004181670F98FE
:101120008863FFE7232001900521002217F0CCFD02
:10113000019817F045FEFFE710B080BD00BF00BF6B
:1011400080B582B001900198006843F20001C4F2BA
:10115000010188421DD1FFE744F2F041C5F60201CA
:10116000086820F4805008600020C5F602002021A5
:1011700011F02AFD40F60040C5F60200802111F072
:1011800023FD0198806F12F02FFE232017F03CFE04
:10119000FFE702B080BD000080B588B0002100915B
:1011A000079106910591049103910291019142F6F4
:1011B0001C20C2F200404FF0804202600A224260CE
:1011C00081604FF0FF32C260016181611FF0F8FC65
:1011D00018B1FFE7FFF7B0F9FFE74FF48050049034
:1011E00042F61C20C2F2004004A926F009FC18B106
:1011F000FFE7FFF7A1F9FFE700200190039042F617
:101200001C20C2F2004001A929F032FA18B1FFE710
:10121000FFF792F9FFE708B080BD00BF00BF00BF35
:1012200080B58CB0002101910B910A910991089130
:1012300007910691059104910391029142F668206D
:10124000C2F2004040F20042C4F2000202604FF4D9
:1012500089724260816044F61F62C26001618161EF
:1012600021F0BEFA18B1FFE7FFF766F9FFE70020AB
:1012700009900B9042F66820C2F2004009A929F0BB
:10128000F7F918B1FFE7FFF757F9FFE76020029081
:10129000002203920492069242F66820C2F20040B5
:1012A00002A925F0B5FC18B1FFE7FFF745F9FFE704
:1012B00042F66820C2F2004002A9042225F0A8FCF0
:1012C00018B1FFE7FFF738F9FFE742F66820C2F2EE
:1012D000004000F005F80CB080BD00BF00BF00BFAB
:1012E00080B588B007900020069005900490039088
:1012F00002900798006840F20041C4F20001884261
:101300001ED1FFE7FFE744F2E040C5F602000168A6
:1013100041F001010160006800F0010001900198B6
:10132000FFE7C02002900220039000210491059164
:1013300006900020C5F6020002A911F071FAFFE73D
:1013400008B080BD00BF00BF80B584B00390039893
:101350000068B0F1804F19D1FFE7FFE744F2E840A1
:10136000C5F60200016841F001010160006800F06B
:10137000010002900298FFE71C2001900521002245
:1013800017F0A2FC019817F01BFDFFE704B080BD29
:1013900082B001900198006840F20041C4F200015F
:1013A000884210D1FFE7FFE744F2E840C5F60200AB
:1013B000016841F002010160006800F00200009045
:1013C0000098FFE7FFE702B0704700BF00BF00BF13
:1013D00080B582B0019001980068B0F1804F0CD1C7
:1013E000FFE744F2E841C5F60201086820F0010079
:1013F00008601C2017F008FDFFE702B080BD00BFA9
:1014000081B000900098006840F20041C4F20001F1
:10141000884209D1FFE744F2E841C5F602010868B5
:1014200020F002000860FFE701B0704700000000F4
:1014300080B582B042F69850C2F20040009041F66A
:101440000001C4F2010101604FF4E131416000216B
:1014500001918160C16001610C2242618161C161C1
:1014600001624162816229F0EFFC18B1FFE7FFF7EA
:1014700063F8FFE742F69850C2F2004000212EF0D8
:10148000E3F818B1FFE7FFF757F8FFE742F6985087
:10149000C2F2004000212EF01FF918B1FFE7FFF75C
:1014A0004BF8FFE742F69850C2F200402EF08CF85D
:1014B00018B1FFE7FFF740F8FFE702B080BD00BFBB
:1014C00080B582B042F6B420C2F20040019041F2F1
:1014D0000001C4F20101016048F2A061C0F2010103
:1014E00041604FF4805181600021C1604FF48062FF
:1014F00002610C2242618161C161016241628162CB
:1015000029F0A2FC18B1FFE7FFF716F8FFE742F653
:10151000B420C2F2004000212EF096F818B1FFE787
:10152000FFF70AF8FFE742F6B420C2F200400021BC
:101530002EF0D2F818B1FFE7FEF7FEFFFFE742F604
:10154000B420C2F200402EF03FF818B1FFE7FEF7DA
:10155000F3FFFFE702B080BD80B582B042F6DC3019
:10156000C2F20040009044F20041C4F20001016068
:101570004FF4E1314160002101918160C16001615E
:101580000C2242618161C16101624162816229F084
:101590005BFC18B1FFE7FEF7CFFFFFE742F6DC3058
:1015A000C2F2004000212EF04FF818B1FFE7FEF71D
:1015B000C3FFFFE742F6DC30C2F2004000212EF00C
:1015C0008BF818B1FFE7FEF7B7FFFFE742F6DC3014
:1015D000C2F200402DF0F8FF18B1FFE7FEF7ACFFB4
:1015E000FFE702B080BD00BF80B582B042F6704018
:1015F000C2F20040009044F60001C4F20001016014
:101600004FF4E1314160002101918160C1600161CD
:101610000C2242618161C16101624162816229F0F3
:1016200013FC18B1FFE7FEF787FFFFE742F67040B3
:10163000C2F2004000212EF007F818B1FFE7FEF7D4
:101640007BFFFFE742F67040C2F2004000212EF01F
:1016500043F818B1FFE7FEF76FFFFFE742F670406F
:10166000C2F200402DF0B0FF18B1FFE7FEF764FFB3
:10167000FFE702B080BD00BF80B582B042F60450E3
:10168000C2F20040009041F20041C4F20101016049
:101690004FF4E1314160002101918160C16001613D
:1016A0000C2242618161C16101624162816229F063
:1016B000CBFB18B1FFE7FEF73FFFFFE742F6045010
:1016C000C2F2004000212DF0BFFF18B1FFE7FEF786
:1016D00033FFFFE742F60450C2F2004000212DF034
:1016E000FBFF18B1FFE7FEF727FFFFE742F60450C4
:1016F000C2F200402DF068FF18B1FFE7FEF71CFFB3
:10170000FFE702B080BD00BF80B582B042F648302E
:10171000C2F20040009041F60041C4F201010160B4
:101720004FF4E1314160002101918160C1600161AC
:101730000C2242618161C16101624162816229F0D2
:1017400083FB18B1FFE7FEF7F7FEFFE742F64830EC
:10175000C2F2004000212DF077FF18B1FFE7FEF73D
:10176000EBFEFFE742F64830C2F2004000212DF0C8
:10177000B3FF18B1FFE7FEF7DFFEFFE742F64830A0
:10178000C2F200402DF020FF18B1FFE7FEF7D4FEB3
:10179000FFE702B080BD00BF80B5D8B057900020F1
:1017A0005690559054905390529024A8B82136F0FA
:1017B00070F95798006841F60001C4F201018842AF
:1017C0003DD1FFE70020259001212491429024A8DB
:1017D0000EF0FEF818B1FFE7FEF7AEFEFFE7FFE7F9
:1017E00044F2F040C5F60200016841F0400101609A
:1017F000006800F0400023902398FFE7FFE744F2E1
:10180000E040C5F60200016841F00801016000688F
:1018100000F0080022902298FFE74FF440405290D9
:10182000022053900020549055900B20569040F683
:101830000040C5F6020052A910F0F2FF41E35798AC
:10184000006841F20001C4F20101884240F0998031
:10185000FFE70020259001212491429024A80EF05A
:10186000B7F818B1FFE7FEF767FEFFE7FFE744F2BE
:10187000F040C5F60200016841F010010160006807
:1018800000F0100021902198FFE7FFE744F2E040CC
:10189000C5F60200016841F001010160006800F036
:1018A000010020902098FFE74FF4C0605290022082
:1018B0005390002016905490559007205690002089
:1018C000C5F6020052A910F0ABFF169941F6A060D0
:1018D000C2F2004017904022C4F2020202602922A4
:1018E00042608160C1604FF4806202614161816148
:1018F0004FF48072C2610162416211F011FB18B1B4
:10190000FFE7FEF719FEFFE7FFE7579841F6A061F2
:10191000C2F20041C0F8801057988863FFE741F693
:101920001870C2F2004015905821C4F20201016003
:101930002A214160402181600021C1604FF4806212
:10194000026141618161C1610162416211F0E8FAA5
:1019500018B1FFE7FEF7F0FDFFE7FFE7579841F604
:101960001871C2F20041C16757988863FFE72520CC
:1019700014900521002217F0A7F9149817F020FA07
:101980009EE25798006844F20041C4F20001884288
:1019900040F09880FFE7002025900221249141909B
:1019A00024A80EF015F818B1FFE7FEF7C5FDFFE714
:1019B000FFE744F2E840C5F60200016841F4003157
:1019C0000160006800F400301F901F98FFE7FFE7F8
:1019D00044F2E040C5F60200016841F001010160F7
:1019E000006800F001001E901E98FFE70C20529046
:1019F000022053900020129054905590072056904A
:101A00000020C5F6020052A910F00AFF129941F613
:101A10009070C2F2004013901022C4F202020260E1
:101A20002B2242608160C1604FF48062026141619B
:101A300081614FF48072C2610162416211F070FAFB
:101A400018B1FFE7FEF778FDFFE7FFE7579841F68B
:101A50009071C2F20041C0F8801057988863FFE788
:101A600042F20800C2F2004011902821C4F20201A3
:101A700001602C214160402181600021C1604FF450
:101A80008062026141618161C1610162416211F064
:101A900047FA18B1FFE7FEF74FFDFFE7FFE757985A
:101AA00042F20801C2F20041C16757988863FFE71C
:101AB000262010900521002217F006F9109817F043
:101AC0007FF9FCE15798006844F60001C4F2000178
:101AD000884240F09A80FFE700202590022124915F
:101AE000419024A80DF074FF18B1FFE7FEF724FD24
:101AF000FFE7FFE744F2E840C5F60200016841F461
:101B000080210160006800F480201D901D98FFE78F
:101B1000FFE744F2E040C5F60200016841F002012F
:101B20000160006800F002001C901C98FFE74FF471
:101B3000406052900220539000200E905490559097
:101B40000720569040F20040C5F6020052A910F05E
:101B500067FE0E9942F28000C2F200400F90882288
:101B6000C4F2020202602D2242608160C1604FF423
:101B700080620261416181614FF48072C2610162E1
:101B8000416211F0CDF918B1FFE7FEF7D5FCFFE790
:101B9000FFE7579842F28001C2F20041C0F880107E
:101BA00057988863FFE742F2F800C2F200400D90B8
:101BB000A021C4F2020101602E2141604021816018
:101BC0000021C1604FF48062026141618161C161A5
:101BD0000162416211F0A4F918B1FFE7FEF7ACFC15
:101BE000FFE7FFE7579842F2F801C2F20041C167F0
:101BF00057988863FFE727200C900521002217F0F3
:101C000063F80C9817F0DCF858E15798006841F237
:101C10000041C4F20101884240F09980FFE70020B2
:101C2000259001212491429024A80DF0D1FE18B1F5
:101C3000FFE7FEF781FCFFE7FFE744F2F040C5F65F
:101C40000200016841F020010160006800F02000FE
:101C50001B901B98FFE7FFE744F2E040C5F6020047
:101C6000016841F004010160006800F004001A906E
:101C70001A98FFE7C02052900220539000200A904B
:101C8000549055900720569040F60000C5F602008B
:101C900052A910F0C5FD0A9942F2E810C2F20040C4
:101CA0000B907022C4F2020202604822426040227D
:101CB0008260C1604FF48062026141618161C161F3
:101CC0000162416211F02CF918B1FFE7FEF734FC14
:101CD000FFE7FFE7579842F2E811C2F20041C167FF
:101CE00057988863FFE742F27010C2F200400990F3
:101CF000B821C4F2020101604721416000218160E6
:101D0000C1604FF480620261416181614FF4807271
:101D1000C2610162416211F003F918B1FFE7FEF7F9
:101D20000BFCFFE7FFE7579842F27011C2F2004147
:101D3000C0F8801057988863FFE747200890052176
:101D4000002216F0C1FF089817F03AF8B5E057984E
:101D5000006841F60041C4F20101884240F0AC80C5
:101D6000FFE70020259001212491429024A80DF046
:101D70002FFE18B1FFE7FEF7DFFBFFE7FFE744F2B6
:101D8000F040C5F60200016841F080010160006882
:101D900000F0800019901998FFE7FFE744F2E04057
:101DA000C5F60200016841F010010160006800F012
:101DB000100018901898FFE7042052900221039118
:101DC00053910021069154915591569041F2000093
:101DD000C5F60200049052A9059110F021FD039B65
:101DE00004980599069A4FF0080CCDF848C1539312
:101DF000549255920B22569210F012FD069941F61C
:101E0000B050C2F20040079040F21042C4F2020209
:101E10000260762242608160C1604FF4806202619C
:101E2000416181614FF48072C2610162416211F0CF
:101E300077F818B1FFE7FEF77FFBFFE7FFE757985A
:101E400041F6B051C2F20041C0F880105798886343
:101E5000FFE741F62860C2F20040029040F22841BC
:101E6000C4F20201016077214160402181600021BC
:101E7000C1604FF48062026141618161C1610162B0
:101E8000416211F04DF818B1FFE7FEF755FBFFE78F
:101E9000FFE7579841F62861C2F20041C1675798A1
:101EA0008863FFE79C2001900521002216F00CFFBB
:101EB000019816F085FFFFE7FFE7FFE7FFE7FFE781
:101EC000FFE758B080BD00BF80B582B00190019897
:101ED000006841F60001C4F20101884211D1FFE718
:101EE00044F2F041C5F60201086820F040000860A5
:101EF00040F60040C5F602004FF4404110F064FE89
:101F0000BDE00198006841F20001C4F2010188427D
:101F10001CD1FFE744F2F041C5F60201086820F049
:101F2000100008600020C5F602004FF4C06110F0F8
:101F30004BFE0198D0F8800011F056FF0198C06F59
:101F400011F052FF252016F05FFF97E0019800681E
:101F500044F20041C4F2000188421BD1FFE744F281
:101F6000E841C5F60201086820F40030086000204E
:101F7000C5F602000C2110F027FE0198D0F8800071
:101F800011F032FF0198C06F11F02EFF262016F0DD
:101F90003BFF72E00198006844F60001C4F20001C2
:101FA00088421DD1FFE744F2E841C5F60201086806
:101FB00020F48020086040F20040C5F602004FF493
:101FC000406110F001FE0198D0F8800011F00CFF84
:101FD0000198C06F11F008FF272016F015FF4BE0A5
:101FE0000198006841F20041C4F2010188421CD10D
:101FF000FFE744F2F041C5F60201086820F0200036
:10200000086040F60000C5F60200C02110F0DCFDBB
:102010000198C06F11F0E8FE0198D0F8800011F02F
:10202000E3FE472016F0F0FE25E00198006841F637
:102030000041C4F2010188421CD1FFE744F2F041A3
:10204000C5F60201086820F08000086041F2000037
:10205000C5F602000C2110F0B7FD0198D0F8800001
:1020600011F0C2FE0198C06F11F0BEFE9C2016F068
:10207000CBFEFFE7FFE7FFE7FFE7FFE7FFE702B081
:1020800080BD00000000000080B50DF085FCFFE77A
:10209000FEE700BF00BF00BFFFE7FEE700BF00BFD5
:1020A000FFE7FEE700BF00BFFFE7FEE700BF00BF9E
:1020B000FFE7FEE700BF00BF704700BF00BF00BFE3
:1020C00080B541F69070C2F2004014F0CDFD80BDA5
:1020D00080B542F20800C2F2004014F0C5FD80BD98
:1020E00080B541F6A060C2F2004014F0BDFD80BD95
:1020F00080B541F61870C2F2004014F0B5FD80BD05
:1021000080B542F2E810C2F2004014F0ADFD80BD8F
:1021100080B542F28000C2F2004014F0A5FD80BDFF
:1021200080B542F2F800C2F2004014F09DFD80BD7F
:1021300080B542F26020C2F200401AF0C1FE80BDBC
:1021400080B542F20030C2F200401AF0B9FE80BD04
:1021500080B542F6D010C2F2004023F07DFE80BD73
:1021600080B542F61C20C2F2004023F075FE80BD0F
:1021700080B542F64810C2F200401EF011FB80BD4F
:1021800080B582B042F6B420C2F2004001902BF03C
:102190000FFD019803F0A4F902B080BD00BF00BF9D
:1021A00080B582B042F6DC30C2F2004001902BF0E4
:1021B000FFFC019803F094F902B080BD00BF00BF9E
:1021C00080B582B042F67040C2F2004001902BF020
:1021D000EFFC019803F084F902B080BD00BF00BF9E
:1021E00080B542F27010C2F2004014F03DFD80BD97
:1021F00080B541F6B050C2F2004014F035FD80BD0C
:1022000080B541F62860C2F2004014F02DFD80BD7B
:1022100080B541F63850C2F2004014F025FD80BD73
:1022200080B582B042F60450C2F2004001902BF01B
:10223000BFFC019803F054F902B080BD00BF00BF9D
:1022400080B542F25040C2F2004008F0FDF980BD76
:1022500080B542F25040C2F2004008F0F5F980BD6E
:1022600080B542F25040C2F2004008F0EDF980BD66
:1022700080B582B042F64830C2F2004001902BF0A7
:1022800097FC019803F02CF902B080BD00BF00BF9D
:1022900080B542F2A030C2F200401AF011FE80BDBB
:1022A00080B582B0FFE744F2F440C5F60200016851
:1022B00041F002010160006800F002000190019805
:1022C000FFE76FF001000F21002216F0FDFC02B0C5
:1022D00080BD00000000000080B590B00E900E9808
:1022E0000F2810D8FFE70E9919200190002216F050
:1022F000EBFC019816F064FD0E9840F23C11C2F21E
:102300000041086003E001208DF83F0043E0FFE753
:1023100044F2F040C5F60200016841F0010101609D
:10232000006800F0010002900298FFE706A803A9E8
:102330000DF0EEFA0DF0E8F94000059005984DF625
:102340008361C4F21B31A0FB01014FF0FF3000EBB1
:102350009140049042F6D010C2F200400021C4F235
:102360000101016040F2E731C16004994160002140
:10237000016181601EF024FC48B9FFE742F6D010ED
:10238000C2F200401EF070FE8DF83F0003E0012015
:102390008DF83F00FFE79DF83F0010B080BD00BF03
:1023A00042F6D010C2F200400168C86820F0010077
:1023B000C860704700BF00BF42F6D010C2F20040B4
:1023C0000168C86840F00100C86070470000000064
:1023D00080B541F65C20C2F2004040F20801C2F232
:1023E0000041012233F018FA18B1FFE7FEF7A4F814
:1023F000FFE741F65C20C2F2004040F23401C2F235
:10240000004133F06DFA18B1FFE7FEF795F8FFE7EA
:1024100041F65C20C2F2004040F2DC01C2F2004111
:1024200035F00AFA18B1FFE7FEF786F8FFE741F644
:102430005C20C2F2004033F08FFA18B1FFE7FEF7DC
:102440007BF8FFE716F0A8FA80BD0000000000004E
:1024500082B08DF80700009100991220088040F2A8
:10246000C800C2F2004002B0704700BF00BF00BF0A
:1024700082B08DF80700009100990420088040F296
:10248000F000C2F2004002B0704700BF00BF00BFC2
:1024900080B584B08DF80F000291029A4AF20520AF
:1024A000C0F6030040F27011C2F20041019134F015
:1024B000A7FC019804B080BD80B582B08DF80700FC
:1024C00000919DF8070060B9FFE7009A4AF21820D2
:1024D000C0F6030040F27011C2F2004134F090FCEB
:1024E0000BE0009A4AF21820C0F6030040F2701187
:1024F000C2F2004134F084FCFFE740F27010C2F2F7
:10250000004002B080BD00BF80B582B08DF80700EA
:10251000009100991A20088000F056F840F2F4006B
:10252000C2F2004002B080BD80B582B08DF80700D5
:1025300000919DF8070060B9FFE7009A4AF2FA108F
:10254000C0F6030040F27011C2F2004134F058FCB2
:102550000BE0009A4AF2FA10C0F6030040F2701144
:10256000C2F2004134F04CFCFFE740F27010C2F2BE
:10257000004002B080BD00BF80B582B08DF807007A
:1025800000919DF8070060B9FFE7009A4AF2EC104D
:10259000C0F6030040F27011C2F2004134F030FC8A
:1025A0000BE0009A4AF2EC10C0F6030040F2701102
:1025B000C2F2004134F024FCFFE740F27010C2F296
:1025C000004002B080BD00BF80B584B04EF6000070
:1025D000C1F6F170006803904EF60400C1F6F17088
:1025E000006802904EF60800C1F6F1700068019094
:1025F0000199039808440390039888B1FFE7039872
:1026000040F2F401C2F2004100910231082200F0D0
:102610001BF8009902981231042200F015F8FFE728
:1026200004B080BD00BF00BF82B08DF807000091EC
:1026300000990C20088040F2BC00C2F2004002B0B9
:10264000704700BF00BF00BF83B0029001918DF8BA
:10265000032000208DF802008DF80200FFE79DF8AE
:1026600002009DF80310884229DAFFE70298000F64
:10267000092809D8FFE70298000F303001999DF82A
:10268000022001F8120009E00299372000EB1170D6
:1026900001999DF8022001F81200FFE7029800015D
:1026A000029001989DF8021000EB41010020487053
:1026B000FFE79DF8020001308DF80200CFE703B07C
:1026C000704700000000000080B582B041F65C2039
:1026D000C2F20040009040F69051C2F20041002248
:1026E000019235F0C5F8009840F29051C2F20041D5
:1026F00035F0E2F8019802B080BD00BF00BF00BF16
:102700000020704700BF00BF84B08DF80F00029119
:10271000ADF806209DF80F000146009123281DD832
:102720000099DFE801F012131415161B1B1B1B1B6D
:102730001B1B1B1B1B1B1B1B1B1B1B1B1B1B1B1BE9
:102740001B1B1B1B1B1B1718191A08E007E006E0D0
:1027500005E004E003E002E001E000E0FFE7002024
:1027600004B0704700BF00BF80B584B003900291F1
:10277000039941F65C20C2F20040019035F09CF8CC
:10278000019835F0FDF8039805F0EAFD002004B04B
:1027900080BD00BF00BF00BF83B0029001918DF8E3
:1027A000032000208DF802009DF9020003B070475D
:1027B00080B586B00490ADF80E1000208DF80D00A5
:1027C00041F65C20C2F20040D0F8BC0202900298B0
:1027D000D0F8140220B1FFE701208DF8170013E0B4
:1027E0000499BDF80E2041F65C20C2F20040019031
:1027F00035F03EF8019835F07FF88DF80D009DF822
:102800000D008DF81700FFE79DF8170006B080BD9A
:1028100080B5B6B0359006A8B82135F03AF93598AC
:1028200000680021C4F2040188423FD1FFE7002084
:1028300007904FF4802006904FF44010279006A890
:102840000DF0C6F818B1FFE7FDF776FEFFE716F0CA
:10285000A3F8FFE744F2D840C5F60200016841F052
:1028600000710160006800F0007005900598FFE7B6
:102870004A200090052102910022039216F024FACA
:10288000009816F09DFA0299039A4B20019016F0D9
:102890001BFA019816F094FA0299039A4D200490BD
:1028A00016F012FA049816F08BFAFFE736B080BDE6
:1028B00080B582B00190019800680021C4F2040143
:1028C000884212D1FFE744F2D841C5F602010868F8
:1028D00020F0007008604A2016F096FA4B2016F09F
:1028E00093FA4D2016F090FAFFE702B080BD00BFCA
:1028F00080B582B001900199D1F8E00401F29C41C9
:1029000033F08AF802B080BD80B582B001908DF8B6
:102910000310019AD2F8E0049DF8031001EBC10303
:1029200002EB8302D2F8602233F0C2F802B080BD1D
:1029300080B582B001908DF80310019AD2F8E004BE
:102940009DF8031001EBC10302EB8302126A33F01E
:102950009BF902B080BD00BF80B582B001900198A4
:10296000D0F8E00433F0E0FA02B080BD00BF00BF51
:1029700080B582B0019001208DF803000198C079E4
:1029800020B9FFE700208DF803000CE00198C07922
:10299000022804D1FFE701208DF8030002E0FDF7D3
:1029A000CBFDFFE7FFE70198D0F8E0049DF80310A6
:1029B00033F082FA0198D0F8E00433F02DFA02B037
:1029C00080BD00BF00BF00BF80B582B001900198FC
:1029D000D0F8E00433F07CFA01980168D1F8000ED9
:1029E00040F00100C1F8000E0198C07A48B1FFE73D
:1029F0004EF61051CEF20001086840F00600086063
:102A0000FFE702B080BD00BF80B582B001900198A1
:102A1000D0F8E00433F074FA02B080BD00BF00BF0C
:102A200080B582B001908DF803100198D0F8E004D1
:102A30009DF8031033F0D0FA02B080BD00BF00BF94
:102A400080B582B001908DF803100198D0F8E004B1
:102A50009DF8031033F088FA02B080BD00BF00BFBC
:102A600080B582B001900198D0F8E00433F0ECFA20
:102A700002B080BD00BF00BF80B582B00190019858
:102A8000D0F8E00433F0E8FA02B080BD00BF00BF28
:102A900080B584B0039003980078012839D1FFE70E
:102AA000039942F25040C2F200400290C0F8E01494
:102AB0000399C1F8C8020021C4F204010160092190
:102AC00001710221C1710122827141720021817262
:102AD000C17201738173C173017407F0E1FB18B116
:102AE000FFE7FDF729FDFFE742F25040C2F2004048
:102AF00001908021009108F0B3FF009A0198002115
:102B000008F05EFF019801214FF4BA7208F058FFF7
:102B1000FFE7002004B080BD80B582B001900020A6
:102B20008DF803008DF802000198D0F8C80207F074
:102B3000DBFC8DF803009DF8030000F009F88DF828
:102B400002009DF8020002B080BD00BF00BF00BFC0
:102B500082B08DF8070000208DF806009DF8070070
:102B600001460091032814D80099DFE801F002061D
:102B70000A0E00208DF806000FE003208DF80600F5
:102B80000BE001208DF8060007E003208DF8060019
:102B900003E003208DF80600FFE79DF8060002B071
:102BA000704700BF00BF00BF80B582B00190002019
:102BB0008DF803008DF802000198D0F8C80207F0E4
:102BC000BFFC8DF803009DF80300FFF7C1FF8DF8EF
:102BD00002009DF8020002B080BD00BF00BF00BF30
:102BE00080B582B0019000208DF803008DF80200BE
:102BF0000198D0F8C80207F0E3FC8DF803009DF8B7
:102C00000300FFF7A5FF8DF802009DF8020002B057
:102C100080BD00BF00BF00BF80B584B003908DF8B9
:102C20000B108DF80A20ADF8083000208DF8070051
:102C30008DF806000398D0F8C8029DF80B10BDF877
:102C400008209DF80A3008F01FFC8DF807009DF859
:102C50000700FFF77DFF8DF806009DF8060004B021
:102C600080BD00BF00BF00BF80B582B001908DF86D
:102C7000031000208DF802008DF801000198D0F8B3
:102C8000C8029DF8031008F077FC8DF802009DF84B
:102C90000200FFF75DFF8DF801009DF8010002B012
:102CA00080BD00BF00BF00BF80B582B001908DF82D
:102CB000031000208DF802008DF801000198D0F873
:102CC000C8029DF8031008F003FE8DF802009DF87D
:102CD0000200FFF73DFF8DF801009DF8010002B0F2
:102CE00080BD00BF00BF00BF80B582B001908DF8ED
:102CF000031000208DF802008DF801000198D0F833
:102D0000C8029DF8031008F00FFD8DF802009DF831
:102D10000200FFF71DFF8DF801009DF8010002B0D1
:102D200080BD00BF00BF00BF80B582B001908DF8AC
:102D3000031000208DF802008DF801000198D0F8F2
:102D4000C8029DF8031008F05FFD8DF802009DF8A1
:102D50000200FFF7FDFE8DF801009DF8010002B0B2
:102D600080BD00BF00BF00BF84B002908DF8071087
:102D70000298D0F8C80200909DF8070000060028CD
:102D80000DD5FFE700989DF8071001F07F0101EBDA
:102D9000C10100EB8100807D8DF80F000DE00098EF
:102DA0009DF8071001F07F0101EBC10100EB8100EC
:102DB00090F856028DF80F00FFE79DF80F0004B061
:102DC000704700BF00BF00BF80B582B001908DF892
:102DD000031000208DF802008DF801000198D0F852
:102DE000C8029DF8031008F01FFB8DF802009DF843
:102DF0000200FFF7ADFE8DF801009DF8010002B062
:102E000080BD00BF00BF00BF80B586B005908DF8C3
:102E100013100392029300208DF807008DF806002E
:102E20000598D0F8C8029DF81310039A029B08F089
:102E300043FC8DF807009DF80700FFF789FE8DF829
:102E400006009DF8060006B080BD00BF00BF00BFB1
:102E500080B586B005908DF8131003920293002080
:102E60008DF807008DF806000598D0F8C8029DF887
:102E70001310039A029B08F0D3FB8DF807009DF80E
:102E80000700FFF765FE8DF806009DF8060006B006
:102E900080BD00BF00BF00BF80B582B001908DF83B
:102EA00003100198D0F8C8029DF8031008F0F0FB59
:102EB00002B080BD00BF00BF81B0009040F2703012
:102EC000C2F2004001B0704781B0009001B070477D
:102ED00080B582B00190019816F02AFB02B080BD47
:102EE00080B584B040F20E10C2F200400078014676
:102EF0000391012808D0FFE7039802281DD0FFE7BF
:102F00000398032832D05CE041F62400C2F200406E
:102F1000029090ED4A0A06F0EBFD029890ED4B0A04
:102F200006F0E6FD029890ED370A06F0E1FD029802
:102F300090ED380A06F0DCFD44E043F2E840C2F2CE
:102F40000040019090ED250A06F0D2FD019890ED29
:102F5000260A06F0CDFD019890ED120A06F0C8FD94
:102F6000019890ED130A06F0C3FD2BE043F2E84010
:102F7000C2F20040009090ED390A06F0B9FD0098C9
:102F800090ED4C0AB1EE400A06F0B2FD009890EDCB
:102F90004E0A06F0ADFD009890ED4F0A06F0A8FD30
:102FA00041F24870C2F2004090ED000A06F0A0FD28
:102FB00047F28830C2F2004090ED000A06F098FD1A
:102FC00000E0FFE704B080BD80B582B0019030F032
:102FD000CBFE0090FFE730F0C7FE009006F0D4FD76
:102FE00004F01EFC02F0C8FF6846052131F058FECF
:102FF000F1E700000000000080B582B0019030F0E1
:10300000B3FE009042F2A030C2F200404FF4A17132
:1030100003F076FC43F26000C2F20040022103F0AC
:1030200023F8FFE730F0A0FE009032F001FB43F2FE
:103030006C61C2F20041887840F00100887002F0B3
:103040001BFE02F0B9FB43F26000C2F2004090F8B0
:103050003C0040B9FFE743F26000C2F200400321A8
:1030600003F002F806E043F26000C2F2004003F011
:103070003FFAFFE741F23062C2F200421068411CA1
:103080001160C00718B9FFE705F026FDFFE741F220
:103090003460C2F20040007850B9FFE742F2A0303D
:1030A000C2F200404FF4A171002203F0BDFD12E016
:1030B00043F2D860C2F2004090ED1A0ABDEEC00A99
:1030C00010EE102A42F2A030C2F200404FF4A1717B
:1030D00003F0AAFDFFE732F0D7FA6846012131F08C
:1030E000DFFD9FE70000000080B582B0019041F253
:1030F0003461C2F200410020087042F61871C2F239
:1031000000410870FFE742F61870C2F200400078F4
:10311000A8B9FFE741F61600C2F20040017804208A
:10312000B0EB111F07D1FFE742F61871C2F2004160
:103130000120087002E000F013F8FFE704E000F05F
:103140003FF800F06DF8FFE743F26C61C2F2004116
:10315000887840F0100088700A2030F0F5FED2E741
:1031600043F27820C2F20040807A012824D1FFE7A0
:1031700043F27820C2F20040C07A01281CD1FFE758
:1031800043F27820C2F20040B0F9060010F5167F35
:1031900011DAFFE743F27820C2F20040B0F90400F0
:1031A000B0F5167F07DDFFE742F61871C2F2004165
:1031B00001200870FFE7FFE7704700BF00BF00BFB6
:1031C00082B043F27820C2F20040807A012823D1F5
:1031D000FFE743F27820C2F20040C07A01281BD1F9
:1031E000FFE743F27820C2F20040B0F9000010F58A
:1031F000257F11D1FFE743F27820C2F20040B0F9F9
:10320000020010F5257F07D1FFE70120019001980A
:1032100080F3138800F030F802B0704700BF00BFA1
:1032200081B043F27820C2F20040807A01460091DA
:10323000012808D0FFE70098022812D0FFE7009885
:10324000032807D014E041F23461C2F200410020AB
:1032500008700EE041F23461C2F2004101200870B2
:1032600007E041F23461C2F200410220087000E040
:10327000FFE701B0704700BFBFF34F8F4EF60C5110
:10328000CEF20001086800F4E0600422C0F2FA52B5
:1032900010430860BFF34F8FFFE700BFFDE700005A
:1032A00080B582B0082004F01FFA28B9FFE780201B
:1032B00004F01AFA40B1FFE741F23460C2F2004074
:1032C0000078012810D0FFE743F27820C2F20040D6
:1032D000C07C01280DD1FFE741F23460C2F200400A
:1032E0000078022805D1FFE70120022103F0A4FDA8
:1032F00011E041F23460C2F20040007828B9FFE7E3
:103300000120002103F098FD04E00120072103F0D3
:1033100093FDFFE7FFE741F2E450C2F20040807BFB
:10332000012808D0FFE741F2E450C2F20040807B60
:10333000042805D1FFE70220072103F07DFD3EE0D0
:1033400041F2E450C2F20040807B062805D1FFE73D
:103350000221084603F070FD30E041F2E450C2F271
:103360000040807B022810D0FFE741F2E450C2F217
:103370000040807B032808D0FFE741F2E450C2F20E
:103380000040807B052805D1FFE70220012103F0E2
:1033900053FD12E041F2E450C2F20040807B072866
:1033A00005D1FFE70220032103F046FD04E00220DF
:1033B000002103F041FDFFE7FFE7FFE7FFE743F2EE
:1033C0007820C2F20040007D0009C00760B1FFE72D
:1033D00042F6CC60C2F20040C06A28B9FFE7032081
:1033E000012103F029FD1BE043F27820C2F20040E6
:1033F000007D0009C00768B1FFE742F6CC60C2F269
:103400000040C06A012805D1FFE70320022103F034
:1034100013FD04E00320002103F00EFDFFE7FFE7AA
:1034200047F25840C2F2004090F85900022805D1F6
:10343000FFE70420012103F0FFFC21E047F25840A0
:10344000C2F2004090F85900012805D1FFE704209E
:10345000072103F0F1FC12E047F25840C2F20040AD
:1034600090F85B0028B1FFE70420022103F0E4FCA0
:1034700004E00420002103F0DFFCFFE7FFE7FFE7A3
:1034800047F29030C2F2004090F86B00800840078D
:1034900028B9FFE70520022103F0CEFC15E047F232
:1034A0009030C2F2004090F86B00C0F38200012817
:1034B00005D1FFE70520012103F0BEFC04E0052053
:1034C000032103F0B9FCFFE7FFE706200190082184
:1034D00003F0B2FC019843F27061C2F20041097C32
:1034E0004CF6CD42C0F6CC42A1FB022103F0B4FC65
:1034F00002B080BD00BF00BF80B586B00590FFE779
:1035000043F26C60C2F200408078C007D8B3FFE796
:1035100043F26C60C2F2004080784008C00790B36C
:10352000FFE743F26C60C2F200408078C008C00739
:1035300048B3FFE743F26C60C2F2004080780009B4
:10354000C00700B3FFE743F26C61C2F2004104918F
:10355000887800F0FE008870887800F0FD008870A0
:10356000887800F0FB008870887800F0F700887099
:10357000887800F0EF00887042F24040C2F20040CC
:103580001AF066F8FFE743F27820C2F20040C07DEF
:1035900003F076FF04F0C0F8024643F26C61C2F219
:1035A00000410391088862F30000088005F02CFBBD
:1035B00003990246088802F0010220F0020040EA66
:1035C0004200088004F034FB03990246088802F0A8
:1035D000010220F0040040EA8200088004F0A4FE0A
:1035E00003990246088802F0010220F0080040EA30
:1035F000C200088003F038F902460398018802F0FF
:103600000F0221F4F04141EAC2210180817801F0EA
:103610007F0181700078C00700283FD1FFE743F2A7
:103620006C60C2F2004000884008C007B0BBFFE7F2
:1036300043F26C60C2F2004000888008C00768BB9B
:10364000FFE743F26C60C2F200400088C008C00788
:1036500020BBFFE743F26C60C2F200400088000923
:103660004007D8B9FFE743F26C60C2F2004000881F
:10367000C009000790B9FFE743F26C60C2F2004056
:103680000088C00A000748B9FFE743F26C61C2F244
:10369000004108886FF3DF30088008E043F26C6176
:1036A000C2F20041088840F400400880FFE743F27E
:1036B0006C60C2F200400088C00A000738B9FFE71A
:1036C00041F2E451C2F2004101200873FFE70120FA
:1036D00004F00AF878B9FFE743F26C60C2F20040E8
:1036E0000078C00738B9FFE741F23460C2F2004009
:1036F000007870BBFFE743F26C60C2F200400290BA
:10370000008800F00101012003F096FB0298008878
:10371000C0F34001022003F08FFB02980088C0F341
:103720008001032003F088FB02980088C0F3C001E9
:10373000042003F081FB02980088C0F302110520E9
:1037400003F07AFB02980088C10B062003F074FB9B
:103750002CE0202003F0C8FF20B3FFE743F26C60A9
:10376000C2F2004000900088C0F3C311012003F0B2
:1037700063FB00980088C0F3C321022003F05CFBC8
:1037800003200021019103F057FB0199042003F06D
:1037900053FB0199052003F04FFB0199062003F02C
:1037A0004BFB02E0FFF77CFDFFE7FFE703F078FB50
:1037B00041F29851C2F20041002081F831006420AA
:1037C00030F0C2FB9CE6000080B586B0059030F07A
:1037D000CBFA049000F018F9FFE730F0C5FA049036
:1037E00031F026FF41F23460C2F200400078014619
:1037F000039148B1FFE70398012842D0FFE70398FF
:10380000022800F08680E0E041F62401C2F2004187
:10381000019100200290C1F808024CF60650C3F650
:103820008B70C1F8740147F62850C2F20040808EB8
:1038300000EE100AB8EE400A9FED6F1A20EE010A62
:1038400030EE000A9FED6D1A60EE010A9FED6C0AE2
:103850009FED6C1A05F058FC0199029841F6582228
:10386000C2F2004282ED000A8A6C4A6440F63D22B0
:10387000C3F6D762C1F8DC20C1F80402C1F8000227
:10388000A4E0082003F030FF40B1FFE7402003F040
:103890002BFF18B1FFE700F04FF937E043F2782231
:1038A000C2F20042B2F9000000EE100AB8EEC01AEF
:1038B00040F21011C2F2004191ED002A41F62400BD
:1038C000C2F2004090ED5D0AA1EE420A80ED5D0A71
:1038D000B2F902305B4200EE103AB8EEC01A91ED38
:1038E000022A90ED370AA1EE420A80ED370AB2F9BA
:1038F000002000EE102AB8EEC01A91ED022A90EDD9
:10390000110AA1EE420A80ED110AFFE700F0BCF9AE
:103910005CE043F27820C2F20040C07C012803D171
:10392000FFE700F009F94DE0012003F071FD68B1F7
:10393000FFE741F62400C2F2004090ED110A9FED2E
:103940002D1A30EE010A80ED110A12E0002003F07A
:103950005FFD68B1FFE741F62400C2F2004090ED40
:10396000110A9FED231A30EE010A80ED110AFFE7DC
:10397000FFE743F27822C2F20042B2F90E0000EEF5
:10398000100AB8EEC01A40F21011C2F2004191EDD7
:10399000032A41F62400C2F2004090ED370AA1EE5E
:1039A000020A80ED370AB2F90C2000EE102AB8EEB8
:1039B000C01A91ED032A90ED110AA1EE420A80EDA2
:1039C000110AFFE700F060F900E0FFE700F014FBE8
:1039D00043F26C61C2F20041887840F002008870C6
:1039E00031F052FE04A8022131F05AF9F5E600BF89
:1039F000DB0FC93FDB0FC9BF00000039DB0F4940B7
:103A000006CD8B3FDB0FC94080B588B041F624005E
:103A1000C2F2004003904FF4037134F03AF8039877
:103A2000983001210291B3EE060AF6EE000A9FEDEE
:103A3000381A8DED061AF3EE091ACDED001A9FED36
:103A4000352A8DED012A05F083FD029903989DED3D
:103A5000061AE430B6EE080ADFED2F0AF0EE041A7B
:103A6000B1EE002A05F074FD9DED000ADDED011AAE
:103A7000029903989DED061A00220492C0F8A42032
:103A8000C0F8A820DFED250A9FED252A05F060FD8E
:103A9000029903989DED061A4C309FED220ADFED46
:103AA000221A9FED222A8DED072AF0EE410A05F039
:103AB0004FFD03980499DDED061A41F26F22C3F61B
:103AC0000332C26049F69A12C3F69962026100F5A8
:103AD0009870B2EE040A8DED050AB3EE0E2AF0EEF0
:103AE000610AB0EE611A05F033FD03980499DDED2B
:103AF000050A9DED061A9DED072A00F5BE709FEDA3
:103B00000C0ADFED0C1A05F023FD08B080BD00BFE4
:103B10000000000000004842C3F5283ECDCCCC3D5B
:103B20000000C8420000FA4500401C460050C34651
:103B30000080BB4500007A4481B047F29030C2F269
:103B4000004040790146009188B3FFE700980128C2
:103B500004D0FFE70098022818D090E047F2903098
:103B6000C2F20040806880B1FFE747F29030C2F2B5
:103B7000004000218160026941F62401C2F2004147
:103B8000C1F8DC20C0684864FFE779E047F2903173
:103B9000C2F200410020487141F62401C2F2004106
:103BA000D1F8E000C1F8DC00886C486468E041F2BC
:103BB0003460C2F200400078012829D1FFE743F2C7
:103BC0007822C2F20042B2F9020000EE100AB8EE0A
:103BD000C01A40F21011C2F2004191ED022A41F6E2
:103BE0002400C2F2004090ED370AA1EE020A80EDF7
:103BF000370AB2F9002000EE102AB8EEC01A91ED93
:103C0000022A90ED110AA1EE420A80ED110A35E078
:103C100041F23460C2F20040007802282DD1FFE763
:103C200043F27822C2F20042B2F90E0000EE100A0E
:103C3000B8EEC00A40F21011C2F2004191ED031A31
:103C400020EE011A41F62400C2F2004090ED370A3E
:103C5000B6EE002AA1EE020A80ED370AB2F90C2076
:103C600000EE102AB8EEC01A91ED032A90ED110A69
:103C7000A1EE420A80ED110AFFE7FFE700E0FFE74F
:103C800001B0704700BF00BF80B58AB047F628502A
:103C9000C2F20040808E00EE100AB8EEC00A9FED1E
:103CA000CC1A20EE010A30EE000A9FEDCA1A60EE2F
:103CB000010A9FEDC90A9FEDC91A05F025FA47F6DA
:103CC0002450C2F20040049080ED000A90ED000AFA
:103CD00034F062F90498B0EE401A41F20861C2F281
:103CE0000041059191ED002ABEEE000A91EE420AD4
:103CF0008DED090A90ED000A34F04EF90598B0EE0A
:103D0000401A90ED002A9FEDB60A91EE420A8DED21
:103D1000080A9DED080ADDED090A41F62400C2F209
:103D200000400790DC3005F0EBF8079A02F19800AC
:103D300041F63021C2F2004106910968C2F8E01054
:103D400092ED370A42F61071C2F2004191ED001A6D
:103D500030EE410A43F26861C2F2004181ED000A8F
:103D600092ED370AD2ED380A92ED7F1A9FED9D2A27
:103D7000A1EE020A91ED001A30EE010A05F00CFCEA
:103D8000069A079981ED4A0A01F1E400D268C1F868
:103D90002C2191ED4A0AD1ED4B0A05F0FDFB079865
:103DA000B1EE400A80ED810A90ED110AB5EE400AAD
:103DB000F1EE10FA0DDAFFE741F62400C2F20040FE
:103DC00090ED110A9FED851A30EE010A80ED110A7F
:103DD0001BE041F62400C2F2004090ED110A9FED75
:103DE0007F1AB4EE410AF1EE10FA0DDDFFE741F65D
:103DF0002400C2F2004090ED110A9FED7B1A30EED4
:103E0000010A80ED110AFFE7FFE741F63020C2F218
:103E10000040406841F62401C2F2004103918864E9
:103E200091ED110A42F61470C2F2004090ED001AB2
:103E300030EE410A43F26460C2F2004080ED000AB5
:103E400091ED110AD1ED120A91ED7E1A9FED672ACC
:103E5000A1EE020A90ED001A30EE010A9FED5F1A02
:103E600005F052F9039847F62451C2F2004181ED62
:103E7000000A90ED820AB5EE400AF1EE10FA17D171
:103E8000FFE747F62450C2F2004090ED000A9FED94
:103E9000581AB4EE410AF1EE10FA09DAFFE741F6DA
:103EA0002401C2F200414FF07E50C1F80802FFE742
:103EB00041F62400C2F200400290D0ED120A47F60B
:103EC0002451C2F2004191ED000A30EE800A05F063
:103ED00063FB029981ED240A01F14C0041F6302286
:103EE000C2F200421269C1F8942091ED240AD1ED8A
:103EF000250A05F051FB029880ED800A082003F0A6
:103F0000F3FB002851D0FFE7402003F0EDFB002831
:103F10004BD1FFE747F62850C2F20040808E00EEFA
:103F2000100AB8EE400A9FED2A1A20EE010A30EE80
:103F3000000A9FED281A20EE010A41F62400C2F281
:103F40000040019080ED5E0A00F59871009190EDBF
:103F50005D0AD0ED5E0A9FED211A05F0D5F80098B4
:103F6000019A47F62451C2F2004181ED000AD2EDD8
:103F70005E0A91ED000A30EE800A05F00DFB019912
:103F800081ED700A01F5BE7041F63022C2F20042A6
:103F90001269C1F8C42191ED700AD1ED710A05F0E2
:103FA000FBFA019880ED800AFFE741F62400C2F297
:103FB0000040416C42F61472C2F200421160D0F827
:103FC000DC0042F61071C2F2004108600AB080BD08
:103FD00000000039DB0F494006CD8B3FDB0FC940A5
:103FE0003333B33E6F1203BBDB0FC9C06F12033B09
:103FF0008FC2F53C00BF00BF80B584B041F63020D1
:10400000C2F2004090F8240040B1FFE747F6285084
:10401000C2F2004090F82000D8B9FFE747F62850D8
:10402000C2F200409FED1C0A8DED030A01F078FDFD
:104030009DED032A43F26000C2F20040B0EE420A56
:10404000F0EE420AB0EE421AF0EE421A02F03CF9EB
:1040500020E041F62400C2F20040019047F62850CB
:10406000C2F200409FED0C0A8DED020A01F058FDEE
:104070000198DDED021A90ED812A43F26000C2F250
:104080000040B0EE610AF0EE610AB0EE611A02F093
:104090001BF9FFE704B080BD000000000000000035
:1040A000704700BF00BF00BF80B582B001902FF005
:1040B0005BFE009000F01CF8FFE72FF055FE00902B
:1040C00000F08EF800F078F900F08EFB00F008FCAC
:1040D00043F26C61C2F20041887840F008008870B9
:1040E0006846022130F0DCFDE7E700BF00BF00BFFB
:1040F00080B586B043F2E840C2F2004005904FF42C
:10410000B87133F0C6FC05989C30002104919FEDF6
:104110002B0A8DED010ADFED2A1ACDED031A9FED72
:10412000292A8DED022AF0EE610AB0EE611A05F03F
:104130000FFA9DED010A9DED022ADDED031A0499A7
:104140000598E830F0EE610AB0EE611A05F000FA69
:104150009DED031A049905980430B5EE000ADFEDD1
:104160001A1A9FED1A2AF0EE410A05F0F1F99DEDB9
:10417000031A0499059850309FED150ADFED150AD2
:10418000DFED151AB1EE042A05F0E2F9049805995D
:10419000087048700020C4F22020C1F86C0148F279
:1041A0000000C4F22240C1F868010A20A1F84E01C3
:1041B0003220A1F84C0106B080BD00BF6F12033A57
:1041C00000000000CDCC4C3F0000C84200007A4502
:1041D000C3642A3A95BF56359A99993E00BF00BFED
:1041E00080B582B000F034FC41F23460C2F200408D
:1041F00000780146019140B1FFE70198012812D0F3
:10420000FFE70198022844D0D2E043F2E841C2F22D
:1042100000410020C4F22020C1F86C010120487048
:1042200000200870C5E043F2E841C2F200410020DE
:10423000C4F22020C1F86C0143F27820C2F20040A1
:10424000C07A01460091012808D0FFE700980228B3
:1042500014D0FFE70098032808D018E043F2E841A3
:10426000C2F2004101204870087011E043F2E841B9
:10427000C2F2004102204870087009E043F2E841B0
:10428000C2F20041022048700320087000E0FFE7FE
:104290008FE043F27820C2F20040C07C50B1FFE7CB
:1042A00043F2E841C2F200410020C4F2B420C1F858
:1042B0006C0109E043F2E841C2F200410020C4F27F
:1042C0002020C1F86C01FFE743F20840C2F2004031
:1042D000007B8008C00718B9FFE7002038B9FFE766
:1042E00043F2E841C2F200410220487006E043F286
:1042F000E841C2F2004100204870FFE743F2782015
:10430000C2F20040407D8009C00750B1FFE747F28C
:104310003941C2F20041487C00F0E30008304874A3
:104320001DE043F27820C2F20040417D0020B0EB56
:10433000D11F0AD0FFE747F23941C2F20041487C61
:1043400000F0E3000430487408E047F23941C2F25B
:104350000041487C00F0E3004874FFE7FFE743F2C8
:10436000E840C2F200404078022807D0FFE743F25D
:10437000E841C2F200410120087018E047F2903095
:10438000C2F2004090F86B008008400738B1FFE7A8
:1043900043F2E841C2F200410220087006E043F215
:1043A000E841C2F2004103200870FFE7FFE700E0A8
:1043B000FFE702B080BD00BF80B584B043F2E840A3
:1043C000C2F20040007801460391032800F2DD812B
:1043D0000399DFE811F004003E009600FC0041F272
:1043E0005671C2F200410020088043F2E841C2F257
:1043F0000041C1F8500140F22410C2F200400068B0
:1044000018B1FFE7002078B9FFE743F28C60C2F2F1
:10441000004090ED110AB8EEC00A43F2E840C2F243
:10442000004080ED120A0AE043F28460C2F20040CC
:10443000006843F2E841C2F200418864FFE743F2BA
:10444000E841C2F200410020C1F88400C1F8340103
:104450009CE141F25671C2F200410020088043F213
:10446000E841C2F20041C1F8500140F22410C2F20A
:1044700000400068D0B9FFE700F03EFB42F6BC7098
:10448000C2F20040007803280FD0FFE743F28C60AF
:10449000C2F2004090ED110AB8EEC00A43F2E840C3
:1044A000C2F2004080ED120AFFE722E040F2241041
:1044B000C2F20040006803280FD1FFE743F28C608E
:1044C000C2F2004090ED110AB8EEC00A43F2E84093
:1044D000C2F2004080ED120A0AE043F28460C2F2A8
:1044E0000040006843F2E841C2F200418864FFE7FF
:1044F000FFE743F2E841C2F200410020C1F8840026
:1045000044E100F00DFC41F25671C2F2004108880E
:104510000130088043F2E840C2F2004090ED120AF8
:1045200090ED131A30EE410A43F28860C2F2004067
:1045300080ED000A00F020FC38B1FFE740F23811AE
:10454000C2F2004101200870FFE700F05DFCE8B313
:10455000FFE740F23811C2F200410020087040F23B
:104560002410C2F200400068022808D0FFE740F2A1
:104570002410C2F20040006803280DD1FFE743F287
:10458000E840C2F2004090ED120A9FED961A30EE1C
:10459000010A80ED120A0CE043F2E840C2F200404A
:1045A00090ED120A9FED8E1A30EE010A80ED120A8C
:1045B000FFE743F2E840C2F2004090ED510AB2EE4C
:1045C000041A30EE010A80ED510AFFE7DEE000F048
:1045D000A7FB41F25671C2F2004108880130088001
:1045E00043F2E840C2F2004090ED120A90ED131A37
:1045F00030EE410A43F28860C2F2004080ED000ACA
:1046000000F07EFCE8B3FFE741F25671C2F20041D0
:104610000020088040F22410C2F200400068022806
:1046200008D0FFE740F22410C2F2004000680328DF
:104630000DD1FFE743F2E840C2F2004090ED120ACC
:104640009FED681A30EE010A80ED120A0CE043F289
:10465000E840C2F2004090ED120A9FED611A30EE80
:10466000010A80ED120AFFE743F2E840C2F200407F
:1046700090ED510AB2EE041A30EE010A80ED510AB3
:10468000FFE743F28C60C2F20040B0F93800012825
:1046900008DBFFE743F28C60C2F20040B0F938005B
:1046A000029008E043F28C60C2F20040B0F938009A
:1046B00040420290FFE7029841F65931884226DBDA
:1046C000FFE743F28C60C2F20040B0F936000128E7
:1046D00008DBFFE743F28C60C2F20040B0F936001D
:1046E000019008E043F28C60C2F20040B0F936005D
:1046F00040420190FFE70198632808DCFFE741F2A0
:104700009051C2F20041086801300860FFE741F2B1
:104710009050C2F200400068652835D3FFE741F2AF
:104720009451C2F200410120087041F23C70C2F283
:10473000004001680131016043F28C61C2F2004126
:1047400091ED110AB8EEC00A9FED251A30EE010A6C
:1047500043F2E841C2F2004181ED120A00683328B9
:1047600011D3FFE741F29051C2F2004100200860EE
:1047700041F23C71C2F20041086041F29451C2F230
:1047800000410870FFE7FFE700E0FFE743F2E84081
:10479000C2F20040407801460091022804D3FFE7AE
:1047A000009802280AD018E043F2E841C2F2004122
:1047B0000020C1F8E000C1F82C010FE043F2E8410D
:1047C000C2F2004191ED5A0AB1EE400A81ED380A79
:1047D000D1F86801C1F82C0100E0FFE704B080BD0A
:1047E00000000046000000C680B584B000200390A1
:1047F000FFE70398012826DCFFE7039B41F258708E
:10480000C2F200404C2103FB0100C06A43F2E842BF
:10481000C2F2004202929C3203FB01239864039887
:1048200000FB012090ED110AD0ED120A04F0B4FE55
:104830000298039900EB810080ED4E0AFFE7039890
:1048400001300390D5E743F2E841C2F20041019103
:1048500091ED390A91ED4C1A30EE010A47F2883099
:10486000C2F2004080ED000A40F25812C2F200424B
:1048700092ED000A90ED001A20EE010A41F2487014
:10488000C2F2004080ED000A43F28C60C2F20040A8
:10489000009090ED110AB8EEC00A81ED130A081DD0
:1048A00091ED120AD1ED130A04F076FE009A0199F7
:1048B00081ED250A01F15000B2F9362000EE102AF0
:1048C000B8EEC00A81ED260A91ED250AD1ED260A3F
:1048D00004F062FE019880ED4D0A04B080BD00BF77
:1048E00080B586B043F2E840C2F20040407890B90B
:1048F000FFE741F25870C2F2004004909FED520A67
:104900008DED050A01F00CF904989DED050A4C3077
:1049100001F006F923E043F2E840C2F200400190C2
:1049200090ED4E0A41F24870C2F20040029090EDC4
:10493000001A30EE410A41F25870C2F20040039072
:1049400001F0EEF8019A0299039892ED4F0A91ED69
:10495000001A30EE410A4C3001F0E2F8FFE743F272
:10496000E840C2F20040007878B9FFE743F28C607B
:10497000C2F200409FED340A01F0D2F843F2D86150
:10498000C2F20041002088665CE040F22410C2F2CE
:104990000040006850BBFFE742F6BC70C2F2004026
:1049A000007840B1FFE742F6BC70C2F200400078E8
:1049B00001280DD1FFE742F6B870C2F2004090ED39
:1049C000000A43F28C60C2F2004001F0A9F80CE04A
:1049D00043F2E840C2F2004090ED4D0A43F28C6091
:1049E000C2F2004001F09CF8FFE72AE040F22410F8
:1049F000C2F20040006803280DD1FFE743F2E8400F
:104A0000C2F2004090ED4D0A43F28C60C2F20040C9
:104A100001F086F814E040F22410C2F20040006871
:104A200001280CD1FFE743F2E840C2F20040D0F881
:104A3000340143F2D861C2F200418866FFE7FFE724
:104A4000FFE7FFE706B080BD0000000000BF00BF29
:104A500043F20840C2F20040008978B1FFE743F218
:104A60000840C2F20040028943F2E841C2F200412C
:104A7000A1F84C21C088A1F84E01FFE743F2E840BD
:104A8000C2F20040B0F84E11490000EE101AB8EE24
:104A9000C01A90ED510A9FED162AA1EE020A80ED90
:104AA000510A90ED510AB5EE400AF1EE10FA08DA1B
:104AB000FFE743F2E841C2F200410020C1F844019F
:104AC000FFE743F2E841C2F20041B1F84C0100EEC9
:104AD000100AB8EEC00A91ED511A30EE410ABDEE4F
:104AE000C00A81ED520A3220C1F84801704700BF68
:104AF0006F1283BA00BF00BF83B043F28C60C2F272
:104B00000040B0F93800012808DBFFE743F28C6071
:104B1000C2F20040B0F93800029008E043F28C6025
:104B2000C2F20040B0F9380040420290FFE702981C
:104B3000B0F52F7F43DDFFE743F28C60C2F2004007
:104B4000B0F93600012808DBFFE743F28C60C2F2BF
:104B50000040B0F93600019008E043F28C60C2F2E8
:104B60000040B0F9360040420190FFE7019831283B
:104B700025DCFFE742F6BC70C2F200400078F0B9D5
:104B8000FFE742F6B871C2F200410020086040F22F
:104B90002010C2F200400088012808DBFFE740F245
:104BA0002011C2F2004108880138088006E042F670
:104BB000BC71C2F2004101200870FFE771E042F6CB
:104BC000BC70C2F200400078012816D1FFE740F225
:104BD0002210C2F20040008801280EDBFFE742F6F7
:104BE000B871C2F200410020086040F22211C2F206
:104BF000004108880138088052E042F6BC70C2F2D9
:104C00000040007801280ED1FFE740F22210C2F2E6
:104C10000040008838B9FFE742F6BC71C2F200419B
:104C2000022008703BE042F6BC70C2F200400078FF
:104C3000A0BBFFE743F28C60C2F20040B0F936003F
:104C4000012808DBFFE743F28C60C2F20040B0F9B4
:104C50003600009008E043F28C60C2F20040B0F9E8
:104C6000360040420090FFE70098B0F5967F0ADAE0
:104C7000FFE742F6B871C2F2004149F69A10C3F656
:104C80001960086009E042F6B871C2F200414CF6C2
:104C9000CD40C3F64C500860FFE7FFE7FFE7FFE7B2
:104CA000FFE742F6BC70C2F20040007802281AD139
:104CB000FFE743F2E840C2F2004090ED120A9FED98
:104CC000171A30EE010A80ED120A42F6BC71C2F2E8
:104CD00000410320087040F22211C2F2004108880E
:104CE0000130088017E042F6BC70C2F20040007844
:104CF00003280FD1FFE740F22210C2F200400088E3
:104D0000642807DBFFE742F6BC71C2F200410420D1
:104D10000870FFE7FFE703B0704700BF00C0DAC5C7
:104D200043F2F400C2F200400088B0F57A7F20DA46
:104D3000FFE743F2F401C2F2004108880130088025
:104D400043F2F600C2F20040007888B9FFE743F270
:104D5000E841C2F2004146F60000C4F29350886474
:104D600043F2F601C2F20041087801300870FFE713
:104D7000FFE7704700BF00BF83B043F27820C2F264
:104D80000040807C50B9FFE741F23460C2F200403D
:104D900001780120022902902ED0FFE743F278200B
:104DA000C2F20040B0F90600012808DBFFE743F239
:104DB0007820C2F20040B0F90600019008E043F20A
:104DC0007820C2F20040B0F9060040420190FFE7AF
:104DD00001990020092900900BDCFFE741F23460C3
:104DE000C2F2004000780138B0FA80F0400900902B
:104DF000FFE700980290FFE7029800F0010003B07F
:104E0000704700BF00BF00BF82B040F23810C2F24E
:104E10000040017800200029019068D0FFE743F2AC
:104E2000E840C2F2004090ED520AB8EEC00A40F2EB
:104E30002800C2F2004090ED001A0020B4EE410AB2
:104E4000F1EE10FA019052DBFFE743F27820C2F254
:104E50000040807C40B1FFE741F23460C2F2004084
:104E60000078022816D0FFE743F27820C2F2004013
:104E7000B0F906100020B1F5FA7F019037DDFFE7A9
:104E800041F23460C2F20040017800200129019013
:104E90002DD1FFE743F28860C2F2004090ED000A96
:104EA000B5EE400AF1EE10FA09DDFFE743F2886043
:104EB000C2F2004090ED000A8DED000A0AE043F2D4
:104EC0008860C2F2004090ED000AB1EE400A8DED1C
:104ED000000AFFE79DED000A9FED071A0020B4EEDF
:104EE000410AF1EE10FAB8BF01200190FFE70198E6
:104EF00000F0010002B070470000004600BF00BF94
:104F000080B582B041F23460C2F2004000780128DE
:104F100008D1FFE747F29030C2F20040C069002894
:104F200055D1FFE741F23460C2F200400078012819
:104F300012D1FFE743F27820C2F20040C07A022883
:104F40000AD1FFE7082002F0CFFB28B1FFE740209D
:104F500002F0CAFBD8B3FFE741F23460C2F200406E
:104F60000078022815D1FFE743F27820C2F2004012
:104F7000807C70B1FFE743F27820C2F20040C07C31
:104F800038B1FFE747F29030C2F20040C069F0B993
:104F9000FFE741F23460C2F20040017800200229AC
:104FA00001906FD1FFE743F27820C2F20040817C8C
:104FB00000200029019065D0FFE743F27820C2F27B
:104FC0000040C17C0020002901905BD1FFE743F243
:104FD000E840C2F2004090ED520AB8EEC00A40F23A
:104FE0002800C2F2004090ED001A0020B4EE410A01
:104FF000F1EE10FA019045DBFFE741F25670C2F284
:1050000000400088400000EE100AB8EEC00A43F2EB
:10501000E840C2F2004090ED5B1A0020B4EE410A75
:10502000F1EE10FA01902DDBFFE743F28860C2F247
:10503000004090ED000AB5EE400AF1EE10FA09DDED
:10504000FFE743F28860C2F2004090ED000A8DED68
:10505000000A0AE043F28860C2F2004090ED000AC4
:10506000B1EE400A8DED000AFFE79DED000A9FEDCD
:10507000081A0020B4EE410AF1EE10FAB8BF012080
:105080000190FFE7019800F0010002B080BD00BF71
:10509000000000460000000080B598B00020079096
:1050A000109011901290112014901420159002204D
:1050B0000D90139042F26020C2F20040019010A9BE
:1050C000039115F0C9FA0399079A019810920122E9
:1050D0000B9211921292152308931493139215F0C8
:1050E000BBFA0B9B0D9A019869460B60114615F0AF
:1050F0003FFB079A0B99019817F052FD079A019808
:105100001021049117F04CFD019815F079FE0399D8
:10511000079A0B9810921192129040F201220C9271
:10512000149240F2032209921592139042F2003039
:10513000C2F20040029015F08FFA0B9B0D9A029874
:1051400069460B60114615F013FB079A0B990298FC
:1051500017F026FD0499079A029817F021FD02988E
:1051600015F04EFE0399079B0B9A0D98109311931F
:1051700012931492082206921592139042F2A030D4
:10518000C2F20040059015F067FA0399079B0B9A4D
:10519000059810931192129240F205230E931493E6
:1051A000139215F059FA0B9B0D9A059869460B60FE
:1051B000114615F0DDFA079A0B99059817F0F0FCE7
:1051C0000499079A059817F0EBFC059815F018FE5E
:1051D000069A0799089B43F24470C2F2004041606E
:1051E0008160C26001614FF4801242618161C161DE
:1051F000016243F26000C2F2004005229FED130AF3
:1052000000F006FF099B0B9A41F25870C2F2004071
:105210000A90B7EE000A8DED0F0A114600F060FB10
:105220000A980B9A0C9B9DED0F0A4C30114600F02A
:1052300057FB0D9A0E9B9DED0F0A47F62850C2F2C0
:105240000040114600F04CFB18B080BD000000008B
:1052500080B582B0019000919DF80000C007002841
:1052600055D0FFE7019843F25842C2F2004243F2A0
:105270001543C2F20043402115F086FF01980068F3
:105280004AF20001C4F2000188420CD1FFE743F268
:105290005840C2F20040007843F21541C2F200418A
:1052A00000F0E6FF2DE0019800684AF20041C4F2E8
:1052B000000188420DD1FFE743F25840C2F200409E
:1052C000016843F21542C2F20042012000F038FBAF
:1052D00016E0019800684DF20041C4F200018842D6
:1052E0000DD1FFE743F25840C2F20040016843F29B
:1052F0001542C2F20042022000F022FBFFE7FFE766
:10530000FFE701980121002217F04AFCFFE702B0F5
:1053100080BD00BF00BF00BF80B582B0019000918A
:105320009DF80000C00600284CD5FFE7019843F225
:10533000C042C2F2004243F28043C2F20043412124
:1053400015F022FF019800684AF20001C4F2000142
:10535000884210D1FFE743F2C040C2F2004001682A
:1053600041F63020C2F2004043F28042C2F20042D5
:1053700002F0EEF920E0019800684AF20041C4F220
:105380000001884201D1FFE715E0019800684DF265
:105390000041C4F2000188420CD1FFE743F2C04053
:1053A000C2F20040006843F28041C2F2004100F0C6
:1053B000E3F8FFE7FFE7FFE701981021002217F06D
:1053C000EFFBFFE702B080BD80B584B08DF80F0021
:1053D00002910192029843F24471C2F200410860C6
:1053E0009DF80F0060B9FFE7019A42F26020C2F217
:1053F000004043F24471C2F2004115F029FD23E060
:105400009DF80F0001280CD1FFE7019A42F200300D
:10541000C2F2004043F24471C2F2004115F018FD9F
:1054200011E09DF80F0002280CD1FFE7019A42F22B
:10543000A030C2F2004043F24471C2F2004115F0C4
:1054400007FDFFE7FFE7FFE704B080BD00000000B5
:1054500080B584B042F60450C2F200400190026868
:105460001021039111620268116841F0100111606E
:1054700041F27E61C2F200410A2227F09DFB0198B1
:1054800004F0D6FA039942F6DC30C2F200400290F2
:10549000026811620268116841F01001116042F661
:1054A0002D61C2F20041962227F086FB029802F09D
:1054B00093FB039942F6B420C2F2004002681162E5
:1054C0000268116841F01001116041F29061C2F26E
:1054D0000041122227F070FB04B080BD00BF00BF66
:1054E00080B584B0039003980068C06900F0100193
:1054F0000020B0EB111F3BD0FFE70398016810209C
:105500000862039827F09CFF039842F6B421C2F288
:105510000041884211D1FFE743F27820C2F20040F7
:1055200041F29061C2F20041029101F091FD0299B5
:105530000398122227F040FB19E0039842F6045129
:10554000C2F20041884211D1FFE743F27820C2F253
:10555000004041F27E61C2F20041019101F078FD0C
:10556000019903980A2227F027FBFFE7FFE7FFE7EF
:1055700004B080BD0000000080B584B003900291AB
:1055800043F26C61C2F20041887840F0800088707C
:105590000398013801460191072840D80199DFE8B6
:1055A00001F004103E3E1C3E2832029908684A6809
:1055B00041F29851C2F200414A60086000F034F8AC
:1055C0002DE0029908684A6841F29851C2F2004100
:1055D000CA60886000F094F821E0029908684A687F
:1055E00041F29851C2F200414A61086100F0C8F8E6
:1055F00015E0029908684A6841F29851C2F20041E8
:10560000CA6188610BE0029908684A6841F29851C2
:10561000C2F200414A62086200F0BEF8FFE704B03F
:1056200080BD00BF00BF00BF84B041F23460C2F251
:1056300000400078012807D0FFE741F23460C2F251
:1056400000400078E8BBFFE741F29851C2F2004108
:105650000A8843F27820C2F2004002804A884280E1
:105660000A7982724979C172B0F90000029000286B
:10567000039002D502984042039003981D2807DC4E
:10568000FFE743F27821C2F2004100200880FFE7E3
:1056900043F27820C2F20040B0F9020000900028E6
:1056A000019002D500984042019001981D2807DC26
:1056B000FFE743F27821C2F2004100204880FFE773
:1056C0001BE041F23460C2F200400078022813D19E
:1056D000FFE741F29850C2F20040028843F278217D
:1056E000C2F200418A814288CA8102798A74427971
:1056F000CA74C0888882FFE7FFE704B0704700BF24
:1057000041F29850C2F20040806800EE100AB7EEF5
:10571000C00AB0EEC00B9FED181BB4EE410BF1EECA
:1057200010FA08DAFFE741F29850C2F20040007B1D
:1057300008B9FFE71CE041F20861C2F20041002015
:10574000086041F29850C2F20040017B41F234629D
:10575000C2F200421170417B43F20842C2F20042A1
:105760001170807B43F27821C2F200418875FFE717
:10577000704700BF00BF00BF2D431CEBE2361A3F4D
:1057800041F29850C2F20040007C47F23941C2F227
:1057900000418874704700BF41F29850C2F2004047
:1057A000026A41F62401C2F20041C1F8F821406AC0
:1057B000C1F8FC01704700BF80B582B041F2D05003
:1057C000C2F20040016801310160006845F62941DC
:1057D000CCF28F2148434FEA70004BF65101C0F2E2
:1057E0001E51884207D8FFE741F2D451C2F200416E
:1057F0000620087006E041F2D451C2F200410320B5
:105800000870FFE741F2D450C2F200400078014630
:105810000191032804D0FFE70198062813D025E062
:1058200000F026F841F29851C2F20041886AC96A34
:1058300041F2D552C2F200425160106002200321B1
:10584000FFF7C2FD12E000F02BF841F29851C2F2CE
:105850000041086B496B41F2D552C2F200425160DF
:10586000106002200621FFF7AFFDFFE702B080BD08
:1058700047F29030C2F20040C06941F29851C2F242
:10588000004181F8280041F62400C2F2004090ED6A
:10589000820ABCEEC00A10EE100A81F82900704797
:1058A00047F29030C2F20040407901280DD1FFE765
:1058B00047F29030C2F2004090F8200041F2985137
:1058C000C2F2004181F8300007E041F29851C2F283
:1058D0000041002081F83000FFE770470000000021
:1058E00080B584B003908DF80B108DF80A200193D9
:1058F0008DED000A9DF80B00039908729DF80A00CF
:105900000399487201980399C86000980399086147
:10591000039840F22811C2F2004100F005F804B0EB
:1059200080BD00BF00BF00BF80B582B00190009174
:10593000019800990A6800F057FB02B080BD00BFD3
:1059400080B586B08DF81700049103920020029074
:1059500040F22810C2F2004000680290FFE702986F
:1059600040F22811C2F20041884219D0FFE70298A4
:1059700001900198C068049988420CD1FFE7019812
:10598000407A9DF81710884205D1FFE701980399E6
:1059900000F00AF8FFE7FFE7029800680290DEE7F0
:1059A00006B080BD00BF00BF82B001900091019998
:1059B0008869013088610199012081F820000198EF
:1059C00090ED051A90ED060AB8EE411AB8EE400ABD
:1059D00031EE400A80EE010A80ED070A0199888EB7
:1059E000A1F8400000980178407840EA0120019930
:1059F000888600988178C07840EA01200199C8869D
:105A000000980179407940EA0120019908870098BF
:105A10008079019981F83C0001988069312807D884
:105A2000FFE70199888EC887019900208864FFE705
:105A30000199888EB1F84010401AB0F5805F05DBFF
:105A4000FFE70199886C013888640EE00199888E1F
:105A5000B1F84010401A10F5805F05DCFFE70199AE
:105A6000886C01308864FFE7FFE701998A6C888EB3
:105A700000EB4230CA8F801A4864019890ED042AE6
:105A800090ED110AB8EEC00A9FED221A20EE010A2D
:105A90009FED213A20EE030A80EE020A80ED0A0A09
:105AA0000198B0F9361000EE101AB8EEC00A20EED8
:105AB000010A9FED1A1A80EE010A90ED041A80EE99
:105AC000010A80ED0B0A0198B0F9381000EE101AA7
:105AD000B8EEC00A90ED041A20EE010A027A49F6E7
:105AE0006C11C0F6030101EB021191ED004A91ED3A
:105AF000013A91ED022A91ED031A80EE040A20EE9C
:105B0000030A20EE020A80EE010A80ED0C0A02B0C0
:105B1000704700BFDB0FC940000000390000704231
:105B200084B003908DED020A0298039948620398AD
:105B300090ED090A90ED041A017A49F66C10C0F64E
:105B4000030000EB011090ED014A90ED023A90ED58
:105B5000032A21EE441A21EE031A81EE021AB4EE52
:105B6000410AF1EE10FA19DCFFE7039890ED040A00
:105B7000017A49F66C10C0F6030000EB011090EDBD
:105B8000013A90ED022A90ED031A20EE430A20EE2E
:105B9000020A80EE010A8DED010A41E0039890EDC2
:105BA000090A90ED041A017A49F66C10C0F6030058
:105BB00000EB011090ED014A90ED023A90ED032ABE
:105BC00021EE041A21EE031A81EE021AB4EE410A04
:105BD000F1EE10FA19DBFFE7039890ED040A017A61
:105BE00049F66C10C0F6030000EB011090ED013A8D
:105BF00090ED022A90ED031A20EE030A20EE020A2D
:105C000080EE010A8DED000A05E0039890ED090A87
:105C10008DED000AFFE79DED000A8DED010AFFE71B
:105C20009DED010A039880ED090A039991ED090A97
:105C300091ED041A80EE010A0A7A49F66C10C0F65A
:105C4000030000EB021090ED004A90ED013A90ED58
:105C5000022A90ED031A20EE040A80EE030A80EE79
:105C6000020A20EE010ABDEEC00A10EE100A4887B3
:105C700004B0704700BF00BF80B582B000F068F884
:105C800000208DF80700FFE79DF8070003285CD08F
:105C9000FFE700200090FFE7009803284EDCFFE7B5
:105CA0009DF8071043F25000C2F2004000EB810063
:105CB0000099405C01283CD1FFE743F26C60C2F2DE
:105CC00000400088C0F3C31002280AD0FFE743F267
:105CD0006C60C2F200400088C0F3C310032808D1F2
:105CE000FFE743F28C60C2F2004090F82000A0B1C0
:105CF000FFE79DF8070000EB400242F6C071C2F2D8
:105D0000004101EB0211009A02EB420201EB820218
:105D100052F8041BFFF758FBFFE79DF8071043F20A
:105D20005000C2F2004000EB8101009A002088542C
:105D3000FFE7FFE7009801300090ADE7FFE79DF82F
:105D4000070001308DF807009EE702B080BD00BF5C
:105D500080B582B00020019042F6C070C2F20040CF
:105D6000902131F096FE40F22810C2F20040006807
:105D70000190FFE7019840F22811C2F200418842E9
:105D800000F0F580FFE7019800900098007A022863
:105D900073D1FFE70098C068B0F5027F36D8FFE7FF
:105DA0000098407A00EB400042F6C071C2F2004118
:105DB00001EB001240F2FF109061009B93F83B0052
:105DC0005A7A02EB420201EB0212DB6802EB430259
:105DD0004FF61243CFF6FF73D054009A92F83A0070
:105DE000537A03EB430301EB0311D26801EB420149
:105DF0006FF47B7288540098417A43F25000C2F2EB
:105E0000004000EB81010120887035E00098407A65
:105E100000EB400042F6C071C2F2004101EB0012FB
:105E200040F2FF205062009B93F83B005A7A02EB4D
:105E3000420201EB0212DB6802EB43024FF616430B
:105E4000CFF6FF73D054009A92F83A00537A03EBDE
:105E5000430301EB0311D26801EB42016FF47A7244
:105E600088540098417A43F25000C2F2004000EB9F
:105E700081010120C870FFE770E00098C068B0F5AC
:105E8000017F34D8FFE70098407A00EB4000020120
:105E900042F6C071C2F200414FF400708850009B7E
:105EA00093F83B005A7A02EB420201EB0212DB68E4
:105EB00002EB43024FF60243CFF6FF73D054009A31
:105EC00092F83A00537A03EB430301EB0311D268D3
:105ED00001EB42016FF47F7288540098427A43F2DA
:105EE0005001C2F20041012001F8220035E0009883
:105EF000407A00EB400042F6C071C2F2004101EB73
:105F0000001240F2FF10D060009B93F83B005A7AD9
:105F100002EB420201EB0212DB6802EB43024FF696
:105F20000643CFF6FF73D054009A92F83A00537AA2
:105F300003EB430301EB0311D26801EB42016FF461
:105F40007E7288540098417A43F25000C2F20040B9
:105F500000EB810101204870FFE7FFE700994869E5
:105F600001304861FFE701980068019002E702B044
:105F700080BD00BF00BF00BF83B000208DF80A00C5
:105F8000019040F22810C2F2004000680190FFE743
:105F9000019840F22811C2F2004188421CD0FFE76C
:105FA000019800909DF80A0001308DF80A000098D1
:105FB00090F82000012805D1FFE70099002081F822
:105FC000200004E09DF80A008DF80B0008E0FFE7D0
:105FD000019800680190DBE700208DF80B00FFE7D7
:105FE0009DF80B0003B0704783B0029001910092BE
:105FF00002980099486000980299086002980199F7
:10600000086001980299486003B0704700000000E2
:1060100080B586B005908DF8131003928DED020ABD
:1060200001939DF813000599087203980599C860BB
:10603000029805994862019805990861059803211D
:1060400000F012F8642013F073FA012013F070FAD4
:10605000059840F23011C2F2004100F035F806B068
:1060600080BD00BF00BF00BF80B586B005908DF831
:1060700013106FF07F4003904FF0FF3002909DF8B7
:10608000130001460191012808D0FFE7019802287A
:1060900008D0FFE70198032808D00BE0FA208DF81C
:1060A0000F0008E0FB208DF80F0004E0FC208DF8C5
:1060B0000F0000E006E00599087AC96802AAFFF718
:1060C00083F9FFE706B080BD80B582B001900091F2
:1060D000019800990A6800F0FFFB02B080BD00BF84
:1060E00081B08DED000A9DED000A9FED061A80EE4D
:1060F000011ABBFE411A9FED042AA1EE020A01B06B
:10610000704700BFDB0FC940DB0FC9C000BF00BF35
:1061100080B584B003900291039988690130886149
:106120000399012081F82000039890ED051A90ED65
:10613000060AB8EE411AB8EE400A31EE400A80EE87
:10614000010A80ED070A029800780009039981F896
:106150003C00039890F83C00022806DBFFE7039917
:1061600091F83C0081F83D00FFE702984178807883
:1061700040EA0120ADF80600BDF8060000EE100A66
:10618000B8EE400A43F2F000C2F2004080ED000A8F
:10619000BDF80600BAEE090AF2EE090A102100F075
:1061A0003BF8039880ED100A0299C878097900013C
:1061B00040EA1110ADF80600BDF806009FED140A84
:1061C000DFED140A0C21009100F026F800990398E5
:1061D00080ED110A02980279407902F00F0240EA3C
:1061E0000220ADF80600BDF80600BAEE040AF2EE91
:1061F000040A00F011F8039880ED120A039890ED5C
:10620000100AFFF76DFF039880ED100A04B080BDFF
:10621000000048C30000484386B005908DED040A95
:10622000CDED030A02919DED030A9DED041A30EEB7
:10623000410A8DED010A049800909DED050AB8EE23
:10624000C00A9DED011A20EE010A02990120884042
:10625000013801EE100AB8EEC11A80EE010A9DED78
:10626000001A30EE010A06B0704700BF00BF00BF41
:1062700080B584B08DF80F0002910020019040F2AB
:106280003010C2F2004000680190FFE7019840F230
:106290003011C2F20041884213D0FFE7019800900C
:1062A000009800699DF80F10884205D1FFE700981B
:1062B0000299FFF72DFFFFE7FFE7019800680190C3
:1062C000E4E704B080BD00BF90B00F908DED0E0AE2
:1062D000CDED0D0A8DED0C1ACDED0B1A8DED0A2AC0
:1062E0000E980F9988620D980F99C8620C980F99B3
:1062F00008630B980F9948630A980F9988630F9861
:1063000090ED0A0ABAEE091AB4EE410AF1EE10FA5B
:1063100005DCFFE7BAEE090A8DED090A1AE00F98CD
:1063200090ED0A0AB2EE091AB4EE410AF1EE10FA43
:1063300005DBFFE7B2EE090A8DED080A05E00F98CC
:1063400090ED0A0A8DED080AFFE79DED080A8DED34
:10635000090AFFE79DED090A0F9880ED0A0A0F98D8
:1063600090ED0B0A9FED5D1AB4EE410AF1EE10FAC2
:1063700005DCFFE79FED590A8DED070A1AE00F983B
:1063800090ED0B0A9FED561AB4EE410AF1EE10FAA9
:1063900005DBFFE79FED520A8DED060A05E00F9839
:1063A00090ED0B0A8DED060AFFE79DED060A8DEDD7
:1063B000070AFFE79DED070A0F9880ED0B0A0F987B
:1063C00090ED0C0AB5EE400AF1EE10FA05DCFFE79D
:1063D0009FED450A8DED050A1AE00F9890ED0C0A25
:1063E0009FED401AB4EE410AF1EE10FA05DBFFE72B
:1063F0009FED3C0A8DED040A05E00F9890ED0C0A24
:106400008DED040AFFE79DED040A8DED050AFFE717
:106410009DED050A0F9880ED0C0A0F9890ED0D0A7E
:10642000B5EE400AF1EE10FA05DCFFE79FED2E0A0B
:106430008DED030A1AE00F9890ED0D0AB1EE041AE3
:10644000B4EE410AF1EE10FA05DBFFE7B1EE040A03
:106450008DED020A05E00F9890ED0D0A8DED020A10
:10646000FFE79DED020A8DED030AFFE79DED030AAC
:106470000F9880ED0D0A0F9890ED0E0ABAEE041AEF
:10648000B4EE410AF1EE10FA05DCFFE7BAEE040AB9
:106490008DED010A1AE00F9890ED0E0AB2EE041A83
:1064A000B4EE410AF1EE10FA05DBFFE7B2EE040AA2
:1064B0008DED000A05E00F9890ED0E0A8DED000AB3
:1064C000FFE79DED000A8DED010AFFE79DED010A52
:1064D0000F9880ED0E0A10B0704700BF000048C34F
:1064E000000048430000FA430000000000BF00BF66
:1064F00080B590B00F900F9890ED0A0ABAEE091A85
:10650000B4EE410AF1EE10FA05DCFFE7BAEE090A33
:106510008DED0B0A1AE00F9890ED0A0AB2EE091AF7
:10652000B4EE410AF1EE10FA05DBFFE7B2EE090A1C
:106530008DED0A0A05E00F9890ED0A0A8DED0A0A22
:10654000FFE79DED0A0A8DED0B0AFFE79DED0B0AB3
:106550000F9880ED0A0A0F9890ED0B0A9FED951A9F
:10656000B4EE410AF1EE10FA05DCFFE79FED910A67
:106570008DED090A1AE00F9890ED0B0A9FED8E1A27
:10658000B4EE410AF1EE10FA05DBFFE79FED8A0A4F
:106590008DED080A05E00F9890ED0B0A8DED080AC5
:1065A000FFE79DED080A8DED090AFFE79DED090A59
:1065B0000F9880ED0B0A0F9890ED0C0AB5EE400A8B
:1065C000F1EE10FA05DCFFE79FED7D0A8DED070A7D
:1065D0001AE00F9890ED0C0A9FED781AB4EE410A7C
:1065E000F1EE10FA05DBFFE79FED740A8DED060A68
:1065F00005E00F9890ED0C0A8DED060AFFE79DED82
:10660000060A8DED070AFFE79DED070A0F9880ED5A
:106610000C0A0F9890ED0D0AB5EE400AF1EE10FA53
:1066200005DCFFE79FED660A8DED050A1AE00F987D
:1066300090ED0D0AB1EE041AB4EE410AF1EE10FA33
:1066400005DBFFE7B1EE040A8DED040A05E00F98C3
:1066500090ED0D0A8DED040AFFE79DED040A8DED26
:10666000050AFFE79DED050A0F9880ED0D0A0F98CA
:1066700090ED0E0ABAEE061AB4EE410AF1EE10FAE7
:1066800005DCFFE7BAEE060A8DED030A1AE00F9863
:1066900090ED0E0AB2EE061AB4EE410AF1EE10FACF
:1066A00005DBFFE7B2EE060A8DED020A05E00F9862
:1066B00090ED0E0A8DED020AFFE79DED020A8DEDC9
:1066C000030AFFE79DED030A0F9880ED0E0A0F986D
:1066D00090ED0A0AFAEE090AB2EE091A102000F04B
:1066E00073F8ADF83A000F9890ED0B0ADFED310A20
:1066F0009FED311A0C20019000F066F801460198D8
:10670000ADF838100F9991ED0C0ADFED2D0ACDEDA3
:10671000000A9FED2A1A00F057F8DDED000A014645
:106720000198ADF836100F9991ED0D0AB1EE041AEB
:1067300000F04AF801460198ADF834100F9991ED38
:106740000E0AFAEE040AB2EE041A00F03DF8ADF8B3
:1067500032009DF83B0041F28862C2F200421070A4
:10676000BDF83A005070BDF8380000099070BDF8CF
:1067700038109DF8370040EA0110D070BDF836009F
:106780001071BDF8340000095071BDF834109DF847
:10679000330040EA01109071BDF83200D0710F99BA
:1067A0004869013048610F99087AC968FEF70CFE04
:1067B00010B080BD000048C3000048430000FA4309
:1067C0000000000000BF00BF86B08DED050ACDEDD2
:1067D000040A8DED031A8DF80B009DED030A9DED63
:1067E000041A30EE410A8DED010A049800909DEDE7
:1067F000050A9DED001A30EE410A9DF80B100120AC
:106800008840013801EE100AB8EEC11A20EE010AE4
:106810009DED011A80EE010ABCEEC00A10EE100ACE
:1068200006B0704700BF00BF80B582B00020019065
:1068300040F23010C2F2004000680190FFE701987A
:1068400040F23011C2F2004188420AD0FFE70198BD
:1068500000900098FFF74CFEFFE701980068019058
:10686000EDE702B080BD00BF83B000208DF80A00C4
:10687000019040F23010C2F2004000680190FFE742
:10688000019840F23011C2F2004188421CD0FFE76B
:10689000019800909DF80A0001308DF80A000098D8
:1068A00090F82000012805D1FFE70099002081F829
:1068B000200004E09DF80A008DF80B0008E0FFE7D7
:1068C000019800680190DBE700208DF80B00FFE7DE
:1068D0009DF80B0003B0704783B0029001910092C5
:1068E00002980099486000980299086002980199FE
:1068F000086001980299486003B0704700000000EA
:1069000080B590B00F90ADF83A10002001908DF84E
:106910003900BDF83A1003910490059008210691C2
:1069200007900A9088218DF831108DF832008DF88B
:1069300033008DF834008DF835008DF836008DF871
:1069400037008DF838008DF80B000F9814F034FFE5
:106950008DF83900FFE79DF8390088B9FFE79DF809
:106960000B0001308DF80B000F9814F025FF8DF807
:1069700039009DF80B00142801DBFFE70BE0EAE784
:106980000F9803A90DF1310214F062FA18B1FFE774
:10699000F9F7D2FDFFE710B080BD00BF00BF00BF18
:1069A00083B00290019101980078813801460091EE
:1069B000252800F22D810099DFE811F02D002A0131
:1069C0002A012A012A012A012A0126002A012A0174
:1069D0002A012A012A012A012A012A012A012A015F
:1069E0002A012A012A012A012A012A012A01310049
:1069F0005F00600098002A012A012A01BE00BE0043
:106A00002A012A012A01BE00029901200870029978
:106A100000208870FDE0029900200870F9E00198DC
:106A200040780299087301988178C078000200B21A
:106A3000084400EE100AB8EEC00B9FED771B20EE65
:106A4000010BBDEEC00B10EE100A029948840199AB
:106A50000879497945F62942C0F28F22A0FB02202D
:106A600040EA01200299888401988079029988700F
:106A70000198C07902990871CBE0CAE040F2601039
:106A8000C2F20040007888B9FFE701998879C97996
:106A900040EA0120029988850299888DC88540F2D4
:106AA0006011C2F2004101200870FFE701984078B0
:106AB0000299087301988178C078000201EB4111B6
:106AC00040EAD1200299088501990879497940EA7C
:106AD0000120029948850299888D08860199887954
:106AE000C97940EA01200299888592E001984078AE
:106AF0000299087301988178C078000201EB411176
:106B000040EAD1200299A1F8420001980179407928
:106B1000000201EB411140EAD1200299A1F84400A2
:106B200001988179C079000201EB411140EAD1203E
:106B30000299A1F846006CE00299012008700198C2
:106B400040780299087301988178C078000201EBBF
:106B5000411140EA11300299088501990879497973
:106B600040EA0120029948850299888D088601999A
:106B70008879C97940EA0120029988850299888D2F
:106B8000098E401AB0F5004F05DBFFE70299886BCC
:106B9000013088630DE00299888D098E401A10F546
:106BA000004F05DCFFE70299886B01388863FFE737
:106BB000FFE70299886BA0EB00408A8D1044CA8DD4
:106BC000801A486343F2D860C2F2004090ED0D0A8B
:106BD000B8EEC00A9FED121A20EE010ABDEEC00AFF
:106BE00010EE100A029988870299B1F93C2048F208
:106BF0000100C8F2000050FB0222D00B00EBD27063
:106C0000C8870299C88F1A225043A1F8400000E0BB
:106C1000FFE703B0704700BF7B14AE47E17A843FC3
:106C2000B400B43B00BF00BF80B590B00F90ADF88A
:106C30003A10ADF83820BDF83A00039000200190DA
:106C4000049005900821069107900A90A1218DF8E3
:106C500030108DF831008DF832008DF833009DF83A
:106C600038108DF834109DF839108DF835108DF8E6
:106C700036008DF837008DF80B000F9814F09CFD4E
:106C80008DF80A00FFE79DF80A0088B9FFE79DF834
:106C90000B0001308DF80B000F9814F08DFD8DF86E
:106CA0000A009DF80B00142801DBFFE70AE0EAE781
:106CB0000F9803A90CAA14F0CBF818B1FFE7F9F765
:106CC0003BFCFFE710B080BD83B001919DF806103A
:106CD0008DF80A10BDF80410ADF808108DF8030007
:106CE0009DF8030006281DDCFFE79DF809009DF8CC
:106CF000031001EB410243F2C021C2F20041AF3167
:106D00000A4450709DF80A009DF8032002EB4202ED
:106D10000A4490709DF808009DF8032002EB42029F
:106D20008854FFE703B0704780B584B08DF80F003A
:106D300000200290FFE702989DF80F10884269DA60
:106D4000FFE7029800EB400143F2C020C2F200408E
:106D5000AF30014449788DF80C10029901EB4101E4
:106D6000415C8DF80D10029901EB410108448078D7
:106D70008DF80E0000200190FFE70198072844DC01
:106D8000FFE79DF80C0000F0010149F26840C0F6F1
:106D90000300415C029A02EB4203019AC2EBC30377
:106DA00043F2C022C2F2004207321344D9719DF867
:106DB0000D1001F00101415C029B03EB430C019BB0
:106DC000C3EBCC031344D9739DF80E1001F00101FD
:106DD000405C029901EB41030199C1EBC3011144ED
:106DE000C8759DF80C0040088DF80C009DF80D004A
:106DF00040088DF80D009DF80E0040088DF80E003B
:106E0000FFE7019801300190B7E7FFE702980130F2
:106E1000029090E79DF80F0000EB4000C20043F2A3
:106E2000C020C2F20040C11D42F64810C2F200402C
:106E300018F0C6FC04B080BD81B08DF803008DF859
:106E400002109DF802009DF8032043F2C021C2F217
:106E50000041885401B0704780B584B08DF80F00B0
:106E60008DF80E109DF80F009DF80E108DF80B1088
:106E70009DF80E108DF80C109DF80E108DF80D1069
:106E80009DF80D108DF80610BDF80B10ADF804102C
:106E90000199FFF719FF04B080BD00BF00BF00BF1C
:106EA00080B592B000201190FFE71198062800F3FA
:106EB000C880FFE7119943F2C020C2F20040405C55
:106EC00001460091082800F2B7800099DFE801F040
:106ED000051A30465C72889EB3009DF8440000217C
:106EE0008DF841108DF842108DF843109DF8431035
:106EF0008DF83E10BDF84110ADF83C100F99FFF72A
:106F0000E3FE99E09DF8440005218DF83910002139
:106F10008DF83A108DF83B109DF83B108DF8361027
:106F2000BDF83910ADF834100D99FFF7CDFE83E0B0
:106F30009DF8440000218DF8311005228DF8322093
:106F40008DF833109DF833108DF82E10BDF83110E8
:106F5000ADF82C100B99FFF7B7FE6DE09DF84400DB
:106F600000218DF829108DF82A1005218DF82B109D
:106F70009DF82B108DF82610BDF82910ADF82410BF
:106F80000999FFF7A1FE57E09DF8440005218DF80F
:106F900021108DF8221000218DF823109DF8231068
:106FA0008DF81E10BDF82110ADF81C100799FFF7E1
:106FB0008BFE41E09DF8440005218DF81910002258
:106FC0008DF81A208DF81B109DF81B108DF81610E7
:106FD000BDF81910ADF814100599FFF775FE2BE0F8
:106FE0009DF8440000218DF8111005218DF8121034
:106FF0008DF813109DF813108DF80E10BDF81110B8
:10700000ADF80C100399FFF75FFE15E09DF8440002
:1070100005218DF809108DF80A108DF80B109DF8D8
:107020000B108DF80610BDF80910ADF80410019989
:10703000FFF74AFE00E0FFE7FFE7119801301190EB
:1070400033E70720FFF770FE12B080BD000000009C
:1070500080B588B00690059105990878497840EA8E
:1070600001206FF3DF200699088006990888A0F5B3
:1070700080600880059948788978C00840EA411006
:107080006FF3DF200699488006994888A0F5806054
:10709000488005998878CA780979800940EA820091
:1070A00040EA81206FF3DF2006998880069988885E
:1070B000A0F580608880059908794979400840EA00
:1070C000C1106FF3DF200699C8800699C888A0F523
:1070D0008060C8800599087C497C40EA01206FF3F4
:1070E000DF200699088106990889A0F5806008814B
:1070F0000598407980090699887205984079C0F30F
:1071000001100699C8720698B0F90000012805DB45
:10711000FFE70698B0F90000049005E00698B0F982
:10712000000040420490FFE70498B0F5257F4ADC58
:10713000FFE70698B0F90200012805DBFFE7069893
:10714000B0F90200039005E00698B0F90200404251
:107150000390FFE70398B0F5257F34DCFFE706983E
:10716000B0F90400012805DBFFE70698B0F9040038
:10717000029005E00698B0F9040040420290FFE753
:107180000298B0F5257F1EDCFFE70698B0F90600EF
:10719000012805DBFFE70698B0F90600019005E03D
:1071A0000698B0F9060040420190FFE70198B0F55B
:1071B000257F08DCFFE70698807A20B1FFE7069874
:1071C000C07A40B9FFE70698302130F062FC012018
:1071D0008DF81F002AE005998879C97940EA0120D5
:1071E000069988810599087A497A40EA012006992A
:1071F000C8810599887AC97A40EA012006990882EF
:107200000598007B069988740598407B0699C87498
:107210000599887BC97B40EA0120069988820699F6
:107220000120C87500208DF81F00FFE79DF81F00A2
:1072300008B080BD00BF00BF80B582B08DF80700E8
:107240009DF8070000F040F8ADF80400BDF8040018
:10725000F8B1FFE79DF8071042F60070C2F2004057
:10726000405CB0B9FFE79DF8072042F60071C2F21A
:107270000041012088549DF8072042F6CC61C2F2FB
:10728000004151F82200B0FA80F0400941F8220094
:107290000DE0BDF8040048B9FFE79DF8072042F66D
:1072A0000071C2F2004100208854FFE7FFE79DF81B
:1072B000071042F6CC60C2F2004010F8210002B084
:1072C00080BD00BF00BF00BF82B08DF807009DF8F1
:1072D0000700014600910C2800F284800099DFE845
:1072E00001F007111A242E38424C566069737D0054
:1072F00043F27820C2F20040007DC0F38010ADF868
:10730000040070E043F27820C2F20040007DC00922
:10731000ADF8040067E043F27820C2F20040407DFF
:1073200000F00100ADF804005DE043F27820C2F205
:107330000040407DC0F34000ADF8040053E043F24C
:107340007820C2F20040407DC0F38000ADF8040018
:1073500049E043F27820C2F20040407DC0F3C00013
:10736000ADF804003FE043F27820C2F20040407DD7
:10737000C0F30010ADF8040035E043F27820C2F20B
:107380000040407DC0F34010ADF804002BE043F214
:107390007820C2F20040407DC0F38010ADF80400B8
:1073A00021E043F27820C2F20040407DC009ADF8F0
:1073B000040018E043F27820C2F20040007DC0F3E0
:1073C0004010ADF804000EE043F27820C2F2004015
:1073D000007DC0F30010ADF8040004E00020ADF81B
:1073E000040000E0FFE7BDF8040002B0704700BFF2
:1073F00081B08DF803009DF8032042F6CC61C2F203
:107400000041002041F8220001B0704700BF00BFDA
:1074100080B582B08DF8070000208DF806009DF839
:107420000700FFF709FF9DF8071042F6CC60C2F293
:10743000004050F8210001280DD1FFE79DF80720FA
:1074400042F6CC61C2F20041002041F82200012046
:107450008DF806000EE09DF8071042F6CC60C2F2EF
:10746000004050F8210020B9FFE700208DF8060009
:10747000FFE7FFE79DF8060002B080BD00BF00BF38
:1074800081B08DF803009DF80300012840F0F380DF
:10749000FFE743F2A820C2F200400078002840F045
:1074A000EA80FFE743F27820C2F20040B0F904001E
:1074B00010F5FA7F13DAFFE743F27820C2F20040BA
:1074C000B0F90600B0F5FA7F09DDFFE743F2A92124
:1074D000C2F20041087840F001000870FFE743F273
:1074E0007820C2F20040B0F90400B0F5FA7F13DD55
:1074F000FFE743F27820C2F20040B0F90600B0F591
:10750000FA7F09DDFFE743F2A921C2F200410878C2
:1075100040F002000870FFE743F27820C2F200401A
:10752000B0F90400B0F5FA7F13DDFFE743F27820ED
:10753000C2F20040B0F9060010F5FA7F09DAFFE761
:1075400043F2A921C2F20041087840F0040008701B
:10755000FFE743F27820C2F20040B0F9040010F5D2
:10756000FA7F13DAFFE743F27820C2F20040B0F965
:10757000060010F5FA7F09DAFFE743F2A921C2F20B
:107580000041087840F008000870FFE743F27820D7
:10759000C2F20040B0F90200B0F5FA7F13DDFFE758
:1075A00043F27820C2F20040B0F9000010F5FA7FF3
:1075B00009DAFFE743F2A921C2F20041087840F05E
:1075C00010000870FFE743F27820C2F20040B0F9E3
:1075D0000200B0F5FA7F13DDFFE743F27820C2F234
:1075E0000040B0F90000B0F5FA7F09DDFFE743F293
:1075F000A921C2F20041087840F020000870FFE79E
:1076000043F27820C2F20040B0F9020010F5FA7F90
:1076100013DAFFE743F27820C2F20040B0F900002D
:10762000B0F5FA7F09DDFFE743F2A921C2F200417C
:10763000087840F040000870FFE743F27820C2F27B
:107640000040B0F9020010F5FA7F13DAFFE743F2C9
:107650007820C2F20040B0F9000010F5FA7F09DA94
:10766000FFE743F2A921C2F20041087840F0800010
:107670000870FFE713E09DF8030078B9FFE743F2D5
:10768000A820C2F200400078012807D1FFE743F2AA
:10769000A921C2F2004100200870FFE7FFE79DF832
:1076A000030043F2A821C2F20041087043F2A9206E
:1076B000C2F20040007843F27821C2F2004188759E
:1076C0009DF8030070B9FFE743F2A820C2F2004022
:1076D000007838B1FFE743F27821C2F20041002080
:1076E0008875FFE701B0704781B08DF80300002076
:1076F0008DF8020043F27820C2F20040807D9DF8B0
:107700000310084204D0FFE701208DF80200FFE7D4
:107710009DF8020001B0704781B043F27820C2F2B8
:107720000040C07D20B9FFE701208DF8030008E08C
:1077300043F27821C2F200410020C8758DF80300A1
:10774000FFE79DF8030001B0704700000000000053
:1077500086B00590049103920399086849680291E4
:1077600001900498113801460091032848D80099E7
:10777000DFE801F00213243F9DED010A9FED241A7A
:1077800020EE010A9FED231A80EE010A059880ED94
:10779000000A02980599C86033E09DED010A9FED4B
:1077A0001C1A20EE010A9FED1B1A80EE010A0598B3
:1077B00080ED010A02980599086122E09DED010A19
:1077C0009FED132A20EE020A9FED121A80EE010AA5
:1077D000059880ED020A9DED020A9FED0F3A80EEBA
:1077E000030A20EE020A80EE010A059880ED050AE0
:1077F00007E001980599086202980599C86100E0C0
:10780000FFE70599012081F8240006B0704700BF0A
:10781000DB0F4940000034436F12834100BF00BFBB
:1078200081B041F63020C2F2004090F824000128D7
:107830000AD1FFE741F63021C2F20041002081F871
:1078400024008DF8030003E001208DF80300FFE71A
:107850009DF8030001B0704780B584B0039001200B
:107860008DF80B0003990A7941F25070C2F2004082
:107870000271096801600078A52840F0A881FFE73F
:1078800043F25C01C2F20041012008700398052117
:1078900001F0FEF9002800F08181FFE741F250700D
:1078A000C2F20040B0F801000930ADF80800002035
:1078B0008DF80B000398B0F8050001900198009036
:1078C000012875D0FFE70098022800F08180FFE7CB
:1078D0000098032800F08480FFE7009840F201112F
:1078E000884200F08780FFE70098B0F5817F00F0C4
:1078F0008A80FFE70098B0F5827F00F08D80FFE777
:10790000009840F20511884200F09180FFE700984E
:1079100040F20121884200F09580FFE7009840F294
:107920000221884200F09F80FFE7009840F2032187
:10793000884200F0B680FFE70098B0F5017F00F0C4
:10794000BF80FFE7009840F20621884200F0C48023
:10795000FFE7009840F20721884200F0C580FFE76A
:107960000098B0F5027F00F0CC80FFE7009840F26D
:107970000921884200F0D180FFE7009840F20131F0
:10798000884200F0D380FFE7009840F2033188423C
:1079900000F0D680FFE70098B0F5417F00F0DF806F
:1079A000FFE7009840F20531884200F0E780F4E0FC
:1079B0000399D1F80700D1F80B20D1F80E3041F629
:1079C0001601C2F20041C1F807304A600860E4E0E5
:1079D0000398C07941F2F071C2F200410870DCE016
:1079E0000398C11D41F2F270C2F20040202230F033
:1079F00037F8D2E00398D0F8070041F24071C2F2A4
:107A000000410860C9E00398D0F8070041F24471D2
:107A1000C2F200410860C0E00398427A43F2AA2112
:107A2000C2F200418A70B0F807000880B5E0039800
:107A3000427A41F23561C2F200418A70B0F8070023
:107A40000880AAE0039BD87C43F20841C2F20041BF
:107A50000873D3F80700D3F80B20D3F80F308B60EE
:107A60004A60086099E00398D0F80710D0F80B201E
:107A7000D0F80F30D0F813C043F2E000C2F200405B
:107A8000C0F80CC0836042600160408900EE100ABB
:107A9000B8EE400A43F2E840C2F2004080ED510ADD
:107AA0007BE00399D1F80700D1F80B20D1F80F3013
:107AB00043F2FC31C2F200418B604A6008606CE026
:107AC0000398B0F80B2041F2DE51C2F200418A80E7
:107AD000D0F80700086060E00398C07942F62C6196
:107AE000C2F20041087058E00399D1F80700D1F8BC
:107AF0000A2043F25C61C2F20041C1F80320086031
:107B00004BE00398B0F80B2043F2F801C2F20041B9
:107B10008A80D0F8070008603FE00398D0F807009B
:107B200043F2BC21C2F20041086036E00398C11D57
:107B300043F28430C2F2004077222FF091FF2CE014
:107B40000399D1F80700D1F80B20D1F80F3042F695
:107B5000A071C2F200418B604A6008601DE0039989
:107B6000D1F80700D1F80B20D1F80F3043F2AE2145
:107B7000C2F200418B604A6008600EE0039AB2F8DE
:107B80000F0042F6AC71C2F200410881D2F8070042
:107B9000D2F80B204A600860FFE7FFE7039841F244
:107BA0005071C2F20041B1F801100844407AA52892
:107BB0000CD1FFE7039841F25071C2F20041B1F8D5
:107BC000011008440930FFF747FEFFE7FFE79DF883
:107BD0000B0004B080BD00BF81B00090009842F659
:107BE000C461C2F20041086001B0704700BF00BF2D
:107BF00080B582B001900091FFE742F6C460C2F206
:107C000000400068D0F88800202804D0FFE7012059
:107C10002CF09AF9F1E742F6C460C2F20040006825
:107C20000199BDF8002024F0B7FE02B080BD00BF6E
:107C300081B043F25C00C2F20040007820B9FFE757
:107C400001208DF8030008E043F25C01C2F200411C
:107C5000002008708DF80300FFE79DF8030001B0D5
:107C6000704700000000000080B584B043F27061EE
:107C7000C2F200410391002002900861C860886050
:107C80004860086043F2AC00C2F200400190342129
:107C90002FF0FFFE019B029803990022C4F270228C
:107CA0005A600022C4F25C229A600022C4F2F012F0
:107CB000DA604CF6CD42C3F6CC621A610022C4F2FF
:107CC0002A325A614CF6CD42C4F2BC12CA6000227C
:107CD000C4F220128A6008748868086004B080BD0D
:107CE00043F2E001C2F200414A6843F2AC00C2F242
:107CF0000040026043F20842C2F20042528900EEA4
:107D0000102AB8EE400A80ED020A098900EE101A26
:107D1000B8EE400A80ED010A704700BF00BF00BF07
:107D200083B08DED020ACDED010A9DED021A9FEDA3
:107D30001A0A21EE000A9DED012A20EE020AB7EE92
:107D4000C00AB7EEC23A9FED0E2B23EE022BA2EE35
:107D5000030BB7EEC12A9FED0C1B22EE011BA1EE17
:107D6000020B9FED0B1B30EE010BB7EEC00B8DED40
:107D7000000A9DED000A03B0704700BF00BF00BFBE
:107D8000000000607880833E000000803F82803EDB
:107D900000000060E3A508404F02063600BF00BFA8
:107DA00080B588B0FFF79CFF43F2AC01C2F20041FE
:107DB000002088620790FFE70798012840DCFFE772
:107DC000079841F2A462C2F200424C2100FB01215B
:107DD000B1F93600B1F93A1000EE101AB8EEC00A47
:107DE00001EE100AF8EEC10AFFF79AFF079943F275
:107DF000AC00C2F20040183000EB810181ED000AB6
:107E0000079900EB810090ED000AB5EE400AF1EE13
:107E100010FA01DAFFE70FE0079943F2AC00C2F273
:107E2000004000EB810191ED061A90ED0A0A30EE58
:107E3000010A80ED0A0AFFE7079801300790BBE7C7
:107E400043F2AC00C2F2004090ED051A90ED0A0A30
:107E5000B4EE410AF1EE10FAC0F2A880FFE700206C
:107E60000690059043F2AC01C2F2004191ED051A73
:107E70009FED830A30EE410A8DED040A0390FFE77F
:107E80000398012849DCFFE7039841F2A462C2F29B
:107E900000424C2100FB0120B0F93A0000EE100A2C
:107EA000B8EEC02A9FED770A22EE001A9DED060A71
:107EB000A1EE020A8DED060A039800FB0120B0F93D
:107EC0003630B0F93A0000EE103AB8EEC00A9FED35
:107ED0006E1A20EE011A00EE100AB8EEC02A9DEDCF
:107EE000050AA1EE020A8DED050A039800FB0120A8
:107EF000B0F9360000EE100AB8EEC02A9FED630A12
:107F000022EE001A9DED040AA1EE020A8DED040A8C
:107F1000FFE7039801300390B2E79DED051A9DED50
:107F2000060AB9EE002A20EE020A9DED042A20EE90
:107F3000020AA1EE010AB5EE400AF1EE10FA23DBC7
:107F4000FFE79DED051A8DED011A9DED060AB9EECC
:107F5000002A20EE020A9DED042A20EE020AA1EE7C
:107F6000010A30F071FC9DED011A30EE410A9DEDE1
:107F7000061A31EE011A80EE010A43F2AC00C2F299
:107F8000004080ED0B0A10E09DED050ABEEE001AE0
:107F900020EE010A9DED061A80EE010A43F2AC00C4
:107FA000C2F2004080ED0B0AFFE707E043F2AC01AC
:107FB000C2F200414FF07E50C862FFE743F2AC01CD
:107FC000C2F2004191ED0B0A41F2A462C2F20042FA
:107FD000B2F93A0001EE100AB8EEC11A20EE010A19
:107FE000BDEEC00A10EE100A508791ED0B0AB2F9EF
:107FF000860001EE100AB8EEC11A20EE010ABDEEAD
:10800000C00A10EE100AA2F88600002088620290D2
:10801000FFE70298012831DCFFE7029841F2A462F1
:10802000C2F200424C2100FB0121B1F93600B1F946
:108030003A1000EE101AB8EEC00A01EE100AF8EE7F
:10804000C10AFFF76DFE029A43F2AC00C2F2004093
:1080500000F1180101EB820282ED000A029A01EBA5
:10806000820191ED001A90ED0A0A30EE010A80EDCE
:108070000A0AFFE7029801300290CAE708B080BD03
:108080001B2FC540FC1104344F020636C3031CB439
:1080900080B586B0FFF724FE43F2AC01C2F2004186
:1080A000002088620590FFE70598012840DCFFE783
:1080B000059841F2A462C2F200424C2100FB01216A
:1080C000B1F93600B1F93A1000EE101AB8EEC00A54
:1080D00001EE100AF8EEC10AFFF722FE059943F2FD
:1080E000AC00C2F20040183000EB810181ED000AC3
:1080F000059900EB810090ED000AB5EE400AF1EE23
:1081000010FA01DAFFE70FE0059943F2AC00C2F282
:10811000004000EB810191ED061A90ED0A0A30EE65
:10812000010A80ED0A0AFFE7059801300590BBE7D8
:1081300040F2C330C3F29C4004900020039043F20D
:10814000AC01C2F2004191ED051A9FED5A0A30EEE2
:10815000410A8DED020A0190FFE70198012858DCE1
:10816000FFE7019841F2A462C2F200424C2100FBF9
:108170000120B0F93A00012817DBFFE7019841F22E
:10818000A462C2F200424C2100FB0120B0F93A0087
:1081900000EE100AB8EEC01A9DED030A9FED472AC3
:1081A000A1EE020A8DED030A16E0019841F2A462E5
:1081B000C2F200424C2100FB0120B0F93A0000EE6F
:1081C000100AB8EEC01A9DED030A9FED3B2AA1EEFE
:1081D000020A8DED030AFFE7019841F2A462C2F2A0
:1081E00000424C2100FB0120B0F93A0000EE100AD9
:1081F000B8EEC02A9FED320A22EE001A9DED020A67
:10820000A1EE020A8DED020AFFE70198013001900C
:10821000A3E79DED031A9DED040AB9EE002A20EEB6
:10822000020A9DED022A20EE020AA1EE010AB5EE35
:10823000400AF1EE10FA23DBFFE79DED031A8DED06
:10824000001A9DED040AB9EE002A20EE020A9DED07
:10825000022A20EE020AA1EE010A30F0F5FA9DEDA5
:10826000001A30EE410A9DED041A31EE011A80EE3B
:10827000010A43F2AC00C2F2004080ED0B0A10E0AC
:108280009DED030ABEEE001A20EE010A9DED041AD0
:1082900080EE010A43F2AC00C2F2004080ED0B0A0E
:1082A000FFE743F2AC00C2F2004090ED0B0A06B0CB
:1082B00080BD00BF1B2FC5404F0286B64F028636D9
:1082C000FC11043400BF00BF83B002900298006824
:1082D000019002984068009043F2AC01C2F2004164
:1082E000012081F83000019843F27061C2F2004130
:1082F000086091ED000A91ED022A91ED031A30EE2B
:10830000420A31EE421A80EE010A9FED061A20EE73
:10831000010ABCEEC00A10EE100A0874009848600A
:1083200003B070470000C84281B043F2AC00C2F213
:10833000004090F8300020B9FFE701208DF80300DD
:1083400009E043F2AC01C2F20041002081F83000A4
:108350008DF80300FFE79DF8030001B070470000AF
:1083600080B588B00790079947F29030C2F200407C
:10837000069022301C222FF073FB069890F83D00E7
:10838000CC2807D0FFE747F29031C2F2004101202C
:10839000087178E347F29031C2F2004191F83B0056
:1083A00091F8571000F03F0001F03F01884212D1D0
:1083B000FFE747F29031C2F20041086801300860DF
:1083C0000B2807D3FFE747F29031C2F200410220A9
:1083D000087158E3FFE7FFE747F29031C2F200412E
:1083E0000591012081F8210000200871086091F8B2
:1083F0003B2091F8570002F03F0200F0C00010440B
:1084000081F8570091F83C0081F82000FFE7002038
:1084100050B9FFE747F29030C2F20040D0F8220096
:1084200000F036FB80B918E047F29030C2F200400D
:10843000D0F8220000EE100AB7EEC00A51EC100B83
:1084400000F032FB48B1FFE747F29031C2F2004141
:10845000D1F83E00C1F8220008E047F29031C2F2A4
:108460000041D1F82200C1F83E00FFE7FFE7FFE737
:10847000002050B9FFE747F29030C2F20040D0F838
:10848000260000F005FB80B918E047F29030C2F2F8
:108490000040D0F8260000EE100AB7EEC00A51ECFA
:1084A000100B00F001FB48B1FFE747F29031C2F238
:1084B0000041D1F84200C1F8260008E047F29031AF
:1084C000C2F20041D1F82600C1F84200FFE7FFE701
:1084D000FFE7002050B9FFE747F29030C2F20040BA
:1084E000D0F82A0000F0D4FA80B918E047F29030B2
:1084F000C2F20040D0F82A0000EE100AB7EEC00A1F
:1085000051EC100B00F0D0FA48B1FFE747F2903180
:10851000C2F20041D1F84600C1F82A0008E047F253
:108520009031C2F20041D1F82A00C1F84600FFE7BD
:10853000FFE7FFE7002050B9FFE747F29030C2F2B3
:108540000040D0F8320000F0A3FA80B918E047F2FA
:108550009030C2F20040D0F8320000EE100AB7EEC0
:10856000C00A51EC100B00F09FFA48B1FFE747F248
:108570009031C2F20041D1F84E00C1F8320008E05B
:1085800047F29031C2F20041D1F83200C1F84E00FA
:10859000FFE7FFE7FFE7002050B9FFE747F2903021
:1085A000C2F20040D0F8360000F072FA80B918E04C
:1085B00047F29030C2F20040D0F8360000EE100AC8
:1085C000B7EEC00A51EC100B00F06EFA48B1FFE7AD
:1085D00047F29031C2F20041D1F85200C1F83600A2
:1085E00008E047F29031C2F20041D1F83600C1F8FC
:1085F0005200FFE7FFE747F29030C2F2004090F8E8
:108600003B100020B0EBD11F00F03581FFE747F2AF
:108610009030C2F2004001214171816050F8221F68
:1086200000EE101A9FEDE62A80EE020A9FEDE51A91
:1086300020EE010AA0F1160181ED000A416881F0E7
:10864000004100EE101A80EE020A20EE010A1238F4
:1086500080ED000A90ED000A9FEDDB1AB4EE410AAE
:10866000F1EE10FA0ADAFFE747F29031C2F2004168
:108670004CF6CD40CBF6CC600861FFE747F2903076
:10868000C2F2004090ED030A41F62400C2F200401D
:10869000D0ED120A9FEDCD1A00F036FDB7EEC00AFC
:1086A000B0EEC00B9FEDCA1BB4EE410BF1EE10FA19
:1086B0000BDDFFE741F62400C2F20040806C47F278
:1086C0009031C2F20041C860FFE747F29030C2F239
:1086D0000040D0F82A1000EE101A9FEDB92A80EE63
:1086E000020A9FEDB81A20EE010A80ED050AD0F8C3
:1086F0002E1000EE101A80EE020A20EE010A80ED24
:10870000060A41F62401C2F2004191ED120A90EDF1
:10871000031A30EE410AB5EE400AF1EE10FA11DD0F
:10872000FFE741F62400C2F2004090ED120A47F242
:108730009030C2F2004090ED031A30EE410A8DED08
:10874000040A10E041F62400C2F2004090ED121A33
:1087500047F29030C2F2004090ED030A30EE410A39
:108760008DED040AFFE79DED040A47F29030C2F256
:10877000004090ED051AB4EE410AF1EE10FA72DAFB
:10878000FFE741F62400C2F2004090ED380A47F2BC
:108790009030C2F2004090ED041A30EE410AB5EE7E
:1087A000400AF1EE10FA11DDFFE741F62400C2F2B3
:1087B000004090ED380A47F29030C2F2004090ED50
:1087C000041A30EE410A8DED030A10E041F6240050
:1087D000C2F2004090ED381A47F29030C2F20040E9
:1087E00090ED040A30EE410A8DED030AFFE79DED9E
:1087F000030A47F29030C2F2004090ED061AB4EE40
:10880000410AF1EE10FA2EDAFFE747F29030C2F299
:108810000040D0F8320000EE100AB7EE001AB4EEB5
:10882000410AF1EE10FA10D0FFE747F29030C2F2A1
:108830000040D0F8320000EE100AB0EE001AB4EE9C
:10884000410AF1EE10FA0ED1FFE747F29031C2F281
:1088500000410120C86143F25861C2F2004108683A
:108860000130086006E047F29031C2F2004100207A
:10887000C861FFE707E047F29031C2F200410020F3
:108880004871C861FFE741F62400C2F2004090ED54
:10889000120A47F29030C2F2004090ED031A30EE17
:1088A000410AB5EE400AF1EE10FA11DDFFE741F69C
:1088B0002400C2F2004090ED120A47F29030C2F25A
:1088C000004090ED031A30EE410A8DED020A10E0EF
:1088D00041F62400C2F2004090ED121A47F29030A7
:1088E000C2F2004090ED030A30EE410A8DED020A1B
:1088F000FFE79DED020A47F29030C2F2004090ED92
:10890000051AB4EE410AF1EE10FA07DAFFE747F272
:108910008C31C2F200410120087006E047F28C3130
:10892000C2F2004100200870FFE741F62400C2F2C5
:10893000004090ED380A47F29030C2F2004090EDCE
:10894000041A30EE410AB5EE400AF1EE10FA11DDDC
:10895000FFE741F62400C2F2004090ED380A47F2EA
:108960009030C2F2004090ED041A30EE410A8DEDD5
:10897000010A10E041F62400C2F2004090ED381ADE
:1089800047F29030C2F2004090ED040A30EE410A06
:108990008DED010AFFE79DED010A47F29030C2F22A
:1089A000004090ED061AB4EE410AF1EE10FA13DA27
:1089B000FFE747F28C31C2F200410120487012E01B
:1089C00000003443DB0F4940CDCCCCBEDB0FC940A7
:1089D0000000008014AEFB3F47F28C31C2F2004130
:1089E00000204870FFE747F29030C2F20040D0F814
:1089F000320000EE100AB7EE001AB4EE410AF1EEB2
:108A000010FA10D0FFE747F29030C2F20040D0F8E1
:108A1000320000EE100AB0EE001AB4EE410AF1EE98
:108A200010FA08D1FFE741F24C71C2F20041086828
:108A300001300860FFE747F21040C2F200400078C2
:108A400001280ED1FFE747F29030C2F20040407992
:108A500038B9FFE747F29031C2F200410220487175
:108A6000FFE747F29030C2F20040407947F21041F0
:108A7000C2F20041087041F29851C2F20041012057
:108A800081F83100FFE708B080BD00BF00BF00BF24
:108A900081B000EE100A0090009820F00040C0F174
:108AA000FF40C00F01B0704784B041EC100B8DED5A
:108AB000020B029A039941F00100002A08BF084600
:108AC0000190019820F000410020C7F6F070401A94
:108AD000C00F04B0704700BF80B584B047F2394181
:108AE000C2F2004101911120087041F63020C2F21B
:108AF000004090ED000A9FED412A80EE020A9FEDB2
:108B0000401A20EE010A8DED030A90ED000AB1EE45
:108B1000400A80EE020A20EE010A42F6C862C2F262
:108B2000004282ED000A039AC1F8012090ED010A8B
:108B300080EE020A20EE010A8DED030A039AC1F8C5
:108B4000052090ED030A80EE020A20EE010A8DED69
:108B5000030A039AC1F8092090ED040A80EE020A84
:108B600020EE010A8DED030A0398C1F80D0041F2D1
:108B70009850C2F20040C2690392039AC1F81320D0
:108B8000806902900298C1F81700487C032262F3C2
:108B90005F104874487C00F0FE00487443F20840BF
:108BA000C2F200400078652809DBFFE747F239414F
:108BB000C2F20041487C40F00200487408E047F2ED
:108BC0003941C2F20041487C00F0FD004874FFE7E3
:108BD00047F23941C2F200412220C876332008779B
:108BE00047F21140C2F2004000901D222EF038FFE3
:108BF00000981E21F9F7DCFD04B080BDDB0F494071
:108C00000000344300BF00BF81B047F29030C2F291
:108C1000004090F8210020B9FFE701208DF8030003
:108C200009E047F29031C2F20041002081F82100B2
:108C30008DF80300FFE79DF8030001B070470000C6
:108C400082B00190ADF802108DF80120FFE7BDF869
:108C50000200411EADF8021098B1FFE79DF8010037
:108C600001994A1C0192097848408DF800009DF84E
:108C7000001049F26A60C0F60300405C8DF8010004
:108C8000E5E79DF8010002B0704700BF00BF00BFDC
:108C900080B584B00290ADF8061000208DF8050074
:108CA000029828B1FFE7BDF80600022803DCFFE7C1
:108CB0000020039017E00298BDF80610013989B230
:108CC000FF22FFF7BDFF8DF805009DF80500029A11
:108CD000BDF80610114411F8011C401AB0FA80F0DA
:108CE00040090390FFE7039804B080BD00BF00BFB8
:108CF00080B582B00190ADF8021000208DF801001F
:108D0000019828B1FFE7BDF80200022801DCFFE767
:108D100012E00198BDF80210013989B2FF22FFF775
:108D20008FFF8DF801009DF80100019ABDF8021037
:108D3000114401F8010CFFE702B080BD00BF00BF85
:108D400084B002900191ADF80220029828B9FFE7A3
:108D50004FF6FF70ADF80E0021E0FFE70198411ECD
:108D60000191B8B1FFE70298411C029100788DF89B
:108D70000100BDF802109DF801004840C2B249F25E
:108D80006A40C0F6030030F8120080EA1120ADF806
:108D90000200E3E7BDF80200ADF80E00FFE7BDF802
:108DA0000E0004B0704700BF80B584B00290ADF8EB
:108DB000061000208DF80500029828B1FFE7BDF8E5
:108DC0000600022803DCFFE70020039026E002985B
:108DD000BDF8061002394FF6FF72FFF7B1FF8DF8AC
:108DE00005009DF80510029ABDF80600104410F821
:108DF000022C0020914200900BD1FFE70299BDF8B0
:108E00000600084410F8010CB0FA80F04009009008
:108E1000FFE7009800F001000390FFE7039804B01B
:108E200080BD00BF00BF00BF80B582B00190ADF82B
:108E300002100020ADF80000019828B1FFE7BDF84E
:108E40000200022801DCFFE71AE00198BDF80210D9
:108E500002394FF6FF72FFF773FFADF80000BDF85F
:108E60000000019ABDF80210114401F8020C9DF8AF
:108E70000100019ABDF80210114401F8010CFFE74E
:108E800002B080BD00BF00BF80B584B00390ADF8D4
:108E90000A10ADF80820BDF80800ADF80600FFE79D
:108EA000BDF80A00411EADF80A1058B1FFE7BDF841
:108EB000060003994A1C0392097800F009F8ADF8FE
:108EC0000600EDE7BDF8060004B080BD00BF00BF9E
:108ED00081B0ADF802008DF80110BDF802109DF8C8
:108EE00001004840C2B249F26A70C0F6030030F88F
:108EF000120080EA112001B070470000000000005D
:108F000083B002908DED010ACDED000A029890ED3C
:108F1000000A9DED001AB4EE410AF1EE10FA04DBEE
:108F2000FFE70098029908600FE0029890ED000AB0
:108F30009DED011AB4EE410AF1EE10FA04DCFFE7F0
:108F4000019802990860FFE7FFE703B0704700BF90
:108F500083B002908DED010ACDED000A029890EDEC
:108F6000000A9DED011A9DED002A31EE021AB4EEC1
:108F7000410AF1EE10FA0ADDFFE79DED010A9DEDD1
:108F8000001A30EE010A029880ED000A19E00298FA
:108F900090ED000A9DED012A9DED001A31EE421A76
:108FA000B4EE410AF1EE10FA0ADAFFE79DED011A7C
:108FB0009DED000A30EE410A029880ED000AFFE7BD
:108FC000FFE703B0704700BF83B08DED020ACDED1F
:108FD000010A8DED001A9DED000AB7EE001AB4EEFD
:108FE000410AF1EE10FA04DDFFE74FF07E500090E9
:108FF0000BE09DED000AB5EE400AF1EE10FA03DA3F
:10900000FFE700200090FFE7FFE79DED021A9DEDCE
:10901000003AB7EE000A30EE432A9DED010A20EE39
:10902000030AA1EE020A03B0704700BF00BF00BFF1
:1090300080B582B08DED010A9DED010AF1EE400A86
:109040009FED060A2FF0CEF8B0EE401AB7EE000AF8
:1090500031EE001A80EE010A02B080BD55F82D40B5
:1090600084B003908DF80B1000208DF80300FFE70B
:109070009DF803009DF80B10884242DAFFE70020BC
:109080008DF80200FFE79DF802009DF80B209DF887
:109090000310C943114488422CDAFFE703989DF876
:1090A000021000EB810090ED000A90ED011AB4EE81
:1090B000410AF1EE10FA16DAFFE703989DF8021064
:1090C00050F82100019003999DF8022001EB8200E5
:1090D000406841F82200019803999DF8022001EBB5
:1090E00082014860FFE7FFE79DF8020001308DF83C
:1090F0000200C8E7FFE79DF8030001308DF8030088
:10910000B6E704B0704700BF84B08DED030ACDED23
:10911000020A8DED011A9DED030A9DED021AB4EECF
:10912000410AF1EE10FA29DDFFE79DED030A9DEDFE
:10913000021A30EE410A9DED011AB6EE002A21EE28
:10914000021AB4EE410AF1EE10FA0DDDFFE79DEDD3
:10915000030A9DED021A30EE410A9DED011A30EE30
:10916000410A8DED000A08E09DED030A9DED021A0B
:1091700030EE410A8DED000AFFE736E09DED030A6F
:109180009DED021AB4EE410AF1EE10FA29DAFFE77A
:109190009DED030A9DED021A30EE410A9DED011A84
:1091A000BEEE002A21EE021AB4EE410AF1EE10FAE8
:1091B0000DDAFFE79DED030A9DED021A30EE410A3C
:1091C0009DED011A30EE010A8DED000A08E09DEDDB
:1091D000030A9DED021A30EE410A8DED000AFFE709
:1091E00002E000200090FFE7FFE79DED000A04B0D9
:1091F000704700BF00BF00BF84B08DED020ACDED07
:10920000010A8DED001A9DED020A9DED011A30EE66
:10921000410A9DED001AB4EE410AF1EE10FA09DDA3
:10922000FFE79DED010A9DED001A30EE010A8DED7C
:10923000030A1BE09DED020A9DED011A30EE410A82
:109240009DED001AB1EE411AB4EE410AF1EE10FAAA
:1092500009DAFFE79DED010A9DED001A30EE410AA3
:109260008DED030A02E002980390FFE79DED030AEB
:1092700004B0704700BF00BF84B003908DED020AB8
:10928000CDED010A8DED001A02980399086101984D
:109290000399886000980399C8600399002048608A
:1092A00004B0704700BF00BF80B582B001908DED63
:1092B000000A009801990860019890ED001A90ED5D
:1092C000010AB4EE410AF1EE10FA19DAFFE701984B
:1092D00090ED010A90ED041A30EE010A80ED010ACA
:1092E000019890ED001A90ED010AB4EE410AF1EEFA
:1092F00010FA04DDFFE7009801994860FFE724E0D9
:10930000019890ED001A90ED010AB4EE410AF1EED9
:1093100010FA19DDFFE7019890ED010A90ED041AAB
:1093200030EE410A80ED010A019890ED001A90EDAF
:10933000010AB4EE410AF1EE10FA04DAFFE70098F0
:1093400001994860FFE7FFE7FFE70199081D91EDEC
:10935000020AD1ED030AFFF7D3FD019890ED010A4F
:1093600002B080BD00BF00BF89B0DDF824C0089006
:1093700007910692059300200490039002900190BB
:109380000090FFE70098069988423ADAFFE70898CC
:10939000009900EB810090ED001A9DED040AA1EE0A
:1093A000010A8DED040A0798009900EB810090ED09
:1093B000001A9DED030A30EE010A8DED030A0898AC
:1093C000009900EB810090ED001A9DED020A30EE4D
:1093D000010A8DED020A0898009900EB810090EDDA
:1093E000001A079800EB810090ED002A9DED010A1C
:1093F000A1EE020A8DED010AFFE70098013000900E
:10940000C0E79DED060AB8EEC02A9DED013A9DED3C
:10941000021A9DED030A21EE000A92EE030A9DED69
:10942000043A21EE011A92EE031A80EE010A059821
:1094300080ED000A9DED043A9DED032A9DED021A90
:109440009DED010A21EE000A93EE020A9DED062A27
:10945000B8EEC22A21EE011A92EE031A80EE010A3A
:10946000099880ED000A09B0704700BF00BF00BF37
:1094700080B584B08DED020ACDED010A9DED020AA2
:10948000B5EE400AF1EE10FA1FD1FFE79DED010A9B
:10949000B5EE400AF1EE10FA06DAFFE740F6DB70AF
:1094A000CBF6C970039049E09DED010AB5EE400A84
:1094B000F1EE10FA03D1FFE7002003903EE040F602
:1094C000DB70C3F6C970039038E09DED020AB5EE7B
:1094D000400AF1EE10FA26DAFFE79DED010AB5EE3B
:1094E000400AF1EE10FA0FDAFFE79DED010A9DED5B
:1094F000021A80EE010A2EF0C5FD9FED131A30EE20
:10950000010A8DED030A19E09DED010A9DED021A95
:1095100080EE010A2EF0B6FD9FED0A1A30EE010A28
:109520008DED030A0AE09DED010A9DED021A80EE21
:10953000010A2EF0A7FD8DED030AFFE79DED030A5A
:1095400004B080BDDB0F4940DB0F49C000000000C4
:1095500087B006908DF817108DED040ACDED030A43
:109560008DED021ACDED011A8DED002A9DF8170040
:10957000069981F8400004980699086003980699B6
:109580004860029806998860019806998861009859
:109590000699C86107B0704780B588B007908DED17
:1095A000060ACDED050A06980799086205980799FD
:1095B00048620799886AC862079890ED080A90ED9A
:1095C000091A30EE410A80ED0A0A079890ED000A68
:1095D00090ED0A1A20EE010A80ED0C0A079890ED32
:1095E000010A90ED0A1A90ED0B2A31EE021A20EED4
:1095F000010AB6EE001A20EE010A80ED050A07986E
:1096000090ED020A90ED0A1A90ED0B2A31EE421A03
:1096100020EE010A80ED0E0A079890F84000C0077E
:1096200020B1FFE7079800F08BF8FFE7079890ED6F
:10963000051A90ED0D0A30EE010A80ED0D0A07982B
:1096400090ED061A90ED0D0AB1EE411AB4EE410A02
:10965000F1EE10FA08DCFFE7079890ED060AB1EE8C
:10966000400A8DED040A1BE0079890ED061A90ED74
:109670000D0AB4EE410AF1EE10FA06DBFFE7079897
:1096800090ED060A8DED030A05E0079890ED0D0AAE
:109690008DED030AFFE79DED030A8DED040AFFE758
:1096A0009DED040A079880ED0D0A079890ED0C0ACD
:1096B00090ED0D2A90ED0E1A30EE020A30EE010AFE
:1096C00080ED0F0A079890ED071A90ED0F0AB1EEA2
:1096D000411AB4EE410AF1EE10FA08DCFFE70798F0
:1096E00090ED070AB1EE400A8DED020A1BE00798E3
:1096F00090ED071A90ED0F0AB4EE410AF1EE10FA60
:1097000006DBFFE7079890ED070A8DED010A05E0FB
:10971000079890ED0F0A8DED010AFFE79DED010A14
:109720008DED020AFFE79DED020A079880ED0F0A12
:10973000079890ED0F0A08B080BD00BF00BF00BFC2
:1097400085B00490049890ED0A0A90ED0D1A20EE71
:10975000010AB5EE400AF1EE10FA40F38180FFE70E
:10976000049890ED0A0AB5EE400AF1EE10FA06DD13
:10977000FFE7049890ED0A0A8DED030A07E00498CC
:1097800090ED0A0AB1EE400A8DED030AFFE79DED68
:10979000030A049890ED031AB4EE410AF1EE10FAB0
:1097A00001DCFFE75CE0049890ED0A0AB5EE400AA0
:1097B000F1EE10FA06DDFFE7049890ED0A0A8DED50
:1097C000020A07E0049890ED0A0AB1EE400A8DED16
:1097D000020AFFE79DED020A049890ED031A90ED4E
:1097E000042A31EE021AB4EE410AF1EE10FA31DC2D
:1097F000FFE7049890ED040A8DED010A90ED0A0A46
:10980000B5EE400AF1EE10FA06DDFFE7049890EDA0
:109810000A0A8DED000A07E0049890ED0A0AB1EEFD
:10982000400A8DED000AFFE79DED010A9DED001A4B
:1098300030EE411A049890ED033A90ED042A90ED31
:10984000050A31EE031A81EE021A20EE010A80EDBC
:10985000050A03E0049900204861FFE7FFE7FFE7FE
:1098600005B0704700BF00BF85B004908DED030ABE
:10987000CDED020A01918DED001A02980499C8629B
:10988000039804998861019880B1FFE7049868B152
:10989000FFE70198006804990860019840680499FE
:1098A0004860019880680499886009E00499002064
:1098B000086004994860049988600499C862FFE7C9
:1098C00000980499486104990020886205B07047A7
:1098D00084B003908DED020A9DED020A039890ED8D
:1098E000031A90ED053A90ED062A20EE020A33EEB7
:1098F000022A80EE020A21EE031A81EE021A30EEED
:10990000010A80ED030A039890ED030A90ED042A02
:1099100090ED061A30EE420A80EE010A80ED070A49
:10992000039890ED061A90ED070A90ED092A30EEA3
:10993000420A80EE010A80ED080A039890ED002AA1
:1099400090ED010A90ED021A90ED033A90ED074A6E
:1099500020EE040AA2EE030A90ED082AA1EE020A04
:1099600080ED0A0A039890ED0A0A90ED0B1AB1EE09
:10997000411AB4EE410AF1EE10FA08DCFFE7039851
:1099800090ED0B0AB1EE400A8DED010A1BE0039841
:1099900090ED0A0A90ED0B1AB4EE410AF1EE10FABE
:1099A00006DBFFE7039890ED0B0A8DED000A05E05A
:1099B000039890ED0A0A8DED000AFFE79DED000A7D
:1099C0008DED010AFFE79DED010A039880ED0A0A7B
:1099D0000399C86808610399C8694862039890EDC3
:1099E0000A0A04B07047000080B582B0019000916F
:1099F000FFE742F61C70C2F2004000680068C069D0
:109A000000F040010020B0EB911F01D1FFE7F0E72B
:109A100042F61C70C2F20040006801A90122FF2337
:109A200022F05EFA019802B080BD00BF00BF00BF07
:109A300081B00090009842F61C71C2F200410860AB
:109A400001B0704700BF00BF83B080B585B00993F7
:109A50000892079104900020ADF80E0007A802902C
:109A6000FFE742F61C70C2F200400068D0F88800A0
:109A7000202804D0FFE701202AF066FAF1E7049AD3
:109A8000029B42F62070C2F20040019080212EF02D
:109A9000CBFA0199ADF80E0042F61C70C2F20040FC
:109AA0000068BDF80E2022F077FF05B0BDE88040C9
:109AB00003B0704700BF00BF81B080B585B0079389
:109AC0000490039102920020019007A8009004984E
:109AD0000399029A009B2EF0A7FA014601980844C8
:109AE0000190019805B0BDE8804001B0704700BF0B
:109AF00080B582B08DED010A41F23860C2F20040BB
:109B000090F84500102801DBFFE713E041F23861CF
:109B1000C2F2004191F84500013081F8450091F80A
:109B200045206FF0030000EB8200C2B201A800F0F4
:109B300003F8FFE702B080BD84B0039002918DF876
:109B40000720039800900098007802999DF807205C
:109B5000885400984078029A9DF807101144487084
:109B600000988078029A9DF8071011448870009838
:109B7000C078029A9DF807101144C87004B070476D
:109B8000704700BF00BF00BF80B582B0F9F7A8F9E9
:109B900041F23860C2F20040019090F8450000F0B8
:109BA00023F80146019880F8441090F8440070B101
:109BB000FFE742F61C70C2F20040006841F23861D3
:109BC000C2F2004191F8442022F0E6FEFFE741F2A4
:109BD0003861C2F20041002081F8450081F844005C
:109BE00002B080BD00BF00BF81B08DF802009DF8BB
:109BF000020020B9FFE700208DF8030025E09DF862
:109C00000210042000EB81008DF801009DF8022075
:109C100041F23860C2F20040002100F822109DF8A5
:109C2000022000EB820251709DF8021000EB8102CD
:109C3000802191709DF8021000EB81017F20C87097
:109C40009DF801008DF80300FFE79DF8030001B0C7
:109C5000704700000000000080B542F61C20C2F2F0
:109C6000004002684FF0FF31D16217F0FDF980BD6E
:109C700080B542F61C20C2F2004017F089FA80BD80
:109C800080B582B0019000F017F80199486043F266
:109C9000C410C2F2004040680199C860019800F009
:109CA00013F80199486808600199C86888600198AC
:109CB00090ED040A02B080BD42F61C20C2F20040C2
:109CC0000068406A704700BF81B000900098026849
:109CD0004168891A00EE101AB8EE400A9FED031A87
:109CE00020EE010A80ED040A01B070470AD7233D37
:109CF00080B582B00190FFF7DFFF0199086043F261
:109D0000C410C2F2004040680199886001990120A6
:109D1000087502B080BD00BF80B582B00190019887
:109D2000007D90B1FFE7FFF7C7FF0199486043F25C
:109D3000C410C2F2004040680199C8600198FFF762
:109D4000C3FF01990020087505E001990020CBF6BA
:109D500080700861FFE7019890ED040A02B080BDB1
:109D600080B582B08DED010AFFF7A6FF014643F2F0
:109D7000C410C2F200400160416881609DED010A9B
:109D80009FED441A80EE010A0068C04301EE100AFC
:109D9000B8EE411AB4EE410AF1EE10FA1EDDFFE70B
:109DA00043F2C410C2F200400168494200EE101AAA
:109DB000B8EE402A9DED010A9FED361AA2EE410A47
:109DC0008DED010A8168013181609DED010A80EE0F
:109DD000010ABCEEC00A80ED030A14E09DED010A01
:109DE0009FED2C1A80EE010A43F2C410C2F200402B
:109DF00090ED001AB8EE411A30EE010ABCEEC00A2E
:109E000080ED030AFFE7FFE79DED010A9FED211AB0
:109E100080EE010A9FED201AB4EE410AF1EE10FA2D
:109E200012DDFFE743F2C410C2F200408168013145
:109E300081609DED010A9FED171A80EE010ABCEECC
:109E4000C00A80ED030ADFE7FFE743F2C410C2F265
:109E500000400168C2680020914200900CD3FFE7E7
:109E600043F2C410C2F2004041688268002091426F
:109E700028BF01200090FFE70098C00740B9FFE726
:109E8000FFF71AFF43F2C411C2F200410860DCE799
:109E900002B080BD0AD7233D0000804F00000000C3
:109EA0004EF68851CEF20001086840F47000086058
:109EB00042F20000C5F20020006800F00F00062802
:109EC0000AD8FFE742F20001C5F200210868072224
:109ED00062F303000860FFE744F20041C5F60201A7
:109EE000086840F00100086044F21042C5F6020222
:109EF0000020106008684EF67F52CEF6F622104021
:109F0000086042F20000C5F20020006800F00F0077
:109F100008280AD3FFE742F20001C5F200210868D1
:109F2000072262F303000860FFE744F21841C5F618
:109F300002010020086044F21C41C5F602010860DD
:109F400044F22041C5F60201086044F22842C5F6F9
:109F5000020240F20021C0F20221116044F22C42C0
:109F6000C5F602020021C0F2FF11116044F2304236
:109F7000C5F6020240F28021C0F20111116044F2E4
:109F80003442C5F60202106044F23842C5F60202BD
:109F9000116044F23C42C5F60202106044F24042B5
:109FA000C5F60202116044F24441C5F602010860A0
:109FB00044F20042C5F60202116821F480211160CA
:109FC00044F26041C5F60201086044F20001C5F2A6
:109FD000002143F2D20008604EF60851CEF2000193
:109FE0004FF00060086070478BB044F21040C5F637
:109FF0000200006800F0380001460191182800F2C4
:10A000001C810199DFE811F01900190119011901EA
:10A010001901190119011901270019011901190163
:10A0200019011901190119012D001901190119014D
:10A030001901190119011901330044F20040C5F654
:10A0400002000068C0F3C10149F20000C0F2D03044
:10A05000C8400490F7E040F60010C0F23D000490C4
:10A06000F1E042F20040C0F2F4000490EBE044F270
:10A070002840C5F60200016801F00301099100685B
:10A08000C0F30510089044F22C40C5F602000068A9
:10A0900000F001000790079844F23441C5F6020130
:10A0A000096889B2C908484300EE100AB8EE400AB0
:10A0B0008DED030A0898002800F0BB80FFE709989F
:10A0C000009040B1FFE70098012835D0FFE70098E5
:10A0D000022853D074E044F20040C5F60200006844
:10A0E000C0F3C10149F20000C0F2D030C840069070
:10A0F0009DED060AB8EE400A9DED081AB8EE411A29
:10A1000080EE010A44F23040C5F6020000686FF3A9
:10A110005F2001EE100AB8EE411A9DED032A9FED73
:10A120005E3A02EE031AB7EE002A31EE021A20EE72
:10A13000010A8DED020A65E09DED080AB8EE401AAD
:10A140009FED560A80EE010A44F23040C5F6020047
:10A1500000686FF35F2001EE100AB8EE411A9DED22
:10A16000032A9FED4D3A02EE031AB7EE002A31EEB4
:10A17000021A20EE010A8DED020A43E09DED080A65
:10A18000B8EE401A9FED430A80EE010A44F23040D7
:10A19000C5F6020000686FF35F2001EE100AB8EE0A
:10A1A000411A9DED032A9FED3C3A02EE031AB7EEE9
:10A1B000002A31EE021A20EE010A8DED020A21E09A
:10A1C0009DED080AB8EE401A9FED340A80EE010AB0
:10A1D00044F23040C5F6020000686FF35F2001EEE4
:10A1E000100AB8EE411A9DED032A9FED2B3A02EEBC
:10A1F000031AB7EE002A31EE021A20EE010A8DEDA5
:10A20000020AFFE744F23040C5F60200006881B25E
:10A21000012000EB51200A909DED020A9DED0A1AE3
:10A22000B8EE411A80EE010ABCEEC00A8DED040AB8
:10A2300002E000200490FFE705E040F60010C0F2C5
:10A240003D000490FFE744F21842C5F60202106890
:10A25000C0F3032049F21841C0F60301085C0590E1
:10A26000059B0498D84004900498126802F00F02ED
:10A27000895C01F01F01C84040F23001C2F2004188
:10A280000860049840F22C01C2F2004108600BB053
:10A29000704700BF0024744B000000390024744A4A
:10A2A00080B58CB00A900A9820B9FFE701208DF89C
:10A2B0002F000EE10A9890F8950440B9FFE70A993B
:10A2C000002081F894040A98F8F7A2FAFFE70A99A7
:10A2D000032081F895040A98006801F061FE0A9B4A
:10A2E0001868197C8DF8201059689A68DB68079304
:10A2F000069205910599069A079BDDF820C0EE4667
:10A30000CEF800C001F0ACFC40B1FFE70A99022092
:10A3100081F8950401208DF82F00DAE00A98006892
:10A32000002101F049FE40B1FFE70A99022081F8BF
:10A33000950401208DF82F00CBE000208DF8270038
:10A34000FFE79DF827000A990979884241DAFFE77B
:10A350000A989DF8271001EBC10100EB8101012053
:10A3600048759DF827000A9900EBC00201EB8201B5
:10A3700008759DF827000A9900EBC00201EB8201E5
:10A38000C8850A989DF8271001EBC10100EB8101F7
:10A39000002008760A999DF8272002EBC20201EB03
:10A3A0008201C8610A999DF8272002EBC20201EBE5
:10A3B000820108620A999DF8272002EBC20201EB94
:10A3C00082014862FFE79DF8270001308DF82700E1
:10A3D000B7E700208DF82700FFE79DF827000A99CE
:10A3E000097988423EDAFFE70A989DF8271001EBC9
:10A3F000C10100EB8101002081F855029DF8271072
:10A400000A9A01EBC10302EB830282F854120A9903
:10A410009DF8272002EBC20201EB820181F858026D
:10A420000A999DF8272002EBC20201EB8201C1F8D4
:10A430005C020A999DF8272002EBC20201EB82011F
:10A44000C1F860020A999DF8272002EBC20201EBD5
:10A450008201C1F86402FFE79DF8270001308DF802
:10A460002700BAE70A9B1868197C8DF81010596804
:10A470009A68DB680393029201910199029A039B07
:10A48000DDF810C0EE46CEF800C001F00DFE40B180
:10A49000FFE70A99022081F8950401208DF82F002A
:10A4A00017E00A99002048740A99012081F8950460
:10A4B0000A98007B012804D1FFE70A9801F0DCFA32
:10A4C000FFE70A98006802F037FE00208DF82F00A1
:10A4D000FFE79DF82F000CB080BD00BF00BF00BF9C
:10A4E00081B0009001B0704780B582B000900098B4
:10A4F00020B9FFE701208DF8070017E0009903203D
:10A5000081F895040098006802F092FD20B1FFE701
:10A5100001208DF8070009E00098F8F7C9F90099C3
:10A52000002081F895048DF80700FFE79DF80700EB
:10A5300002B080BD00BF00BF81B0009001B0704785
:10A5400080B584B00290029800680190FFE70298FD
:10A5500090F89404012804D1FFE702208DF80F0041
:10A5600028E00299012081F89404FFE7FFE70198B1
:10A57000C068400600280BD5FFE70298407B012801
:10A5800006D1FFE70199886B40F480308863FFE7CC
:10A590000298006801F0F8FC0298006802F0B4FD2F
:10A5A000FFE70299002081F89404FFE700208DF86E
:10A5B0000F00FFE79DF80F0004B080BD00BF00BF93
:10A5C00080B584B00290029800680190FFE702987D
:10A5D00090F89404012804D1FFE702208DF80F00C1
:10A5E0002DE00299012081F89404FFE7FFE702982B
:10A5F000006801F0D5FC0298006802F09DFD029809
:10A600000068102101F0ACFE0198C06840060028E7
:10A610000BD5FFE70298407B012806D1FFE701999F
:10A62000886B20F480308863FFE7FFE70299002001
:10A6300081F89404FFE700208DF80F00FFE79DF8F4
:10A640000F0004B080BD00BF80B58CB00B900B989C
:10A6500000680A900A9809900B98006801F01CFDA8
:10A66000002840F03384FFE70B98006802F07CFD7F
:10A6700010B9FFE700F02ABC0998D0F80808C0F329
:10A680000D200B99C1F8D4040B98006802F06CFD02
:10A690008007002807D5FFE70B980168486900F09C
:10A6A00002004861FFE70B98006802F05DFDC006FC
:10A6B000002862D5FFE70B980168886920F0100038
:10A6C00088610A98006A02900B98029901F00F01C4
:10A6D00001EBC10100EB810000F5157008900298B4
:10A6E00000F4F0110220B0EB514F23D1FFE7BDF889
:10A6F000080047F6F07108421BD0FFE70A98089956
:10A70000C968029AC2F30A1202F092FB029847F655
:10A71000F07100EA0103089AD06800EB1310D060D2
:10A72000029800EA01020899486900EB121048619A
:10A73000FFE71BE0029800F4F0110620B0EB514F48
:10A7400012D1FFE70A980B9901F29C41082202F00E
:10A750006FFB029847F6F07100EA01020899486918
:10A7600000EB1210486100E0FFE7FFE70B9801687B
:10A77000886940F010008861FFE70B98006802F0DC
:10A78000F3FC0003002840F1A680FFE700200490BE
:10A790000B98006802F014FD0690FFE70698002869
:10A7A00000F09880FFE79DF81800C007002800F02F
:10A7B0008A80FFE70B9800689DF8101002F028FDD2
:10A7C00005909DF81400C00760B1FFE7099804994F
:10A7D00000EB41110120C1F8080B0B98049900F01F
:10A7E00077FBFFE79DF81400000700280CD5FFE772
:10A7F0000998049900EB41110820C1F8080B0B9847
:10A80000049900F049FCFFE79DF81400C0060028F9
:10A8100008D5FFE70998049900EB41111020C1F811
:10A82000080BFFE79DF81400800700282DD5FFE7EF
:10A830000A9840690006002808D5FFE70999D1F871
:10A84000040840F48060C1F80408FFE70B980499FD
:10A8500001EBC10100EB810000F51570089008982C
:10A86000C078012809D1FFE708990020C8700B982B
:10A870009DF81010F8F7D4F8FFE70998049900EB59
:10A8800041110220C1F8080BFFE79DF81400800673
:10A89000002808D5FFE70998049900EB4111202012
:10A8A000C1F8080BFFE79DF815008006002809D5C0
:10A8B000FFE70998049900EB41114FF40050C1F8EB
:10A8C000080BFFE7FFE70498013004900698400862
:10A8D000069063E7FFE70B98006802F045FC400331
:10A8E000002840F1C680FFE70B98006802F07CFC6E
:10A8F000069000200490FFE70698002800F0B8803A
:10A90000FFE79DF81800C007002800F0AA80FFE7C5
:10A910000B9800689DF8101002F092FC05909DF8CD
:10A920001400C00700283ED0FFE7049800F00F0194
:10A93000012000FA01F10391039B099AD2F834181F
:10A940009943C2F834180999049A01EB4211C1F8ED
:10A9500008090B98807901281FD1FFE70B9804990B
:10A9600001EBC10100EB8101CA69086A1044086269
:10A97000049888B9FFE70B98049901EBC10100EB3B
:10A980008100406A40B9FFE70B99086801F29C42D8
:10A99000012102F0A1FCFFE7FFE70B989DF81010E2
:10A9A000F7F7C6FFFFE79DF814000007002808D559
:10A9B000FFE70998049900EB41110820C1F8080944
:10A9C000FFE79DF81400C006002808D5FFE70998A6
:10A9D000049900EB41111020C1F80809FFE79DF828
:10A9E00014004006002808D5FFE70998049900EBF9
:10A9F00041114020C1F80809FFE79DF814008007C5
:10AA0000002822D5FFE70A98049901F0A9FC0B98C9
:10AA1000049901EBC10100EB810014300890089803
:10AA2000C078012809D1FFE708990020C8700B9869
:10AA30009DF81010F8F704F8FFE70998049900EB67
:10AA400041110220C1F80809FFE79DF81400000633
:10AA5000002805D5FFE70B98049900F07DFBFFE780
:10AA6000FFE704980130049006984008069043E7F9
:10AA7000FFE70B98006802F077FBC00F00B3FFE719
:10AA80000999D1F8040820F00100C1F804080B98D6
:10AA900090F8CC04012808D1FFE70B98002180F83A
:10AAA000CC140B9801F0D4F803E00B98F7F7ACFF47
:10AAB000FFE70B980168486900F000404861FFE734
:10AAC0000B98006802F050FB0005002811D5FFE745
:10AAD0000998D0F80808C00720B1FFE70B98F7F7EE
:10AAE00073FFFFE70B980168486900F40060486154
:10AAF000FFE70B98006802F037FB0001002820D523
:10AB0000FFE70B980168486900F0006048610B9806
:10AB100090F8CC0480B9FFE70B98012180F8CC14A1
:10AB20000B980068406DC0F383000B9AC2F8D00404
:10AB30000B9801F08DF803E00B98F7F745FFFFE75E
:10AB4000FFE70B98006802F00FFBC004002840F1FB
:10AB50008680FFE70999D1F8040820F00100C1F8C8
:10AB600004080B980068102101F0FAFB0020079000
:10AB7000FFE707980B990979884231D2FFE70998D6
:10AB8000079900EB41114FF67F30C1F80809099988
:10AB9000079A01EB4212D2F8001921F40011C2F811
:10ABA00000190999079A01EB4211C1F8080B09989D
:10ABB000079900EB4111D1F8000B20F40010C1F807
:10ABC000000B0998079900EB4111D1F8000B40F0F8
:10ABD0000060C1F8000BFFE7079801300790C8E755
:10ABE0000999D1F81C0840F00110C1F81C080B9815
:10ABF000C07B78B1FFE70999D1F8840840F00B00D9
:10AC0000C1F884080999D1F8440840F00B00C1F854
:10AC100044080FE00999D1F8140842F22B021043BE
:10AC2000C1F814080999D1F8100840F00B00C1F8D8
:10AC30001008FFE70999D1F8000820F4FE60C1F878
:10AC400000080B9A1068917902F29C4202F044FBD2
:10AC50000B980168486900F480504861FFE70B9841
:10AC6000006802F081FA800400281FD5FFE70B98E6
:10AC7000006802F019FB0B98006801F0EDFB0B99DE
:10AC8000C8710B980068019004F0FEFC0146019821
:10AC90000B9AD27901F098F80B98F7F769FE0B98A8
:10ACA0000168486900F400504861FFE70B980068AC
:10ACB00002F05AFA000700280AD5FFE70B98F7F7C9
:10ACC0004BFE0B980168486900F008004861FFE7F7
:10ACD0000B98006802F048FA0006002825D5FFE727
:10ACE0000A99886920F08000886101200490FFE7BC
:10ACF00004980B990979884216D2FFE70B980499BA
:10AD000001EBC10100EB810090F85702012806D148
:10AD1000FFE70B989DF8101000F0CAFAFFE7FFE775
:10AD2000049801300490E3E7FFE70B98006802F015
:10AD30001BFAC00200283CD5FFE701200490FFE782
:10AD400004980B99097988422CD2FFE70998049955
:10AD500000EB4110D0F8000902900B98049901EB28
:10AD6000C10100EB8100007E012816D1FFE79DF8AC
:10AD70000B000006002810D5FFE70B98049901EBA3
:10AD8000C10100EB81010120C8750B989DF81010DE
:10AD900041F0800100F08CFAFFE7FFE704980130F2
:10ADA0000490CDE70B980168486900F48010486171
:10ADB000FFE70B98006802F0D7F98002002855D50C
:10ADC000FFE701200490FFE704980B990979884276
:10ADD00045D2FFE70998049900EB4110D0F8000B29
:10ADE00002900B98049901EBC10100EB810090F8EF
:10ADF000580201282ED1FFE79DF80B00000600281D
:10AE000028D5FFE7029800F480300B99D1F8D414CC
:10AE100001F0010188421DD1FFE70B98049901EB75
:10AE2000C10100EB8101012081F857020A9988696C
:10AE300040F0800088610A9840690006002808D424
:10AE4000FFE70999D1F8040840F40070C1F804083C
:10AE500005E0FFE7FFE7049801300490B4E70B98A2
:10AE60000168486900F400104861FFE70B9800682A
:10AE700002F07AF9400000280AD5FFE70B98F7F7AF
:10AE8000EFFD0B980168486900F080404861FFE7DA
:10AE90000B98006802F068F94007002815D5FFE715
:10AEA0000B980068406802909DF808004007002851
:10AEB00004D5FFE70B98F7F7DFFDFFE7029A0B9841
:10AEC0000168486810434860FFE7FFE70CB080BDA9
:10AED00080B588B0079006910798006804900498A0
:10AEE00003900498006C02900398069900EB4110BF
:10AEF000D0F8080B019007988079012840F08180F4
:10AF0000FFE79DF804000007002818D5FFE7029826
:10AF100043F20B01C4F6547188420FD3FFE79DF84A
:10AF200005000006002809D5FFE70398069900EB05
:10AF300041114FF40040C1F8080BFFE760E09DF8B5
:10AF400004008006002808D5FFE70398069900EB67
:10AF500041112020C1F8080B51E09DF8040010F0C9
:10AF6000280F4AD1FFE7029843F20B01C4F654714F
:10AF700088420FD3FFE79DF805000006002809D599
:10AF8000FFE70398069900EB41114FF40040C1F828
:10AF9000080B31E00798069901EBC10100EB810035
:10AFA00000F5157005900598006A0399069A01EB63
:10AFB0004211D1F8101B6FF3DF41401A0599486127
:10AFC000069898B9FFE70598006940B9FFE7079927
:10AFD000086801F29C42012102F07EF905E0059922
:10AFE000C8684A691044C860FFE7FFE707989DF802
:10AFF0001810F7F789FCFFE700E0FFE7FFE7FFE73E
:10B0000047E0029843F20A11C4F65471884224D1F1
:10B01000FFE79DF805000006002809D5FFE7039823
:10B02000069900EB41114FF40040C1F8080B13E002
:10B030009DF804008006002808D5FFE703980699CC
:10B0400000EB41112020C1F8080BFFE707989DF89D
:10B050001810F7F759FCFFE71AE0069890B9FFE7D8
:10B060000798069901EBC10100EB8100D0F864025A
:10B0700040B9FFE70799086801F29C42002102F0FD
:10B080002BF9FFE707989DF81810F7F73DFCFFE74D
:10B09000FFE7002008B080BD80B586B00590049120
:10B0A000059800680390039802900398006C019043
:10B0B0000298049900EB4110D0F8080B0090019819
:10B0C00043F20B01C4F6547188420FD3FFE79DF899
:10B0D00001000006002809D5FFE70298049900EB5B
:10B0E00041114FF40040C1F8080BFFE70598F7F74E
:10B0F000FFFB019843F20B01C4F6547188420DD353
:10B10000FFE705988079012808D1FFE705990868CD
:10B1100001F29C42012102F0DFF8FFE7002006B0B7
:10B1200080BD00BF00BF00BF82B001908DF803104A
:10B1300002B0704700BF00BF82B001908DF80310CD
:10B1400002B0704700BF00BF82B001908DF80310BD
:10B1500002B0704700BF00BF80B58CB00A90099163
:10B160000A9800680890089807900A98099901EBD6
:10B17000C10100EB81001430069006980169406916
:10B18000884204D9FFE701208DF82F0079E0069965
:10B1900008694969401A05900598069989688842A6
:10B1A00004D9FFE7069880680590FFE7059803300B
:10B1B00080080490FFE70798099900EB4110D0F848
:10B1C000180981B2049A0020914202900FD3FFE740
:10B1D00006980269416900209142029007D2FFE778
:10B1E00006980069002818BF01200290FFE7029826
:10B1F000C00770B3FFE7069908694969401A0590CE
:10B20000059806998968884204D9FFE706988068FE
:10B210000590FFE705980330800804900898069988
:10B22000C9689DF82420BDF81430DDF828C09CF8CA
:10B2300006C0EE46CEF800C001F026FD059A06993C
:10B24000C8681044C860059A069948691044486166
:10B25000B1E706990869496988420ED8FFE709985D
:10B2600000F00F01012088400390039A0799D1F85C
:10B2700034089043C1F83408FFE700208DF82F0010
:10B28000FFE79DF82F000CB080BD00BF00BF00BFDE
:10B2900081B0009001B0704781B0009001B070475C
:10B2A00081B0009001B0704781B0009001B070474C
:10B2B00080B584B003908DF80B109DF80B0000064C
:10B2C00000280CD5FFE703989DF80B1001F00F0143
:10B2D00001EBC10100EB8100143001900CE00398F8
:10B2E0009DF80B1001F00F0101EBC10100EB810093
:10B2F00000F515700190FFE703980068019901F0CF
:10B3000007FD8DF80A009DF80A0004B080BD00BF5B
:10B3100081B0009001B0704781B0009001B07047DB
:10B3200082B001908DF8031002B0704700BF00BFDB
:10B3300081B0009001B0704780B584B0029002984F
:10B3400000680190FFE7029890F89404012804D166
:10B35000FFE702208DF80F0024E00299012081F818
:10B360009404FFE7FFE70198C068400600280BD56A
:10B37000FFE70298407B012806D1FFE70199886B1F
:10B3800040F480308863FFE70298006801F0BCFE5B
:10B39000FFE70299002081F89404FFE700208DF870
:10B3A0000F00FFE79DF80F0004B080BD00BF00BF95
:10B3B00080B584B00290029800680190FFE702987F
:10B3C00090F89404012804D1FFE702208DF80F00C3
:10B3D00024E00299012081F89404FFE7FFE7029836
:10B3E000006801F0A9FE0198C068400600280BD54E
:10B3F000FFE70298407B012806D1FFE70199886B9F
:10B4000020F480308863FFE7FFE70299002081F88D
:10B410009404FFE700208DF80F00FFE79DF80F0070
:10B4200004B080BD00BF00BF80B584B002908DF82D
:10B430000710FFE7029890F89404012804D1FFE771
:10B4400002208DF80F0019E00299012081F8940480
:10B45000FFE7FFE79DF8070002994874029800682B
:10B460009DF8071001F034FEFFE70299002081F8F3
:10B470009404FFE700208DF80F00FFE79DF80F0010
:10B4800004B080BD00BF00BF80B586B004908DF8C9
:10B490000F10ADF80C208DF80B3000208DF80A004D
:10B4A0009DF80F00000600280FD5FFE704989DF8CF
:10B4B0000F1001F00F0101EBC10100EB810014300E
:10B4C00001900199012048700FE004989DF80F1039
:10B4D00001F00F0101EBC10100EB810000F51570D7
:10B4E0000190019900204870FFE79DF80F0000F0DF
:10B4F0000F0001990870BDF80C00019988609DF853
:10B500000B00019908710198407820B1FFE701997B
:10B5100008784883FFE79DF80B00022804D1FFE775
:10B52000019900204871FFE7FFE7049890F8940420
:10B53000012804D1FFE702208DF8170015E00499D7
:10B54000012081F89404FFE7FFE70498006801995F
:10B5500000F0AAFFFFE70499002081F89404FFE7B8
:10B560009DF80A008DF81700FFE79DF8170006B058
:10B5700080BD00BF00BF00BF80B584B002908DF8D1
:10B5800007109DF80700000600280FD5FFE7029876
:10B590009DF8071001F00F0101EBC10100EB8100E4
:10B5A000143000900099012048700FE002989DF837
:10B5B000071001F00F0101EBC10100EB810000F564
:10B5C00015700090009900204870FFE79DF8070073
:10B5D00000F00F0000990870FFE7029890F89404BB
:10B5E000012804D1FFE702208DF80F0014E0029932
:10B5F000012081F89404FFE7FFE7029800680099B2
:10B6000001F032F8FFE70299002081F89404FFE787
:10B6100000208DF80F00FFE79DF80F0004B080BDFB
:10B6200080B586B005908DF81310039202930598AB
:10B630009DF8131001F00F0101EBC10100EB810037
:10B6400000F51570019003980199C860029801995E
:10B650000861019900204861019948709DF8130024
:10B6600000F00F000199087005988079012804D135
:10B67000FFE703980199C861FFE7059A10680199EF
:10B68000927901F00DF9002006B080BD00BF00BF27
:10B6900082B001908DF8031001989DF8031001F01D
:10B6A0000F0101EBC10100EB8100D0F8680202B08C
:10B6B000704700BF00BF00BF80B586B005908DF811
:10B6C00013100392029305989DF8131001F00F01D7
:10B6D00001EBC10100EB8100143001900398019946
:10B6E000C860029801990861019900204861019998
:10B6F000012048709DF8130000F00F0001990870B8
:10B7000005988079012804D1FFE703980199C86161
:10B71000FFE7059A10680199927901F0C1F80020BD
:10B7200006B080BD00BF00BF80B584B002908DF828
:10B7300007109DF8070000F00F0002990979884270
:10B7400004D9FFE701208DF80F0058E09DF80700AD
:10B75000000600280FD5FFE702989DF8071001F0BA
:10B760000F0101EBC10100EB810014300090009942
:10B77000012048700DE002989DF8071001EBC1010F
:10B7800000EB810000F515700090009900204870D2
:10B79000FFE70099012088709DF8070000F00F0076
:10B7A00000990870FFE7029890F89404012804D1EA
:10B7B000FFE702208DF80F0021E00299012081F8B7
:10B7C0009404FFE7FFE702980068009901F08CFB02
:10B7D0009DF80700000740B9FFE7029A10689179C9
:10B7E00002F29C4201F078FDFFE7FFE7029900209A
:10B7F00081F89404FFE700208DF80F00FFE79DF823
:10B800000F0004B080BD00BF80B584B002908DF8F9
:10B8100007109DF8070000F00F000299097988428F
:10B8200004D9FFE701208DF80F004DE09DF80700D7
:10B83000000600280FD5FFE702989DF8071001F0D9
:10B840000F0101EBC10100EB810014300090009961
:10B85000012048700FE002989DF8071001F00F01D9
:10B8600001EBC10100EB810000F51570009000991B
:10B8700000204870FFE70099002088709DF80700BD
:10B8800000F00F0000990870FFE7029890F8940408
:10B89000012804D1FFE702208DF80F0014E002997F
:10B8A000012081F89404FFE7FFE7029800680099FF
:10B8B00001F06EFBFFE70299002081F89404FFE796
:10B8C00000208DF80F00FFE79DF80F0004B080BD49
:10B8D00080B584B002908DF80710FFE7029890F8C9
:10B8E0009404012804D1FFE702208DF80F0023E023
:10B8F0000299012081F89404FFE7FFE79DF8070013
:10B900000006002809D5FFE7029800689DF8071097
:10B9100001F00F0100F024FD04E00298006800F03F
:10B920005FFDFFE7FFE70299002081F89404FFE73D
:10B9300000208DF80F00FFE79DF80F0004B080BDD8
:10B9400080B582B001900198006802F089FB02B0D6
:10B9500080BD00BF00BF00BF80B582B001900198DC
:10B96000006802F095FB02B080BD00BF00BF00BFC1
:10B9700081B00090009890F8950401B0704700BF26
:10B9800084B003908DF80B10039800680190019823
:10B9900000909DF80B00013804280AD8FFE79DF8B5
:10B9A0000B200099D1F8040840EA0210C1F80408FD
:10B9B00000E0FFE7002004B0704700000000000036
:10B9C00084B003908DF80B10ADF808200398006840
:10B9D000406A00909DF80B0048B9FFE7BDF80810D9
:10B9E000009840EA014003990968886233E00398AF
:10B9F0000068816A009800EB1140009000208DF8EB
:10BA00000700FFE79DF807009DF80B1001398842F9
:10BA100013D2FFE7039800689DF8071000EB810040
:10BA2000D0F80411009800EB11400090FFE79DF85A
:10BA3000070001308DF80700E4E7BDF80810009812
:10BA400040EA0140039909689DF80B2001EB82014F
:10BA5000C1F80001FFE7002004B0704700BF00BF3D
:10BA600082B00190ADF80210BDF80200019909689A
:10BA70004862002002B0704782B0019001980068CF
:10BA8000009001990120C1F8D8040199002081F8A3
:10BA9000CC04009A916941F000619161009A516D66
:10BAA0000323C1F200031943516502B0704700BF80
:10BAB00082B0019001980068009001990020C1F8BF
:10BAC000D804009A916921F000619161009A516D4A
:10BAD0004FF6FC73CEF6FF731940516502B0704704
:10BAE00080B586B005900598006804900DF0D0FCF4
:10BAF00003900499886B40F4802088634FF496701B
:10BB00000DF016FD0498806BC00728B1FFE705987B
:10BB1000FE2100F059F8FFE70499886B20F480209B
:10BB20008863322002900DF003FD0298049A916B15
:10BB300041F4002191630DF0FBFC0498806B8007B9
:10BB4000002805D4FFE70598FD2100F03DF821E02D
:10BB50000499886B20F400208863322001900DF056
:10BB6000E7FC0198049A916B41F4801191630DF008
:10BB7000DFFC0498806B4007002805D5FFE7059897
:10BB8000FB2100F021F804E00598FC2100F01CF8EE
:10BB9000FFE7FFE7059800F01FF80DF079FC039927
:10BBA000401AB0F57A7F05D9FFE70598FF2100F02C
:10BBB0000BF804E00598002100F006F8FFE706B056
:10BBC00080BD00BF00BF00BF82B001908DF80310A0
:10BBD00002B0704700BF00BF82B0019001980068BA
:10BBE00000900099886B20F4801088630099886B1E
:10BBF00020F4002088630099886B20F4003088636B
:10BC000001990020C1F8DC0402B0704700BF00BFFA
:10BC100082B001900198006800900099886B20F430
:10BC2000002088630099886B20F480108863009955
:10BC3000886B20F4803088630099886B40F4003072
:10BC4000886301990120C1F8DC04002002B070472C
:10BC500082B001908DF8031002B070470000000020
:10BC600080B58AB0DDF830C0CDF814C004930392DB
:10BC700002919DF814108DF824100299039A049BE8
:10BC800008930792069101909DF81D00012823D189
:10BC9000FFE70199886B20F4803088630199C868B8
:10BCA0004FF6BF72CFF6BD721040C8600199C868E8
:10BCB00020F44010C8609DF82400012806D1FFE759
:10BCC0000199C86840F48010C860FFE7019800F04F
:10BCD0003FF88DF803001AE00199C86840F0400071
:10BCE000C860019800F034F88DF803009DF8210039
:10BCF00030B9FFE70199886B40F48030886305E034
:10BD00000199886B20F480308863FFE7FFE79DF896
:10BD10001A00012816D1FFE70199C86D80B2C865E5
:10BD20000199C86D0022C0F2EE321043C865019936
:10BD3000886840F0060088600199886840F020001B
:10BD40008860FFE79DF803000AB080BD00BF00BF18
:10BD500083B0019000200090FFE700980130009030
:10BD60000098B0F1706F04D9FFE703208DF80B0045
:10BD700026E0FFE701980069C00F0028EDD0FFE73B
:10BD8000002000900199086940F001000861FFE778
:10BD90000098013000900098B0F1706F04D9FFE76F
:10BDA00003208DF80B000BE0FFE70198006900F01D
:10BDB00001000128ECD0FFE700208DF80B00FFE721
:10BDC0009DF80B0003B0704784B0039002918DF88A
:10BDD00007209DF80700022840F0B880FFE702988E
:10BDE0004AF6C041C0F2D80188420BD3FFE702985F
:10BDF0004EF2BF11C0F2E401884203D8FFE70F20E2
:10BE00000090A2E002984EF2C011C0F2E401884214
:10BE10000BD3FFE7029842F2FF31C0F2F4018842EF
:10BE200003D8FFE70E2000908EE0029842F2004116
:10BE3000C0F2F40188420BD3FFE7029847F27F314A
:10BE4000C0F20611884203D8FFE70D2000907AE087
:10BE5000029847F28031C0F2061188420BD3FFE707
:10BE6000029844F69F11C0F21A11884203D8FFE7E6
:10BE70000C20009066E0029844F6A011C0F21A115E
:10BE800088420BD3FFE7029842F6FF41C0F231111E
:10BE9000884203D8FFE70B20009052E0029842F658
:10BEA0000051C0F2311188420BD3FFE702984AF2E9
:10BEB0003F41C0F24C11884203D8FFE70A200090AE
:10BEC0003EE002984AF24041C0F24C1188420BD346
:10BED000FFE7029843F2FF51C0F26E11884203D887
:10BEE000FFE7092000902AE0029843F20061C0F2C7
:10BEF0006E1188420BD3FFE702984AF61F31C0F259
:10BF0000A611884203D8FFE70820009016E00298A7
:10BF10004AF62031C0F2A61188420BD3FFE70298FF
:10BF200044F2FF71C0F2E811884203D8FFE707200E
:10BF3000009002E006200090FFE7FFE7FFE7FFE741
:10BF4000FFE7FFE7FFE7FFE7FFE70AE09DF80700ED
:10BF500018B9FFE70920009002E009200090FFE7F0
:10BF6000FFE70399C86820F47050C860009800F09B
:10BF70000F020399C86840EA8220C860002004B01C
:10BF8000704700BF00BF00BF81B000900099886873
:10BF900040F001008860002001B0704700BF00BF82
:10BFA00081B000900099886820F00100886000202E
:10BFB00001B0704700BF00BF80B586B004908DF817
:10BFC0000F10002002900499C86820F0C040C8609B
:10BFD0009DF80F00012823D1FFE70499C86840F0BD
:10BFE0000050C860FFE70A200DF0A2FA02980A305C
:10BFF0000290FFE7049800F04FF801460020012965
:10C00000019007D0FFE702990020C82938BF01201E
:10C010000190FFE70198C0070028E4D1FFE72AE07C
:10C020009DF80F0010BBFFE70499C86840F08040FE
:10C03000C860FFE70A200DF07BFA02980A300290F0
:10C04000FFE7049800F028F801460020009039B17D
:10C05000FFE702990020C82938BF01200090FFE7C0
:10C060000098C0070028E5D1FFE703E001208DF824
:10C0700017000CE0FFE70298C82804D1FFE7012071
:10C080008DF8170003E000208DF81700FFE79DF8FA
:10C09000170006B080BD00BF81B0009000984069D5
:10C0A00000F0010001B0704780B58CB0DDF838C0F9
:10C0B000CDF81CC00693059204919DF81C108DF8D4
:10C0C0002C100499059A069B0A93099208910390F3
:10C0D00000208DF80B00039901910090FFE7009874
:10C0E0000E280CD8FFE70398009900EB810100208F
:10C0F000C1F80401FFE7009801300090EFE79DF8D8
:10C100002A00B8B9FFE70199D1F8040840F002000D
:10C11000C1F804080399886B20F400108863039920
:10C12000086840F0400008600399086840F080000B
:10C13000086005E00399886B40F400108863FFE70E
:10C1400001990020C1F8000E9DF8250001280FD1AB
:10C15000FFE79DF8230028B9FFE70398002100F0CE
:10C16000EBF804E00398012100F0E6F8FFE704E0B3
:10C170000398032100F0E0F8FFE70398102100F096
:10C18000EFF820B1FFE701208DF80B00FFE70398DF
:10C1900000F026F920B1FFE701208DF80B00FFE742
:10C1A00001990020C1F810080199C1F814080199FB
:10C1B000C1F81C080090FFE700989DF82010884205
:10C1C0003BD2FFE70198009900EB4110D0F800093D
:10C1D000C00FB0B1FFE7009848B9FFE70198009998
:10C1E00000EB41114FF00060C1F8000908E0019830
:10C1F000009900EB41114FF09040C1F80009FFE7B2
:10C2000007E00198009900EB41110020C1F80009F6
:10C21000FFE70198009900EB41110020C1F81009D7
:10C220000198009900EB41114FF67F30C1F80809E1
:10C23000FFE7009801300090BEE700200090FFE784
:10C2400000989DF8201088423BD2FFE701980099A2
:10C2500000EB4110D0F8000BC00FB0B1FFE7009821
:10C2600048B9FFE70198009900EB41114FF00060D9
:10C27000C1F8000B08E00198009900EB41114FF064
:10C280009040C1F8000BFFE707E00198009900EB30
:10C2900041110020C1F8000BFFE70198009900EB65
:10C2A00041110020C1F8100B0198009900EB4111D9
:10C2B0004FF67F30C1F8080BFFE70098013000907F
:10C2C000BEE70199D1F8100820F48070C1F8100879
:10C2D00003990020886103996FF0804048619DF8C0
:10C2E000220030B9FFE70399886940F010008861A7
:10C2F000FFE70399886943F60002C8F23C02104345
:10C3000088619DF8260030B1FFE70399886940F005
:10C3100008008861FFE79DF82A00012808D1FFE79F
:10C32000039988690422C4F2000210438861FFE780
:10C330009DF80B000CB080BD83B002908DF8071003
:10C34000029800909DF807200099D1F8000810434A
:10C35000C1F80008002003B0704700BF00BF00BF55
:10C3600084B00290019100200090FFE70098013016
:10C3700000900098B0F1706F04D9FFE703208DF8AA
:10C380000F0026E0FFE702980069C00F0028EDD0FB
:10C39000FFE7002000900198800120300299086199
:10C3A000FFE70098013000900098B0F1706F04D959
:10C3B000FFE703208DF80F000BE0FFE7029800690C
:10C3C00000F020002028ECD0FFE700208DF80F00BF
:10C3D000FFE79DF80F0004B0704700BF00BF00BF2B
:10C3E00083B0019000200090FFE70098013000909A
:10C3F0000098B0F1706F04D9FFE703208DF80B00AF
:10C4000024E0FFE701980069C00F0028EDD0FFE7A6
:10C4100000200090019910200861FFE7009801308A
:10C4200000900098B0F1706F04D9FFE703208DF8F9
:10C430000B000BE0FFE70198006900F010001028E6
:10C44000ECD0FFE700208DF80B00FFE79DF80B0014
:10C4500003B0704700BF00BF84B003900398029000
:10C460000298D0F8080800F006000090009820B963
:10C47000FFE700208DF8070010E00098022804D0A4
:10C48000FFE70098062804D1FFE702208DF8070097
:10C4900003E00F208DF80700FFE7FFE79DF8070096
:10C4A00004B0704700BF00BF84B0039002910398AE
:10C4B000019002980078009002984078012830D1CD
:10C4C000FFE70298007800F00F01012000FA01F266
:10C4D0000199D1F81C081043C1F81C080198009973
:10C4E00000EB4110D0F800090004002818D4FFE741
:10C4F000029988686FF3DF20097940EA8140009A49
:10C5000040EA8250019901EB4211D1F80029104311
:10C5100048F20002C1F200021043C1F80009FFE72F
:10C520002EE00298007800F00F01012000FA01F2DD
:10C530000199D1F81C0840EA0240C1F81C08019892
:10C54000009900EB4110D0F8000B0004002816D42D
:10C55000FFE7029988686FF3DF20097940EA81409C
:10C560000199009A01EB4211D1F8002B104348F2D7
:10C570000002C1F200021043C1F8000BFFE7FFE721
:10C58000002004B0704700BF84B00390029103986C
:10C59000019002980078009002984078012830D1EC
:10C5A000FFE70198009900EB4110D0F80009000462
:10C5B000002818D4FFE7029988686FF3DF20097913
:10C5C00040EA8140009A40EA8250019901EB421111
:10C5D000D1F80029104348F20002C1F200021043D2
:10C5E000C1F80009FFE70298007800F00F01012070
:10C5F00000FA01F20199D1F83C081043C1F83C0857
:10C600002DE00198009900EB4110D0F8000B0004D8
:10C61000002815D4FFE7029988686FF3DF200979B5
:10C6200040EA8140009A40EA8250019901EB4211B0
:10C63000D1F8002B104340F40040C1F8000BFFE795
:10C640000298007800F00F01012000FA01F2019930
:10C65000D1F83C0840EA0240C1F83C08FFE700205E
:10C6600004B0704700BF00BF84B0039002910398EC
:10C67000019002980078009002984078012845D1F6
:10C68000FFE70198009900EB4110D0F80009C00FB6
:10C69000A8B1FFE70198009900EB4111D1F800091A
:10C6A00040F00060C1F800090198009900EB4111C9
:10C6B000D1F8000940F08040C1F80009FFE7029876
:10C6C000007800F00F01012000FA01F3019AD2F87E
:10C6D0003C189943C2F83C180299097801F00F01FF
:10C6E00000FA01F20199D1F81C089043C1F81C0826
:10C6F0000198009900EB4111D1F8000947F60002BA
:10C70000CEF633421040C1F8000946E00198009986
:10C7100000EB4110D0F8000BC00FA8B1FFE7019863
:10C72000009900EB4111D1F8000B40F00060C1F816
:10C73000000B0198009900EB4111D1F8000B40F07B
:10C740008040C1F8000BFFE70298007800F00F016D
:10C75000012000FA01F3019AD2F83C1821EA0341C2
:10C76000C2F83C180299097801F00F0100FA01F2B1
:10C770000199D1F81C0820EA0240C1F81C08019870
:10C78000009900EB4111D1F8000B47F60002CEF6FC
:10C79000F3721040C1F8000BFFE7002004B07047AF
:10C7A00084B0039002910398019002980078009061
:10C7B00002984078012836D1FFE70198009900EBF4
:10C7C0004110D0F80009C00FA8B1FFE70198009907
:10C7D00000EB4111D1F8000940F00060C1F80009F8
:10C7E0000198009900EB4111D1F8000940F0804018
:10C7F000C1F80009FFE70198009900EB4111D1F859
:10C80000000920F40040C1F800090298007800F007
:10C810000F01012000FA01F20199D1F81C089043A0
:10C82000C1F81C0836E00198009900EB4110D0F8DF
:10C83000000BC00FA8B1FFE70198009900EB411170
:10C84000D1F8000B40F00060C1F8000B019800998E
:10C8500000EB4111D1F8000B40F08040C1F8000B13
:10C86000FFE70198009900EB4111D1F8000B20F48B
:10C870000040C1F8000B0298007800F00F01012081
:10C8800000FA01F20199D1F81C0820EA0240C1F82F
:10C890001C08FFE7002004B0704700BF00BF00BFC6
:10C8A00080B588B0079006918DF8172007980490FE
:10C8B00006980078039006984078012840F01C8183
:10C8C000FFE706980069F8B9FFE70498039900EBC1
:10C8D0004111D1F810096FF3DC40C1F81009049838
:10C8E000039900EB4111D1F8100940F40020C1F880
:10C8F00010090498039900EB4111D1F810096FF366
:10C900001200C1F8100969E00498039900EB411185
:10C91000D1F810096FF31200C1F8100904980399B7
:10C9200000EB4111D1F810096FF3DC40C1F8100998
:10C930000398A8B9FFE7069881680069884204D97E
:10C94000FFE7069988680861FFE70498039900EB00
:10C950004111D1F8100940F40020C1F8100915E088
:10C9600006988168006908440138B0FBF1F10020A5
:10C97000C1F6F87000EAC1420498039900EB411136
:10C98000D1F810091043C1F81009FFE706980269B1
:10C990006FF3DF420498039900EB4111D1F81009BD
:10C9A0001043C1F8100906980079012815D1FFE756
:10C9B0000498039900EB4111D1F8100920F0C04010
:10C9C000C1F810090498039900EB4111D1F810093E
:10C9D00040F00050C1F81009FFE7FFE79DF817008D
:10C9E00001283BD1FFE70698C06948B1FFE70698E8
:10C9F000C0690499039A01EB4211C1F81409FFE7D9
:10CA00000698007901281ED1FFE70498D0F808089D
:10CA1000C00500280BD4FFE70498039900EB4111EF
:10CA2000D1F8000940F00050C1F800090AE004986C
:10CA3000039900EB4111D1F8000940F08050C1F892
:10CA40000009FFE7FFE70498039900EB4111D1F8D3
:10CA5000000940F00440C1F800094CE00498039933
:10CA600000EB4111D1F8000940F00440C1F8000981
:10CA700006980079012813D0FFE70698006970B185
:10CA8000FFE70698007800F00F01012000FA01F29C
:10CA90000499D1F834081043C1F83408FFE729E0BD
:10CAA0000498D0F80808C00500280BD4FFE70498C4
:10CAB000039900EB4111D1F8000940F00050C1F892
:10CAC00000090AE00498039900EB4111D1F800092C
:10CAD00040F08050C1F80009FFE70798069BD9682D
:10CAE0001A781B8A9DF817C0EE46CEF800C000F0F9
:10CAF000CBF8FFE7FFE7C4E00498039900EB41118E
:10CB0000D1F8100B6FF31200C1F8100B04980399C1
:10CB100000EB4111D1F8100B6FF3DC40C1F8100BA2
:10CB2000039818BBFFE70698006920B1FFE7069954
:10CB300088680861FFE70699886808620698026AB3
:10CB40006FF3DF420498039900EB4111D1F8100B09
:10CB50001043C1F8100B0498039900EB4111D1F870
:10CB6000100B40F40020C1F8100B49E00698006952
:10CB7000C0B9FFE7069882686FF3DF420498039913
:10CB800000EB4111D1F8100B1043C1F8100B0498C1
:10CB9000039900EB4111D1F8100B40F40020C1F8CB
:10CBA000100B2CE006988168006908440138B0FB3E
:10CBB000F1F0ADF80A0006998868BDF80A205043E4
:10CBC0000862BDF80A100020C1F6F87000EAC14200
:10CBD0000498039900EB4111D1F8100B1043C1F8F0
:10CBE000100B0698026A6FF3DF420498039900EB7A
:10CBF0004111D1F8100B1043C1F8100BFFE7FFE70C
:10CC00009DF8170001280ED1FFE70698C06848B1CB
:10CC1000FFE70698C0680499039A01EB4211C1F836
:10CC2000140BFFE7FFE70698007901281ED1FFE704
:10CC30000498D0F80808C00500280BD4FFE7049832
:10CC4000039900EB4111D1F8000B40F00050C1F8FE
:10CC5000000B0AE00498039900EB4111D1F8000B96
:10CC600040F08050C1F8000BFFE7FFE704980399FC
:10CC700000EB4111D1F8000B40F00440C1F8000B6B
:10CC8000FFE7002008B080BD80B588B084460A98D0
:10CC9000CDF81CC006918DF81720ADF814308DF832
:10CCA000130007980390069802909DF8130048BB64
:10CCB000FFE7BDF8140003308008019000200090C9
:10CCC000FFE70098019988421BD2FFE702980068AD
:10CCD00003999DF8172001EB02314FF480528850E0
:10CCE00002980130029002980130029002980130BF
:10CCF0000290029801300290FFE700980130009006
:10CD0000DFE7FFE7002008B080BD00BF00BF00BF25
:10CD100085B004900391002002908DF807000498DC
:10CD200000900398407801283ED1FFE700980399CE
:10CD3000097800EB4110D0F80009C00F98B3FFE765
:10CD400000980399097800EB4111D1F8000940F0EF
:10CD50000060C1F8000900980399097800EB4111BF
:10CD6000D1F8000940F08040C1F80009FFE70298BF
:10CD700001300290029842F21171884204D3FFE719
:10CD800001208DF807000DE0FFE70098039909786E
:10CD900000EB4110D0F8000900F00040B0F1004F66
:10CDA000E5D0FFE7FFE73DE000980399097800EB45
:10CDB0004110D0F8000BC00F98B3FFE7009803991B
:10CDC000097800EB4111D1F8000B40F00060C1F888
:10CDD000000B00980399097800EB4111D1F8000B82
:10CDE00040F08040C1F8000BFFE70298013002904C
:10CDF000029842F21171884204D3FFE701208DF8B6
:10CE000007000DE0FFE700980399097800EB411057
:10CE1000D0F8000B00F00040B0F1004FE5D0FFE784
:10CE2000FFE7FFE79DF8070005B0704700BF00BFB0
:10CE300089B008900791ADF81A20089805900798D6
:10CE40000490BDF81A0080080190BDF81A0000F0A7
:10CE50000300ADF8020000200290FFE7029801995C
:10CE6000884217D2FFE705984FF480514058049943
:10CE700008600498013004900498013004900498EC
:10CE800001300490049801300490FFE702980130CB
:10CE90000290E3E7BDF8020008B3FFE7002002902C
:10CEA00005984FF4805140580390FFE703989DF890
:10CEB0000810C900C8400499087002980130029017
:10CEC000049801300490BDF802000138ADF802006A
:10CED000FFE7BDF802000028E8D1FFE7FFE704986C
:10CEE00009B0704700BF00BF84B00390029103985F
:10CEF000019002980078009002984078012822D191
:10CF0000FFE70198009900EB4110D0F80009C00F2D
:10CF100070B9FFE7009858B1FFE70198009900EB5E
:10CF20004111D1F8000920F08040C1F80009FFE765
:10CF30000198009900EB4111D1F8000940F400106C
:10CF4000C1F8000921E00198009900EB4110D0F8E8
:10CF5000000BC00F70B9FFE7009858B1FFE70198C8
:10CF6000009900EB4111D1F8000B20F08040C1F88E
:10CF7000000BFFE70198009900EB4111D1F8000B7D
:10CF800040F40010C1F8000BFFE7002004B0704728
:10CF900084B0039002910398019002980078009069
:10CFA00002984078012820D1FFE70198009900EB12
:10CFB0004111D1F8000920F40010C1F800090298CD
:10CFC0000079032805D0FFE70298007902280BD1E9
:10CFD000FFE70198009900EB4111D1F8000940F0FA
:10CFE0008050C1F80009FFE71FE00198009900EBAD
:10CFF0004111D1F8000B20F40010C1F8000B029889
:10D000000079032805D0FFE70298007902280BD1A8
:10D01000FFE70198009900EB4111D1F8000B40F0B7
:10D020008050C1F8000BFFE7FFE7002004B0704715
:10D0300080B586B004900498029000200190FFE72C
:10D0400001980E2813D8FFE70298019900EB4111CF
:10D050004FF67F30C1F808090299019A01EB42119D
:10D06000C1F8080BFFE7019801300190E8E7029949
:10D070000020C1F810080299C1F814080299C1F8FB
:10D080001C080498FFF7ACF98DF80F009DF80F000D
:10D0900028B1FFE79DF80F008DF8170013E0049802
:10D0A0001021FFF75DF98DF80F009DF80F0028B1F2
:10D0B000FFE79DF80F008DF8170004E09DF80F00C2
:10D0C0008DF81700FFE79DF8170006B080BD00BF80
:10D0D00083B002908DF80710029800900099D1F863
:10D0E000000820F4FE60C1F800089DF8070000F079
:10D0F0007F020099D1F8000840EA0210C1F8000848
:10D10000002003B0704700BF82B0019001980090EA
:10D110000099D1F8000E20F00300C1F8000E00992C
:10D12000D1F8040820F00200C1F80408002002B081
:10D13000704700BF00BF00BF82B00190019800900F
:10D140000099D1F8000E20F00300C1F8000E0099FC
:10D15000D1F8040840F00200C1F80408002002B031
:10D16000704700BF00BF00BF82B0019001984069C6
:10D17000009001988169009808400090009802B0E2
:10D18000704700BF00BF00BF84B003908DF80B1044
:10D190000398019001989DF80B1000EB4110D0F816
:10D1A0000805009001989DF80B1000EB4110D0F895
:10D1B0000C15009808400090009804B0704700BF1C
:10D1C00083B00290029801900198D0F8180800905E
:10D1D0000198D0F81C18009808400090BDF8020093
:10D1E00003B0704700BF00BF83B002900298019067
:10D1F0000198D0F8180800900198D0F81C180098F1
:10D2000008400090BDF8000003B0704700BF00BFA9
:10D2100084B003908DF80B100398019001989DF84D
:10D220000B1000EB4110D0F8080B00900198D0F8DB
:10D230001418009808400090009804B0704700BF90
:10D2400086B005908DF81310059803900398D0F8D8
:10D25000100801900398D0F83408009000989DF8C9
:10D26000131001F00F01C84000F00101019840EADD
:10D27000C110019003989DF8131000EB4110D0F8F5
:10D280000809019908400290029806B0704700BF53
:10D2900082B001900091009A01994869104048615C
:10D2A00002B0704700BF00BF82B0019001980090AB
:10D2B0000099D1F8000940F2FF729043C1F80009CB
:10D2C0000099D1F8040840F48070C1F804080020E7
:10D2D00002B0704700BF00BF86B004908DF80F10F9
:10D2E0000292049801900498006C0090009843F218
:10D2F0000B01C4F6547188420BD3FFE70198D0F8B4
:10D30000000BC00F20B1FFE700208DF817002EE0C2
:10D31000FFE701990020C1F8100B0199D1F8100B1B
:10D3200040F40020C1F8100B0199D1F8100B40F027
:10D330001800C1F8100B0199D1F8100B40F0C04053
:10D34000C1F8100B9DF80F0001280CD1FFE70298DF
:10D350000199C1F8140B0199D1F8000B40F080201D
:10D36000C1F8000BFFE700208DF81700FFE79DF8DC
:10D37000170006B0704700BF80B58CB0DDF838C02C
:10D38000CDF81CC00693059204919DF81C108DF8F1
:10D390002C100499059A069B0A9309920891039010
:10D3A00000208DF80B00039901910199C1F8000E3E
:10D3B0000399886B20F4001088630399886B20F42C
:10D3C000003088630398C0684006002816D4FFE741
:10D3D0009DF82300012808D1FFE70199D1F8000446
:10D3E00040F00400C1F8000407E00199D1F80004FE
:10D3F00020F00400C1F80004FFE707E00199D1F82C
:10D40000000420F00400C1F80004FFE70398102195
:10D41000FEF7A6FF20B1FFE701208DF80B00FFE724
:10D420000398FEF7DDFF20B1FFE701208DF80B0028
:10D43000FFE700200090FFE700989DF82110884248
:10D4400014D2FFE70198009900EB41114FF0FF3033
:10D45000C1F808050198009900EB41110020C1F8BE
:10D460000C05FFE7009801300090E5E703990020E4
:10D47000886103994FF0FF30486103994FF40070C1
:10D480004862039940F20020C0F2001088620399BC
:10D4900040F20030C0F2E000C1F800019DF8220027
:10D4A00030B9FFE70399886940F010008861FFE711
:10D4B000039988690822CAF22032104388619DF8D6
:10D4C0000B000CB080BD00BF84B002908DF8071037
:10D4D000029800900099D1F8000420F00300C1F8F0
:10D4E00000049DF8070000F003020099D1F8000441
:10D4F0001043C1F800049DF80700012806D1FFE79A
:10D5000000994BF68030C1F804040FE09DF8070045
:10D51000022806D1FFE7009941F27070C1F80404B7
:10D5200003E001208DF80F0004E0FFE700208DF8F4
:10D530000F00FFE79DF80F0004B0704700BF00BF69
:10D5400080B584B003900398029000200090019071
:10D550000298D0F840040190019820F02E0001902C
:10D56000019840F480700299C1F8400464200BF0E7
:10D57000DFFF019820F480700299C1F840040A206E
:10D580000BF0D6FF009804B080BD00BF00BF00BF05
:10D5900084B003908DF80B10039801900020009048
:10D5A0000198D0F840040090009820F02E000090E0
:10D5B0000098C00400280CD4FFE79DF80B00012858
:10D5C00007D1FFE7009840F480500199C1F840046A
:10D5D000FFE70098C00400280BD5FFE79DF80B007B
:10D5E00038B9FFE7009820F480500199C1F8400451
:10D5F000FFE7002004B0704783B0029002980190CA
:10D60000002000900198D0F8400400900098C0F3EA
:10D61000414003B0704700BF82B001900198009074
:10D620000098D0F8080480B202B0704700BF00BF75
:10D63000B0B58AB094468E46044610980F990E9A5B
:10D6400009948DF823E08DF822C08DF821308DF8F3
:10D6500020208DF81F10ADF81C0000208DF81B0055
:10D660000998059005989DF8231000EB41114FF0A3
:10D67000FF30C1F808059DF81F00014601910328FD
:10D6800064D80199DFE801F00246022A05989DF866
:10D69000231000EB411140F29D40C1F80C059DF8AC
:10D6A0002200000600280CD5FFE705989DF82310FE
:10D6B00000EB4111D1F80C0540F48070C1F80C0565
:10D6C0000BE005989DF8231000EB4111D1F80C05F3
:10D6D00040F06000C1F80C05FFE73BE005989DF8BD
:10D6E000231000EB411140F29D60C1F80C059DF83C
:10D6F0002200000600280CD5FFE705989DF82310AE
:10D7000000EB4111D1F80C0540F48070C1F80C0514
:10D71000FFE71FE005989DF8231000EB411140F250
:10D720002520C1F80C059DF82200000600280CD524
:10D73000FFE705989DF8231000EB4111D1F80C0587
:10D7400040F4C070C1F80C05FFE703E001208DF83C
:10D750001B00FFE705989DF8231000EB4111002006
:10D76000C1F8040505989DF8231000EB4111D1F88C
:10D770000C0540F00200C1F80C059DF8230000F0F4
:10D780000F01012000FA01F20599D1F818041043A5
:10D79000C1F818040999886940F0007088619DF803
:10D7A00022000006002804D5FFE74FF40040049053
:10D7B00002E000200490FFE70998FFF71DFF0290A8
:10D7C0009DF82000022808D1FFE70298022804D023
:10D7D000FFE74FF40030039002E000200390FFE7E2
:10D7E0009DF821109DF822204FF4F04000EAC2205D
:10D7F00061F39C509DF81F1001F0030140EA814045
:10D80000BDF81C106FF3DF21084404990843039905
:10D81000084340F4801005999DF8232001EB421144
:10D82000C1F800059DF81F00032805D0FFE79DF80B
:10D830001F0001280CD1FFE705989DF8231000EB8D
:10D840004111D1F8000540F00050C1F80005FFE794
:10D850009DF81B000AB0B0BD80B58CB00A9009914C
:10D860008DF823200A9807900998407806904FF485
:10D870008070ADF80C009DF82300012815D1FFE75A
:10D880000998807C28B1FFE70998807C02280BD199
:10D89000FFE70798069900EB4111D1F80C0520F03D
:10D8A0007000C1F80C05FFE712E00998007970B923
:10D8B000FFE709984079012809D1FFE70A980999FB
:10D8C000497800F011FA00208DF82F0005E2FFE7FB
:10D8D00009988079012861D1FFE70120ADF80E0099
:10D8E0000998C07838B1FFE7BDF80E0009998A8A17
:10D8F0005043C86151E00998807C012835D1FFE789
:10D900000998006ABD2819D3FFE70999888AC86178
:10D910000999C86908620998C068012805D0FFE71D
:10D920000998C068022804D1FFE709990220C8605D
:10D9300003E009990120C860FFE715E00999086A2A
:10D94000C8610998C068012809D0FFE70998C06834
:10D95000022804D0FFE709990420C86003E0099970
:10D960000320C860FFE7FFE716E09DF823000128C9
:10D970000DD1FFE70999086A898A884207D9FFE72C
:10D98000BDF80E0009998A8A5043C86103E00999DD
:10D99000086AC861FFE7FFE7FFE733E00998006A1C
:10D9A000E0B1FFE70999086A898A08440138B0FBA9
:10D9B000F1F0ADF80E00BDF80E00BDF80C10884275
:10D9C0000BDDFFE7BDF80C00ADF80E00BDF80E0052
:10D9D00009998A8A5043C861FFE703E00120ADF846
:10D9E0000E00FFE70998C07838B1FFE7BDF80E00D8
:10D9F00009998A8A5043C86103E00999086AC86195
:10DA0000FFE7FFE70999C8696FF3DF40BDF80E3003
:10DA10000022C1F6F87202EAC3421044897D01F087
:10DA2000030140EA41700799069A01EB4211C1F8DF
:10DA300010059DF8230048B1FFE709988069079910
:10DA4000069A01EB4211C1F81405FFE70798D0F8D8
:10DA50000814012088438DF813000798069900EBFD
:10DA60004111D1F8000520F00050C1F800059DF8E3
:10DA700013200798069900EB4111D1F8000540EA00
:10DA80004270C1F8000509988079012840F09A8019
:10DA9000FFE70999087C497C40EAC11000F1004089
:10DAA0000799069A01EB4211C1F8040507980699F7
:10DAB00000EB4111D1F80C0540F06000C1F80C05F5
:10DAC0000998C079012819D1FFE70998C078A8B949
:10DAD000FFE70798069900EB4111D1F8040540F4DF
:10DAE0008030C1F804050798069900EB4111D1F880
:10DAF0000C0540F04000C1F80C05FFE70998807C58
:10DB0000012805D0FFE70998807C032815D1FFE79D
:10DB10000998C079012810D1FFE70998C078012839
:10DB20000BD1FFE70798069900EB4111D1F80405E6
:10DB300040F48030C1F80405FFE70998807C012893
:10DB40003FD1FFE70998C07800283AD1FFE709984C
:10DB5000C068013801460291032830D80299DFE8F5
:10DB600001F0020D18230798069900EB4111D1F836
:10DB7000040540F40040C1F8040521E00798069927
:10DB800000EB4111D1F8040540F00E00C1F8040586
:10DB900016E00798069900EB4111D1F8040540F40E
:10DBA0008040C1F804050BE00798069900EB41118D
:10DBB000D1F8040540F44040C1F8040500E0FFE757
:10DBC000FFE707E00798069900EB41110020C1F834
:10DBD0000405FFE70798069900EB4110D0F800050F
:10DBE0000590059820F0804005900998C07828B1EC
:10DBF000FFE7059840F40040059004E0059820F404
:10DC000000400590FFE7059840F00040059005981A
:10DC10000799069A01EB4211C1F800059DF823000F
:10DC200020B1FFE700208DF82F0056E00998C0785A
:10DC300000284ED1FFE70998006A002849D0FFE785
:10DC40000998C079002844D1FFE70998807C0146F3
:10DC5000019103282FD80199DFE801F0021702177C
:10DC60000998006A03308008ADF81000BDF8100074
:10DC70000A99C96A89B2884206D9FFE70A99886970
:10DC800040F020008861FFE716E00998006A033041
:10DC90008008ADF81000BDF810000799D1F81014F5
:10DCA00089B2884206D9FFE70A99886940F0806006
:10DCB0008861FFE700E0FFE70A98099B99695A78B5
:10DCC0001B8CEE464FF0000CCEF800C0FEF7DCFFD8
:10DCD000FFE700208DF82F00FFE79DF82F000CB024
:10DCE00080BD00BF00BF00BF86B005908DF8131047
:10DCF000059803909DF8130002900120019001996E
:10DD00004FF0004061F3DC400399029A01EB4211AD
:10DD1000C1F810050398029900EB4110D0F80005F6
:10DD20000090009820F080400090009840F0004063
:10DD3000009000980399029A01EB4211C1F8000586
:10DD4000002006B0704700BF82B00190019800909B
:10DD50000098D0F8140480B202B0704700BF00BF32
:10DD600089B007908DF81B10079805909DF81B004F
:10DD70000490002003900598049900EB4110D0F81E
:10DD80000005C0F3814002900598049900EB411012
:10DD9000D0F80005C00F01900598049900EB4110E0
:10DDA000D0F80405C00F009007988068800600280E
:10DDB00012D5FFE7009878B9FFE7019840B1FFE777
:10DDC0000298012804D0FFE70298032804D1FFE756
:10DDD00000208DF82300ADE0029820B1FFE7029803
:10DDE00002285AD1FFE70598049900EB4111D1F8B8
:10DDF000000540F08040C1F8000507988068800663
:10DE000000283ED4FFE70798C06A10F47F0F2CD19A
:10DE1000FFE70598049900EB4111D1F8000520F0C7
:10DE20000040C1F800050598049900EB4111D1F8B4
:10DE3000000540F00040C1F80005FFE703980130FD
:10DE400003900398B0F57A7F01D9FFE70CE0FFE774
:10DE50000598049900EB4110D0F8000500F000404F
:10DE6000B0F1004FEAD0FFE70AE00598049900EB13
:10DE70004111D1F8000540F00040C1F80005FFE76E
:10DE80000AE00598049900EB4111D1F8000540F033
:10DE90000040C1F80005FFE748E00598049900EB51
:10DEA0004111D1F8000540F08040C1F80005059807
:10DEB000D0F8100410F47F0F2CD1FFE705980499D7
:10DEC00000EB4111D1F8000520F00040C1F8000539
:10DED0000598049900EB4111D1F8000540F000408D
:10DEE000C1F80005FFE70398013003900398B0F5EF
:10DEF0007A7F01D9FFE70CE0FFE70598049900EB72
:10DF00004110D0F8000500F00040B0F1004FEAD019
:10DF1000FFE70AE00598049900EB4111D1F80005EC
:10DF200040F00040C1F80005FFE7FFE700208DF852
:10DF30002300FFE79DF8230009B0704700BF00BF32
:10DF400080B586B0059000208DF8130005990391E7
:10DF500002900598FEF724F805981021FEF700FAC4
:10DF600020B1FFE701208DF81300FFE70598FEF7C9
:10DF700037FA20B1FFE701208DF81300FFE70020FA
:10DF80000090FFE700980F281FD8FFE7039800993B
:10DF900000EB4110D0F800050190019840F080405E
:10DFA0000190019820F000400190019820F4004079
:10DFB000019001980399009A01EB4211C1F8000504
:10DFC000FFE7009801300090DCE700200090FFE7B9
:10DFD00000980F2836D8FFE70398009900EB41100E
:10DFE000D0F800050190019840F080400190019820
:10DFF00040F000400190019820F400400190019809
:10E000000399009A01EB4211C1F80005FFE702985D
:10E01000013002900298B0F57A7F01D9FFE70CE059
:10E02000FFE70398009900EB4110D0F8000500F0DD
:10E030000040B0F1004FEAD0FFE7FFE70098013061
:10E040000090C5E703994FF0FF30C1F8140405991B
:10E0500048610598FDF798FF9DF8130006B080BD54
:10E0600082B00190019800900098D0F80808C0078D
:10E0700040B1FFE70099D1F8040840F00100C1F871
:10E080000408FFE7002002B0704700BF00BF00BFD8
:10E0900082B00190019800900099D1F8040820F016
:10E0A0000100C1F80408002002B070470000000021
:10E0B00080B582B042F20000C5F20020006800F096
:10E0C0000F00062814D8FFE742F20000C5F2002036
:10E0D0000168072262F303010160006800F00F008D
:10E0E000072804D0FFE701208DF807006DE1FFE766
:10E0F0000BF0CEF9009044F20041C5F60201086829
:10E1000040F001000860FFE744F20040C5F602005D
:10E110000068400700280CD4FFE70BF0B9F900991C
:10E12000401A032804D3FFE703208DF807004CE1D1
:10E13000EAE744F20441C5F60201086840F0804075
:10E14000086044F21041C5F602010020086040F268
:10E150002C01C2F2004149F20000C0F2D030086048
:10E1600040F23001C2F20041086040F23C10C2F2BD
:10E1700000400068F4F7B0F820B1FFE701208DF807
:10E18000070022E10BF084F90090FFE744F2104011
:10E19000C5F60200006810F0380F0ED0FFE70BF054
:10E1A00077F90099401A41F28931884204D3FFE798
:10E1B00003208DF8070008E1E8E70BF069F900900B
:10E1C00044F20041C5F6020108684EF64552CFF60A
:10E1D000F67210400860FFE744F20040C5F6020006
:10E1E0000068800300280CD5FFE70BF051F9009977
:10E1F000401A652804D3FFE703208DF80700E4E008
:10E20000EAE70BF045F9009044F20041C5F602013F
:10E21000086820F080700860FFE744F20040C5F60F
:10E2200002000068800100280CD5FFE70BF030F9F0
:10E230000099401A032804D3FFE703208DF8070054
:10E24000C3E0EAE70BF024F9009044F20041C5F680
:10E250000201086820F080600860FFE744F2004097
:10E26000C5F602000068000100280CD5FFE70BF09E
:10E270000FF90099401A032804D3FFE703208DF813
:10E280000700A2E0EAE70BF003F9009044F2004136
:10E29000C5F60201086820F080500860FFE744F2EC
:10E2A0000040C5F602000068800000280CD5FFE79A
:10E2B0000BF0EEF80099401A032804D3FFE703207F
:10E2C0008DF8070081E0EAE744F21841C5F6020143
:10E2D0000020086044F21C41C5F60201086044F2C7
:10E2E0002041C5F60201086044F22842C5F6020248
:10E2F00040F20021C0F20221116044F22C42C5F626
:10E3000002020021C0F2FF11116044F23042C5F652
:10E31000020240F28021C0F20111116044F2344245
:10E32000C5F60202106044F23842C5F602021160DE
:10E3300044F23C42C5F60202106044F24042C5F687
:10E340000202116044F24441C5F60201086044F241
:10E350000042C5F60202116821F48021116044F2E6
:10E360006041C5F60201086044F26841C5F6020149
:10E370004FF0FF30086044F2D041C5F60201086852
:10E3800040F48030086042F20000C5F200200068CE
:10E3900000F00F00082814D3FFE742F20000C5F296
:10E3A00000200168072262F303010160006800F0A9
:10E3B0000F00072804D0FFE701208DF8070004E0D4
:10E3C000FFE700208DF80700FFE79DF8070002B087
:10E3D00080BD00BF00BF00BF80B58CB00A900A9816
:10E3E00028B9FFE701208DF82F0000F001BD0A9841
:10E3F0000078C007002800F0B980FFE744F2104021
:10E40000C5F60200006800F03800069044F228408B
:10E41000C5F6020000680590069810280AD0FFE7AC
:10E42000069818281CD1FFE7059800F00300022881
:10E4300016D1FFE744F20040C5F60200006800F480
:10E4400000310020B0EB514F09D0FFE70A98406837
:10E4500028B9FFE701208DF82F0000F0C9BC84E047
:10E46000FFE70A984068B0F5803F09D1FFE744F222
:10E470000041C5F60201086840F48030086032E0CF
:10E480000A98406868B9FFE744F20041C5F6020106
:10E49000086820F480300860086820F48020086054
:10E4A00020E00A984068B0F5A02F0DD1FFE744F2B4
:10E4B0000041C5F60201086840F480200860086841
:10E4C00040F4803008600CE044F20041C5F60201DF
:10E4D000086820F480300860086820F48020086014
:10E4E000FFE7FFE7FFE7FFE70A984068F0B1FFE7C3
:10E4F0000AF0CEFF0990FFE744F20040C5F60200A3
:10E50000006800F400310020B0EB514F0DD1FFE75F
:10E510000AF0BEFF0999401A652805D3FFE70320DA
:10E520008DF82F0000F064BCE6E71DE00AF0B0FFB4
:10E530000990FFE744F20040C5F60200006800F4CD
:10E5400000310020B0EB514F0DD0FFE70AF0A0FFE3
:10E550000999401A652805D3FFE703208DF82F009D
:10E5600000F046BCE6E7FFE7FFE7FFE70A98007820
:10E570008007002840F1C580FFE744F21040C5F64F
:10E580000200006800F03800049044F22840C5F60C
:10E59000020000680390049850B1FFE7049818281F
:10E5A00050D1FFE79DF80C00800700284AD1FFE713
:10E5B00044F20040C5F60200006800F004010020AB
:10E5C000B0EB910F09D0FFE70A98C06828B9FFE7C0
:10E5D00001208DF82F0000F00BBC44F20041C5F67D
:10E5E0000201086820F019000A9AD26810430860F6
:10E5F0000AF04EFF0990FFE744F20040C5F6020022
:10E60000006800F004010020B0EB910F0CD1FFE78F
:10E610000AF03EFF0999401A032804D3FFE70320BC
:10E620008DF82F00E4E3E7E744F20441C5F6020168
:10E63000086820F0FE400A9A126940EA0260086009
:10E64000FFE75DE00A98C068A0B3FFE744F200412D
:10E65000C5F60201086820F019000A9AD268104332
:10E6600008600AF015FF0990FFE744F20040C5F684
:10E670000200006800F004010020B0EB910F0CD103
:10E68000FFE70AF005FF0999401A032804D3FFE7C2
:10E6900003208DF82F00ABE3E7E744F20441C5F611
:10E6A0000201086820F0FE400A9A126940EA0260FE
:10E6B000086024E044F20041C5F60201086820F039
:10E6C000010008600AF0E4FE0990FFE744F2004010
:10E6D000C5F60200006800F004010020B0EB910FC5
:10E6E0000CD0FFE70AF0D4FE0999401A032804D39E
:10E6F000FFE703208DF82F007AE3E7E7FFE7FFE766
:10E70000FFE70A980078C006002840F1A080FFE7E4
:10E7100044F21040C5F60200006800F03800029094
:10E7200044F22840C5F602000068019002980828CB
:10E730000AD0FFE7029818282BD1FFE7019800F0D4
:10E740000300012825D1FFE744F20040C5F602008E
:10E75000006800F480710020B0EB112F09D0FFE7B2
:10E760000A98C069802804D0FFE701208DF82F00A7
:10E770003EE3FFE744F20C41C5F60201086820F0D1
:10E780007C500A9A126A40EA02600860FFE7FFE7DD
:10E790005CE00A98C06998B3FFE744F20041C5F60F
:10E7A0000201086840F0800008600AF071FE0990DC
:10E7B000FFE744F20040C5F60200006800F48071F3
:10E7C0000020B0EB112F0CD1FFE70AF061FE099990
:10E7D000401A032804D3FFE703208DF82F0007E336
:10E7E000E7E7FFE744F20C41C5F60201086820F0B4
:10E7F0007C500A9A126A40EA02600860FFE724E04F
:10E8000044F20041C5F60201086820F0800008606B
:10E810000AF03EFE0990FFE744F20040C5F6020010
:10E82000006800F480710020B0EB112F0CD0FFE7DE
:10E830000AF02EFE0999401A032804D3FFE70320AB
:10E840008DF82F00D4E2E7E7FFE7FFE7FFE70A983C
:10E850000078000700284FD5FFE70A98406928B3E1
:10E86000FFE744F27441C5F60201086840F0010078
:10E8700008600AF00DFE0990FFE744F27440C5F607
:10E880000200006800F002010020B0EB510F0CD133
:10E89000FFE70AF0FDFD0999401A032804D3FFE7BA
:10E8A00003208DF82F00A3E2E7E724E044F274414F
:10E8B000C5F60201086820F0010008600AF0E8FDD2
:10E8C0000990FFE744F27440C5F60200006800F0CA
:10E8D00002010020B0EB510F0CD0FFE70AF0D8FD89
:10E8E0000999401A032804D3FFE703208DF82F006D
:10E8F0007EE2E7E7FFE7FFE70A9800788006002856
:10E900004FD5FFE70A98806928B3FFE744F200413A
:10E91000C5F60201086840F4805008600AF0B8FDAE
:10E920000990FFE744F20040C5F60200006800F4D9
:10E9300000510020B0EB513F0CD1FFE70AF0A8FDD9
:10E940000999401A032804D3FFE703208DF82F000C
:10E950004EE2E7E724E044F20041C5F60201086810
:10E9600020F4805008600AF093FD0990FFE744F21C
:10E970000040C5F60200006800F400510020B0EB32
:10E98000513F0CD0FFE70AF083FD0999401A032894
:10E9900004D3FFE703208DF82F0029E2E7E7FFE724
:10E9A000FFE70A9800784007002840F1A780FFE7BA
:10E9B00044F60001C5F60201086840F48070086062
:10E9C0000AF066FD0990FFE744F60000C5F6020074
:10E9D0000068C00500280CD4FFE70AF059FD09992A
:10E9E000401A652804D3FFE703208DF82F00FFE1CC
:10E9F000EAE7FFE70A988068012809D1FFE744F2B7
:10EA00007041C5F60201086840F00100086031E07D
:10EA10000A98806868B9FFE744F27041C5F60201C0
:10EA2000086820F001000860086820F00400086011
:10EA30001FE00A98806805280DD1FFE744F2704175
:10EA4000C5F60201086840F004000860086840F05C
:10EA5000010008600CE044F27041C5F6020108684C
:10EA600020F001000860086820F004000860FFE75B
:10EA7000FFE7FFE7FFE70A988068F8B1FFE70AF0D1
:10EA800007FD0990FFE744F27040C5F602000068F8
:10EA900000F002010020B0EB510F0ED1FFE70AF0A9
:10EAA000F7FC0999401A41F28931884204D3FFE703
:10EAB00003208DF82F009BE1E5E71EE00AF0E8FC5B
:10EAC0000990FFE744F27040C5F60200006800F0CC
:10EAD00002010020B0EB510F0ED0FFE70AF0D8FC86
:10EAE0000999401A41F28931884204D3FFE7032093
:10EAF0008DF82F007CE1E5E7FFE7FFE70A98406A21
:10EB0000002800F07181FFE744F21040C5F60200D2
:10EB1000006800F03800182800F0E080FFE70A984D
:10EB2000406A022840F0B480FFE744F20041C5F695
:10EB30000201086820F0807008600AF0A9FC0990C2
:10EB4000FFE744F20040C5F60200006800F00071E3
:10EB50000020B0EB516F0CD0FFE70AF099FC099947
:10EB6000401A032804D3FFE703208DF82F003FE16C
:10EB7000E7E7FFE744F22841C5F60201086840F2E2
:10EB8000F33290430A9B9A6ADB6A42EA031210430B
:10EB900008600A99086BD1F834C08B6BCA6B0138D6
:10EBA0006FF35F204FF60061CFF6FF7101EB4C2150
:10EBB00089B208440021CFF6FF7101EB034101F453
:10EBC000FE0108444FF07F4101EB026101F0FE417C
:10EBD000084444F23041C5F602010860FFE744F200
:10EBE0002C41C5F602010091086820F00100086080
:10EBF00044F23442C5F6020210684FF6F8739843A7
:10EC00000A9B9B6C40EAC3001060086820F00C006F
:10EC10000A9A126C10430860086820F002000A9AF1
:10EC2000526C10430860086840F48030086008683F
:10EC300040F400300860086840F4802008600868EC
:10EC400040F00100086044F20041C5F60201086886
:10EC500040F0807008600AF01BFC0990FFE744F266
:10EC60000040C5F60200006800F000710020B0EB23
:10EC7000516F0CD1FFE70AF00BFC0999401A0328E9
:10EC800004D3FFE703208DF82F00B1E0E7E724E08D
:10EC900044F20041C5F60201086820F08070086067
:10ECA0000AF0F6FB0990FFE744F20040C5F60200C7
:10ECB000006800F000710020B0EB516F0CD0FFE74E
:10ECC0000AF0E6FB0999401A032804D3FFE7032062
:10ECD0008DF82F008CE0E7E7FFE784E044F228405E
:10ECE000C5F602000068089044F23040C5F6020004
:10ECF000006807900A98406A012837D0FFE7089813
:10ED000000F003000A99896A88422FD1FFE708982A
:10ED100000F47C710A98C06AB0EB111F26D1FFE79E
:10ED200007986FF35F200A99096B013988421DD15A
:10ED3000FFE7BDF81C100A98406B0138B0EB512F6B
:10ED400014D1FFE7079800F4FE010A98806B0138A0
:10ED5000B0EB114F0AD1FFE7079800F0FE410A9887
:10ED6000C06B0138B0EB116F04D0FFE701208DF8C4
:10ED70002F003DE044F23440C5F60200006880B246
:10ED8000C00808900A98806C0899884229D0FFE74B
:10ED900044F22C41C5F60201086820F00100086029
:10EDA0000AF076FB0990FFE70AF072FB0999401A16
:10EDB00008B9FFE7F8E744F23441C5F602010868F4
:10EDC0004FF6F87290430A9A926C40EAC2000860CB
:10EDD00044F22C41C5F60201086840F001000860C9
:10EDE000FFE7FFE7FFE7FFE700208DF82F00FFE7D1
:10EDF0009DF82F000CB080BD80B586B004900391C3
:10EE0000049820B9FFE701208DF817003CE2039831
:10EE100042F20001C5F20021096801F00F018842A9
:10EE200016D9FFE742F20000C5F20020016821F088
:10EE30000F01039A11430160006800F00F0003996D
:10EE4000884204D0FFE701208DF817001CE2FFE79D
:10EE5000049800784007002819D5FFE70498006956
:10EE600044F21841C5F60201096801F070018842B8
:10EE70000CD9FFE744F21841C5F60201086820F0FA
:10EE80007000049A126910430860FFE7FFE70498D6
:10EE900000780007002819D5FFE70498406944F27C
:10EEA0001C41C5F60201096801F0700188420CD9C5
:10EEB000FFE744F21C41C5F60201086820F070002B
:10EEC000049A526910430860FFE7FFE7049800784E
:10EED000C006002819D5FFE70498806944F21C4158
:10EEE000C5F60201096801F4E06188420CD9FFE728
:10EEF00044F21C41C5F60201086820F4E060049A5F
:10EF0000926910430860FFE7FFE7049800788006E5
:10EF1000002819D5FFE70498C06944F22041C5F6DE
:10EF20000201096801F0700188420CD9FFE744F240
:10EF30002041C5F60201086820F07000049AD269E9
:10EF400010430860FFE7FFE7049800788007002877
:10EF500019D5FFE70498C06844F21841C5F60201CC
:10EF6000096801F00F0188420CD9FFE744F218410B
:10EF7000C5F60201086820F00F00049AD268104319
:10EF80000860FFE7FFE704980078C007002800F05A
:10EF90008C80FFE744F21841C5F60201086820F4AE
:10EFA0007060049A926810430860049840680228D0
:10EFB00011D1FFE744F20040C5F60200006800F4FA
:10EFC00000310020B0EB514F04D1FFE701208DF854
:10EFD000170059E13EE004984068032811D1FFE78B
:10EFE00044F20040C5F60200006800F00071002005
:10EFF000B0EB516F04D1FFE701208DF8170043E11A
:10F0000027E004984068012811D1FFE744F200404E
:10F01000C5F60200006800F480710020B0EB112FEB
:10F0200004D1FFE701208DF817002DE110E044F234
:10F030000040C5F60200006800F004010020B0EBBB
:10F04000910F04D1FFE701208DF817001CE1FFE7C5
:10F05000FFE7FFE744F21041C5F60201086820F01F
:10F060000700049A5268104308600AF011FA0190F0
:10F07000FFE744F21040C5F60200006800F03800D7
:10F0800004994968B0EBC10F0ED0FFE70AF000FA0F
:10F090000199401A41F28931884204D3FFE70320E5
:10F0A0008DF81700F0E0E4E7FFE7049800788007A8
:10F0B000002819D5FFE70498C06844F21841C5F646
:10F0C0000201096801F00F0188420CD2FFE744F207
:10F0D0001841C5F60201086820F00F00049AD268B2
:10F0E00010430860FFE7FFE7039842F20001C5F212
:10F0F0000021096801F00F01884216D2FFE742F2B1
:10F100000000C5F20020016821F00F01039A1143AD
:10F110000160006800F00F000399884204D0FFE707
:10F1200001208DF81700AFE0FFE704980078400752
:10F13000002819D5FFE70498006944F21841C5F684
:10F140000201096801F0700188420CD2FFE744F225
:10F150001841C5F60201086820F07000049A12698F
:10F1600010430860FFE7FFE70498007800070028D5
:10F1700019D5FFE70498406944F21C41C5F6020125
:10F18000096801F0700188420CD2FFE744F21C418B
:10F19000C5F60201086820F07000049A5269104315
:10F1A0000860FFE7FFE704980078C006002819D53B
:10F1B000FFE70498806944F21C41C5F60201096822
:10F1C00001F4E06188420CD2FFE744F21C41C5F62D
:10F1D0000201086820F4E060049A92691043086014
:10F1E000FFE7FFE7049800788006002819D5FFE7BD
:10F1F0000498C06944F22041C5F60201096801F093
:10F20000700188420CD2FFE744F22041C5F60201AA
:10F21000086820F07000049AD26910430860FFE784
:10F22000FFE700F035F844F21842C5F60202116813
:10F23000C1F3032349F21841C0F60301CB5C03F08C
:10F240001F03D84000900098126802F00F02895CFA
:10F2500001F01F01C84040F23001C2F200410860D5
:10F26000009840F22C01C2F20041086040F23C10CC
:10F27000C2F200400068F3F72FF88DF80B009DF8FC
:10F280000B008DF81700FFE79DF8170006B080BD52
:10F290008AB044F21040C5F60200006800F0380061
:10F2A00001460191182800F25F810199DFE811F011
:10F2B00019005C015C015C015C015C015C015C01AA
:10F2C0003A005C015C015C015C015C015C015C0179
:10F2D00040005C015C015C015C015C015C015C0163
:10F2E000460044F20040C5F60200006800F020012C
:10F2F0000020B0EB511F0ED0FFE744F20040C5F6EE
:10F3000002000068C0F3C10149F20000C0F2D03031
:10F31000C840029005E049F20000C0F2D0300290EF
:10F32000FFE727E140F60010C0F23D00029021E126
:10F3300042F20040C0F2F40002901BE144F2284087
:10F34000C5F60200016801F0030108910068C0F3EE
:10F350000510079044F22C40C5F60200006800F04A
:10F3600001000690069844F23441C5F6020109688E
:10F3700089B2C908484300EE100AB8EE400A8DED84
:10F38000040A0798002800F0EB80FFE70898009037
:10F3900048B1FFE70098012865D0FFE700980228F0
:10F3A00000F08380A3E044F20040C5F6020000684C
:10F3B00000F020010020B0EB511F31D0FFE744F2F4
:10F3C0000040C5F602000068C0F3C10149F2000028
:10F3D000C0F2D030C84005909DED050AB8EE400A55
:10F3E0009DED071AB8EE411A80EE010A44F2304052
:10F3F000C5F6020000686FF35F2001EE100AB8EE58
:10F40000411A9DED042A9FED5E3A02EE031AB7EE13
:10F41000002A31EE021A20EE010A8DED030A21E0E6
:10F420009DED070AB8EE401A9FED570A80EE010ADB
:10F4300044F23040C5F6020000686FF35F2001EE31
:10F44000100AB8EE411A9DED042A9FED4D3A02EEE6
:10F45000031AB7EE002A31EE021A20EE010A8DEDF2
:10F46000030AFFE765E09DED070AB8EE401A9FED3D
:10F47000450A80EE010A44F23040C5F602000068F9
:10F480006FF35F2001EE100AB8EE411A9DED042AD9
:10F490009FED3B3A02EE031AB7EE002A31EE021A54
:10F4A00020EE010A8DED030A43E09DED070AB8EE58
:10F4B000401A9FED320A80EE010A44F23040C5F650
:10F4C000020000686FF35F2001EE100AB8EE411AE7
:10F4D0009DED042A9FED2A3A02EE031AB7EE002AA8
:10F4E00031EE021A20EE010A8DED030A21E09DEDB6
:10F4F000070AB8EE401A9FED230A80EE010A44F293
:10F500003040C5F6020000686FF35F2001EE100A7C
:10F51000B8EE411A9DED042A9FED193A02EE031A46
:10F52000B7EE002A31EE021A20EE010A8DED030A31
:10F53000FFE744F23040C5F60200006881B20120C6
:10F5400000EB512009909DED030A9DED091AB8EEDC
:10F55000411A80EE010ABCEEC00A8DED020A02E0FB
:10F5600000200290FFE705E040F60010C0F23D00E9
:10F570000290FFE702980AB0704700BF0024744B66
:10F58000000000390024744A0024744C00BF00BFFE
:10F5900080B58AB0099008910792099860BBFFE78F
:10F5A000FFE744F2E040C5F60200016841F00101C6
:10F5B0000160006800F0010001900198FFE74FF43E
:10F5C0008070029002200390032005900020049098
:10F5D00006900020C5F6020002A903F021F944F2CA
:10F5E0001041C5F60201086820F0FE70089A079BDA
:10F5F0001A43104308602DE0FFE744F2E040C5F6EF
:10F600000200016841F004010160006800F004009C
:10F6100000900098FFE74FF40070029002200390E2
:10F620000320059000200490069040F60000C5F6E7
:10F63000020002A903F0F4F844F21041C5F60201F9
:10F64000086820F07E40089A079B42EAC3121043E4
:10F650000860FFE70AB080BD44F20041C5F6020130
:10F66000086840F400200860704700BF00BF00BF7A
:10F6700044F20041C5F60201086820F40020086049
:10F68000704700BF00BF00BF80B582B0FFF700FE2B
:10F6900044F21842C5F602021168C1F3032349F28D
:10F6A0001841C0F60301CB5C03F01F03D840019062
:10F6B0000198126802F00F02895C01F01F0120FA24
:10F6C00001F140F23000C2F200400160019940F2C5
:10F6D0002C02C2F200421160006802B080BD00BF7F
:10F6E00080B5FFF7D1FF44F21C41C5F6020109685D
:10F6F000C1F3021249F21841C0F60301895C01F01E
:10F700001F01C84080BD00BF80B5FFF7BDFF44F2B8
:10F710001C41C5F602010968C1F3022249F21841F1
:10F72000C0F60301895C01F01F01C84080BD00BF25
:10F7300081B0009000993F20086044F20040C5F677
:10F74000020000684003002805D5FFE700994FF448
:10F75000A020486012E044F20040C5F602000068B4
:10F76000C003002805D5FFE700994FF480304860BA
:10F7700003E0009900204860FFE7FFE744F2004003
:10F78000C5F6020000680006002804D5FFE70099CE
:10F790008020C86103E000990020C861FFE744F2BF
:10F7A0000C40C5F602000068C0F3056000990862CD
:10F7B00044F20040C5F602000068C00720B1FFE730
:10F7C00000990120C86003E000990020C860FFE7AD
:10F7D00044F20440C5F602000068C0F306600099D8
:10F7E000086144F27040C5F6020000684007002836
:10F7F00004D5FFE700990520886010E044F27040CE
:10F80000C5F602000068C00720B1FFE7009901209B
:10F81000886003E0009900208860FFE7FFE744F27A
:10F820007440C5F602000068C00720B1FFE70099E8
:10F830000120486103E0009900204861FFE744F29D
:10F840000040C5F602000068C004002804D5FFE7A8
:10F8500000990120886103E0009900208861FFE79A
:10F8600044F20040C5F602000068C001002804D53B
:10F87000FFE700990220486203E0009901204862F6
:10F88000FFE744F22840C5F60200016801F00301D9
:10F89000009A91620068C0F305100099C86244F2B2
:10F8A0003041C5F6020108686FF35F200130009A0D
:10F8B0001063086800F0FE42012000EB1262009B1A
:10F8C000DA630A6892B200EB5222009B5A6309681D
:10F8D00001F4FE0100EB11400099886344F22C40D2
:10F8E000C5F60200016801F00C01009A116400687D
:10F8F000C0F340000099486444F23440C5F6020069
:10F90000006880B2C0080099886401B0704700BFE9
:10F9100082B00190009101993F20086044F21040AC
:10F92000C5F60200006800F007000199486044F243
:10F930001840C5F60200016801F47061019A9160F7
:10F94000016801F00F01019AD160006800F07000B9
:10F950000199086144F21C40C5F60200016801F0FB
:10F960007001019A5161006800F4E06001998861BA
:10F9700044F22040C5F60200006800F070000199D2
:10F98000C86142F20000C5F20020006800F00F00DC
:10F990000099086002B0704780B544F26440C5F633
:10F9A00002000068400500280AD5FFE700F00CF8C7
:10F9B00044F26841C5F602014FF480600860FFE739
:10F9C00080BD00BF00BF00BF704700000000000006
:10F9D00080B59AB0189000208DF857008DF8560029
:10F9E0001898C0780007002848D5FFE71898406E9F
:10F9F000149078B1FFE71498B0F5801F13D0FFE79B
:10FA00001498B0F5001F16D0FFE71498B0F5401F0A
:10FA100019D019E044F22C41C5F60201086840F4FF
:10FA20000030086014E018980830022100F0C8FF88
:10FA30008DF857000CE018982830022101F0A8F842
:10FA40008DF8570004E003E001208DF85700FFE730
:10FA50009DF8570060B9FFE744F25041C5F6020136
:10FA6000086820F44010189A526E1043086004E0B1
:10FA70009DF857008DF85600FFE7FFE7189840788B
:10FA8000C007002840D0FFE71898806D1390042825
:10FA900020D81399DFE801F0030C141C1D0044F278
:10FAA0002C41C5F60201086840F40030086015E0FA
:10FAB00018980830002100F083FF8DF857000DE002
:10FAC00018982830002101F063F88DF8570005E000
:10FAD00004E003E001208DF85700FFE79DF8570090
:10FAE00060B9FFE744F25041C5F60201086820F012
:10FAF0000700189A926D1043086004E09DF85700C3
:10FB00008DF85600FFE7FFE7189840784007002877
:10FB100056D5FFE71898D0F8A4001290C8B1FFE7B7
:10FB20001298B0F5001F1DD0FFE71298B0F5800FB6
:10FB300020D0FFE71298B0F5C00F23D0FFE712984E
:10FB4000B0F5000F1FD0FFE71298B0F5200F1BD0C3
:10FB50001BE044F22C41C5F60201086840F4003075
:10FB6000086016E018980830002100F029FF8DF891
:10FB700057000EE018982830002101F009F88DF8A0
:10FB8000570006E005E004E003E001208DF857008F
:10FB9000FFE79DF8570068B9FFE744F25841C5F602
:10FBA0000201086820F46000189AD2F8A4201043DB
:10FBB000086004E09DF857008DF85600FFE7FFE766
:10FBC000189840780007002856D5FFE71898D0F815
:10FBD000A8001190C8B1FFE71198B0F1807F1DD047
:10FBE000FFE71198B0F1007F20D0FFE71198B0F146
:10FBF000407F23D0FFE71198B0F1806F1FD0FFE75F
:10FC00001198B0F1A06F1BD01BE044F22C41C5F657
:10FC10000201086840F40030086016E018980830C7
:10FC2000002100F0CDFE8DF857000EE01898283026
:10FC3000002100F0ADFF8DF8570006E005E004E07C
:10FC400003E001208DF85700FFE79DF8570068B9E1
:10FC5000FFE744F25841C5F60201086820F0E06071
:10FC6000189AD2F8A8201043086004E09DF85700C5
:10FC70008DF85600FFE7FFE71898C0788007002846
:10FC80003ED5FFE71898C06C1090F0B1FFE71098D0
:10FC9000102808D0FFE7109820280DD0FFE7109813
:10FCA000302811D012E044F22C41C5F60201086858
:10FCB00040F4003008600DE018980830022100F090
:10FCC0007FFE8DF8570005E004E003E001208DF889
:10FCD0005700FFE79DF8570060B9FFE744F24C4139
:10FCE000C5F60201086820F03000189AD26C104363
:10FCF000086004E09DF857008DF85600FFE7FFE725
:10FD000018984078C00600284ED5FFE71898C06DB7
:10FD10000F90A0B1FFE70F98B0F5805F18D0FFE714
:10FD20000F98B0F5005F1BD0FFE70F98B0F5405F6C
:10FD30001ED0FFE70F98B0F5804F1AD01AE044F2BA
:10FD40002C41C5F60201086840F40030086015E057
:10FD500018980830002100F033FE8DF857000DE0B0
:10FD600018982830002100F013FF8DF8570005E0A7
:10FD700004E003E001208DF85700FFE79DF85700ED
:10FD800060B9FFE744F25041C5F60201086820F46B
:10FD9000E040189AD26D1043086004E09DF85700C7
:10FDA0008DF85600FFE7FFE7189840788006002896
:10FDB0004CD5FFE71898006E0E90C8B1FFE70E987B
:10FDC000B0F5803F15D0FFE70E98B0F5003F18D092
:10FDD000FFE70E98B0F5403F1BD0FFE70E98B0F557
:10FDE000802F17D0FFE70E98B0F5A02F13D013E0A7
:10FDF00016E018980830012100F0E2FD8DF8570058
:10FE00000EE018982830012100F0C2FE8DF857004E
:10FE100006E005E004E003E001208DF85700FFE76D
:10FE20009DF8570060B9FFE744F25041C5F6020162
:10FE3000086820F4E020189A126E1043086004E06D
:10FE40009DF857008DF85600FFE7FFE718984078B7
:10FE5000400600284ED5FFE71898D0F8AC000D906A
:10FE6000C8B1FFE70D98B0F1805F15D0FFE70D989E
:10FE7000B0F1005F18D0FFE70D98B0F1405F1BD0E4
:10FE8000FFE70D98B0F1804F17D0FFE70D98B0F164
:10FE9000A04F13D013E016E018980830012100F0AD
:10FEA0008FFD8DF857000EE018982830012100F0E2
:10FEB0006FFE8DF8570006E005E004E003E0012046
:10FEC0008DF85700FFE79DF8570068B9FFE744F247
:10FED0005841C5F60201086820F0E040189AD2F8AF
:10FEE000AC201043086004E09DF857008DF85600E0
:10FEF000FFE7FFE718984078000600283BD5FFE7AA
:10FF00001898C06E0C90D8B1FFE70C98B0F1805FE4
:10FF100005D0FFE70C98B0F1005F09D011E044F282
:10FF20002C41C5F60201086840F4003008600CE07E
:10FF300018980830012100F043FD8DF8570004E0C7
:10FF400003E001208DF85700FFE79DF8570060B9E6
:10FF5000FFE744F25041C5F60201086820F0405026
:10FF6000189AD26E1043086004E09DF857008DF88F
:10FF70005600FFE7FFE71898C078C007002837D081
:10FF8000FFE71898806C0B90032817D80B99DFE8CF
:10FF900001F014020B1344F22C41C5F6020108686B
:10FFA00040F4003008600DE018980830022100F09D
:10FFB00007FD8DF8570005E004E003E001208DF80F
:10FFC0005700FFE79DF8570060B9FFE744F24C4146
:10FFD000C5F60201086820F00300189A926C1043DD
:10FFE000086004E09DF857008DF85600FFE7FFE732
:10FFF000189880784006002840F1B480FFE744F666
:020000040801F1
:100000000001C5F60201086840F48070086009F03C
:100010003FFA1690FFE744F60000C5F602000068BC
:10002000C00500280CD4FFE709F032FA1699401AEF
:10003000652804D3FFE703208DF8570000E0EAE7C6
:100040009DF85700002840F08780FFE744F2704099
:10005000C5F60200006800F440701899D1F8B0109D
:1000600001F44071884213D0FFE744F27041C5F6B5
:100070000201086820F440701790086840F480304E
:100080000860086820F48030086017980860FFE76F
:100090001898D0F8B000B0F5807F1FD1FFE709F0C5
:1000A000F7F91690FFE744F27040C5F602000068C9
:1000B00000F002010020B0EB510F0ED1FFE709F074
:1000C000E7F91699401A41F28931884204D3FFE7D3
:1000D00003208DF8570000E0E5E7FFE79DF85700A3
:1000E000A0BBFFE7FFE71898D0F8B00000F440701D
:1000F000B0F5407F13D1FFE744F21041C5F602018D
:10010000086820F47C50189AD2F8B0204FF6F043DB
:10011000C0F6FF731A4040EA1210086008E044F28B
:100120001041C5F60201086820F47C500860FFE722
:100130001898D0F8B0206FF31F3244F27041C5F622
:100140000201086810430860FFE704E09DF85700CB
:100150008DF85600FFE704E09DF857008DF8560033
:10016000FFE7FFE718980068C007002800F04C8000
:10017000FFE71898806F0A9028282BD80A99DFE8A3
:1001800001F0152929292929292916292929292967
:1001900029291E29292929292929262929292929DD
:1001A00029292729292929292929280016E01898E9
:1001B0000830012100F004FC8DF857000EE018987B
:1001C0002830012100F0E4FC8DF8570006E005E03E
:1001D00004E003E001208DF85700FFE79DF8570089
:1001E00060B9FFE744F25441C5F60201086820F007
:1001F0003800189A926F1043086004E09DF8570089
:100200008DF85600FFE7FFE7189800788007002870
:1002100039D5FFE71898406F0990052819D8099932
:10022000DFE801F003040C14151616E018980830E6
:10023000012100F0C5FB8DF857000EE0189828301A
:10024000012100F0A5FC8DF8570006E005E004E070
:1002500003E001208DF85700FFE79DF8570060B9D3
:10026000FFE744F25441C5F60201086820F0070098
:10027000189A526F1043086004E09DF857008DF8FB
:100280005600FFE7FFE718980078400700283BD5A5
:10029000FFE71898D0F890000890052819D8089919
:1002A000DFE801F003040C14151616E01898083066
:1002B000012100F085FB8DF857000EE018982830DA
:1002C000012100F065FC8DF8570006E005E004E030
:1002D00003E001208DF85700FFE79DF8570068B94B
:1002E000FFE744F25841C5F60201086820F0070014
:1002F000189AD2F890201043086004E09DF8570047
:100300008DF85600FFE7FFE7189800788006002870
:100310004ED5FFE71898D0F88C000790C8B1FFE7DA
:100320000798B0F1805F15D0FFE70798B0F1005F44
:1003300018D0FFE70798B0F1405F1BD0FFE70798A0
:10034000B0F1804F17D0FFE70798B0F1A04F13D05E
:1003500013E016E018980830002100F031FB8DF80A
:1003600057000EE018982830022100F011FC8DF89B
:10037000570006E005E004E003E001208DF8570097
:10038000FFE79DF8570068B9FFE744F25441C5F60E
:100390000201086820F0E040189AD2F88C2010433F
:1003A000086004E09DF857008DF85600FFE7FFE76E
:1003B00018980078400600284ED5FFE71898D0F826
:1003C00098000690C8B1FFE70698B0F5806F15D089
:1003D000FFE70698B0F5006F18D0FFE70698B0F574
:1003E000406F1BD0FFE70698B0F5805F17D0FFE79E
:1003F0000698B0F5A05F13D013E016E01898083007
:10040000002100F0DDFA8DF857000EE01898283032
:10041000022100F0BDFB8DF8570006E005E004E086
:1004200003E001208DF85700FFE79DF8570068B9F9
:10043000FFE744F25841C5F60201086820F4E05095
:10044000189AD2F898201043086004E09DF85700ED
:100450008DF85600FFE7FFE718980078000600289F
:100460004ED5FFE71898D0F89C000590C8B1FFE77B
:100470000598B0F5005F15D0FFE70598B0F5804FFF
:1004800018D0FFE70598B0F5C04F1BD0FFE70598DF
:10049000B0F5004F17D0FFE70598B0F5204F13D007
:1004A00013E016E018980830002100F089FA8DF862
:1004B00057000EE018982830022100F069FB8DF8F3
:1004C000570006E005E004E003E001208DF8570046
:1004D000FFE79DF8570068B9FFE744F25841C5F6B9
:1004E0000201086820F46040189AD2F89C2010435A
:1004F000086004E09DF857008DF85600FFE7FFE71D
:10050000189800780007002820D5FFE71898D0F841
:100510008000B0F5805F0CD1FFE7189828300221E9
:1005200000F036FB20B1FFE701208DF85600FFE711
:10053000FFE744F25441C5F60201086820F4405038
:10054000189AD2F8802010430860FFE718980078C6
:10055000C006002820D5FFE71898D0F89400B0F521
:10056000807F0CD1FFE718982830022100F010FBA3
:1005700020B1FFE701208DF85600FFE7FFE744F2C6
:100580005841C5F60201086820F44070189AD2F864
:10059000942010430860FFE718988078000700282F
:1005A0003CD5FFE71898D0F8A000049050B1FFE7C1
:1005B0000498B0F5803F0DD0FFE70498B0F5003FF8
:1005C00010D010E018980830002100F0F9F98DF8EB
:1005D00057000CE018982830022100F0D9FA8DF865
:1005E000570004E003E001208DF85700FFE79DF875
:1005F000570068B9FFE744F25841C5F602010868A0
:1006000020F44030189AD2F8A0201043086004E08B
:100610009DF857008DF85600FFE7FFE7189880789F
:10062000400700283FD5FFE71898D0F884000390D2
:10063000B0F5801F0AD0FFE70398B0F5001F0ED079
:10064000FFE70398B0F5401F11D011E044F22C41B0
:10065000C5F60201086840F4003008600CE0189804
:100660002830012100F094FA8DF8570004E003E0EF
:1006700001208DF85700FFE79DF8570068B9FFE7A4
:1006800044F25441C5F60201086820F44010189A5B
:10069000D2F884201043086004E09DF857008DF8DC
:1006A0005600FFE7FFE718988078C007A8B3FFE778
:1006B0001898006D029028B1FFE70298B0F5803FCE
:1006C00009D010E044F22C41C5F60201086840F45C
:1006D000003008600BE018980830022100F070F933
:1006E0008DF8570003E001208DF85700FFE79DF8D3
:1006F000570060B9FFE744F24C41C5F602010868B3
:1007000020F48030189A126D1043086004E09DF8C0
:1007100057008DF85600FFE7FFE71898C07880066D
:1007200000280CD5FFE718982830022100F030FA95
:1007300020B1FFE701208DF85600FFE7FFE718988A
:100740008078800700283AD5FFE71898C06F01909D
:10075000D0B1FFE70198B0F5807F0AD0FFE701989C
:10076000B0F5007F0ED0FFE70198B0F5407F0AD0CA
:100770000BE044F22C41C5F60201086840F4003059
:10078000086006E005E004E003E001208DF8570072
:10079000FFE79DF8570060B9FFE744F25441C5F602
:1007A0000201086820F44070189AD26F1043086064
:1007B00004E09DF857008DF85600FFE7FFE7189812
:1007C0008078C00600280CD5FFE744F25041C5F6FA
:1007D0000201086820F00040189A126F1043086068
:1007E000FFE718988078800600280CD5FFE744F2D0
:1007F0005041C5F60201086820F08070189A926E88
:1008000010430860FFE71898C0784006002811D50B
:10081000FFE7FFE744F21041C5F60201086820F443
:10082000004008601898D0F8B420086810430860A9
:10083000FFE7FFE71898C078000600280CD5FFE70F
:1008400044F24C41C5F60201086820F04050189A65
:10085000526D10430860FFE7189880780006002862
:100860000DD5FFE744F25441C5F60201086820F4B3
:100870004000189AD2F8882010430860FFE71898C3
:100880000079C00790B1FFE718980830002100F008
:1008900097F88DF857009DF8570008B9FFE704E076
:1008A0009DF857008DF85600FFE7FFE7189800798C
:1008B0008007002812D5FFE718980830012100F0C2
:1008C0007FF88DF857009DF8570008B9FFE704E05E
:1008D0009DF857008DF85600FFE7FFE7189800795C
:1008E0004007002812D5FFE718980830022100F0D1
:1008F00067F88DF857009DF8570008B9FFE704E046
:100900009DF857008DF85600FFE7FFE7189800792B
:100910000007002812D5FFE718982830002100F0C2
:1009200037F98DF857009DF8570008B9FFE704E044
:100930009DF857008DF85600FFE7FFE718980079FB
:10094000C006002812D5FFE718982830012100F0D2
:100950001FF98DF857009DF8570008B9FFE704E02C
:100960009DF857008DF85600FFE7FFE718980079CB
:100970008006002812D5FFE718982830022100F0E1
:1009800007F98DF857009DF8570008B9FFE704E014
:100990009DF857008DF85600FFE7FFE79DF85600D9
:1009A00020B9FFE700208DF8670003E001208DF8F3
:1009B0006700FFE79DF867001AB080BD00BF00BF69
:1009C00080B586B00490039100208DF8070044F2B2
:1009D0002840C5F60200006800F00300032804D197
:1009E000FFE701208DF81700CBE044F20041C5F687
:1009F0000201086820F08060086008F049FD02905C
:100A0000FFE744F20040C5F60200006800F0006114
:100A10000020B0EBD16F0CD0FFE708F039FD029950
:100A2000401A032804D3FFE703208DF81700A8E03D
:100A3000E7E7FFE744F22841C5F60201086820F421
:100A40007C30049A126840EA0230086004994868D1
:100A5000D1F808C0CB680A6901386FF35F204FF600
:100A60000061CFF6FF7101EB4C2189B208440021EF
:100A7000CFF6FF7101EB034101F4FE0108444FF092
:100A80007F4101EB026101F0FE41084444F238412C
:100A9000C5F602010860FFE744F22C41C5F60201E9
:100AA0000091086820F0C000049A52691043086061
:100AB000086820F02000049A9269104308600868D2
:100AC00020F01000086044F23C42C5F602021068B3
:100AD0004FF6F8739843049BDB6940EAC30010604B
:100AE000086840F010000860039848B9FFE744F236
:100AF0002C41C5F60201086840F40020086016E0A9
:100B00000398012809D1FFE744F22C41C5F6020100
:100B1000086840F48010086008E044F22C41C5F6F3
:100B20000201086840F400100860FFE7FFE744F2A4
:100B30000041C5F60201086840F08060086008F0D6
:100B4000A7FC0290FFE744F20040C5F602000068EF
:100B500000F000610020B0EBD16F0CD1FFE708F08E
:100B600097FC0299401A032804D3FFE703208DF86D
:100B7000170006E0E7E7FFE79DF807008DF817008C
:100B8000FFE79DF8170006B080BD00BF00BF00BFA3
:100B900080B586B00490039100208DF8070044F2E0
:100BA0002840C5F60200006800F00300032804D1C5
:100BB000FFE701208DF81700CBE044F20041C5F6B5
:100BC0000201086820F08050086008F061FC029083
:100BD000FFE744F20040C5F60200006800F0005153
:100BE0000020B0EB517F0CD0FFE708F051FC0299D8
:100BF000401A032804D3FFE703208DF81700A8E06C
:100C0000E7E7FFE744F22841C5F60201086820F053
:100C10007C70049A126840EA02500860049948689F
:100C2000D1F808C0CB680A6901386FF35F204FF62E
:100C30000061CFF6FF7101EB4C2189B2084400211D
:100C4000CFF6FF7101EB034101F4FE0108444FF0C0
:100C50007F4101EB026101F0FE41084444F2404152
:100C6000C5F602010860FFE744F22C41C5F6020117
:100C70000091086820F44060049A526910430860AB
:100C8000086820F40070049A9269104308600868AC
:100C900020F48070086044F24442C5F602021068F5
:100CA0004FF6F8739843049BDB6940EAC300106079
:100CB000086840F480700860039848B9FFE744F280
:100CC0002C41C5F60201086840F48000086016E077
:100CD0000398012809D1FFE744F22C41C5F602012F
:100CE000086840F40000086008E044F22C41C5F6B2
:100CF0000201086840F080700860FFE7FFE744F2F7
:100D00000041C5F60201086840F08050086008F014
:100D1000BFFB0290FFE744F20040C5F60200006806
:100D200000F000510020B0EB517F0CD1FFE708F03C
:100D3000AFFB0299401A032804D3FFE703208DF884
:100D4000170006E0E7E7FFE79DF807008DF81700BA
:100D5000FFE79DF8170006B080BD00BF00BF00BFD1
:100D600080B581B000900099002048604FF2F710E4
:100D7000CCF6FF100860009908684A6840F0080047
:100D80004A600860009908684A6840F480604A60D8
:100D90000860009908684A6840F400604A6008608A
:100DA000009908684A6840F000704A60086000993D
:100DB00008684A6840F000504A60086044F22842DF
:100DC000C5F602021068C0F305500099886244F22B
:100DD0004040C5F6020001686FF35F210131009BBE
:100DE000D962016801F0FE43012101EB1363DDF8D4
:100DF00000C0CCF8383003689BB201EB5323DDF818
:100E000000C0CCF83030006800F4FE0001EB104068
:100E1000009B586344F22C40C5F602000368C3F3FC
:100E20008123DDF800C0CCF83C300368C3F34023D5
:100E3000DDF800C0CCF840301268C2F30532009BE8
:100E40009A6044F23842C5F6020213686FF35F23DA
:100E50000133DDF800C0CCF80C30136803F0FE431A
:100E600001EB1363DDF800C0CCF8183013689BB2B7
:100E700001EB5323DDF800C0CCF81030126802F407
:100E8000FE0201EB1241009A51610168C9B2890961
:100E9000009AD1610068C0F340100099086244F2E2
:100EA0005441C5F60201086800F03800009A9067C6
:100EB000086800F00700009A506744F25843C5F6EE
:100EC0000203186800F00700009AC2F89000086852
:100ED00000F44050009AC2F88000086800F0E0403A
:100EE000009AC2F88C00186800F4E050009AC2F82A
:100EF0009800186800F46040009AC2F89C0044F220
:100F00005042C5F60202106800F00700DDF800C08C
:100F1000CCF85800186800F46000DDF800C0CCF888
:100F2000A400186800F0E060DDF800C0CCF8A8006C
:100F300044F27040C5F60200006800F44070DDF82D
:100F400000C0CCF8B000086800F44010DDF800C024
:100F5000CCF8840044F24C40C5F60200D0F800C042
:100F60000CF4803CDDF800E0CEF850C0D1F800C0B1
:100F70000CF4407CDDF800E0CEF87CC0D3F800C073
:100F80000CF4403CDDF800E0CEF8A0C0D2F800C080
:100F90000CF0004CDDF800E0CEF870C0D2F800C0D4
:100FA0000CF0807CDDF800E0CEF868C0D2F800C01C
:100FB0000CF4401CDDF800E0CEF864C0D2F800C0AC
:100FC0000CF4E04CDDF800E0CEF85CC0D2F800C0D4
:100FD0000CF4E02CDDF800E0CEF860C01B6803F0F4
:100FE000E043DDF800C0CCF8AC30126802F04052AB
:100FF000009BDA66096801F44001009AC2F8881083
:10100000016801F00301009A9164016801F0300168
:10101000009AD164006800F040500099486544F29D
:101020001040C5F6020000680004002805D4FFE760
:1010300000990020C1F8B40005E000994FF4004089
:10104000C1F8B400FFE701B080BD00BF00BF00BF22
:1010500080B598B0179116901698179980F4807003
:101060000843002840F0A880FFE744F25040C5F64E
:101070000200006800F007000B900B98089004280D
:1010800000F295800899DFE801F00316298C3C00F6
:1010900044F20040C5F6020000688001002806D531
:1010A000FFE713A800F040FD14980C9002E0002028
:1010B0000C90FFE77EE044F20040C5F602000068B5
:1010C0000001002806D5FFE710A800F079FE10986F
:1010D0000C9002E000200C90FFE76BE044F200402F
:1010E000C5F6020000688000002806D5FFE70DA8BD
:1010F00000F0B2FF0D980C9002E000200C90FFE78A
:1011000058E044F24C40C5F60200006800F0405040
:101110000A9044F20040C5F602000068400700282B
:1011200011D5FFE70A9870B9FFE744F20040C5F611
:1011300002000068C0F3C10149F20000C0F2D030E3
:10114000C8400C902CE044F20040C5F60200006854
:10115000C00500280BD5FFE70A98B0F1805F06D1E3
:10116000FFE740F60010C0F23D000C9017E044F29B
:101170000040C5F602000068800300280BD5FFE799
:101180000A98B0F1005F06D1FFE742F20040C0F2DA
:10119000F4000C9002E000200C90FFE7FFE7FFE76F
:1011A00008E048F20000C0F2BB000C9002E0002012
:1011B0000C90FFE700F0B2BC1698179980F480609D
:1011C0000843002840F0B580FFE744F25840C5F6D8
:1011D0000200006800F460000B900B980790A8B123
:1011E000FFE70798B0F5001F23D0FFE70798B0F599
:1011F000800F31D0FFE70798B0F5C00F00F08F8067
:10120000FFE70798B0F5000F39D08EE044F20040B8
:10121000C5F6020000688001002806D5FFE713A884
:1012200000F082FC14980C9002E000200C90FFE784
:101230007EE044F20040C5F602000068000100288C
:1012400006D5FFE710A800F0BBFD10980C9002E057
:1012500000200C90FFE76BE044F20040C5F602006E
:1012600000688000002806D5FFE70DA800F0F4FE16
:101270000D980C9002E000200C90FFE758E044F23B
:101280004C40C5F60200006800F040500A9044F25D
:101290000040C5F6020000684007002811D5FFE7AE
:1012A0000A9870B9FFE744F20040C5F602000068F2
:1012B000C0F3C10149F20000C0F2D030C8400C9028
:1012C0002CE044F20040C5F602000068C00500288A
:1012D0000BD5FFE70A98B0F1805F06D1FFE740F633
:1012E0000010C0F23D000C9017E044F20040C5F63B
:1012F00002000068800300280BD5FFE70A98B0F1D0
:10130000005F06D1FFE742F20040C0F2F4000C900B
:1013100002E000200C90FFE7FFE7FFE708E048F25B
:101320000000C0F2BB000C9002E000200C90FFE730
:10133000F3E31698179980F400600843002840F002
:10134000B580FFE744F25840C5F60200006800F09F
:10135000E0600B900B980690A8B1FFE70698B0F1FB
:10136000807F23D0FFE70698B0F1007F31D0FFE700
:101370000698B0F1407F00F08F80FFE70698B0F14B
:10138000806F39D08EE044F20040C5F6020000685C
:101390008001002806D5FFE713A800F0C5FB1498CC
:1013A0000C9002E000200C90FFE77EE044F2004049
:1013B000C5F6020000680001002806D5FFE710A866
:1013C00000F0FEFC10980C9002E000200C90FFE76B
:1013D0006BE044F20040C5F602000068800000287F
:1013E00006D5FFE70DA800F037FE0D980C9002E03F
:1013F00000200C90FFE758E044F24C40C5F6020094
:10140000006800F040500A9044F20040C5F6020027
:1014100000684007002811D5FFE70A9870B9FFE778
:1014200044F20040C5F602000068C0F3C10149F271
:101430000000C0F2D030C8400C902CE044F20040D4
:10144000C5F602000068C00500280BD5FFE70A9822
:10145000B0F1805F06D1FFE740F60010C0F23D001A
:101460000C9017E044F20040C5F6020000688003CB
:1014700000280BD5FFE70A98B0F1005F06D1FFE71F
:1014800042F20040C0F2F4000C9002E000200C9008
:10149000FFE7FFE7FFE708E048F20000C0F2BB000B
:1014A0000C9002E000200C90FFE735E316981799A6
:1014B00080F480500843002840F0B580FFE744F2F4
:1014C0005040C5F60200006800F4E0400990099819
:1014D0000590A8B1FFE70598B0F5805F23D0FFE73E
:1014E0000598B0F5005F31D0FFE70598B0F5405F93
:1014F00000F08F80FFE70598B0F5804F39D08EE07F
:1015000044F20040C5F6020000688001002806D5BC
:10151000FFE713A800F008FB14980C9002E00020ED
:101520000C90FFE77EE044F20040C5F60200006840
:101530000001002806D5FFE710A800F041FC109834
:101540000C9002E000200C90FFE76BE044F20040BA
:10155000C5F6020000688000002806D5FFE70DA848
:1015600000F07AFD0D980C9002E000200C90FFE74F
:1015700058E044F24C40C5F60200006800F04050CC
:101580000A9044F20040C5F60200006840070028B7
:1015900011D5FFE70A9870B9FFE744F20040C5F69D
:1015A00002000068C0F3C10149F20000C0F2D0306F
:1015B000C8400C902CE044F20040C5F602000068E0
:1015C000C00500280BD5FFE70A98B0F1805F06D16F
:1015D000FFE740F60010C0F23D000C9017E044F227
:1015E0000040C5F602000068800300280BD5FFE725
:1015F0000A98B0F1005F06D1FFE742F20040C0F266
:10160000F4000C9002E000200C90FFE7FFE7FFE7FA
:1016100008E048F20000C0F2BB000C9002E000209D
:101620000C90FFE777E21698179980F40050084372
:10163000002840F09580FFE744F25040C5F60200D4
:10164000006800F4E020099009980490C8B1FFE711
:101650000498B0F5803F18D0FFE70498B0F5003F3C
:1016600026D0FFE70498B0F5403F34D0FFE7049858
:10167000B0F5802F4AD0FFE70498B0F5A02F58D0DE
:101680006AE0FEF72DF80C9069E044F20040C5F6E0
:10169000020000680001002806D5FFE710A800F04E
:1016A0008FFB11980C9002E000200C90FFE756E0B1
:1016B00044F20040C5F6020000688000002806D50C
:1016C000FFE70DA800F0C8FC0E980C9002E0002087
:1016D0000C90FFE743E044F20040C5F602000068CA
:1016E000400700280ED5FFE744F20040C5F602008F
:1016F0000068C0F3C10149F20000C0F2D030C84018
:101700000C9002E000200C90FFE728E044F200403B
:10171000C5F602000068C005002806D5FFE740F6C0
:101720000010C0F23D000C9002E000200C90FFE79A
:1017300015E044F20040C5F602000068800300286E
:1017400006D5FFE742F20040C0F2F4000C9002E040
:1017500000200C90FFE702E000200C90FFE7D9E1A9
:101760001698179980F400200843002840F09180D3
:10177000FFE744F25840C5F60200006800F440302C
:1017800009900998039050B1FFE70398B0F5803FA6
:1017900018D0FFE70398B0F5003F26D075E044F27B
:1017A0000040C5F6020000680001002806D5FFE7EA
:1017B00010A800F005FB10980C9002E000200C909F
:1017C000FFE765E044F20040C5F6020000688000D3
:1017D000002806D5FFE70DA800F03EFC0F980C90FE
:1017E00002E000200C90FFE752E044F24C40C5F6C6
:1017F0000200006800F040500A9044F20040C5F634
:10180000020000684007002811D5FFE70A9870B968
:10181000FFE744F20040C5F602000068C0F3C101D2
:1018200049F20000C0F2D030C8400C902CE044F2E5
:101830000040C5F602000068C00500280BD5FFE790
:101840000A98B0F1805F06D1FFE740F60010C0F2C1
:101850003D000C9017E044F20040C5F6020000681D
:10186000800300280BD5FFE70A98B0F1005F06D18E
:10187000FFE742F20040C0F2F4000C9002E00020CA
:101880000C90FFE7FFE7FFE702E000200C90FFE786
:101890003FE11698179980F480300843D8BBFFE7E2
:1018A00044F24C40C5F60200006800F48030099014
:1018B0000998029028B1FFE70298B0F5803F13D055
:1018C00025E044F20040C5F60200006880010028CF
:1018D00006D5FFE713A800F027F914980C9002E052
:1018E00000200C90FFE715E044F20040C5F602002E
:1018F00000680001002806D5FFE710A800F060FA94
:1019000012980C9002E000200C90FFE702E000200B
:101910000C90FFE7FCE01698179980F4804008438C
:10192000002840F09580FFE744F25840C5F60200D9
:10193000006800F0E040099009980190C8B1FFE705
:101940000198B0F1805F18D0FFE70198B0F1005F17
:1019500026D0FFE70198B0F1405F34D0FFE701984F
:10196000B0F1804F4AD0FFE70198B0F1A04F58D0B6
:101970006AE000F0BDFC0C9069E044F20040C5F65E
:10198000020000680001002806D5FFE710A800F05B
:1019900017FA11980C9002E000200C90FFE756E037
:1019A00044F20040C5F6020000688000002806D519
:1019B000FFE70DA800F050FB0E980C9002E000200D
:1019C0000C90FFE743E044F20040C5F602000068D7
:1019D000400700280ED5FFE744F20040C5F602009C
:1019E0000068C0F3C10149F20000C0F2D030C84025
:1019F0000C9002E000200C90FFE728E044F2004049
:101A0000C5F602000068C005002806D5FFE740F6CD
:101A10000010C0F23D000C9002E000200C90FFE7A7
:101A200015E044F20040C5F602000068800300287B
:101A300006D5FFE742F20040C0F2F4000C9002E04D
:101A400000200C90FFE702E000200C90FFE75EE032
:101A50001698179980F400400843002853D1FFE7F7
:101A600044F25040C5F60200006800F04050099072
:101A70000998009050B1FFE70098B0F1805F18D04E
:101A8000FFE70098B0F1005F26D038E044F2004054
:101A9000C5F6020000688003002806D5FFE742F281
:101AA0000040C0F2F4000C9002E000200C90FFE730
:101AB00028E044F20040C5F60200006880010028DA
:101AC00006D5FFE713A800F02FF814980C9002E059
:101AD00000200C90FFE715E044F20040C5F602003C
:101AE00000680001002806D5FFE710A800F068F99B
:101AF00011980C9002E000200C90FFE702E000201B
:101B00000C90FFE702E000200C90FFE7FFE7FFE703
:101B1000FFE7FFE7FFE7FFE7FFE7FFE70C9818B0F5
:101B200080BD00BF00BF00BF88B0079044F22840CE
:101B3000C5F60200016801F0030106910068C0F3D8
:101B40000510059044F22C40C5F60200006800F034
:101B500001000490049844F23441C5F6020109687A
:101B600089B2C908484300EE100AB8EE400A8DED6C
:101B7000020A0598002800F01181FFE706980090FE
:101B800048B1FFE70098012865D0FFE700980228D8
:101B900000F08380A3E044F20040C5F60200006834
:101BA00000F020010020B0EB511F31D0FFE744F2DC
:101BB0000040C5F602000068C0F3C10149F2000010
:101BC000C0F2D030C84003909DED030AB8EE400A41
:101BD0009DED051AB8EE411A80EE010A44F230403C
:101BE000C5F6020000686FF35F2001EE100AB8EE40
:101BF000411A9DED022A9FED6F3A02EE031AB7EEED
:101C0000002A31EE021A20EE010A8DED010A21E0D0
:101C10009DED050AB8EE401A9FED680A80EE010AB4
:101C200044F23040C5F6020000686FF35F2001EE19
:101C3000100AB8EE411A9DED022A9FED5E3A02EEBF
:101C4000031AB7EE002A31EE021A20EE010A8DEDDA
:101C5000010AFFE765E09DED050AB8EE401A9FED29
:101C6000560A80EE010A44F23040C5F602000068D0
:101C70006FF35F2001EE100AB8EE411A9DED022AC3
:101C80009FED4C3A02EE031AB7EE002A31EE021A2B
:101C900020EE010A8DED010A43E09DED050AB8EE44
:101CA000401A9FED430A80EE010A44F23040C5F627
:101CB000020000686FF35F2001EE100AB8EE411ACF
:101CC0009DED022A9FED3B3A02EE031AB7EE002A81
:101CD00031EE021A20EE010A8DED010A21E09DEDA0
:101CE000050AB8EE401A9FED350A80EE010A44F26B
:101CF0003040C5F6020000686FF35F2001EE100A65
:101D0000B8EE411A9DED022A9FED2A3A02EE031A1F
:101D1000B7EE002A31EE021A20EE010A8DED010A1B
:101D2000FFE79DED010A44F23040C5F6020001686C
:101D300089B2490A01EE101AB8EE411AB7EE002A2C
:101D400031EE021A80EE010A0799BCEEC00A81ED5D
:101D5000000A9DED010A0168C1F3064101EE101A67
:101D6000B8EE411A31EE021A80EE010A0799BCEE74
:101D7000C00A81ED010A9DED010A0068C0F306600A
:101D800001EE100AB8EE411A31EE021A80EE010A95
:101D90000798BCEEC00A80ED020A07E00799002010
:101DA00008600799486007998860FFE708B07047A6
:101DB0000024744B000000390024744A0024744C41
:101DC00088B0079044F22840C5F60200016801F08F
:101DD000030106910068C0F30530059044F22C40E1
:101DE000C5F602000068C0F300100490049844F2A5
:101DF0003C41C5F60201096889B2C908484300EEB2
:101E0000100AB8EE400A8DED020A0598002800F08D
:101E10001181FFE70698009048B1FFE7009801287C
:101E200065D0FFE70098022800F08380A3E044F229
:101E30000040C5F60200006800F020010020B0EB71
:101E4000511F31D0FFE744F20040C5F602000068A0
:101E5000C0F3C10149F20000C0F2D030C840039085
:101E60009DED030AB8EE400A9DED051AB8EE411A41
:101E700080EE010A44F23840C5F6020000686FF3B4
:101E80005F2001EE100AB8EE411A9DED022A9FED87
:101E90006F3A02EE031AB7EE002A31EE021A20EE74
:101EA000010A8DED010A21E09DED050AB8EE401A08
:101EB0009FED680A80EE010A44F23840C5F6020040
:101EC00000686FF35F2001EE100AB8EE411A9DED35
:101ED000022A9FED5E3A02EE031AB7EE002A31EEB7
:101EE000021A20EE010A8DED010AFFE765E09DED83
:101EF000050AB8EE401A9FED560A80EE010A44F238
:101F00003840C5F6020000686FF35F2001EE100A4A
:101F1000B8EE411A9DED022A9FED4C3A02EE031AEB
:101F2000B7EE002A31EE021A20EE010A8DED010A09
:101F300043E09DED050AB8EE401A9FED430A80EE9E
:101F4000010A44F23840C5F6020000686FF35F20D2
:101F500001EE100AB8EE411A9DED022A9FED3B3AC0
:101F600002EE031AB7EE002A31EE021A20EE010A41
:101F70008DED010A21E09DED050AB8EE401A9FEDB6
:101F8000340A80EE010A44F23840C5F602000068C7
:101F90006FF35F2001EE100AB8EE411A9DED022AA0
:101FA0009FED2A3A02EE031AB7EE002A31EE021A2A
:101FB00020EE010A8DED010AFFE79DED010A44F2D2
:101FC0003840C5F60200016889B2490A01EE101ACC
:101FD000B8EE411AB7EE002A31EE021A80EE010A7D
:101FE0000799BCEEC00A81ED000A9DED010A016867
:101FF000C1F3064101EE101AB8EE411A31EE021A91
:1020000080EE010A0799BCEEC00A81ED010A9DED40
:10201000010A0068C0F3066001EE100AB8EE411A2A
:1020200031EE021A80EE010A0798BCEEC00A80ED7C
:10203000020A07E00799002008600799486007999D
:102040008860FFE708B070470024744B0000003937
:102050000024744A0024744C88B0079044F228404D
:10206000C5F60200016801F0030106910068C0F3A3
:102070000550059044F22C40C5F602000068C0F3FC
:1020800000200490049844F24441C5F60201096816
:1020900089B2C908484300EE100AB8EE400A8DED37
:1020A000020A0598002800F01181FFE706980090C9
:1020B00048B1FFE70098012865D0FFE700980228A3
:1020C00000F08380A3E044F20040C5F602000068FF
:1020D00000F020010020B0EB511F31D0FFE744F2A7
:1020E0000040C5F602000068C0F3C10149F20000DB
:1020F000C0F2D030C84003909DED030AB8EE400A0C
:102100009DED051AB8EE411A80EE010A44F24040F6
:10211000C5F6020000686FF35F2001EE100AB8EE0A
:10212000411A9DED022A9FED6F3A02EE031AB7EEB7
:10213000002A31EE021A20EE010A8DED010A21E09B
:102140009DED050AB8EE401A9FED680A80EE010A7F
:1021500044F24040C5F6020000686FF35F2001EED4
:10216000100AB8EE411A9DED022A9FED5E3A02EE8A
:10217000031AB7EE002A31EE021A20EE010A8DEDA5
:10218000010AFFE765E09DED050AB8EE401A9FEDF4
:10219000560A80EE010A44F24040C5F6020000688B
:1021A0006FF35F2001EE100AB8EE411A9DED022A8E
:1021B0009FED4C3A02EE031AB7EE002A31EE021AF6
:1021C00020EE010A8DED010A43E09DED050AB8EE0F
:1021D000401A9FED430A80EE010A44F24040C5F6E2
:1021E000020000686FF35F2001EE100AB8EE411A9A
:1021F0009DED022A9FED3B3A02EE031AB7EE002A4C
:1022000031EE021A20EE010A8DED010A21E09DED6A
:10221000050AB8EE401A9FED340A80EE010A44F236
:102220004040C5F6020000686FF35F2001EE100A1F
:10223000B8EE411A9DED022A9FED2A3A02EE031AEA
:10224000B7EE002A31EE021A20EE010A8DED010AE6
:10225000FFE79DED010A44F24040C5F60200016827
:1022600089B2490A01EE101AB8EE411AB7EE002AF7
:1022700031EE021A80EE010A0799BCEEC00A81ED28
:10228000000A9DED010A0168C1F3064101EE101A32
:10229000B8EE411A31EE021A80EE010A0799BCEE3F
:1022A000C00A81ED010A9DED010A0068C0F30660D5
:1022B00001EE100AB8EE411A31EE021A80EE010A60
:1022C0000798BCEEC00A80ED020A07E007990020DB
:1022D00008600799486007998860FFE708B0704771
:1022E0000024744B000000390024744A0024744C0C
:1022F00080B5FDF7C9F944F22041C5F6020109682D
:10230000C1F3021249F21841C0F60301895C01F0E1
:102310001F01C84080BD00BF80B5FDF7B5F944F28C
:102320001841C5F602010968C1F3021249F21841C9
:10233000C0F60301895C01F01F01C84080BD00BFE9
:1023400080B582B0FCF7A4FF44F21842C5F6020241
:102350001168C1F3032349F21841C0F60301CB5CB5
:1023600003F01F03D84001900198126802F00F0299
:10237000895C01F01F01C84040F23001C2F2004107
:102380000860019840F22C01C2F2004108600198F7
:1023900002B080BD00BF00BF44F27041C5F602012B
:1023A000086840F020000860704700BF00BF00BF11
:1023B00044F27041C5F60201086820F02000086070
:1023C00044F26041C5F60201086820F4007008601C
:1023D000704700BF00BF00BF44F27041C5F6020164
:1023E000086840F02000086044F26041C5F6020130
:1023F000086840F4007008608021C5F60001086894
:1024000040F4802008604FF0B041086840F480201C
:102410000860704700BF00BF81B0009044F21041D7
:10242000C5F60201086820F04000009A10430860D9
:1024300001B0704700BF00BF81B0009044F210416E
:10244000C5F60201086820F08000009A1043086079
:1024500001B0704700BF00BF81B00090009A44F205
:10246000A041C5F6020108681043086001B070473A
:1024700080B582B0019044F29441C5F6020108682B
:1024800040F002000860086820F00200086007F0D1
:1024900093F841F2030188420CD8FFE701984068A5
:1024A000B0F1405F06D1FFE70199086889680843E9
:1024B000009007E0019908684A688968104308435A
:1024C0000090FFE70198C1680098084300900198C8
:1024D0000169009840EA01400090009848F20441E8
:1024E000C4F20001086048F20041C4F2000108682B
:1024F00020F47C50019A526940EA02200860086882
:1025000040F06000086002B080BD00BF00BF00BFA7
:1025100048F20041C4F20001086840F08000086001
:10252000704700BF00BF00BF81B0009048F2044078
:10253000C4F20000006880B20099086048F20040D0
:10254000C4F200000068C0F305200099486048F21A
:102550000840C4F200000168090C009A916000680C
:1025600000F400400099C86001B0704700BF00BF90
:1025700080B584B003900020029006F089FF01909E
:10258000FFE70398013078B1FFE706F081FF01997A
:10259000401A0399884203D8FFE7039818B9FFE768
:1025A00001200290FFE7FFE748F20840C4F2000074
:1025B0000068C00768B1FFE7029840F0020002908F
:1025C000FFE748F20C41C4F2000101200860FFE778
:1025D000FFE748F20840C4F20000006880070028C6
:1025E0000DD5FFE7029840F004000290FFE748F2A3
:1025F0000C41C4F2000102200860FFE7FFE748F247
:102600000840C4F200000068400500280DD5FFE72F
:10261000029840F020000290FFE748F20C41C4F21B
:10262000000104200860FFE7FFE748F20840C4F219
:1026300000000068C00500280DD5FFE7029840F0B3
:1026400008000290FFE748F20C41C4F200010420A8
:102650000860FFE7FFE748F20840C4F200000068A6
:10266000800500280DD5FFE7029840F01000029089
:10267000FFE748F20C41C4F2000104200860FFE7C4
:10268000FFE748F20840C4F2000000680007002895
:1026900009D5FFE7FFE748F20C41C4F2000108202A
:1026A0000860FFE7FFE7FFE7029800283FF469AF03
:1026B000FFE7029804B080BD80B584B0002003908D
:1026C00048F20840C4F200000068029048F200405E
:1026D000C4F20000006801909DF80800C00770B1C6
:1026E000FFE79DF80400C00748B1FFE748F20C413E
:1026F000C4F200010120086000F066F862E09DF875
:102700000800800700280FD5FFE79DF80400800728
:10271000002809D5FFE748F20C41C4F2000102206D
:10272000086000F055F84CE09DF80800000700280C
:102730000FD5FFE79DF804000007002809D5FFE743
:1027400048F20C41C4F200010820086000F044F88F
:1027500036E09DF808004007002830D5FFE79DF8D7
:102760000400400700282AD5FFE79DF80900C007AC
:1027700028B1FFE7039840F008000390FFE79DF8B9
:1027800009008007002805D5FFE7039840F01000F6
:102790000390FFE79DF809004007002805D5FFE7F3
:1027A000039840F020000390FFE748F20C41C4F288
:1027B000000104200860039800F012F8FFE7FFE72B
:1027C000FFE7FFE704B080BD704700BF00BF00BF58
:1027D000704700BF00BF00BF704700BF00BF00BF11
:1027E00081B0009001B0704780B544F26440C5F6F6
:1027F00002000068800500280AD5FFE744F268411E
:10280000C5F602014FF40070086000F005F8FFE71C
:1028100080BD00BF00BF00BF704700000000000087
:102820008FB00E900D9100200C908020C5F6000016
:102830000990FFE70D9800680C99C840002800F047
:10284000C181FFE70D9800680C9A01219140084072
:102850000B900B98002800F0B181FFE70D984068BD
:1028600000F00300012807D0FFE70D98406800F052
:10287000030002282FD1FFE70E9880680A900C9879
:102880004100032000FA01F10A9888430A900D984C
:10289000C0680C99490000FA01F10A9808430A90AF
:1028A0000A980E9988600E9840680A900C99012049
:1028B00000FA01F10A9888430A900D984068C0F325
:1028C00000100C9900FA01F10A9808430A900A983E
:1028D0000E994860FFE70D98406800F00300032858
:1028E00018D0FFE70E98C0680A900C9841000320AA
:1028F00000FA01F10A9888430A900D9880680C99B3
:10290000490000FA01F10A9808430A900A980E99C2
:10291000C860FFE70D98406800F00300022826D148
:10292000FFE70E980C996FF0030202EA5101084488
:10293000006A0A900C9800F0070081000F2000FA4E
:1029400001F10A9888430A900D9800690C9901F0EA
:102950000701890000FA01F10A9808430A900A98D1
:102960000E990C9B02EA530211440862FFE70E988D
:1029700000680A900C984100032000FA01F10A98BF
:1029800088430A900D98406800F003000C994900B4
:1029900000FA01F10A9808430A900A980E99086013
:1029A0000D9880798007002800F00781FFE7FFE796
:1029B00044F2F440C5F60200016841F002010160F2
:1029C000006800F0020008900898FFE70C9820F0DB
:1029D000030040F20841C5F6000140580A900C98E7
:1029E00000F0030081000F2000FA01F10A988843EB
:1029F0000A900E980021C5F60201884203D1FFE734
:102A0000002007906CE00E9840F20041C5F60201EC
:102A1000884203D1FFE7012006905EE00E9840F661
:102A20000001C5F60201884203D1FFE702200590AC
:102A300050E00E9840F60041C5F60201884203D1ED
:102A4000FFE70320049042E00E9841F20001C5F632
:102A50000201884203D1FFE70420039034E00E987E
:102A600041F20041C5F60201884203D1FFE705208B
:102A7000029026E00E9841F60001C5F60201884258
:102A800003D1FFE70620019018E00E9841F60041BF
:102A9000C5F60201884203D1FFE7072000900AE053
:102AA0000E9942F20042C5F602020A20914208BF86
:102AB00009200090FFE700980190FFE7019802903D
:102AC000FFE702980390FFE703980490FFE704985C
:102AD0000590FFE705980690FFE706980790FFE747
:102AE00007980C9901F00301890000FA01F10A9896
:102AF00008430A900A980C9921F0030140F2084219
:102B0000C5F6000288504FF0B04000680A900B995B
:102B10000A9888430A900D988079C006002805D548
:102B2000FFE70B990A9808430A90FFE70A984FF0CD
:102B3000B04108600420C5F6000000680A900B99B7
:102B40000A9888430A900D9880798006002805D558
:102B5000FFE70B990A9808430A90FFE70A980421B7
:102B6000C5F600010860099840680A900B990A9818
:102B700088430A900D9880798007002805D5FFE7E3
:102B80000B990A9808430A90FFE70A980999486048
:102B9000099800680A900B990A9888430A900D9842
:102BA0008079C00728B1FFE70B990A9808430A907B
:102BB000FFE70A9809990860FFE7FFE70C980130E2
:102BC0000C9037E60FB070478FB00E900D9100203B
:102BD0000C908020C5F600000990FFE70D980C9935
:102BE000C840002800F00381FFE70D980C9A0121EE
:102BF000914008400B900B98002800F0F480FFE70C
:102C00000C9820F0030040F20841C5F6000140583E
:102C10000A900C9800F0030081000F2000FA01F1E7
:102C20000A9808400A900A9808900E980021C5F664
:102C30000201884203D1FFE7002007906CE00E9864
:102C400040F20041C5F60201884203D1FFE70120AE
:102C500006905EE00E9840F60001C5F6020188423B
:102C600003D1FFE70220059050E00E9840F60041A6
:102C7000C5F60201884203D1FFE70320049042E039
:102C80000E9841F20001C5F60201884203D1FFE728
:102C90000420039034E00E9841F20041C5F6020191
:102CA000884203D1FFE70520029026E00E9841F606
:102CB0000001C5F60201884203D1FFE7062001901A
:102CC00018E00E9841F60041C5F60201884203D192
:102CD000FFE7072000900AE00E9942F20042C5F695
:102CE00002020A20914208BF09200090FFE70098E5
:102CF0000190FFE701980290FFE702980390FFE739
:102D000003980490FFE704980590FFE70598069064
:102D1000FFE706980790FFE7089807990C9A02F0DA
:102D200003029200914088422AD1FFE70B9A099949
:102D30000868904308600B9A099948689043486076
:102D40000B9A0421C5F600010868904308600B9AAD
:102D50004FF0B0410868904308600C9800F0030001
:102D600081000F2088400A900A9B0C9820F00301F4
:102D700040F20842C5F60002885898438850FFE7A1
:102D80000C984100032000FA01F30E9A11681943D0
:102D90001160DDF830C00CF007018A000F2101FA44
:102DA00002F30E996FF0030202EA5C020A44116A10
:102DB000994311620C99490000FA01F30E9AD16807
:102DC0009943D1600C9A012101FA02F30E9A5168DD
:102DD000994351600C99490000FA01F20E998868F4
:102DE00090438860FFE70C9801300C90F6E60FB036
:102DF000704700BF00BF00BF82B00190ADF8021065
:102E000001980069BDF80210084204D0FFE70120D4
:102E10008DF8010003E000208DF80100FFE79DF828
:102E2000010002B0704700BF82B00190ADF80210FF
:102E30008DF801209DF8010028B1FFE7BDF80200E0
:102E40000199886105E0BDF80200000401998861DC
:102E5000FFE702B0704700BF83B00290ADF80610E4
:102E6000029840690090009ABDF8060002EA00014D
:102E7000904340EA01400299886103B0704700BF67
:102E800084B00290ADF806104FF480300090BDF889
:102E9000061000980843009000980299C861BDF898
:102EA00006000299C86100980299C8610298C06939
:102EB00000900298C069C003002804D5FFE70020F5
:102EC0008DF80F0003E001208DF80F00FFE79DF85B
:102ED0000F0004B0704700BF80B582B0ADF80600A7
:102EE0008820C5F600000068BDF8061008420BD027
:102EF000FFE7BDF806008821C5F600010860BDF8AF
:102F0000060000F005F8FFE702B080BD00BF00BF7B
:102F100081B0ADF8020001B0704700000000000071
:102F200010B58EB00C9006F0B3FA0A900C9828B940
:102F3000FFE701208DF8370000F09EBC0C98016877
:102F400001201022C4F202029142079000F0A380F7
:102F5000FFE70C98016801202822C4F20202914286
:102F6000079000F09880FFE70C980168012040224C
:102F7000C4F202029142079000F08D80FFE70C98A6
:102F8000016801205822C4F202029142079000F029
:102F90008280FFE70C98016801207022C4F20202CF
:102FA0009142079077D0FFE70C98016801208822B2
:102FB000C4F20202914207906DD0FFE70C980168BD
:102FC0000120A022C4F202029142079063D0FFE7E1
:102FD0000C9801680120B822C4F2020291420790C5
:102FE00059D0FFE70C980168012040F21042C4F26A
:102FF0000202914207904ED0FFE70C980168012031
:1030000040F22842C4F202029142079043D0FFE707
:103010000C980168012040F24042C4F20202914241
:10302000079038D0FFE70C980168012040F2584221
:10303000C4F20202914207902DD0FFE70C9801687C
:10304000012040F27042C4F202029142079022D065
:10305000FFE70C980168012040F28842C4F20202A6
:103060009142079017D0FFE70C980168012040F2C9
:10307000A042C4F20202914207900CD0FFE70C98E4
:1030800000684FF64831CBF6FD710844B0FA80F085
:1030900040090790FFE70798C007002800F07881F3
:1030A000FFE70C98406A08B1FFE7FFE70C990220A0
:1030B00081F83500FFE70C99002081F83400FFE724
:1030C0000C9800681021C4F20201884200F081804F
:1030D000FFE70C9800682821C4F20201884278D0EA
:1030E000FFE70C9800684021C4F20201884270D0CA
:1030F000FFE70C9800685821C4F20201884268D0AA
:10310000FFE70C9800687021C4F20201884260D089
:10311000FFE70C9800688821C4F20201884258D069
:10312000FFE70C980068A021C4F20201884250D049
:10313000FFE70C980068B821C4F20201884248D029
:10314000FFE70C98006840F21041C4F20201884287
:103150003FD0FFE70C98006840F22841C4F202011A
:10316000884236D0FFE70C98006840F24041C4F234
:10317000020188422DD0FFE70C98006840F25841C8
:10318000C4F20201884224D0FFE70C98006840F2A4
:103190007041C4F2020188421BD0FFE70C9800681E
:1031A00040F28841C4F20201884212D0FFE70C9835
:1031B000006840F2A041C4F20201884209D0FFE752
:1031C0000C98006840F2B841C4F20201884207D16D
:1031D000FFE70C980168086820F00100086006E02D
:1031E0000C980168086820F001000860FFE7FFE71D
:1031F0000C9800680068C00798B1FFE706F048F92E
:103200000A99401A06280BD3FFE70C99202048653D
:103210000C99032081F8350001208DF837002BE34D
:10322000E6E70C98006800680B900B9848F23F01A5
:10323000CFF6106108400B900C998868D1F80CC04B
:103240000B694A6940EA0C00184310438A6910432D
:10325000CA691043096A01430B9808430B900C9804
:10326000406A042808D1FFE70C99C86A096B01433A
:103270000B9808430B90FFE70C984068292807D368
:10328000FFE70C98416801202F29069036D3FFE70D
:103290000C9840683F2807D3FFE70C98416801204D
:1032A000432906902AD3FFE70C984068472807D3A4
:1032B000FFE70C9841680120492906901ED3FFE7DB
:1032C0000C9840684F2807D3FFE70C98416801200D
:1032D0005329069012D3FFE70C9841680020742907
:1032E000059008D3FFE70C9841680020782938BF83
:1032F00001200590FFE705980690FFE70698C007B4
:1033000028B1FFE70B9840F480100B90FFE70B9873
:103310000C99096808600C98006840690B900B983C
:1033200020F007000B900C98416A0B9808430B9013
:103330000C98406A04281AD1FFE70C98816A0B9810
:1033400008430B900C98C06A80B1FFE70C9800F01E
:1033500097FA50B1FFE70C99402048650C9901207D
:1033600081F835008DF8370086E2FFE7FFE70B981C
:103370000C99096848610C9800F0FAFA09900C98C9
:10338000C06D00F01F013F2088400999886026E148
:103390000C980168012045F20842C5F602029142EC
:1033A00004904ED0FFE70C980168012045F21C42C2
:1033B000C5F602029142049043D0FFE70C980168E1
:1033C000012045F23042C5F602029142049038D005
:1033D000FFE70C980168012045F24442C5F602025D
:1033E000914204902DD0FFE70C980168012045F22E
:1033F0005842C5F602029142049022D0FFE70C9891
:103400000168012045F26C42C5F602029142049027
:1034100017D0FFE70C980168012045F28042C5F6FD
:103420000202914204900CD0FFE70C9800684AF623
:103430006C31CAF2FD710844B0FA80F04009049082
:10344000FFE70498C007002800F0BD80FFE70C9854
:103450000168012045F20842C5F60202914203903C
:103460004ED0FFE70C980168012045F21C42C5F6DA
:1034700002029142039043D0FFE70C9801680120BB
:1034800045F23042C5F602029142039038D0FFE780
:103490000C980168012045F24442C5F602029142AF
:1034A00003902DD0FFE70C980168012045F25842A7
:1034B000C5F602029142039022D0FFE70C98016802
:1034C000012045F26C42C5F602029142039017D0EA
:1034D000FFE70C980168012045F28042C5F6020220
:1034E000914203900CD0FFE70C9800684AF66C31CB
:1034F000CAF2FD710844B0FA80F040090390FFE77A
:103500000398C00708B1FFE7FFE70C99022081F894
:103510003500FFE70C99002081F83400FFE70C9894
:10352000006800680B900B986FF310100B900C98CC
:103530008068402803D1FFE71020029008E00C9833
:1035400080688038B0FA80F0400980030290FFE77D
:1035500002980C99CA680B69D1F814C0D1F818E028
:10356000CC694EEA040E4CEA0E0C43EA0C031A43F3
:1035700040EAD200096A40EA11110B9808430B9007
:103580000B980C99096808600C9908684AF6F8329B
:10359000CAF2FD7210444CF6CD42CCF6CC42A0FBF0
:1035A00002026FF0030000EA9200C8650C9800F078
:1035B000DFF908900C98C06D00F01F0101208840D1
:1035C000089948600AE00C99402048650C9903204E
:1035D00081F8350001208DF837004DE1FFE70C98A8
:1035E000016801201022C4F202029142019000F011
:1035F0000381FFE70C98016801202822C4F202022F
:103600009142019000F0F880FFE70C9801680120DA
:103610004022C4F202029142019000F0ED80FFE7E7
:103620000C98016801205822C4F2020291420190D4
:1036300000F0E280FFE70C98016801207022C4F2DC
:1036400002029142019000F0D780FFE70C980168D8
:1036500001208822C4F202029142019000F0CC8045
:10366000FFE70C9801680120A022C4F202029142F7
:10367000019000F0C180FFE70C9801680120B8229A
:10368000C4F202029142019000F0B680FFE70C986C
:103690000168012040F21042C4F2020291420190FE
:1036A00000F0AA80FFE70C980168012040F2284250
:1036B000C4F202029142019000F09E80FFE70C9854
:1036C0000168012040F24042C4F20202914201909E
:1036D00000F09280FFE70C980168012040F2584208
:1036E000C4F202029142019000F08680FFE70C983C
:1036F0000168012040F27042C4F20202914201903E
:103700007AD0FFE70C980168012040F28842C4F2A9
:103710000202914201906FD0FFE70C9801680120EE
:1037200040F2A042C4F202029142019064D0FFE74D
:103730000C980168012040F2B842C4F202029142A2
:10374000019059D0FFE70C980168012045F208422A
:10375000C5F60202914201904ED0FFE70C98016835
:10376000012045F21C42C5F602029142019043D06D
:10377000FFE70C980168012045F23042C5F60202CD
:103780009142019038D0FFE70C980168012045F282
:103790004442C5F60202914201902DD0FFE70C98F9
:1037A0000168012045F25842C5F60202914201909B
:1037B00022D0FFE70C980168012045F26C42C5F663
:1037C00002029142019017D0FFE70C980168012096
:1037D00045F28042C5F60202914201900CD0FFE70B
:1037E0000C9800684AF66C31CAF2FD710844B0FAD0
:1037F00080F040090190FFE70198C00790B3FFE710
:103800000C9800F09DF90C988068802804D1FFE79F
:103810000C9900204860FFE70C990879096E086050
:103820000C98416E806E48600C98406888B1FFE744
:103830000C98406808280CD8FFE70C9800F03CFA78
:103840000C98C16E002008600C98016F406F4860B2
:1038500007E00C990020C8660C9908670C99486726
:10386000FFE7FFE70C99002048650C9A012182F8D8
:1038700035108DF83700FFE79DF837000EB010BD0A
:1038800085B0049000208DF80F000498806918BB63
:10389000FFE70498806A029003281BD80299DFE8AA
:1038A00001F0020D0218049890F82F00C00720B113
:1038B000FFE701208DF80F00FFE70CE00498C06AD5
:1038C000B0F1C07F04D1FFE701208DF80F00FFE7C2
:1038D00001E000E0FFE747E004988069B0F5005F91
:1038E00026D1FFE70498806A019003281ED8019929
:1038F000DFE801F00206021101208DF80F0016E04A
:10390000049890F82F00C00720B1FFE701208DF840
:103910000F00FFE70BE00498C06AB0F1C07F04D14C
:10392000FFE701208DF80F00FFE700E0FFE71AE056
:103930000498806A0090032804D3FFE700980328C6
:1039400004D00EE001208DF80F000BE0049890F8F1
:103950002F00C00720B1FFE701208DF80F00FFE71F
:1039600000E0FFE7FFE7FFE79DF80F0005B07047B5
:1039700083B002900298016801201022C4F2020272
:103980009142009000F0A380FFE7029801680120B7
:103990002822C4F202029142009000F09880FFE7D2
:1039A0000298016801204022C4F202029142009074
:1039B00000F08D80FFE70298016801205822C4F2D0
:1039C00002029142009000F08280FFE702980168B5
:1039D00001207022C4F202029142009077D0FFE7EA
:1039E0000298016801208822C4F2020291420090EC
:1039F0006DD0FFE7029801680120A022C4F2020204
:103A00009142009063D0FFE7029801680120B8223C
:103A1000C4F202029142009059D0FFE70298016877
:103A2000012040F21042C4F20202914200904ED0B6
:103A3000FFE702980168012040F22842C4F2020226
:103A40009142009043D0FFE702980168012040F2C4
:103A50004042C4F202029142009038D0FFE702983F
:103A60000168012040F25842C4F2020291420090E3
:103A70002DD0FFE702980168012040F27042C4F2A5
:103A800002029142009022D0FFE7029801680120D3
:103A900040F28842C4F202029142009017D0FFE740
:103AA00002980168012040F2A042C4F20202914251
:103AB00000900CD0FFE7029800684FF64831CBF633
:103AC000FD710844B0FA80F040090090FFE70098CB
:103AD000C00740B3FFE70298007810384AF6AB21E0
:103AE000CAF6AA21A0FB011000090190019800F07C
:103AF000070149F23840C0F60300405C0299C865EE
:103B00000198042807D3FFE702990868042262F3AA
:103B10000900886506E00299086840F2FF32904388
:103B20008865FFE705E00299086820F0FF008865D6
:103B3000FFE70298806D03B0704700BF00BF00BF71
:103B400084B00390039800680190039801680120F5
:103B500045F20842C5F60202914200904ED0FFE7BE
:103B600003980168012045F21C42C5F60202914209
:103B7000009043D0FFE703980168012045F23042EE
:103B8000C5F602029142009038D0FFE70398016821
:103B9000012045F24442C5F60202914200902DD028
:103BA000FFE703980168012045F25842C5F602027A
:103BB0009142009022D0FFE703980168012045F26E
:103BC0006C42C5F602029142009017D0FFE70398BD
:103BD0000168012045F28042C5F602029142009040
:103BE0000CD0FFE7039800684AF66C31CAF2FD7109
:103BF0000844B0FA80F040090090FFE70098C00741
:103C000010B3FFE70398007808384CF6CD41CCF6A6
:103C1000CC41A0FB011000090290029945F600007A
:103C2000C5F6020000EB810003990866039945F68A
:103C30008000C5F602004866029800F01F010120CE
:103C400088400399886635E00398007810384AF672
:103C5000AB21CAF6AA21A0FB01100009029001982D
:103C600040F2B841C4F2020188420CD8FFE7019843
:103C700040F21041C4F20201884204D3FFE70298E7
:103C800008300290FFE7029940F60000C4F20200FB
:103C900000EB810003990866039940F68000C4F2A6
:103CA00002004866029800F01F0101208840039935
:103CB0008866FFE704B0704783B0029002980079ED
:103CC00001900198002800F08A80FFE701980828F9
:103CD00000F28580FFE702980168012045F2084262
:103CE000C5F60202914200904ED0FFE702980168AB
:103CF000012045F21C42C5F602029142009043D0D9
:103D0000FFE702980168012045F23042C5F6020241
:103D10009142009038D0FFE702980168012045F2F7
:103D20004442C5F60202914200902DD0FFE702986E
:103D30000168012045F25842C5F602029142009006
:103D400022D0FFE702980168012045F26C42C5F6D7
:103D500002029142009017D0FFE70298016801200B
:103D600045F28042C5F60202914200900CD0FFE776
:103D7000029800684AF66C31CAF2FD710844B0FA44
:103D800080F040090090FFE70098C00780B1FFE78E
:103D9000019945F6FC00C5F6020000EB810002998E
:103DA000C866029945F64010C5F6020008670FE0A4
:103DB000019940F6FC00C4F2020000EB8100029978
:103DC000C866029940F64010C4F202000867FFE797
:103DD0000198411E0120884002994867FFE703B01F
:103DE000704700BF00BF00BF80B588B0069006983E
:103DF00020B9FFE701208DF81F002FE20698006828
:103E00001021C4F20201884200F08180FFE7069889
:103E100000682821C4F20201884278D0FFE70698A2
:103E200000684021C4F20201884270D0FFE7069882
:103E300000685821C4F20201884268D0FFE7069862
:103E400000687021C4F20201884260D0FFE7069842
:103E500000688821C4F20201884258D0FFE7069822
:103E60000068A021C4F20201884250D0FFE7069802
:103E70000068B821C4F20201884248D0FFE70698E2
:103E8000006840F21041C4F2020188423FD0FFE7CF
:103E90000698006840F22841C4F20201884236D0F8
:103EA000FFE70698006840F24041C4F202018842F0
:103EB0002DD0FFE70698006840F25841C4F2020195
:103EC000884224D0FFE70698006840F27041C4F2AF
:103ED000020188421BD0FFE70698006840F2884143
:103EE000C4F20201884212D0FFE70698006840F24F
:103EF000A041C4F20201884209D0FFE70698006899
:103F000040F2B841C4F20201884207D1FFE70698A7
:103F10000168086820F00100086006E00698016862
:103F2000086820F001000860FFE70698016801209A
:103F30001022C4F202029142039000F0A380FFE736
:103F40000698016801202822C4F2020291420390DF
:103F500000F09880FFE70698016801204022C4F233
:103F600002029142039000F08D80FFE706980168FD
:103F700001205822C4F202029142039000F0828094
:103F8000FFE70698016801207022C4F20202914204
:103F9000039077D0FFE70698016801208822C4F2D9
:103FA0000202914203906DD0FFE70698016801205C
:103FB000A022C4F202029142039063D0FFE7069868
:103FC00001680120B822C4F202029142039059D044
:103FD000FFE706980168012040F21042C4F2020295
:103FE000914203904ED0FFE706980168012040F20D
:103FF0002842C4F202029142039043D0FFE70698A0
:104000000168012040F24042C4F202029142039052
:1040100038D0FFE706980168012040F25842C4F208
:104020000202914203902DD0FFE70698016801201B
:1040300040F27042C4F202029142039022D0FFE7A4
:1040400006980168012040F28842C4F202029142BF
:10405000039017D0FFE706980168012040F2A042C4
:10406000C4F20202914203900CD0FFE70698006868
:104070004FF64831CBF6FD710844B0FA80F04009A4
:104080000390FFE70398C00708B3FFE706980168AD
:1040900000200860069909684860069909688860E8
:1040A00006990968C8600699096808610698016858
:1040B000212048610698FFF75BFC05900698C06DCB
:1040C00000F01F013F208840059988607EE0069837
:1040D0000168012045F20842C5F6020291420290B1
:1040E0004ED0FFE706980168012045F21C42C5F654
:1040F00002029142029043D0FFE706980168012036
:1041000045F23042C5F602029142029038D0FFE7F4
:1041100006980168012045F24442C5F60202914228
:1041200002902DD0FFE706980168012045F2584221
:10413000C5F602029142029022D0FFE7069801687C
:10414000012045F26C42C5F602029142029017D05E
:10415000FFE706980168012045F28042C5F6020299
:10416000914202900CD0FFE7069800684AF66C3145
:10417000CAF2FD710844B0FA80F040090290FFE7EE
:104180000298C007E8B1FFE70698016800200860C0
:10419000069909684860069909688860069909685F
:1041A000C8600699096808610698FFF7E1FB04906A
:1041B0000698C06D00F01F010120884004994860F6
:1041C00003E001208DF81F0048E0FFE70698FFF7A5
:1041D000B7FC0698006E48B1FFE70698016E002014
:1041E00008600698416E806E4860FFE70698406858
:1041F00088B1FFE70698406808280CD8FFE70698C2
:10420000FFF75AFD0698C16E002008600698016FFE
:10421000406F4860FFE7069900200190C866069944
:104220000867069948670699C8630699086406995D
:104230004864069988640699C864069908650699D1
:104240004865069981F83500FFE70699002081F856
:104250003400FFE700208DF81F00FFE79DF81F00E6
:1042600008B080BD00BF00BF80B586B00490039148
:104270000292019300208DF80300049820B9FFE713
:1042800001208DF8170066E1FFE7049890F83400EC
:10429000012804D1FFE702208DF817005BE10499A3
:1042A000012081F83400FFE7FFE7049890F835001B
:1042B000012840F03D81FFE70499022081F8350094
:1042C000049900204865049800681021C4F2020196
:1042D000884200F08180FFE7049800682821C4F23A
:1042E0000201884278D0FFE7049800684021C4F2B8
:1042F0000201884270D0FFE7049800685821C4F298
:104300000201884268D0FFE7049800687021C4F277
:104310000201884260D0FFE7049800688821C4F257
:104320000201884258D0FFE704980068A021C4F237
:104330000201884250D0FFE704980068B821C4F217
:104340000201884248D0FFE70498006840F210411B
:10435000C4F2020188423FD0FFE70498006840F2AF
:104360002841C4F20201884236D0FFE70498006871
:1043700040F24041C4F2020188422DD0FFE7049888
:10438000006840F25841C4F20201884224D0FFE79D
:104390000498006840F27041C4F2020188421BD0C8
:1043A000FFE70498006840F28841C4F202018842A5
:1043B00012D0FFE70498006840F2A041C4F2020165
:1043C000884209D0FFE70498006840F2B841C4F27F
:1043D0000201884207D1FFE704980168086820F0CD
:1043E0000100086006E004980168086820F00100F8
:1043F0000860FFE704980399029A019B00F0B0F867
:10440000049800681021C4F20201884200F0818003
:10441000FFE7049800682821C4F20201884278D09E
:10442000FFE7049800684021C4F20201884270D07E
:10443000FFE7049800685821C4F20201884268D05E
:10444000FFE7049800687021C4F20201884260D03E
:10445000FFE7049800688821C4F20201884258D01E
:10446000FFE704980068A021C4F20201884250D0FE
:10447000FFE704980068B821C4F20201884248D0DE
:10448000FFE70498006840F21041C4F2020188423C
:104490003FD0FFE70498006840F22841C4F20201CF
:1044A000884236D0FFE70498006840F24041C4F2E9
:1044B000020188422DD0FFE70498006840F258417D
:1044C000C4F20201884224D0FFE70498006840F259
:1044D0007041C4F2020188421BD0FFE704980068D3
:1044E00040F28841C4F20201884212D0FFE70498EA
:1044F000006840F2A041C4F20201884209D0FFE7FF
:104500000498006840F2B841C4F20201884207D121
:10451000FFE704980168086840F00100086006E0C1
:1045200004980168086840F001000860FFE70DE0AA
:1045300004994FF400604865FFE70499002081F872
:104540003400FFE701208DF80300FFE79DF803002A
:104550008DF81700FFE79DF8170006B080BD00BF7B
:1045600089B008900791069205930898806D049091
:104570000898806D03900898016801201022C4F209
:1045800002029142029000F00381FFE7089801685F
:1045900001202822C4F202029142029000F0F88029
:1045A000FFE70898016801204022C4F2020291420C
:1045B000029000F0ED80FFE7089801680120582282
:1045C000C4F202029142029000F0E280FFE70898F4
:1045D000016801207022C4F202029142029000F0B0
:1045E000D780FFE70898016801208822C4F2020200
:1045F0009142029000F0CC80FFE70898016801200A
:10460000A022C4F202029142029000F0C180FFE7B2
:10461000089801680120B822C4F202029142029077
:1046200000F0B680FFE708980168012040F21042D0
:10463000C4F202029142029000F0AA80FFE70898BB
:104640000168012040F22842C4F202029142029025
:1046500000F09E80FFE708980168012040F2404288
:10466000C4F202029142029000F09280FFE70898A3
:104670000168012040F25842C4F2020291420290C5
:1046800000F08680FFE708980168012040F2704240
:10469000C4F20202914202907AD0FFE708980168C2
:1046A000012040F28842C4F20202914202906FD08F
:1046B000FFE708980168012040F2A042C4F202021C
:1046C0009142029064D0FFE708980168012040F20F
:1046D000B842C4F202029142029059D0FFE7089812
:1046E0000168012045F20842C5F60202914202909B
:1046F0004ED0FFE708980168012045F21C42C5F63C
:1047000002029142029043D0FFE70898016801201D
:1047100045F23042C5F602029142029038D0FFE7DE
:1047200008980168012045F24442C5F60202914210
:1047300002902DD0FFE708980168012045F2584209
:10474000C5F602029142029022D0FFE70898016864
:10475000012045F26C42C5F602029142029017D048
:10476000FFE708980168012045F28042C5F6020281
:10477000914202900CD0FFE7089800684AF66C312D
:10478000CAF2FD710844B0FA80F040090290FFE7D8
:104790000298C00770B1FFE70898416E806E4860CC
:1047A0000898C06E28B1FFE70898016F406F486015
:1047B000FFE7FFE70898016801201022C4F2020217
:1047C0009142019000F0A380FFE708980168012062
:1047D0002822C4F202029142019000F09880FFE783
:1047E0000898016801204022C4F20202914201901F
:1047F00000F08D80FFE70898016801205822C4F27C
:1048000002029142019000F08280FFE7089801685F
:1048100001207022C4F202029142019077D0FFE79A
:104820000898016801208822C4F202029142019096
:104830006DD0FFE7089801680120A022C4F20202AF
:104840009142019063D0FFE7089801680120B822E7
:10485000C4F202029142019059D0FFE70898016822
:10486000012040F21042C4F20202914201904ED067
:10487000FFE708980168012040F22842C4F20202D2
:104880009142019043D0FFE708980168012040F26F
:104890004042C4F202029142019038D0FFE70898EA
:1048A0000168012040F25842C4F202029142019094
:1048B0002DD0FFE708980168012040F27042C4F251
:1048C00002029142019022D0FFE70898016801207E
:1048D00040F28842C4F202029142019017D0FFE7F1
:1048E00008980168012040F2A042C4F202029142FD
:1048F00001900CD0FFE7089800684FF64831CBF6DE
:10490000FD710844B0FA80F040090190FFE701987A
:10491000C00750B3FFE70898C06D00F01F013F20AB
:1049200088400499886008980168086820F480200D
:1049300008600598089909684860089880684028C8
:1049400009D1FFE7069808990968886007980899CF
:104950000968C86008E0079808990968886006989F
:1049600008990968C860FFE782E00898016801209B
:1049700045F20842C5F60202914200904ED0FFE790
:1049800008980168012045F21C42C5F602029142D6
:10499000009043D0FFE708980168012045F23042BB
:1049A000C5F602029142009038D0FFE708980168EE
:1049B000012045F24442C5F60202914200902DD0FA
:1049C000FFE708980168012045F25842C5F6020247
:1049D0009142009022D0FFE708980168012045F23B
:1049E0006C42C5F602029142009017D0FFE708988A
:1049F0000168012045F28042C5F602029142009012
:104A00000CD0FFE7089800684AF66C31CAF2FD71D5
:104A10000844B0FA80F040090090FFE70098C00712
:104A200020B3FFE70898C06D00F01F010120884007
:104A30000399486005980899096848600898806853
:104A4000402809D1FFE70698089909688860079807
:104A500008990968C86008E007980899096888609B
:104A6000069808990968C860FFE700E0FFE7FFE7DC
:104A700009B0704700BF00BF80B588B006900591AF
:104A80000492039300208DF80B00069820B9FFE7ED
:104A900001208DF81F006CE3FFE7069890F83400C2
:104AA000012804D1FFE702208DF81F0061E3069979
:104AB000012081F83400FFE7FFE7069890F8350001
:104AC000012840F04383FFE70699022081F8350072
:104AD000069900204865069800681021C4F202017A
:104AE000884200F08180FFE7069800682821C4F220
:104AF0000201884278D0FFE7069800684021C4F29E
:104B00000201884270D0FFE7069800685821C4F27D
:104B10000201884268D0FFE7069800687021C4F25D
:104B20000201884260D0FFE7069800688821C4F23D
:104B30000201884258D0FFE706980068A021C4F21D
:104B40000201884250D0FFE706980068B821C4F2FD
:104B50000201884248D0FFE70698006840F2104101
:104B6000C4F2020188423FD0FFE70698006840F295
:104B70002841C4F20201884236D0FFE70698006857
:104B800040F24041C4F2020188422DD0FFE706986E
:104B9000006840F25841C4F20201884224D0FFE785
:104BA0000698006840F27041C4F2020188421BD0AE
:104BB000FFE70698006840F28841C4F2020188428B
:104BC00012D0FFE70698006840F2A041C4F202014B
:104BD000884209D0FFE70698006840F2B841C4F265
:104BE0000201884207D1FFE706980168086820F0B3
:104BF0000100086006E006980168086820F00100DE
:104C00000860FFE706980599049A039BFFF7A8FC44
:104C10000698016801201022C4F20202914201901C
:104C200000F0A380FFE70698016801202822C4F263
:104C300002029142019000F09880FFE70698016817
:104C400001204022C4F202029142019000F08D80C6
:104C5000FFE70698016801205822C4F2020291423F
:104C6000019000F08280FFE7069801680120702221
:104C7000C4F202029142019077D0FFE706980168E2
:104C800001208822C4F20202914201906DD0FFE718
:104C9000069801680120A022C4F20202914201900C
:104CA00063D0FFE7069801680120B822C4F202022F
:104CB0009142019059D0FFE706980168012040F227
:104CC0001042C4F20202914201904ED0FFE70698D2
:104CD0000168012040F22842C4F202029142019090
:104CE00043D0FFE706980168012040F24042C4F239
:104CF00002029142019038D0FFE706980168012036
:104D000040F25842C4F20202914201902DD0FFE7D6
:104D100006980168012040F27042C4F202029142FA
:104D2000019022D0FFE706980168012040F28842F6
:104D3000C4F202029142019017D0FFE70698016881
:104D4000012040F2A042C4F20202914201900CD034
:104D5000FFE7069800684FF64831CBF6FD7108442E
:104D6000B0FA80F040090190FFE70198C007A8B1B0
:104D7000FFE70698006800680B2161F3440006997C
:104D8000096808600698006C38B1FFE7069801686A
:104D9000086840F008000860FFE714E00698006823
:104DA0000068052161F343000699096808600698C8
:104DB000006C38B1FFE706980168086840F004000D
:104DC0000860FFE7FFE70698016801201022C4F29F
:104DD00002029142009000F00381FFE7069801680B
:104DE00001202822C4F202029142009000F0F880D3
:104DF000FFE70698016801204022C4F202029142B6
:104E0000009000F0ED80FFE706980168012058222D
:104E1000C4F202029142009000F0E280FFE706989F
:104E2000016801207022C4F202029142009000F059
:104E3000D780FFE70698016801208822C4F20202A9
:104E40009142009000F0CC80FFE7069801680120B5
:104E5000A022C4F202029142009000F0C180FFE75C
:104E6000069801680120B822C4F202029142009023
:104E700000F0B680FFE706980168012040F210427A
:104E8000C4F202029142009000F0AA80FFE7069867
:104E90000168012040F22842C4F2020291420090CF
:104EA00000F09E80FFE706980168012040F2404232
:104EB000C4F202029142009000F09280FFE706984F
:104EC0000168012040F25842C4F20202914200906F
:104ED00000F08680FFE706980168012040F27042EA
:104EE000C4F20202914200907AD0FFE7069801686E
:104EF000012040F28842C4F20202914200906FD039
:104F0000FFE706980168012040F2A042C4F20202C5
:104F10009142009064D0FFE706980168012040F2BA
:104F2000B842C4F202029142009059D0FFE70698BD
:104F30000168012045F20842C5F602029142009044
:104F40004ED0FFE706980168012045F21C42C5F6E5
:104F500002029142009043D0FFE7069801680120C9
:104F600045F23042C5F602029142009038D0FFE788
:104F700006980168012045F24442C5F602029142BA
:104F800000902DD0FFE706980168012045F25842B5
:104F9000C5F602029142009022D0FFE70698016810
:104FA000012045F26C42C5F602029142009017D0F2
:104FB000FFE706980168012045F28042C5F602022B
:104FC000914200900CD0FFE7069800684AF66C31D9
:104FD000CAF2FD710844B0FA80F040090090FFE782
:104FE0000098C007D0B1FFE70698006E0068C003C4
:104FF000002807D5FFE70698016E086840F4807026
:105000000860FFE70698C06E38B1FFE70698C16EEA
:10501000086840F480700860FFE7FFE706980068C2
:105020001021C4F20201884200F08180FFE7069857
:1050300000682821C4F20201884278D0FFE7069870
:1050400000684021C4F20201884270D0FFE7069850
:1050500000685821C4F20201884268D0FFE7069830
:1050600000687021C4F20201884260D0FFE7069810
:1050700000688821C4F20201884258D0FFE70698F0
:105080000068A021C4F20201884250D0FFE70698D0
:105090000068B821C4F20201884248D0FFE70698B0
:1050A000006840F21041C4F2020188423FD0FFE79D
:1050B0000698006840F22841C4F20201884236D0C6
:1050C000FFE70698006840F24041C4F202018842BE
:1050D0002DD0FFE70698006840F25841C4F2020163
:1050E000884224D0FFE70698006840F27041C4F27D
:1050F000020188421BD0FFE70698006840F2884111
:10510000C4F20201884212D0FFE70698006840F21C
:10511000A041C4F20201884209D0FFE70698006866
:1051200040F2B841C4F20201884207D1FFE7069875
:105130000168086840F00100086006E00698016810
:10514000086840F001000860FFE70DE006994FF4A1
:1051500000604865FFE70699002081F83400FFE70A
:1051600001208DF80B00FFE79DF80B008DF81F0064
:10517000FFE79DF81F0008B080BD00BF00BF00BF63
:1051800080B58AB0089004F083F90490089828B993
:10519000FFE701208DF8270000F0AABC089890F8DE
:1051A000350002280ED0FFE7089980204865FFE708
:1051B0000899002081F83400FFE701208DF82700CE
:1051C00000F096BC0898016801201022C4F2020287
:1051D0009142039000F0A380FFE708980168012046
:1051E0002822C4F202029142039000F09880FFE767
:1051F0000898016801204022C4F202029142039003
:1052000000F08D80FFE70898016801205822C4F261
:1052100002029142039000F08280FFE70898016843
:1052200001207022C4F202029142039077D0FFE77E
:105230000898016801208822C4F20202914203907A
:105240006DD0FFE7089801680120A022C4F2020295
:105250009142039063D0FFE7089801680120B822CB
:10526000C4F202029142039059D0FFE70898016806
:10527000012040F21042C4F20202914203904ED04B
:10528000FFE708980168012040F22842C4F20202B8
:105290009142039043D0FFE708980168012040F253
:1052A0004042C4F202029142039038D0FFE70898CE
:1052B0000168012040F25842C4F202029142039078
:1052C0002DD0FFE708980168012040F27042C4F237
:1052D00002029142039022D0FFE708980168012062
:1052E00040F28842C4F202029142039017D0FFE7D5
:1052F00008980168012040F2A042C4F202029142E3
:1053000003900CD0FFE7089800684FF64831CBF6C1
:10531000FD710844B0FA80F040090390FFE703985C
:10532000C00780B1FFE708980168086820F01E00F8
:10533000086008980168486920F080004861089872
:105340000068059009E008980168086820F00E00E0
:105350000860089800680590FFE708980168012038
:105360001022C4F202029142029000F00381FFE792
:105370000898016801202822C4F20202914202909A
:1053800000F0F880FFE70898016801204022C4F28D
:1053900002029142029000F0ED80FFE70898016858
:1053A00001205822C4F202029142029000F0E280F1
:1053B000FFE70898016801207022C4F202029142BE
:1053C000029000F0D780FFE708980168012088224A
:1053D000C4F202029142029000F0CC80FFE70898EC
:1053E00001680120A022C4F202029142029000F062
:1053F000C180FFE7089801680120B822C4F20202C8
:105400009142029000F0B680FFE708980168012001
:1054100040F21042C4F202029142029000F0AA80CF
:10542000FFE708980168012040F22842C4F2020216
:105430009142029000F09E80FFE7089801680120E9
:1054400040F24042C4F202029142029000F0928087
:10545000FFE708980168012040F25842C4F20202B6
:105460009142029000F08680FFE7089801680120D1
:1054700040F27042C4F20202914202907AD0FFE7F9
:1054800008980168012040F28842C4F20202914269
:1054900002906FD0FFE708980168012040F2A04217
:1054A000C4F202029142029064D0FFE708980168BA
:1054B000012040F2B842C4F202029142029059D057
:1054C000FFE708980168012045F20842C5F602028C
:1054D000914202904ED0FFE708980168012045F202
:1054E0001C42C5F602029142029043D0FFE70898A1
:1054F0000168012045F23042C5F602029142029055
:1055000038D0FFE708980168012045F24442C5F60B
:105510000202914202902DD0FFE708980168012015
:1055200045F25842C5F602029142029022D0FFE7AE
:1055300008980168012045F26C42C5F602029142CA
:10554000029017D0FFE708980168012045F28042D9
:10555000C5F60202914202900CD0FFE7089800685D
:105560004AF66C31CAF2FD710844B0FA80F0400985
:105570000290FFE70298C00738B1FFE70898016E74
:10558000086820F480700860FFE708980068102120
:10559000C4F20201884200F08180FFE708980068A9
:1055A0002821C4F20201884278D0FFE708980068F9
:1055B0004021C4F20201884270D0FFE708980068D9
:1055C0005821C4F20201884268D0FFE708980068B9
:1055D0007021C4F20201884260D0FFE70898006899
:1055E0008821C4F20201884258D0FFE70898006879
:1055F000A021C4F20201884250D0FFE70898006859
:10560000B821C4F20201884248D0FFE70898006838
:1056100040F21041C4F2020188423FD0FFE70898EF
:10562000006840F22841C4F20201884236D0FFE708
:105630000898006840F24041C4F2020188422DD02F
:10564000FFE70898006840F25841C4F2020188421E
:1056500024D0FFE70898006840F27041C4F20201CC
:1056600088421BD0FFE70898006840F28841C4F2E6
:105670000201884212D0FFE70898006840F2A0417A
:10568000C4F20201884209D0FFE70898006840F29E
:10569000B841C4F20201884207D1FFE708980168C7
:1056A000086820F00100086006E0089801680868B2
:1056B00020F001000860FFE7FFE705980068C007D9
:1056C000C8B1FFE703F0E4FE0499401A062811D39D
:1056D000FFE70899202048650899032081F83500E4
:1056E000FFE70899002081F83400FFE701208DF8DA
:1056F0002700FDE1E1E70898016801201022C4F2CB
:1057000002029142019000F0A380FFE7089801682F
:1057100001202822C4F202029142019000F09880F8
:10572000FFE70898016801204022C4F2020291427A
:10573000019000F08D80FFE7089801680120582251
:10574000C4F202029142019000F08280FFE70898C3
:10575000016801207022C4F202029142019077D0C8
:10576000FFE70898016801208822C4F202029142F2
:1057700001906DD0FFE7089801680120A022C4F2D3
:1057800002029142019063D0FFE70898016801206E
:10579000B822C4F202029142019059D0FFE7089862
:1057A0000168012040F21042C4F2020291420190CD
:1057B0004ED0FFE708980168012040F22842C4F269
:1057C00002029142019043D0FFE70898016801204E
:1057D00040F24042C4F202029142019038D0FFE709
:1057E00008980168012040F25842C4F20202914236
:1057F00001902DD0FFE708980168012040F2704227
:10580000C4F202029142019022D0FFE70898016899
:10581000012040F28842C4F202029142019017D066
:10582000FFE708980168012040F2A042C4F202029A
:10583000914201900CD0FFE7089800684FF648317C
:10584000CBF6FD710844B0FA80F040090190FFE703
:105850000198C00760B1FFE70898806D079008982D
:10586000C06D00F01F013F208840079988600BE061
:105870000898806D06900898C06D00F01F01012007
:10588000884006994860FFE70898016801201022C7
:10589000C4F202029142009000F00381FFE70898F1
:1058A000016801202822C4F202029142009000F017
:1058B000F880FFE70898016801204022C4F2020244
:1058C0009142009000F0ED80FFE708980168012008
:1058D0005822C4F202029142009000F0E280FFE7F9
:1058E0000898016801207022C4F2020291420090DF
:1058F00000F0D780FFE70898016801208822C4F2F1
:1059000002029142009000F0CC80FFE70898016805
:105910000120A022C4F202029142009000F0C18056
:10592000FFE7089801680120B822C4F20202914200
:10593000009000F0B680FFE708980168012040F26F
:105940001042C4F202029142009000F0AA80FFE7E8
:1059500008980168012040F22842C4F202029142F4
:10596000009000F09E80FFE708980168012040F257
:105970004042C4F202029142009000F09280FFE7A0
:1059800008980168012040F25842C4F20202914294
:10599000009000F08680FFE708980168012040F23F
:1059A0007042C4F20202914200907AD0FFE7089858
:1059B0000168012040F28842C4F202029142009044
:1059C0006FD0FFE708980168012040F2A042C4F2BE
:1059D00002029142009064D0FFE70898016801201C
:1059E00040F2B842C4F202029142009059D0FFE75F
:1059F00008980168012045F20842C5F6020291426A
:105A000000904ED0FFE708980168012045F21C4243
:105A1000C5F602029142009043D0FFE70898016862
:105A2000012045F23042C5F602029142009038D082
:105A3000FFE708980168012045F24442C5F60202DA
:105A4000914200902DD0FFE708980168012045F2AF
:105A50005842C5F602029142009022D0FFE7089812
:105A60000168012045F26C42C5F6020291420090A5
:105A700017D0FFE708980168012045F28042C5F67B
:105A80000202914200900CD0FFE7089800684AF6A5
:105A90006C31CAF2FD710844B0FA80F04009009000
:105AA000FFE70098C007A0B1FFE70898416E806E3D
:105AB00048600898C06E58B1FFE70898C16E086842
:105AC00020F4807008600898016F406F4860FFE71D
:105AD000FFE70899012081F83500FFE708990020C9
:105AE00081F83400FFE7FFE700208DF82700FFE78B
:105AF0009DF827000AB080BD80B586B00490049858
:105B000020B9FFE701208DF8170046E3049890F8CC
:105B10003500022807D0FFE704998020486501205E
:105B20008DF8170039E30498016801201022C4F2AF
:105B300002029142029000F0A380FFE704980168FE
:105B400001202822C4F202029142029000F09880C3
:105B5000FFE70498016801204022C4F2020291424A
:105B6000029000F08D80FFE7049801680120582220
:105B7000C4F202029142029000F08280FFE7049892
:105B8000016801207022C4F202029142029077D093
:105B9000FFE70498016801208822C4F202029142C2
:105BA00002906DD0FFE7049801680120A022C4F2A2
:105BB00002029142029063D0FFE70498016801203D
:105BC000B822C4F202029142029059D0FFE7049831
:105BD0000168012040F21042C4F202029142029098
:105BE0004ED0FFE704980168012040F22842C4F239
:105BF00002029142029043D0FFE70498016801201D
:105C000040F24042C4F202029142029038D0FFE7D3
:105C100004980168012040F25842C4F20202914205
:105C200002902DD0FFE704980168012040F27042F5
:105C3000C4F202029142029022D0FFE70498016868
:105C4000012040F28842C4F202029142029017D031
:105C5000FFE704980168012040F2A042C4F202026A
:105C6000914202900CD0FFE7049800684FF648314B
:105C7000CBF6FD710844B0FA80F040090290FFE7CE
:105C80000298C007002800F09D80FFE704990420D7
:105C900081F83500049800681021C4F2020188429E
:105CA00000F08180FFE7049800682821C4F2020117
:105CB000884278D0FFE7049800684021C4F20201CE
:105CC000884270D0FFE7049800685821C4F20201AE
:105CD000884268D0FFE7049800687021C4F202018E
:105CE000884260D0FFE7049800688821C4F202016E
:105CF000884258D0FFE704980068A021C4F202014E
:105D0000884250D0FFE704980068B821C4F202012D
:105D1000884248D0FFE70498006840F21041C4F27E
:105D2000020188423FD0FFE70498006840F2284112
:105D3000C4F20201884236D0FFE70498006840F2BE
:105D40004041C4F2020188422DD0FFE70498006868
:105D500040F25841C4F20201884224D0FFE704987F
:105D6000006840F27041C4F2020188421BD0FFE794
:105D70000498006840F28841C4F20201884212D0BF
:105D8000FFE70498006840F2A041C4F20201884293
:105D900009D0FFE70498006840F2B841C4F202015C
:105DA000884207D1FFE704980168086820F00100E5
:105DB000086006E004980168086820F001000860A7
:105DC000FFE7E5E104980168086820F00E0008602C
:105DD000049800681021C4F20201884200F081801A
:105DE000FFE7049800682821C4F20201884278D0B5
:105DF000FFE7049800684021C4F20201884270D095
:105E0000FFE7049800685821C4F20201884268D074
:105E1000FFE7049800687021C4F20201884260D054
:105E2000FFE7049800688821C4F20201884258D034
:105E3000FFE704980068A021C4F20201884250D014
:105E4000FFE704980068B821C4F20201884248D0F4
:105E5000FFE70498006840F21041C4F20201884252
:105E60003FD0FFE70498006840F22841C4F20201E5
:105E7000884236D0FFE70498006840F24041C4F2FF
:105E8000020188422DD0FFE70498006840F2584193
:105E9000C4F20201884224D0FFE70498006840F26F
:105EA0007041C4F2020188421BD0FFE704980068E9
:105EB00040F28841C4F20201884212D0FFE7049800
:105EC000006840F2A041C4F20201884209D0FFE715
:105ED0000498006840F2B841C4F20201884207D138
:105EE000FFE704980168086820F00100086006E0F8
:105EF00004980168086820F001000860FFE7049832
:105F0000016801201022C4F202029142019000F0C7
:105F10000381FFE70498016801202822C4F20202ED
:105F20009142019000F0F880FFE704980168012099
:105F30004022C4F202029142019000F0ED80FFE79E
:105F40000498016801205822C4F202029142019093
:105F500000F0E280FFE70498016801207022C4F29B
:105F600002029142019000F0D780FFE70498016897
:105F700001208822C4F202029142019000F0CC80FC
:105F8000FFE7049801680120A022C4F202029142B6
:105F9000019000F0C180FFE7049801680120B82259
:105FA000C4F202029142019000F0B680FFE704982B
:105FB0000168012040F21042C4F2020291420190B5
:105FC00000F0AA80FFE704980168012040F228420F
:105FD000C4F202029142019000F09E80FFE7049813
:105FE0000168012040F24042C4F202029142019055
:105FF00000F09280FFE704980168012040F25842C7
:10600000C4F202029142019000F08680FFE70498FA
:106010000168012040F27042C4F2020291420190F4
:106020007AD0FFE704980168012040F28842C4F268
:106030000202914201906FD0FFE7049801680120AD
:1060400040F2A042C4F202029142019064D0FFE704
:1060500004980168012040F2B842C4F20202914261
:10606000019059D0FFE704980168012045F20842E9
:10607000C5F60202914201904ED0FFE704980168F4
:10608000012045F21C42C5F602029142019043D024
:10609000FFE704980168012045F23042C5F602028C
:1060A0009142019038D0FFE704980168012045F241
:1060B0004442C5F60202914201902DD0FFE70498B8
:1060C0000168012045F25842C5F602029142019052
:1060D00022D0FFE704980168012045F26C42C5F622
:1060E00002029142019017D0FFE704980168012055
:1060F00045F28042C5F60202914201900CD0FFE7C2
:10610000049800684AF66C31CAF2FD710844B0FA8E
:1061100080F040090190FFE70198C00728B3FFE72E
:106120000498016E086820F4807008600498806DFF
:1061300003900498C06D00F01F010120884003996E
:1061400048600498416E806E48600498C06E58B1F3
:10615000FFE70498C16E086820F480700860049816
:10616000016F406F4860FFE7FFE70499012081F865
:106170003500FFE70499002081F83400FFE7049818
:10618000006D20B1FFE70498016D8847FFE7FFE746
:10619000FFE700208DF81700FFE79DF8170006B015
:1061A00080BD00BF00BF00BF80B58EB00C908DF8E1
:1061B0002F100A9200208DF8270003F069F907904C
:1061C0000C9828B9FFE701208DF8370000F046BD94
:1061D0000C9890F8350002280ED0FFE70C9980202B
:1061E0004865FFE70C99002081F83400FFE70120A3
:1061F0008DF8370000F032BD0C98016801201022A4
:10620000C4F202029142049000F0A380FFE70C98D0
:10621000016801202822C4F202029142049000F099
:106220009880FFE70C98016801204022C4F2020226
:106230009142049000F08D80FFE70C9801680120E6
:106240005822C4F202029142049000F08280FFE7DB
:106250000C98016801207022C4F20202914204905D
:1062600077D0FFE70C98016801208822C4F202026F
:10627000914204906DD0FFE70C9801680120A022A4
:10628000C4F202029142049063D0FFE70C980168C7
:106290000120B822C4F202029142049059D0FFE7D3
:1062A0000C980168012040F21042C4F202029142AF
:1062B00004904ED0FFE70C980168012040F228427C
:1062C000C4F202029142049043D0FFE70C980168A7
:1062D000012040F24042C4F202029142049038D0C0
:1062E000FFE70C980168012040F25842C4F2020214
:1062F000914204902DD0FFE70C980168012040F2F4
:106300007042C4F202029142049022D0FFE70C983E
:106310000168012040F28842C4F2020291420490D6
:1063200017D0FFE70C980168012040F2A042C4F2A8
:106330000202914204900CD0FFE70C9800684FF6DF
:106340004831CBF6FD710844B0FA80F04009049062
:10635000FFE70498C00760B3FFE70C980068006887
:10636000C005002809D5FFE70C994FF480704865F7
:1063700001208DF8370000F071BC9DF82F0040B966
:10638000FFE70C98C06D00F01F01202088400890A6
:1063900007E00C98C06D00F01F01102088400890A5
:1063A000FFE70C98806D06900C98806D0830059082
:1063B0002BE00C98006800688006002809D5FFE7EC
:1063C0000C994FF48070486501208DF8370000F07B
:1063D00045BC9DF82F0040B9FFE70C98C06D00F058
:1063E0001F0102208840089007E00C98C06D00F063
:1063F0001F01042088400890FFE70C98806D0690EC
:106400000C98806D04300590FFE7FFE70698006860
:106410000899084240F08582FFE70C980168012046
:106420001022C4F202029142039000F0A380FFE721
:106430000C98016801202822C4F2020291420390C4
:1064400000F09880FFE70C98016801204022C4F218
:1064500002029142039000F08D80FFE70C980168E2
:1064600001205822C4F202029142039000F082807F
:10647000FFE70C98016801207022C4F202029142E9
:10648000039077D0FFE70C98016801208822C4F2BE
:106490000202914203906DD0FFE70C980168012041
:1064A000A022C4F202029142039063D0FFE70C984D
:1064B00001680120B822C4F202029142039059D02F
:1064C000FFE70C980168012040F21042C4F202027A
:1064D000914203904ED0FFE70C980168012040F2F2
:1064E0002842C4F202029142039043D0FFE70C9885
:1064F0000168012040F24042C4F20202914203903E
:1065000038D0FFE70C980168012040F25842C4F2ED
:106510000202914203902DD0FFE70C980168012000
:1065200040F27042C4F202029142039022D0FFE78F
:106530000C980168012040F28842C4F202029142A4
:10654000039017D0FFE70C980168012040F2A042A9
:10655000C4F20202914203900CD0FFE70C9800684D
:106560004FF64831CBF6FD710844B0FA80F040098F
:106570000390FFE70398C007002858D0FFE706986C
:1065800000680C99C96D01F01F01C840C00770B1C7
:10659000FFE70C99486D40F0020048650C98C06D0B
:1065A00000F01F010120884005990860FFE7069868
:1065B00000680C99C96D01F01F01C8404007002810
:1065C0000ED5FFE70C99486D40F0040048650C9823
:1065D000C06D00F01F010420884005990860FFE7A6
:1065E000069800680C99C96D01F01F01C8400007AA
:1065F00000281BD5FFE70C99486D40F00100486565
:106600000C98C06D00F01F010820884005990860B3
:106610000C99012081F83500FFE70C99002081F8E2
:106620003400FFE701208DF8370017E323E00698D8
:1066300000680C99C96D01F01F01C84000070028CF
:1066400018D5FFE70C98C06D00F01F01012000FA7B
:1066500001F1069A11600C9948650C9981F8350092
:10666000FFE70C99002081F83400FFE701208DF846
:106670003700F3E2FFE70A980130B0B1FFE702F01C
:1066800007FF0799401A0A99884203D8FFE70A983A
:1066900050B9FFE70C99202048650C98FEF770FD73
:1066A00001208DF83700D9E2FFE70C98016801203E
:1066B0001022C4F202029142029000F00381FFE72F
:1066C0000C98016801202822C4F202029142029033
:1066D00000F0F880FFE70C98016801204022C4F226
:1066E00002029142029000F0ED80FFE70C980168F1
:1066F00001205822C4F202029142029000F0E2808E
:10670000FFE70C98016801207022C4F20202914256
:10671000029000F0D780FFE70C98016801208822E2
:10672000C4F202029142029000F0CC80FFE70C9884
:1067300001680120A022C4F202029142029000F0FE
:10674000C180FFE70C9801680120B822C4F2020260
:106750009142029000F0B680FFE70C98016801209A
:1067600040F21042C4F202029142029000F0AA806C
:10677000FFE70C980168012040F22842C4F20202AF
:106780009142029000F09E80FFE70C980168012082
:1067900040F24042C4F202029142029000F0928024
:1067A000FFE70C980168012040F25842C4F202024F
:1067B0009142029000F08680FFE70C98016801206A
:1067C00040F27042C4F20202914202907AD0FFE796
:1067D0000C980168012040F28842C4F20202914202
:1067E00002906FD0FFE70C980168012040F2A042B0
:1067F000C4F202029142029064D0FFE70C98016853
:10680000012040F2B842C4F202029142029059D0F3
:10681000FFE70C980168012045F20842C5F6020224
:10682000914202904ED0FFE70C980168012045F29A
:106830001C42C5F602029142029043D0FFE70C9839
:106840000168012045F23042C5F6020291420290F1
:1068500038D0FFE70C980168012045F24442C5F6A4
:106860000202914202902DD0FFE70C9801680120AE
:1068700045F25842C5F602029142029022D0FFE74B
:106880000C980168012045F26C42C5F60202914263
:10689000029017D0FFE70C980168012045F2804272
:1068A000C5F60202914202900CD0FFE70C980068F6
:1068B0004AF66C31CAF2FD710844B0FA80F0400922
:1068C0000290FFE70298C00750B3FFE70C98C06E34
:1068D00098B1FFE70C98006F00680C99496F084267
:1068E0000AD0FFE70C98016F406F48600C99486D23
:1068F00040F480604865FFE7FFE70C98406E006851
:106900000C99896E08420AD0FFE70C98416E806EA0
:1069100048600C99486D40F400704865FFE7FFE758
:1069200074E59DF82F00002840F0CF80FFE70C9819
:10693000016801201022C4F202029142019000F08D
:10694000A380FFE70C98016801202822C4F202020C
:106950009142019000F09880FFE70C9801680120B7
:106960004022C4F202029142019000F08D80FFE7C4
:106970000C98016801205822C4F202029142019051
:1069800000F08280FFE70C98016801207022C4F2B9
:1069900002029142019077D0FFE70C980168012034
:1069A0008822C4F20202914201906DD0FFE70C9858
:1069B00001680120A022C4F202029142019063D03A
:1069C000FFE70C9801680120B822C4F2020291424C
:1069D000019059D0FFE70C980168012040F2104265
:1069E000C4F20202914201904ED0FFE70C98016878
:1069F000012040F22842C4F202029142019043D0A9
:106A0000FFE70C980168012040F24042C4F2020204
:106A10009142019038D0FFE70C980168012040F2C4
:106A20005842C4F20202914201902DD0FFE70C9827
:106A30000168012040F27042C4F2020291420190CA
:106A400022D0FFE70C980168012040F28842C4F28E
:106A500002029142019017D0FFE70C9801680120D3
:106A600040F2A042C4F20202914201900CD0FFE732
:106A70000C9800684FF64831CBF6FD710844B0FA27
:106A800080F040090190FFE70198C00748B1FFE797
:106A90000C98C06D00F01F013020884005990860F7
:106AA00008E00C98C06D00F01F0102208840059995
:106AB0000860FFE70C99012081F83500FFE70C9989
:106AC000002081F83400FFE7C3E00C980168012042
:106AD0001022C4F202029142009000F0A380FFE76E
:106AE0000C98016801202822C4F202029142009011
:106AF00000F09880FFE70C98016801204022C4F262
:106B000002029142009000F08D80FFE70C9801682E
:106B100001205822C4F202029142009000F08280CB
:106B2000FFE70C98016801207022C4F20202914232
:106B3000009077D0FFE70C98016801208822C4F20A
:106B40000202914200906DD0FFE70C98016801208D
:106B5000A022C4F202029142009063D0FFE70C9899
:106B600001680120B822C4F202029142009059D07B
:106B7000FFE70C980168012040F21042C4F20202C3
:106B8000914200904ED0FFE70C980168012040F23E
:106B90002842C4F202029142009043D0FFE70C98D1
:106BA0000168012040F24042C4F20202914200908A
:106BB00038D0FFE70C980168012040F25842C4F237
:106BC0000202914200902DD0FFE70C98016801204D
:106BD00040F27042C4F202029142009022D0FFE7DC
:106BE0000C980168012040F28842C4F202029142EE
:106BF000009017D0FFE70C980168012040F2A042F6
:106C0000C4F20202914200900CD0FFE70C98006899
:106C10004FF64831CBF6FD710844B0FA80F04009D8
:106C20000090FFE70098C00748B1FFE70C98C06DDF
:106C300000F01F01102088400599086008E00C98BA
:106C4000C06D00F01F010420884005990860FFE72F
:106C5000FFE79DF827008DF83700FFE79DF8370024
:106C60000EB080BD00BF00BF80B590B00F90002077
:106C70000B9040F22C00C2F20040006848F2B511BF
:106C8000C1F64E31A0FB0110800A0A900F98806D6A
:106C900009900F98806D0890099800680E900898E8
:106CA00000680D900F98016801201022C4F20202C2
:106CB0009142079000F0A380FFE70F980168012040
:106CC0002822C4F202029142079000F09880FFE768
:106CD0000F98016801204022C4F2020291420790FD
:106CE00000F08D80FFE70F98016801205822C4F260
:106CF00002029142079000F08280FFE70F9801683E
:106D000001207022C4F202029142079077D0FFE77F
:106D10000F98016801208822C4F202029142079074
:106D20006DD0FFE70F9801680120A022C4F2020293
:106D30009142079063D0FFE70F9801680120B822C5
:106D4000C4F202029142079059D0FFE70F98016800
:106D5000012040F21042C4F20202914207904ED04C
:106D6000FFE70F980168012040F22842C4F20202B6
:106D70009142079043D0FFE70F980168012040F24D
:106D80004042C4F202029142079038D0FFE70F98C8
:106D90000168012040F25842C4F202029142079079
:106DA0002DD0FFE70F980168012040F27042C4F235
:106DB00002029142079022D0FFE70F98016801205C
:106DC00040F28842C4F202029142079017D0FFE7D6
:106DD0000F980168012040F2A042C4F202029142E1
:106DE00007900CD0FFE70F9800684FF64831CBF6BC
:106DF000FD710844B0FA80F040090790FFE707985A
:106E0000C007002800F01385FFE70E980F99C96DA1
:106E100001F01F01C8400007002840F1B080FFE7E3
:106E20000F9800681021C4F20201884200F08180AE
:106E3000FFE70F9800682821C4F20201884278D049
:106E4000FFE70F9800684021C4F20201884270D029
:106E5000FFE70F9800685821C4F20201884268D009
:106E6000FFE70F9800687021C4F20201884260D0E9
:106E7000FFE70F9800688821C4F20201884258D0C9
:106E8000FFE70F980068A021C4F20201884250D0A9
:106E9000FFE70F980068B821C4F20201884248D089
:106EA000FFE70F98006840F21041C4F202018842E7
:106EB0003FD0FFE70F98006840F22841C4F202017A
:106EC000884236D0FFE70F98006840F24041C4F294
:106ED000020188422DD0FFE70F98006840F2584128
:106EE000C4F20201884224D0FFE70F98006840F204
:106EF0007041C4F2020188421BD0FFE70F9800687E
:106F000040F28841C4F20201884212D0FFE70F9894
:106F1000006840F2A041C4F20201884209D0FFE7B4
:106F20000F98006840F2B841C4F20201884207D1CC
:106F3000FFE70F980068006800F00400069006E084
:106F40000F980068006800F008000690FFE70698B8
:106F5000A0B1FFE70F980168086820F004000860FE
:106F60000F98C06D00F01F010820884009998860C3
:106F70000F99486D40F001004865FFE7FFE70E9864
:106F80000F99C96D01F01F01C840C007002800F02B
:106F9000A980FFE70F9800681021C4F2020188421F
:106FA00000F08180FFE70F9800682821C4F20201F9
:106FB000884278D0FFE70F9800684021C4F20201B0
:106FC000884270D0FFE70F9800685821C4F2020190
:106FD000884268D0FFE70F9800687021C4F2020170
:106FE000884260D0FFE70F9800688821C4F2020150
:106FF000884258D0FFE70F980068A021C4F2020130
:10700000884250D0FFE70F980068B821C4F202010F
:10701000884248D0FFE70F98006840F21041C4F260
:10702000020188423FD0FFE70F98006840F22841F4
:10703000C4F20201884236D0FFE70F98006840F2A0
:107040004041C4F2020188422DD0FFE70F9800684A
:1070500040F25841C4F20201884224D0FFE70F9861
:10706000006840F27041C4F2020188421BD0FFE781
:107070000F98006840F28841C4F20201884212D0A1
:10708000FFE70F98006840F2A041C4F20201884275
:1070900009D0FFE70F98006840F2B841C4F202013E
:1070A000884207D1FFE70F980068406900F0800030
:1070B000059005E00F980068006800200590FFE744
:1070C000059870B1FFE70F98C06D00F01F01012017
:1070D0008840099988600F99486D40F00200486522
:1070E000FFE7FFE70E980F99C96D01F01F01C84037
:1070F0004007002840F1A980FFE70F9800681021A1
:10710000C4F20201884200F08180FFE70F98006816
:107110002821C4F20201884278D0FFE70F98006866
:107120004021C4F20201884270D0FFE70F98006846
:107130005821C4F20201884268D0FFE70F98006826
:107140007021C4F20201884260D0FFE70F98006806
:107150008821C4F20201884258D0FFE70F980068E6
:10716000A021C4F20201884250D0FFE70F980068C6
:10717000B821C4F20201884248D0FFE70F980068A6
:1071800040F21041C4F2020188423FD0FFE70F985D
:10719000006840F22841C4F20201884236D0FFE77D
:1071A0000F98006840F24041C4F2020188422DD09D
:1071B000FFE70F98006840F25841C4F2020188428C
:1071C00024D0FFE70F98006840F27041C4F202013A
:1071D00088421BD0FFE70F98006840F28841C4F254
:1071E0000201884212D0FFE70F98006840F2A041E8
:1071F000C4F20201884209D0FFE70F98006840F20C
:10720000B841C4F20201884207D1FFE70F98006835
:10721000006800F00200049005E00F980068006824
:1072200000200490FFE7049870B1FFE70F98C06D4D
:1072300000F01F0104208840099988600F99486D6B
:1072400040F004004865FFE7FFE70E980F99C96D0D
:1072500001F01F01C840C006002840F1DE80FFE7B2
:107260000F9800681021C4F20201884200F081806A
:10727000FFE70F9800682821C4F20201884278D005
:10728000FFE70F9800684021C4F20201884270D0E5
:10729000FFE70F9800685821C4F20201884268D0C5
:1072A000FFE70F9800687021C4F20201884260D0A5
:1072B000FFE70F9800688821C4F20201884258D085
:1072C000FFE70F980068A021C4F20201884250D065
:1072D000FFE70F980068B821C4F20201884248D045
:1072E000FFE70F98006840F21041C4F202018842A3
:1072F0003FD0FFE70F98006840F22841C4F2020136
:10730000884236D0FFE70F98006840F24041C4F24F
:10731000020188422DD0FFE70F98006840F25841E3
:10732000C4F20201884224D0FFE70F98006840F2BF
:107330007041C4F2020188421BD0FFE70F98006839
:1073400040F28841C4F20201884212D0FFE70F9850
:10735000006840F2A041C4F20201884209D0FFE770
:107360000F98006840F2B841C4F20201884207D188
:10737000FFE70F980068006800F00800039006E03F
:107380000F980068006800F004000390FFE703987E
:10739000002841D0FFE70F98C06D00F01F011020BA
:1073A0008840099988600F980068006840030028A9
:1073B0001AD5FFE70F98006800680003002809D479
:1073C000FFE70F98006C20B1FFE70F98016C88472A
:1073D000FFE708E00F98806C20B1FFE70F98816C01
:1073E0008847FFE7FFE716E00F9800680068C005D0
:1073F000002807D4FFE70F980168086820F008000C
:107400000860FFE70F98006C20B1FFE70F98016C50
:107410008847FFE7FFE7FFE7FFE70E980F99C96D81
:1074200001F01F01C8408006002840F12681FFE7D7
:107430000F9800681021C4F20201884200F0818098
:10744000FFE70F9800682821C4F20201884278D033
:10745000FFE70F9800684021C4F20201884270D013
:10746000FFE70F9800685821C4F20201884268D0F3
:10747000FFE70F9800687021C4F20201884260D0D3
:10748000FFE70F9800688821C4F20201884258D0B3
:10749000FFE70F980068A021C4F20201884250D093
:1074A000FFE70F980068B821C4F20201884248D073
:1074B000FFE70F98006840F21041C4F202018842D1
:1074C0003FD0FFE70F98006840F22841C4F2020164
:1074D000884236D0FFE70F98006840F24041C4F27E
:1074E000020188422DD0FFE70F98006840F2584112
:1074F000C4F20201884224D0FFE70F98006840F2EE
:107500007041C4F2020188421BD0FFE70F98006867
:1075100040F28841C4F20201884212D0FFE70F987E
:10752000006840F2A041C4F20201884209D0FFE79E
:107530000F98006840F2B841C4F20201884207D1B6
:10754000FFE70F980068006800F01000029006E066
:107550000F980068006800F002000290FFE70298B0
:10756000002800F08980FFE70F98C06D00F01F0130
:1075700020208840099988600F9890F835000428E9
:1075800037D1FFE70F980168086820F016000860FF
:107590000F980168486920F0800048610F98006CDE
:1075A00020B9FFE70F98806C38B1FFE70F980168AA
:1075B000086820F008000860FFE70F98C06D00F031
:1075C0001F013F208840099988600F99012081F8A8
:1075D0003500FFE70F99002081F83400FFE70F988E
:1075E000006D20B1FFE70F98016D8847FFE700F0BD
:1075F00019BC0F9800680068400300281AD5FFE7FF
:107600000F98006800680003002809D4FFE70F986E
:10761000406C20B1FFE70F98416C8847FFE708E016
:107620000F98C06B20B1FFE70F98C16B8847FFE749
:10763000FFE720E00F9800680068C005002811D41B
:10764000FFE70F980168086820F0100008600F99A4
:10765000012081F83500FFE70F99002081F8340000
:10766000FFE7FFE70F98C06B20B1FFE70F98C16BF2
:107670008847FFE7FFE7FFE7FFE70F98406D002827
:1076800000F0D480FFE70F98406DC007002800F09D
:10769000C480FFE70F99042081F835000F98006837
:1076A0001021C4F20201884200F08180FFE70F98A8
:1076B00000682821C4F20201884278D0FFE70F98C1
:1076C00000684021C4F20201884270D0FFE70F98A1
:1076D00000685821C4F20201884268D0FFE70F9881
:1076E00000687021C4F20201884260D0FFE70F9861
:1076F00000688821C4F20201884258D0FFE70F9841
:107700000068A021C4F20201884250D0FFE70F9820
:107710000068B821C4F20201884248D0FFE70F9800
:10772000006840F21041C4F2020188423FD0FFE7F6
:107730000F98006840F22841C4F20201884236D016
:10774000FFE70F98006840F24041C4F2020188420E
:107750002DD0FFE70F98006840F25841C4F20201B3
:10776000884224D0FFE70F98006840F27041C4F2CD
:10777000020188421BD0FFE70F98006840F2884161
:10778000C4F20201884212D0FFE70F98006840F26D
:10779000A041C4F20201884209D0FFE70F980068B7
:1077A00040F2B841C4F20201884207D1FFE70F98C6
:1077B0000168086820F00100086006E00F98016881
:1077C000086820F001000860FFE7FFE70B98013030
:1077D0000B900A99884201D9FFE707E0FFE70F986D
:1077E00000680068C0070028F0D1FFE70F98006824
:1077F0000068C00728B1FFE70F99032081F8350022
:1078000004E00F99012081F83500FFE7FFE70F99A9
:10781000002081F83400FFE7FFE70F98C06C20B12B
:10782000FFE70F98C16C8847FFE7FFE7FAE20F9880
:107830000168012045F20842C5F60202914201901A
:107840004ED0FFE70F980168012045F21C42C5F6B3
:1078500002029142019043D0FFE70F980168012096
:1078600045F23042C5F602029142019038D0FFE75E
:107870000F980168012045F24442C5F60202914288
:1078800001902DD0FFE70F980168012045F2584282
:10789000C5F602029142019022D0FFE70F980168DD
:1078A000012045F26C42C5F602029142019017D0C8
:1078B000FFE70F980168012045F28042C5F60202F9
:1078C000914201900CD0FFE70F9800684AF66C31A6
:1078D000CAF2FD710844B0FA80F040090190FFE758
:1078E0000198C007002800F09B82FFE70F9800680E
:1078F00000680C900D980F99C96D01F01F01C840E8
:107900004007002840F1D780FFE79DF8300040078E
:10791000002840F1D080FFE70F98C06D00F01F01F4
:1079200004208840089948609DF83100000600282E
:1079300018D5FFE79DF83200C00748B9FFE70F9858
:10794000806C20B1FFE70F98816C8847FFE708E063
:107950000F98006C20B1FFE70F98016C8847FFE794
:10796000FFE7A7E09DF830008006002800F199802D
:10797000FFE70F9800681021C4F20201884200F06E
:107980008180FFE70F9800682821C4F20201884235
:1079900078D0FFE70F9800684021C4F202018842C6
:1079A00070D0FFE70F9800685821C4F202018842A6
:1079B00068D0FFE70F9800687021C4F20201884286
:1079C00060D0FFE70F9800688821C4F20201884266
:1079D00058D0FFE70F980068A021C4F20201884246
:1079E00050D0FFE70F980068B821C4F20201884226
:1079F00048D0FFE70F98006840F21041C4F202013E
:107A000088423FD0FFE70F98006840F22841C4F257
:107A10000201884236D0FFE70F98006840F24041EB
:107A2000C4F2020188422DD0FFE70F98006840F2AF
:107A30005841C4F20201884224D0FFE70F98006841
:107A400040F27041C4F2020188421BD0FFE70F9858
:107A5000006840F28841C4F20201884212D0FFE778
:107A60000F98006840F2A041C4F20201884209D098
:107A7000FFE70F98006840F2B841C4F20201884263
:107A800007D1FFE70F980168086820F00800086038
:107A900006E00F980168086820F004000860FFE71E
:107AA000FFE70F98006C20B1FFE70F98016C884743
:107AB000FFE7FFE7B3E10D980F99C96D01F01F01D2
:107AC000C8408007002840F1E180FFE79DF83000C2
:107AD0008007002840F1DA80FFE70F98C06D00F0C2
:107AE0001F0102208840089948609DF83100000677
:107AF000002818D5FFE79DF83200C00748B9FFE716
:107B00000F98406C20B1FFE70F98416C8847FFE762
:107B100008E00F98C06B20B1FFE70F98C16B884752
:107B2000FFE7FFE7B1E09DF830008006002800F194
:107B3000A380FFE70F9800681021C4F20201884279
:107B400000F08180FFE70F9800682821C4F202014D
:107B5000884278D0FFE70F9800684021C4F2020104
:107B6000884270D0FFE70F9800685821C4F20201E4
:107B7000884268D0FFE70F9800687021C4F20201C4
:107B8000884260D0FFE70F9800688821C4F20201A4
:107B9000884258D0FFE70F980068A021C4F2020184
:107BA000884250D0FFE70F980068B821C4F2020164
:107BB000884248D0FFE70F98006840F21041C4F2B5
:107BC000020188423FD0FFE70F98006840F2284149
:107BD000C4F20201884236D0FFE70F98006840F2F5
:107BE0004041C4F2020188422DD0FFE70F9800689F
:107BF00040F25841C4F20201884224D0FFE70F98B6
:107C0000006840F27041C4F2020188421BD0FFE7D5
:107C10000F98006840F28841C4F20201884212D0F5
:107C2000FFE70F98006840F2A041C4F202018842C9
:107C300009D0FFE70F98006840F2B841C4F2020192
:107C4000884207D1FFE70F980168086820F0140008
:107C5000086006E00F980168086820F00A000860D4
:107C6000FFE70F99012081F83500FFE70F99002009
:107C700081F83400FFE7FFE70F98C06B20B1FFE702
:107C80000F98C16B8847FFE7FFE7C7E00D980F9992
:107C9000C96D01F01F01C8400007002840F1BC80F9
:107CA000FFE79DF830000007002840F1B580FFE7AE
:107CB0000F9800681021C4F20201884200F0818010
:107CC000FFE70F9800682821C4F20201884278D0AB
:107CD000FFE70F9800684021C4F20201884270D08B
:107CE000FFE70F9800685821C4F20201884268D06B
:107CF000FFE70F9800687021C4F20201884260D04B
:107D0000FFE70F9800688821C4F20201884258D02A
:107D1000FFE70F980068A021C4F20201884250D00A
:107D2000FFE70F980068B821C4F20201884248D0EA
:107D3000FFE70F98006840F21041C4F20201884248
:107D40003FD0FFE70F98006840F22841C4F20201DB
:107D5000884236D0FFE70F98006840F24041C4F2F5
:107D6000020188422DD0FFE70F98006840F2584189
:107D7000C4F20201884224D0FFE70F98006840F265
:107D80007041C4F2020188421BD0FFE70F980068DF
:107D900040F28841C4F20201884212D0FFE70F98F6
:107DA000006840F2A041C4F20201884209D0FFE716
:107DB0000F98006840F2B841C4F20201884207D12E
:107DC000FFE70F980168086820F01C00086006E0D3
:107DD0000F980168086820F00E000860FFE70F9810
:107DE000C06D00F01F01012000FA01F1089A5160F6
:107DF0000F9948650F9981F83500FFE70F9900202A
:107E000081F83400FFE70F98C06C20B1FFE70F98AE
:107E1000C16C8847FFE700E0FFE7FFE7FFE700E00E
:107E2000FFE7FFE710B080BD86B004908DF80F101B
:107E3000029200208DF80700049820B9FFE7012086
:107E40008DF817004EE0FFE7049890F83400012801
:107E500004D1FFE702208DF8170043E004990120C8
:107E600081F83400FFE7FFE7049890F83500012817
:107E700029D1FFE79DF80F000146009105281DD884
:107E80000099DFE801F003070B0F1317029804991C
:107E9000C86317E002980499086413E002980499F3
:107EA00048640FE00298049988640BE002980499F2
:107EB000C86407E002980499086503E001208DF882
:107EC0000700FFE703E001208DF80700FFE7FFE769
:107ED0000499002081F83400FFE79DF807008DF831
:107EE0001700FFE79DF8170006B0704700BF00BFFE
:107EF00084B002908DF8071000208DF806000298DB
:107F000020B9FFE701208DF80F005DE0FFE7029840
:107F100090F83400012804D1FFE702208DF80F000B
:107F200052E00299012081F83400FFE7FFE7029850
:107F300090F83500012838D1FFE79DF80700014689
:107F4000009106282CD80099DFE801F004080C10F5
:107F500014181C0002990020C86325E00299002033
:107F6000086421E00299002048641DE00299002085
:107F7000886419E002990020C86415E00299002085
:107F8000086511E002990020C8630299086402990B
:107F90004864029988640299C8640299086503E0FC
:107FA00001208DF80600FFE703E001208DF80600B0
:107FB000FFE7FFE70299002081F83400FFE79DF812
:107FC00006008DF80F00FFE79DF80F0004B0704722
:107FD00081B00090009890F8350001B0704700BF64
:107FE00081B000900098406D01B070470000000023
:107FF000704700BF00BF00BF44F60001C5F6020194
:10800000086840F480700860704700BF00BF00BF80
:1080100044F60001C5F60201086820F4807008608B
:10802000704700BF00BF00BF81B00090009808B942
:10803000FFE75AE044F60001C5F60201086820F0A7
:10804000E000009A1268104308608421C5F6000120
:10805000086820F4803008608021C5F600010868B7
:1080600020F4803008604FF0B041086820F4803080
:1080700008600421C5F60001086820F4803008601B
:1080800000988079C00740B1FFE78021C5F6000164
:10809000086840F480300860FFE700988079800726
:1080A000002808D5FFE78421C5F60001086840F4E0
:1080B00080300860FFE700980079C00738B1FFE71B
:1080C0004FF0B041086840F480300860FFE7009846
:1080D00000798007002808D5FFE70421C5F60001D4
:1080E000086840F480300860FFE701B0704700BFC7
:1080F00044F60001C5F60201086840F0100008606F
:10810000704700BF00BF00BF44F60001C5F6020182
:10811000086820F010000860704700BF00BF00BF73
:1081200081B0009044F62801C5F6020108684CF2BF
:10813000C002CFF200021040009A1043086001B064
:10814000704700BF00BF00BF81B0009000996FF082
:108150003F0060EA010244F62801C5F60201086802
:108160001040086001B0704782B001908DF8031094
:108170004EF61051CEF20001086820F004000860AD
:108180009DF80300012802D1FFE730BF01E020BFC6
:10819000FFE702B0704700BF82B001908DF8031076
:1081A00044F60001C5F60201086820F00100019ABA
:1081B0001043086044F61001C5F60201086820F07B
:1081C00005000860086820F0020008604EF61051B3
:1081D000CEF20001086840F004000860BFF34F8F42
:1081E000BFF36F8F9DF80300012802D1FFE730BF76
:1081F00001E020BFFFE74EF61051CEF20001086803
:1082000020F00400086002B0704700BF00BF00BF4C
:1082100044F61001C5F60201086840F00500086048
:10822000086840F0020008604EF61051CEF20001DE
:10823000086840F004000860BFF34F8FBFF36F8FF2
:1082400030BF704700BF00BF4EF61051CEF20001A4
:10825000086840F002000860704700BF00BF00BF20
:108260004EF61051CEF20001086820F002000860BE
:10827000704700BF00BF00BF4EF61051CEF20001A4
:10828000086840F010000860704700BF00BF00BFE2
:108290004EF61051CEF20001086820F01000086080
:1082A000704700BF00BF00BF80B58820C5F6000042
:1082B000006800F480310020B0EB114F0AD0FFE7D6
:1082C0008821C5F60001086840F48030086000F09D
:1082D00003F8FFE780BD00BF70470000000000000A
:1082E00080B584B0029044F60C00C5F60200006828
:1082F00000F004010020B0EB910F13D1FFE744F62A
:108300000C00C5F60200006800F0070002998842E0
:1083100004D0FFE701208DF80F002EE000208DF83B
:108320000F002AE044F60C01C5F60201086820F0AF
:108330000700029A1043086001F0AAF80190FFE7D5
:1083400044F60400C5F60200006800F40051002065
:10835000B0EB513F0DD1FFE701F09AF80199401AB7
:10836000B0F57A7F04D9FFE701208DF80F0004E013
:10837000E6E700208DF80F00FFE79DF80F0004B03E
:1083800080BD00BF00BF00BF44F60C00C5F6020070
:10839000006800F00700704780B584B0029044F692
:1083A0000400C5F60200006800F4404002998842CB
:1083B00004D1FFE700208DF80F002AE044F61801F1
:1083C000C5F60201086820F44040029A1043086094
:1083D00001F05EF80190FFE744F60400C5F60200E4
:1083E000006800F400510020B0EB513F0DD1FFE7D1
:1083F00001F04EF80199401AB0F57A7F04D9FFE7F1
:1084000001208DF80F0004E0E6E700208DF80F0052
:10841000FFE79DF80F0004B080BD00BF00BF00BFA4
:1084200044F60400C5F60200006800F440407047BE
:1084300081B0009044F60001C5F60201086820F4FE
:108440004040009A10430860002001B0704700BF10
:1084500044F60000C5F60200006800F44040704792
:1084600083B002908DF80710009244F60001C5F623
:108470000201086820F00100029A10430860009889
:1084800030BBFFE744F61001C5F60201086820F092
:10849000010008604EF61051CEF20001086840F06D
:1084A00004000860BFF34F8FBFF36F8F9DF8070084
:1084B000012802D1FFE730BF01E020BFFFE74EF601
:1084C0001051CEF20001086820F00400086016E0A8
:1084D0000098012809D1FFE744F61001C5F6020112
:1084E000086820F00200086008E044F61001C5F6B4
:1084F0000201086820F004000860FFE7FFE703B00E
:10850000704700BF00BF00BF20BF704700BF00BF63
:1085100081B00090009890B9FFE744F61001C5F6CD
:108520000201086840F0010008604EF61051CEF2DA
:108530000001086840F00400086030BF16E00098B1
:10854000012809D1FFE744F61001C5F602010868C9
:1085500040F00200086008E044F61001C5F6020190
:10856000086840F004000860FFE7FFE701B07047CB
:1085700081B0009044F61001C5F60201086820F4AD
:108580000060009A1043086001B0704700BF00BF50
:1085900044F60001C5F60201086840F40070086066
:1085A000704700BF00BF00BF44F60001C5F60201DE
:1085B000086820F400700860704700BF00BF00BF6B
:1085C00092B009904FF440300690099908680490E1
:1085D0004968059190FAA0F01090109820B9FFE733
:1085E00020208DF8470005E01098B0FA80F08DF853
:1085F0004700FFE7049805999DF84720083202F0EC
:108600001F02914008430290099908688968039104
:1086100090FAA0F00E900E9820B9FFE720208DF878
:108620003F0005E00E98B0FA80F08DF83F00FFE7BC
:10863000029803999DF83F30102202EB430202F0AA
:108640001E0291400843089009980068019090FA32
:10865000A0F00C900C9820B9FFE720208DF837008F
:1086600005E00C98B0FA80F08DF83700FFE701982C
:108670009DF8371001F01F024FF4807191400843BC
:1086800000900998006890FAA0F00A900A9820B922
:10869000FFE720208DF82F0005E00A98B0FA80F05F
:1086A0008DF82F00FFE700989DF82F201E2101EA8A
:1086B00042024FF4403191400843079044F62801AC
:1086C000C5F602010868079A9043089A10430860AB
:1086D0009021C5F60001086820F0AC50099A126894
:1086E00040EAC250086012B0704700BF00BF00BF30
:1086F00081B00090009A44F62801C5F6020108688E
:108700009043086001B0704781B0009044F62400A7
:10871000C5F6020000680099084001B0704700BF2C
:1087200082B00090009A44F62001C5F60201086864
:108730001043086044F62400C5F602000068009962
:10874000084204D0FFE701208DF8070003E0002075
:108750008DF80700FFE79DF8070002B0704700BFE3
:1087600080B544F62400C5F602000068C00758B181
:10877000FFE744F62001C5F60201086840F0010059
:10878000086000F039F834E044F62400C5F6020031
:108790000068800700280BD5FFE744F62001C5F6E6
:1087A0000201086840F00200086000F029F81FE0AC
:1087B00044F62400C5F602000068000700280BD527
:1087C000FFE744F62001C5F60201086840F0080002
:1087D000086000F019F80AE044F62001C5F602012D
:1087E000086840F02000086000F012F8FFE7FFE79B
:1087F000FFE780BD00BF00BF704700BF00BF00BFE4
:10880000704700BF00BF00BF704700BF00BF00BF80
:10881000704700BF00BF00BF80B582B044F60801BA
:10882000C5F60201086840F00100086000F030FE63
:108830000090FFE744F60800C5F60200006800F467
:1088400080310020B0EB114F0DD1FFE700F020FE8A
:108850000099401AB0F57A7F04D9FFE701208DF81E
:10886000070004E0E6E700208DF80700FFE79DF829
:10887000070002B080BD00BF80B582B044F6080199
:10888000C5F60201086820F00100086000F000FE53
:108890000090FFE744F60800C5F60200006800F407
:1088A00080310020B0EB114F0DD0FFE700F0F0FD5C
:1088B0000099401AB0F57A7F04D9FFE701208DF8BE
:1088C000070004E0E6E700208DF80700FFE79DF8C9
:1088D000070002B080BD00BF80B582B044F60C0135
:1088E000C5F60201086840F00070086000F0D0FD95
:1088F0000090FFE744F60C00C5F60200006800F0A7
:1089000080610020B0EB916F0DD1FFE700F0C0FD5A
:108910000099401AB0F57A7F04D9FFE701208DF85D
:10892000070004E0E6E700208DF80700FFE79DF868
:10893000070002B080BD00BF80B582B044F60C01D4
:10894000C5F60201086820F00070086000F0A0FD84
:108950000090FFE744F60C00C5F60200006800F046
:1089600080610020B0EB916F0DD0FFE700F090FD2B
:108970000099401AB0F57A7F04D9FFE701208DF8FD
:10898000070004E0E6E700208DF80700FFE79DF808
:10899000070002B080BD00BF44F60C01C5F602011D
:1089A000086840F080700860704700BF00BF00BFDB
:1089B00044F60C01C5F60201086820F080700860DA
:1089C000704700BF00BF00BF81B0009044F60C01AB
:1089D000C5F60201086820F40070009A1043086090
:1089E000086840F48070086001B0704700BF00BFA5
:1089F00044F60C01C5F60201086820F48070086096
:108A0000704700BF00BF00BF44F60801C5F6020171
:108A1000086840F010000860704700BF00BF00BF4A
:108A200044F60801C5F60201086820F0100008604D
:108A3000704700BF00BF00BF82B044F60800C5F613
:108A40000200006800F4400000900098B0F5800F2C
:108A500004D1FFE74FF4800001900CE00098B0F5DE
:108A6000000F04D1FFE74FF40000019002E0002066
:108A70000190FFE7FFE7019802B0704700BF00BF19
:108A800082B044F60800C5F60200006800F4401009
:108A900000900098B0F5801F04D1FFE74FF48010DC
:108AA00001900CE00098B0F5001F04D1FFE74FF4EF
:108AB0000010019002E000200190FFE7FFE701981D
:108AC00002B0704700BF00BF81B0009044F60001C3
:108AD000C5F60201086820F4C020009A126810430D
:108AE00008608421C5F60001086820F48030086021
:108AF0008021C5F60001086820F4803008604FF03E
:108B0000B041086820F4803008600421C5F60001F7
:108B1000086820F48030086000988079C00740B170
:108B2000FFE78021C5F60001086840F48030086046
:108B3000FFE7009880798007002808D5FFE78421A7
:108B4000C5F60001086840F480300860FFE700982F
:108B50000079C00738B1FFE74FF0B041086840F432
:108B600080300860FFE7009800798007002808D56A
:108B7000FFE70421C5F60001086840F48030086072
:108B8000FFE701B0704700BF44F60001C5F60201DF
:108B9000086840F480300860704700BF00BF00BF25
:108BA00044F60001C5F60201086820F48030086030
:108BB000704700BF00BF00BF80B544F60000C5F697
:108BC00002000068C006002823D5FFE78820C5F60C
:108BD0000000006800F480310020B0EB114F17D086
:108BE000FFE7FFF779FB44F60400C5F602000068D2
:108BF00000F480310020B0EB114F08D1FFE788214D
:108C0000C5F60001086840F480300860FFE7FFE720
:108C1000FFE744F60000C5F602000068C003002824
:108C200023D5FFE78820C5F60000006800F48031F6
:108C30000020B0EB114F17D0FFE700F019F844F611
:108C40000400C5F60200006800F010010020B0EB3F
:108C5000111F08D1FFE78821C5F60001086840F41C
:108C600080300860FFE7FFE7FFE780BD00BF00BF7F
:108C7000704700000000000080B582B001900198AC
:108C800000F002F802B080BD83B00290029800F0BC
:108C9000070000904EF60C51CEF2000108680190DA
:108CA00001984FF6FF02104001900198009A40EAA7
:108CB00002200022C0F2FA5210430190019808608D
:108CC00003B0704700BF00BF80B586B0ADF8160096
:108CD0000491039200F010F80290BDF91600019083
:108CE00002980499039A00F033F80146019800F0C5
:108CF0000BF806B080BD00BF4EF60C50CEF200005F
:108D00000068C0F30220704782B0ADF80600009101
:108D1000BDF9060000280AD4FFE700980001BDF95C
:108D200006104EF20042CEF2000288540BE000988A
:108D30000001BDF8061001F00F014EF61452CEF2FC
:108D400000028854FFE702B0704700BF00BF00BFB9
:108D500088B0079006910592079800F007000490EC
:108D60000498C0F10700052803D3FFE70420019011
:108D700004E00498C0F107000190FFE70198039018
:108D800004980430062803D8FFE70020009003E091
:108D9000049803380090FFE7009802900698039922
:108DA000012202FA01F101390840029B984005991D
:108DB0009A40013A1140084308B0704700BF00BF15
:108DC00080B582B0ADF80600BDF9060000F004F8E9
:108DD00002B080BD00BF00BF81B0ADF80200BDF998
:108DE000020000280ED4FFE7BDF9021001F01F02B7
:108DF000012090404A094EF20011CEF2000141F8E4
:108E00002200FFE701B0704780B582B0ADF80600E0
:108E1000BDF9060000F004F802B080BD00BF00BF3D
:108E200081B0ADF80200BDF90200002812D4FFE7BE
:108E3000BDF9021001F01F02012090404A094EF2D4
:108E40008011CEF2000141F82200BFF34F8FBFF333
:108E50006F8FFFE701B0704700F002F800BF00BF5E
:108E6000BFF34F8F4EF60C51CEF20001086800F4AC
:108E7000E0600422C0F2FA5210430860BFF34F8F43
:108E8000FFE700BFFDE700BF80B582B00190019809
:108E900000F002F802B080BD80B582B0009000986A
:108EA0000138B0F1807F03D3FFE70120019019E082
:108EB000009801384EF21401CEF2000108604FF024
:108EC000FF300F21FFF720FF4EF21801CEF2000114
:108ED000002008604EF21002CEF20002072111605D
:108EE0000190FFE7019802B080BD00BF00BF00BF46
:108EF000BFF35F8F4EF62451CEF20001086820F4D4
:108F0000803008604EF69451CEF2000100200860D7
:108F1000704700BF00BF00BF81B00090009840F0D4
:108F200001004EF69451CEF2000108604EF6245135
:108F3000CEF20001086840F480300860BFF34F8F24
:108F4000BFF36F8F01B0704781B0009000984EF66C
:108F50009851CEF2000108604EF6A051CEF2000109
:108F6000086840F00100086001B0704700BF00BF12
:108F700081B0009000984EF69851CEF20001086042
:108F80004EF6A051CEF20001086820F00100086002
:108F900001B0704700BF00BF10B581B000900098CD
:108FA00040784EF69851CEF2000108604EF6A0517E
:108FB000CEF20001086820F00100086000984068C7
:108FC0004EF69C52CEF200021060DDF800E09EF8F2
:108FD0000C0000079EF80B2040EA02609EF800207B
:108FE0009EF808309EF809C09EF80A4040EAC44046
:108FF0009EF80D4040EA84409EF80E4040EA44400E
:109000009EF80FE040EA0E4040EA0C2040EA4300A0
:109010001043086001B010BD80B5FFF76DFE80BD44
:1090200080B584B0ADF80E00029101920093BDF9B5
:109030000E0000F045F80299019A009B00F004F838
:1090400004B080BD00BF00BF89B0089007910692B0
:109050000593079800F0070004900498C0F10700FA
:10906000052803D3FFE70420019004E00498C0F131
:1090700007000190FFE70198039004980430062848
:1090800003D8FFE70020009003E004980338009025
:10909000FFE70098029008980299C840039A0121BE
:1090A00001FA02F2013A1040069A10600898029AFA
:1090B0009140013908400599086009B0704700BF28
:1090C00082B0ADF80200BDF9020000280AD4FFE723
:1090D000BDF902004EF20041CEF20001405C0009F1
:1090E00001900BE0BDF8020000F00F004EF61451A5
:1090F000CEF20001405C00090190FFE7019802B048
:10910000704700BF00BF00BF80B582B0ADF8060059
:10911000BDF9060000F004F802B080BD00BF00BF3A
:1091200081B0ADF80200BDF9020000280ED4FFE7BF
:10913000BDF9021001F01F02012090404A094EF2D1
:109140000021CEF2000141F82200FFE701B0704794
:1091500080B582B0ADF80600BDF9060000F004F855
:1091600002B080BD00BF00BF82B0ADF80200BDF903
:109170000200002812D4FFE7BDF9020041094EF2B7
:109180000020CEF2000050F82100BDF8021001F0DE
:109190001F01C84000F00100019002E00020019092
:1091A000FFE7019802B0704780B582B0ADF80600C5
:1091B000BDF9060000F004F802B080BD00BF00BF9A
:1091C00081B0ADF80200BDF9020000280ED4FFE71F
:1091D000BDF9021001F01F02012090404A094EF231
:1091E0008021CEF2000141F82200FFE701B0704774
:1091F00080B582B0ADF80600BDF9060000F004F8B5
:1092000002B080BD00BF00BF82B0ADF80200BDF962
:109210000200002812D4FFE7BDF9020041094EF216
:109220000030CEF2000050F82100BDF8021001F02D
:109230001F01C84000F00100019002E000200190F1
:10924000FFE7019802B0704781B0009000980428B1
:1092500009D1FFE74EF21001CEF20001086840F09C
:109260000400086008E04EF21001CEF20001086828
:1092700020F004000860FFE701B0704700BF00BFA6
:1092800080B500F001F880BD704700BF00BF00BF8F
:10929000032070470000000080B582B00320FFF774
:1092A000EBFCF5F7F5FF44F21842C5F6020211682F
:1092B000C1F3032349F21841C0F60301CB5C03F06C
:1092C0001F03D84000900098126802F00F02895CDA
:1092D00001F01F01C84040F23001C2F200410860B5
:1092E000009840F22C01C2F2004108600020E8F72B
:1092F000F3FF20B1FFE701208DF8070005E0E8F754
:10930000CFFF00208DF80700FFE79DF8070002B0AF
:1093100080BD00BF00BF00BF80B582B0009040F2AA
:109320003910C2F20040007820B9FFE701208DF823
:10933000070030E040F22C00C2F20040006840F22A
:109340003911C2F200410A784FF47A71B1FBF2F19F
:10935000B0FBF1F0FFF798FD20B1FFE701208DF899
:10936000070018E000980F280DD8FFE700994FF08C
:10937000FF300022FFF7A8FC009840F23C11C2F237
:109380000041086003E001208DF8070003E00020A1
:109390008DF80700FFE79DF8070002B080BD00BF11
:1093A000704700BF00BF00BF80B582B044F27C416F
:1093B000C5F6020145F21100C0F2E9000860002084
:1093C0000190086044F28041C5F6020148F2230290
:1093D000C0F200220A60086044F28441C5F602012E
:1093E00040F27122C0F203020A60086044F2884130
:1093F000C5F6020140F2FF62C0F228320A6008603E
:1094000044F28C41C5F6020108220A60086044F269
:109410009041C5F602014CF2FF32CEF6FF220A60FF
:10942000086044F29441C5F6020140F23612C0F2DF
:1094300000320A60086044F29841C5F6020143F226
:10944000F302C4F257020A60086044F29C41C5F678
:1094500002014DF6AA62C0F220420A60086000F0E4
:1094600003F8019802B080BD704700BF00BF00BF85
:1094700040F23910C2F20040027847F27031C2F275
:109480000041086810440860704700BF00BF00BF7B
:1094900047F27030C2F200400068704700BF00BF62
:1094A00040F23C10C2F200400068704700BF00BFAD
:1094B00080B582B08DF8070000208DF8060040F2DC
:1094C0003910C2F2004000789DF80710884220D081
:1094D000FFE740F23911C2F2004108788DF805002B
:1094E0009DF80700087040F23C10C2F2004000688E
:1094F000E8F7F2FE8DF806009DF8060040B1FFE7A0
:109500009DF8050040F23911C2F200410870FFE7F2
:10951000FFE79DF8060002B080BD00BF00BF00BF9E
:1095200040F23910C2F200400078704700BF00BF1F
:1095300080B584B00390FFF7ABFF029003980190D1
:109540000198013048B1FFE740F23910C2F2004003
:109550000178019808440190FFE7FFE7FFF798FFC3
:109560000299401A0199884201D2FFE7F6E704B058
:1095700080BD00BF00BF00BF4EF21001CEF200015F
:10958000086820F002000860704700BF00BF00BFFD
:109590004EF21001CEF20001086840F002000860AF
:1095A000704700BF00BF00BF40F20030C0F20B1098
:1095B000704700BF00BF00BF41F20000C5F6004089
:1095C0000068000C704700BF41F20000C5F6004083
:1095D00000686FF31F3070474EF60000C1F6F1705F
:1095E0000068704700BF00BF4EF60400C1F6F1707E
:1095F0000068704700BF00BF4EF60800C1F6F1706A
:109600000068704700BF00BF81B0009043F6004182
:10961000C5F60001086820F07000009A1043086049
:1096200001B0704700BF00BF81B0009043F6004119
:10963000C5F60001086820F00200009A1043086097
:1096400001B0704700BF00BF81B0009043F60441F5
:10965000C5F60001086820F03F00009A104308603A
:1096600001B0704700BF00BF80B582B043F6004133
:10967000C5F60001086840F001000860FFF708FF28
:109680000090FFE743F60040C5F6000000680007C1
:1096900000280CD4FFE7FFF7FBFE0099401A0B28C7
:1096A00004D3FFE703208DF8070004E0EAE7002079
:1096B0008DF80700FFE79DF8070002B080BD00BFEE
:1096C00043F60041C5F60001086820F0010008607B
:1096D000704700BF00BF00BF81B0009040F204415E
:1096E000C5F60001086820F46000009A1043086085
:1096F00001B0704700BF00BF82B00190009140F2FE
:109700000441C5F600010868019A9043009A10438D
:10971000086002B0704700BF40F20441C5F6000186
:10972000086840F480700860704700BF00BF00BF49
:1097300040F20441C5F60001086820F4807008601A
:10974000704700BF00BF00BF82B001900091019838
:1097500058B9FFE740F20871C5F600010868BDF886
:109760000220C0EA024008600CE040F20C71C5F62D
:10977000000108684FF6FF729043BDF802201044C4
:109780000860FFE702B0704740F22041C5F60001D3
:10979000086840F001000860704700BF00BF00BFCC
:1097A00040F22041C5F60001086820F00100086081
:1097B000704700BF00BF00BF40F22041C5F6000166
:1097C000086840F480300860704700BF00BF00BFE9
:1097D00040F22041C5F60001086820F4803008609E
:1097E000704700BF00BF00BF81B0009040F2204131
:1097F000C5F60001086820F00200009A10430860D6
:1098000001B0704700BF00BF82B00190009140F2EC
:109810002841C5F60001086820F0FF00019B009A6E
:1098200042EA03121043086002B0704700BF00BF55
:1098300081B0009040F23041C5F60001086820F088
:109840000100009A1043086001B0704700BF00BFDC
:1098500081B0009040F23041C5F60001086820F068
:109860000200009A1043086001B0704700BF00BFBB
:1098700041F20401C5F60041086840F001000860AB
:10988000704700BF00BF00BF41F20401C5F60041B0
:10989000086820F001000860704700BF00BF00BFEB
:1098A00041F20401C5F60041086840F0020008607A
:1098B000704700BF00BF00BF41F20401C5F6004180
:1098C000086820F002000860704700BF00BF00BFBA
:1098D00041F20401C5F60041086840F00400086048
:1098E000704700BF00BF00BF41F20401C5F6004150
:1098F000086820F004000860704700BF00BF00BF88
:1099000041F20401C5F60041086840F0800008609B
:10991000704700BF00BF00BF41F20401C5F600411F
:10992000086820F080000860704700BF00BF00BFDB
:1099300041F20401C5F60041086840F480700860F7
:10994000704700BF00BF00BF41F20401C5F60041EF
:10995000086820F480700860704700BF00BF00BF37
:1099600081B0009044F20001C5F20021086820F0A7
:109970004070009A1043086001B0704700BF00BFFC
:1099800044F20000C5F20020006800F0407070470B
:1099900082B001900091019800F01F02012101FAAC
:1099A00002FC20F01F020423C5F60003D05820EA71
:1099B0000C00D050019800F01F0201FA02F320F0D1
:1099C0001F014FF0B0428858984388509DF802001C
:1099D000C00600280ED5FFE7019800F01F02012104
:1099E00001FA02F320F01F014FF0B04288581843EB
:1099F0008850FFE79DF80200800600280FD5FFE79A
:109A0000019800F01F02012101FA02F320F01F016A
:109A10000422C5F60002885818438850FFE702B0B8
:109A2000704700BF00BF00BF81B00090009800F0F9
:109A30001F02012101FA02F320F01F010822C5F6DE
:109A4000000288581843885001B0704700BF00BF1B
:109A500081B00090009A02F01F01012088406FF051
:109A60000F0101EA52018822C5F60002885001B0B8
:109A7000704700BF00BF00BF83B002900191009209
:109A80009DF80600C00730B3FFE7009888B9FFE7EC
:109A9000029901F01F02012000FA02F36FF00F009B
:109AA00000EA51018022C5F6000288589843885088
:109AB00010E0029901F01F02012000FA02F36FF09A
:109AC0000F0000EA51018022C5F6000288581843B1
:109AD0008850FFE7FFE79DF806008007002826D59D
:109AE000FFE7009888B9FFE7029901F01F02012003
:109AF00000FA02F36FF00F0000EA51018422C5F66C
:109B0000000288589843885010E0029901F01F0223
:109B1000012000FA02F36FF00F0000EA51018422E5
:109B2000C5F60002885818438850FFE7FFE703B0E6
:109B3000704700BF00BF00BF84B003900291019244
:109B4000029878B9FFE7039800F01F02012101FA9B
:109B500002F320F01F010C22C5F60002885898433A
:109B600088500EE0039800F01F02012101FA02F371
:109B700020F01F010C22C5F60002885818438850B7
:109B8000FFE703980009C00748B9FFE7039820F0F2
:109B90001F001021C5F600010844009008E003985A
:109BA00020F01F001421C5F6000108440090FFE7D3
:109BB00000980068039A1E2101EA420203219140A5
:109BC00088430199914008430099086004B07047A8
:109BD00080B598B0169049F20831C0F6030101A88B
:109BE0004C221DF03DFF169820B9FFE701208DF8AB
:109BF0005F00D9E1169800684AF20001C4F2000142
:109C0000884206D1FFE71699086800F58070486021
:109C1000FFE716988068B0F5407F01D1FFE7FFE7C6
:109C20001698006C08B1FFE7FFE71698806C08B142
:109C3000FFE7FFE71698006D08B1FFE7FFE716980A
:109C4000006E08B1FFE7FFE71699C86D096E08447A
:109C500008B1FFE7FFE7169890F8980040B9FFE7D2
:109C60001699002081F899001698E6F7B9FFFFE7EA
:109C700016980168886920F010008861FFF708FCD9
:109C80001590FFE71698006880690007002817D52F
:109C9000FFE7FFF7FDFB1599401A0B280FD3FFE7ED
:109CA0001699D1F89C0040F00100C1F89C0016996B
:109CB000032081F8980001208DF85F0074E1E1E74E
:109CC00016980168886940F001008861FFF7E0FBA1
:109CD0001590FFE7169800688069C007B8B9FFE7DC
:109CE000FFF7D6FB1599401A0B280FD3FFE71699FB
:109CF000D1F89C0040F00100C1F89C0016990320A7
:109D000081F8980001208DF85F004DE1E2E7169898
:109D10000168886940F0020088611698007C01287B
:109D200007D1FFE716980168886920F04000886134
:109D300006E016980168886940F040008861FFE7F6
:109D40001698407C012807D1FFE7169801688869BA
:109D500040F48040886106E016980168886920F424
:109D600080408861FFE71698807C012807D1FFE7D3
:109D700016980168886920F48050886106E016987A
:109D80000168886940F480508861FFE71698006890
:109D9000806920F44070169A1168926810438861B7
:109DA00016980168886920F0A400886116980168F7
:109DB000086920F0100008611698C068012807D1D2
:109DC000FFE716980168886940F0040088612BE07D
:109DD0001698C06830B3FFE71698C068022819D0FB
:109DE000FFE716980168886940F08000886116983E
:109DF0000168086940F0100008611698C0680328DF
:109E000007D1FFE716980168886940F02000886153
:109E1000FFE706E016980168886940F02000886135
:109E2000FFE700E0FFE7FFE7169A116853699069C2
:109E3000D2F81CE0A0F1010C6FF0FF0000EB0E2047
:109E400040EA4C60126A013A10430022CFF6FF72DA
:109E500002EB03421043C86116988068B0F5407F5A
:109E60001CD1FFE7169A1168536A906AD2F82CE069
:109E700001386FF0FF0C0CEB0E2C40EA0C00D2F80E
:109E800030C06FF00F0202EB0C1210430022CFF62D
:109E9000FF7202EB03421043C860FFE71698006EA2
:109EA00048B1FFE716980168426ED1F8C000104330
:109EB000C1F8C000FFE71699C86D096E084480B16B
:109EC000FFE716980068D0F8C80020F00700169A3F
:109ED0001168936E01AA52F823201043C1F8C800FC
:109EE000FFE71698006C80B1FFE716980068D0F87D
:109EF000BC0020F00700169A1168536C01AA52F8B2
:109F000023201043C1F8BC00FFE71698806C88B18D
:109F1000FFE716980068D0F8BC0020F07000169A91
:109F20001168D36C01AA52F8232040EA0210C1F84C
:109F3000BC00FFE71698006D88B1FFE7169800682F
:109F4000D0F8BC0020F4E060169A1168536D01AAA5
:109F500052F8232040EA0220C1F8BC00FFE716981F
:109F600000684AF20001C4F20001884207D1FFE70D
:109F700016984168886820F003008860FFE716990A
:109F80000020C1F894001699C1F89C001699012090
:109F900081F89800169800F00FF88DF853009DF89E
:109FA00053008DF85F00FFE79DF85F0018B080BD9B
:109FB00081B0009001B0704784B002900298406B6D
:109FC000009002980068D0F884004FF6FC71884336
:109FD000009940EA810002990968C1F8840002985A
:109FE0000068D0F8840020F47F00029A1168926B18
:109FF00040EA0240C1F884000298816B009808444E
:10A00000009002980068D0F888006FF38F000099E4
:10A0100040EA810002990968C1F888000298006846
:10A02000D0F8880020F4FE00029A1168D26B40EA52
:10A030000240C1F888000298C16B009800EB410013
:10A04000009002980068D0F8A0006FF38F0000998C
:10A0500040EA810002990968C1F8A00002980068EE
:10A06000D0F8A00020F4FE00029A1168126C40EAB9
:10A070000240C1F8A0000299086C496C009A00FBEC
:10A080000120009002980068D0F8B0006FF38F00B4
:10A09000009940EA810002990968C1F8B00002986D
:10A0A0000068D0F8B00020F4FE00029A1168926CAB
:10A0B00040EA0240C1F8B0000299886CC96C009A6D
:10A0C00000FB0120009002980068D0F8AC006FF30C
:10A0D0008F00009940EA810002990968C1F8AC003C
:10A0E0000299086D496D009A00FB012000900298CA
:10A0F0000068D0F8F0006FF38F00009940EA81000B
:10A1000002990968C1F8F00002980068D0F8F000E0
:10A1100020F47C10029A1168926D40EA0240C1F866
:10A12000F0000298816D009800EB410000900298C9
:10A130000068D0F8C0006FF38F00009940EA8100FA
:10A1400002990968C1F8C00002980068D0F8C00000
:10A1500020F47C10029A1168D26D40EA0240C1F8E6
:10A16000C00002980068D0F8C00020F07C50029A2D
:10A170001168126E40EA0260C1F8C00002994A6B91
:10A180004AF60040C4F2000000EB8200C866029963
:10A190008A6BC86E00EB820008670299CA6B086F71
:10A1A00000EBC200486702990A6C4B6C486F5A4337
:10A1B00000EB8200886702998A6CCB6C886F5A43E7
:10A1C00000EB8200C86702990A6D4B6DC86F5A4355
:10A1D00000EB8200C1F8800002998A6DD1F88000FE
:10A1E00000EBC200C1F884000299CA6D8B6ED1F8F1
:10A1F00084005A4300EB8200C1F8880002990A6E7D
:10A200008B6ED1F888005A4300EB8200C1F89000B1
:10A210000298D0F890004DF2FD31C4F2000188425E
:10A220000FD3FFE70299D1F89C0040F02000C1F85D
:10A230009C000299032081F8980001208DF80F00FE
:10A2400017E00298C06E0190FFE701980299D1F8DB
:10A250009010884208D2FFE7019900200860FFE7CC
:10A26000019804300190F0E7FFE700208DF80F001F
:10A27000FFE79DF80F0004B0704700BF00BF00BFAC
:10A2800080B582B00090009820B9FFE701208DF8DA
:10A29000070015E0009800F017F800980168C86DF5
:10A2A00020F00300C8650098E6F796FD00990020AD
:10A2B000C1F89C00009981F898008DF80700FFE72D
:10A2C0009DF8070002B080BD83B00190002000908F
:10A2D000019890F8980002285CD1FFE70198016886
:10A2E000886940F001008861FFE701980068806993
:10A2F000C007B8B9FFE7009833280FD3FFE70199EB
:10A30000D1F89C0040F00100C1F89C0001990320A5
:10A3100081F8980001208DF80B0046E0009801308C
:10A320000090E2E70020009001980168886920F021
:10A3300010008861FFE70198006880690007002825
:10A3400017D5FFE7009833280FD3FFE70199D1F81D
:10A350009C0040F00100C1F89C000199032081F8A5
:10A36000980001208DF80B001FE00098013000904C
:10A37000E1E701980168886940F00200886101996D
:10A380000020C1F89400019A012182F898108DF8FC
:10A390000B000AE00199D1F89C0040F00800C1F8D8
:10A3A0009C0001208DF80B00FFE79DF80B0003B027
:10A3B000704700BF00BF00BF81B0009001B0704780
:10A3C00080B584B0029002980168886940F010005E
:10A3D0008861FFF75DF80190FFE7029800688069E7
:10A3E0000007002817D4FFE7FFF752F80199401A39
:10A3F0000B280FD3FFE70299D1F89C0040F0010031
:10A40000C1F89C000299032081F8980001208DF882
:10A410000F0004E0E1E700208DF80F00FFE79DF852
:10A420000F0004B080BD00BF80B584B002900298D8
:10A430000168886920F010008861FFF729F8019011
:10A44000FFE70298006880690007002817D5FFE73A
:10A45000FFF71EF80199401A0B280FD3FFE7029966
:10A46000D1F89C0040F00100C1F89C000299032043
:10A4700081F8980001208DF80F000AE0E1E70298CA
:10A480000168886920F00100886100208DF80F00C4
:10A49000FFE79DF80F0004B080BD00BF00BF00BF04
:10A4A00083B0019000910098006808B9FFE700E0D0
:10A4B000FFE7019800684AF20001C4F200018842F7
:10A4C0000BD0FFE70199D1F89C0040F02000C1F8C3
:10A4D0009C0001208DF80B004DE0019890F8980049
:10A4E00001283DD1FFE70098006888B9FFE74AF6E8
:10A4F0000401C4F20001086840F0400008600868E8
:10A5000020F47020009A526840EA0240086023E07C
:10A510004AF60401C4F20001086820F04000086017
:10A5200008684FF69F729043009A9368D2F80CC067
:10A53000126942EA0C0242EA0322104308604AF61A
:10A540000C01C4F2000108684FF6FF729043009AB4
:10A55000526910430860FFE700208DF80B000AE005
:10A560000199D1F89C0040F00400C1F89C00012042
:10A570008DF80B00FFE79DF80B0003B0704700BF9C
:10A5800081B000904AF60800C4F20000006800F0B4
:10A59000404001B0704700BF82B000900098006852
:10A5A0004AF20001C4F2000188420BD0FFE7009993
:10A5B000D1F89C0040F02000C1F89C0001208DF8EB
:10A5C00007001CE0009890F8980001280CD1FFE7E4
:10A5D0004AF60401C4F20001086840F00040086037
:10A5E00000208DF807000AE00099D1F89C0040F0A7
:10A5F0000400C1F89C0001208DF80700FFE79DF8DA
:10A60000070002B0704700BF83B00190009100982E
:10A6100048B9FFE74AF60800C4F200000068C0F33A
:10A620008A40029014E00098012809D1FFE74AF619
:10A630000800C4F2000000686FF39F40029007E03A
:10A640004AF60C00C4F200000068000C0290FFE71C
:10A65000029803B0704700BF87B005900491059839
:10A6600090F898008DF803009DF80300012805D0AC
:10A67000FFE79DF8030002286AD1FFE70498C0684D
:10A68000072801D1FFE7FFE70498006878BBFFE7E0
:10A690000498C068072801D0FFE7FFE70498C06866
:10A6A00007280CD1FFE7049A10699169D269000468
:10A6B00040EA0220084340F0605003900CE0049907
:10A6C0008868CB680A694969800740EAC36040EA44
:10A6D000024008430390FFE70598C06E049949685B
:10A6E00000EB810001900398019908602CE0049828
:10A6F000C068072801D0FFE7FFE70498C168006938
:10A7000040EA417003900498C068072804D1FFE72D
:10A7100004988069029006E004988168406940EAE4
:10A7200081700290FFE70598006F0499496800EB7B
:10A73000C1000190039801990860019804300190CC
:10A74000029801990860FFE700208DF81B000AE0DD
:10A750000599D1F89C0040F00200C1F89C0001204E
:10A760008DF81B00FFE79DF81B0007B0704700BF86
:10A7700085B0DDF814C00390029101920093039814
:10A7800090F89800012812D1FFE702980001019982
:10A7900040EA8100009940EA410005990843039985
:10A7A0000968C1F8800000208DF813000AE00399C1
:10A7B000D1F89C0040F00400C1F89C0001208DF805
:10A7C0001300FFE79DF8130005B0704700BF00BFFE
:10A7D00083B001900091019890F89800012809D168
:10A7E000FFE7009801990968C1F8900000208DF8F2
:10A7F0000B000AE00199D1F89C0040F00400C1F878
:10A800009C0001208DF80B00FFE79DF80B0003B0C2
:10A81000704700BF00BF00BF84B00290019100925A
:10A82000029890F89800012824D1FFE70198402869
:10A830000ED1FFE702980068D0F8A00020F0004099
:10A84000009940EAC17002990968C1F8A0000DE0C2
:10A8500002980068D0F8B00020F00040009940EA6B
:10A86000C17002990968C1F8B000FFE700208DF8B7
:10A870000F000AE00299D1F89C0040F00400C1F8F2
:10A880009C0001208DF80F00FFE79DF80F0004B039
:10A89000704700BF00BF00BF84B0029001910092DA
:10A8A000019808B9FFE700E0FFE7029890F89800E8
:10A8B000012836D1FFE7019870B9FFE702980068D8
:10A8C000D0F8F00020F07C50009940EA0160029935
:10A8D0000968C1F8F00020E0019801280ED1FFE7D7
:10A8E00002980068D0F8A00020F0FE40009940EAED
:10A8F000016002990968C1F8A0000DE002980068A3
:10A90000D0F8B00020F0FE40009940EA01600299C2
:10A910000968C1F8B000FFE7FFE700208DF80F00DD
:10A920000AE00299D1F89C0040F00400C1F89C00B4
:10A9300001208DF80F00FFE79DF80F0004B070476D
:10A9400083B001900091019890F8980001280ED1F1
:10A95000FFE701980068406920F0FF000099084374
:10A9600001990968486100208DF80B000AE00199FF
:10A97000D1F89C0040F00400C1F89C0001208DF843
:10A980000B00FFE79DF80B0003B0704700BF00BF4E
:10A9900083B001900091019890F8980001280ED1A1
:10A9A000FFE701980068006A20F4702000990843CE
:10A9B00001990968086200208DF80B000AE00199EE
:10A9C000D1F89C0040F00400C1F89C0001208DF8F3
:10A9D0000B00FFE79DF80B0003B0704700BF00BFFE
:10A9E00083B001900091019890F8980001280ED151
:10A9F000FFE701980068006A20F00300009908430F
:10AA000001990968086200208DF80B000AE001999D
:10AA1000D1F89C0040F00400C1F89C0001208DF8A2
:10AA20000B00FFE79DF80B0003B0704700BF00BFAD
:10AA300082B00090009890F8980001280AD1FFE7B2
:10AA400000980168086A20F00300086200208DF871
:10AA500007000AE00099D1F89C0040F00400C1F81A
:10AA60009C0001208DF80700FFE79DF8070002B069
:10AA7000704700BF00BF00BF81B000900098006821
:10AA8000406A80B201B0704782B0009000980068C0
:10AA9000006A00F00300022805D0FFE70098016873
:10AAA000002048620AE00099D1F89C0040F01000B4
:10AAB000C1F89C0001208DF8070003E000208DF80C
:10AAC0000700FFE79DF8070002B0704700BF00BF16
:10AAD00084B0029001910092029890F898000128A9
:10AAE00012D1FFE702980068806A4FF6F9710840BA
:10AAF0000199009A41EA0241084302990968886273
:10AB000000208DF80F000AE00299D1F89C0040F077
:10AB10000400C1F89C0001208DF80F00FFE79DF8AC
:10AB20000F0004B0704700BF82B00090009890F80A
:10AB3000980001280AD1FFE700980168886A40F070
:10AB40000100886200208DF807000AE00099D1F822
:10AB50009C0040F00400C1F89C0001208DF8070023
:10AB6000FFE79DF8070002B0704700BF00BF00BFBD
:10AB700082B00090009890F8980001280AD1FFE771
:10AB800000980168886A20F00100886200208DF832
:10AB900007000AE00099D1F89C0040F00400C1F8D9
:10ABA0009C0001208DF80700FFE79DF8070002B028
:10ABB000704700BF00BF00BF81B0009000980068E0
:10ABC000C06A80B201B0704782B0009000980068FF
:10ABD000806A10F0060F07D1FFE700980168002097
:10ABE000C8628DF807000AE00099D1F89C0040F097
:10ABF0001000C1F89C0001208DF80700FFE79DF8C8
:10AC0000070002B0704700BF84B00290019100922B
:10AC1000029890F8980001280BD1FFE7009801995D
:10AC200040EA012002990968886400208DF80F002D
:10AC30000AE00299D1F89C0040F00400C1F89C00A1
:10AC400001208DF80F00FFE79DF80F0004B070475A
:10AC500082B00090009890F8980001280AD1FFE790
:10AC600000980168C86840F40000C86000208DF8B2
:10AC700007000AE00099D1F89C0040F00400C1F8F8
:10AC80009C0001208DF80700FFE79DF8070002B047
:10AC9000704700BF00BF00BF82B00090009890F8DE
:10ACA000980001280AD1FFE700980168C86820F4DD
:10ACB0000000C86000208DF807000AE00099D1F874
:10ACC0009C0040F00400C1F89C0001208DF80700B2
:10ACD000FFE79DF8070002B0704700BF00BF00BF4C
:10ACE00082B00090009890F8980001280AD1FFE700
:10ACF00000980168886920F40040886100208DF880
:10AD000007000AE00099D1F89C0040F00400C1F867
:10AD10009C0001208DF80700FFE79DF8070002B0B6
:10AD2000704700BF00BF00BF82B00090009890F84D
:10AD3000980001280AD1FFE700980168886940F46B
:10AD40000040886100208DF807000AE00099D1F8E2
:10AD50009C0040F00400C1F89C0001208DF8070021
:10AD6000FFE79DF8070002B0704700BF00BF00BFBB
:10AD700082B00090009890F8980001280AD1FFE76F
:10AD800000980168886940F40050886100208DF8BF
:10AD900007000AE00099D1F89C0040F00400C1F8D7
:10ADA0009C0001208DF80700FFE79DF8070002B026
:10ADB000704700BF00BF00BF82B00090009890F8BD
:10ADC000980001280AD1FFE700980168886920F4FB
:10ADD0000050886100208DF807000AE00099D1F842
:10ADE0009C0040F00400C1F89C0001208DF8070091
:10ADF000FFE79DF8070002B0704700BF00BF00BF2B
:10AE000082B00090009890F89800012811D1FFE7D7
:10AE10000099022081F8980000980168886920F064
:10AE20000100886100990020C1F89C008DF807009E
:10AE30000AE00099D1F89C0040F00400C1F89C00A1
:10AE400001208DF80700FFE79DF8070002B070476A
:10AE500080B586B00490039102920398406808B9C7
:10AE6000FFE700E0FFE7049890F89800022845D13A
:10AE7000FFE704980068D0F8C00010F07C5F0BD1A9
:10AE8000FFE70499D1F89C0040F02000C1F89C0035
:10AE900001208DF817003CE004980068D0F8C40049
:10AEA000800200280BD5FFE70499D1F89C0040F4FC
:10AEB0000070C1F89C0001208DF8170029E004986B
:10AEC0000068D0F8C400C0F30440019004980399CE
:10AED000029A019B00F024F80199012000FA01F187
:10AEE000049A1268C2F8D010019988400499C1F8F8
:10AEF0009400FFE700208DF817000AE00499D1F8CC
:10AF00009C0040F00800C1F89C0001208DF817005B
:10AF1000FFE79DF8170006B080BD00BF00BF00BF6F
:10AF200088B007900691059204930698406848B946
:10AF3000FFE70698016882680069104340EA814093
:10AF4000039009E00698016882680069104308438D
:10AF500040F080400390FFE70698D0F820C0C16819
:10AF600042698369C06940EA0C601843104340EAB3
:10AF7000014002900798826ED0F8840004995143F2
:10AF800000EB81000190039801990860019804305A
:10AF90000190029801990860019804300190002006
:10AFA0000090FFE700980699CA6849F22841C0F668
:10AFB0000301895C88420DD2FFE70598009940584B
:10AFC00001990860019804300190FFE7009804306F
:10AFD0000090E7E708B0704780B58EB00890079101
:10AFE00006920593089890F898008DF8130007983A
:10AFF000406808B9FFE700E0FFE79DF8130001286B
:10B0000005D0FFE79DF8130002285ED1FFE7059801
:10B0100090FAA0F00C900C9820B9FFE720208DF852
:10B02000370005E00C98B0FA80F08DF83700FFE7A4
:10B030009DF8370008990968D1F8C01001F47C1117
:10B04000B0EB114F0BD3FFE70899D1F89C0040F00B
:10B050002000C1F89C0001208DF8270040E00898EE
:10B060000068D0F8CC00059908420BD0FFE708999A
:10B07000D1F89C0040F04000C1F89C0001208DF800
:10B0800027002DE0089801900798029006980390F9
:10B09000059890FAA0F00A900A9820B9FFE72020BE
:10B0A0008DF82F0005E00A98B0FA80F08DF82F0097
:10B0B000FFE7039A029901989DF82F30FFF730FFC0
:10B0C000FFE700208DF827000AE00899D1F89C00DE
:10B0D00040F00200C1F89C0001208DF82700FFE736
:10B0E0009DF827000EB080BD83B0019000910198BB
:10B0F00090F89800022809D1FFE7009801990968A3
:10B10000C1F8D00000208DF80B000AE00199D1F8B9
:10B110009C0040F00800C1F89C0001208DF80B0055
:10B12000FFE79DF80B0003B0704700BF00BF00BFF2
:10B1300081B000900098D0F8940001B0704700BF33
:10B1400083B001900091019890F89800022809D1ED
:10B15000FFE7009801990968C1F8D40000208DF834
:10B160000B000AE00199D1F89C0040F00800C1F8FA
:10B170009C0001208DF80B00FFE79DF80B0003B049
:10B18000704700BF00BF00BF8AB0089007910692C9
:10B19000059300200190089890F898008DF803001E
:10B1A0009DF80300022840F05C81FFE707984028E3
:10B1B00051D1FFE708980068D0F8A00010F4FE0F06
:10B1C0000BD1FFE70899D1F89C0040F02000C1F8AE
:10B1D0009C0001208DF827004EE108980068D0F807
:10B1E000A400400658B9FFE70899D1F89C0040F444
:10B1F0008070C1F89C0001208DF827003CE1089880
:10B200000068D0F8A40000F080710120B0EB116F4D
:10B210000DD1FFE708980068D0F8A0100120B0EB2E
:10B22000D17F03D1FFE701200190FFE7FFE70898F6
:10B230000068D0F8A40000F47C51019800EB1120C4
:10B2400001900898426C406F0199514300EB8100D6
:10B250000490FFE770E00798412851D1FFE7089874
:10B260000068D0F8B00010F4FE0F0BD1FFE708998A
:10B27000D1F89C0040F02000C1F89C0001208DF81E
:10B280002700F9E008980068D0F8B400400658B9E3
:10B29000FFE70899D1F89C0040F48070C1F89C0049
:10B2A00001208DF82700E7E008980068D0F8B40086
:10B2B00000F080710120B0EB116F0DD1FFE708980D
:10B2C0000068D0F8B0100120B0EBD17F03D1FFE7C8
:10B2D00001200190FFE7FFE708980068D0F8B4006C
:10B2E00000F47C51019800EB112001900898C26C89
:10B2F000806F0199514300EB81000490FFE71AE051
:10B3000007980899096D88420BD3FFE70899D1F88F
:10B310009C0040F02000C1F89C0001208DF827001F
:10B32000AAE00898426DC06F0799514300EB810075
:10B330000490FFE7FFE7FFE70498006800F0804013
:10B34000069948600698406838B9FFE70498006895
:10B35000C0F38A400699086006E00498006820F06F
:10B36000604006990860FFE70498006800F000500C
:10B37000069988600498006800F00040069908610A
:10B38000049804300490049800880699C8610498D1
:10B390000068C0F303400699C8600498006800F490
:10B3A0008010069948610498006800F4001006991E
:10B3B000886104980068C0F30660069908620498E2
:10B3C0000068C00F069948620498043004900498FD
:10B3D000039000200290FFE702980699CA6849F29C
:10B3E0002841C0F60301895C88420AD2FFE703982E
:10B3F000029A805C05998854FFE702980130029018
:10B40000EAE70798402806D1FFE7019808990968FC
:10B41000C1F8A80021E00798412806D1FFE701986C
:10B4200008990968C1F8B80016E007981F2808D8DD
:10B43000FFE707990120884008990968C1F898003A
:10B4400009E0079800F01F01012088400899096869
:10B45000C1F89C00FFE7FFE7FFE700208DF8270019
:10B460000AE00899D1F89C0040F00800C1F89C005F
:10B4700001208DF82700FFE79DF827000AB07047EC
:10B4800086B004900391049890F898008DF803001A
:10B490009DF80300022840F08480FFE704980068CC
:10B4A000D0F8F00010F47C1F0BD1FFE70499D1F81D
:10B4B0009C0040F02000C1F89C0001208DF817008E
:10B4C0007AE004980068D0F8F400800658B9FFE7E5
:10B4D0000499D1F89C0040F48070C1F89C000120D0
:10B4E0008DF8170068E004980068D0F8F400C0F305
:10B4F000042001900498D0F88000019900EBC1006D
:10B5000002900298006800F0804003994860039818
:10B51000406838B9FFE702980068C0F38A40039991
:10B52000086006E00298006820F060400399086017
:10B53000FFE70298006800F00050039988600298C5
:10B54000006800F0004003990861029804300290FE
:10B55000029800880399C86102980068C0F303400C
:10B560000399C8600298006800F48010039948614C
:10B570000298006800F4001003998861029800683E
:10B5800000F44000039948620298C0780399086269
:10B59000019804990968C1F8F80000208DF8170097
:10B5A0000AE00499D1F89C0040F00800C1F89C0022
:10B5B00001208DF81700FFE79DF8170006B07047CF
:10B5C00082B00190009101980068D0F8940080B298
:10B5D000C00B0099086001980068D0F89400C0F38F
:10B5E00006200099486001980068D0F8940000F0A7
:10B5F000C0000099886001980068D0F8940000F0BD
:10B600003F000099C860002002B0704700BF00BF33
:10B6100083B00290019102980068406C00900098FD
:10B6200000F00700019908600098C0F3022001991A
:10B630004860009800F01800019988600098C0F3F5
:10B6400040100199C8600098C0F38010019908610A
:10B650009DF80000C009019948610098C0F3C0201E
:10B66000019988610098C0F300300199C861009881
:10B67000C0F34030019908620098C0F3803001990E
:10B6800048620098C0F3064001998862002003B028
:10B69000704700BF00BF00BF83B0029001910298C5
:10B6A0000068006C00909DF8000001990860009807
:10B6B000C0F3062001994860BDF80000C00B019955
:10B6C00088609DF802000199C860002003B07047AF
:10B6D00085B00390029103980068D0F8980001901B
:10B6E00003980068D0F89C00009002981F2806D8A4
:10B6F000FFE701980299C840C00760B1FFE70298D0
:10B7000020280BD3FFE70098029901F01F01C840E1
:10B71000C00718B9FFE70020049018E002981F281E
:10B7200008D8FFE702990120884003990968C1F809
:10B73000980009E0029800F01F0101208840039959
:10B740000968C1F89C00FFE701200490FFE7049816
:10B7500005B0704700BF00BF83B001900091019811
:10B760000068D0F8CC000099084203D1FFE7002020
:10B77000029002E001200290FFE7029803B07047B8
:10B7800083B0029001910198402808D1FFE7029808
:10B790000068D0F8A40000F07F00009007E0029855
:10B7A0000068D0F8B40000F07F000090FFE7009838
:10B7B00003B0704700BF00BF82B0019001980068DD
:10B7C000D0F8C40000F03F000090009802B070472D
:10B7D00082B00190019800688069C0F380000090F9
:10B7E000009802B0704700BF83B00190019890F8B4
:10B7F00098008DF803009DF80300012805D0FFE7AD
:10B800009DF8030002280AD1FFE7019801688869C2
:10B8100020F00400886100208DF80B000AE00199F7
:10B82000D1F89C0040F00200C1F89C0001208DF886
:10B830000B00FFE79DF80B0003B0704700BF00BF8F
:10B8400080B586B00490039103988068102801D1D8
:10B85000FFE7FFE703980068032801D0FFE7FFE751
:10B8600003980068012801D0FFE700E0FFE7049893
:10B8700090F89800012840F02981FFE7049841687A
:10B88000086920F000400861FDF702FE0290FFE722
:10B89000049840680069C00FB8B1FFE7FDF7F8FDF4
:10B8A0000299401A0B280FD3FFE70499D1F89C00A6
:10B8B00040F00100C1F89C000499032081F8980031
:10B8C00001208DF817000CE1E2E704984068006958
:10B8D00000F04040039A916BD26BA1F5803141EAB0
:10B8E000024108430499496808610498416808695D
:10B8F00040F00040086104984068806847F6F371A2
:10B900008843039A1168D2F808C0D368126941EAE3
:10B910000C0141EA431141EA0221084304994968B4
:10B92000886003980068032814D0FFE704984068F3
:10B9300080684FF6F771CFF600310840039A5168DE
:10B940009369526A41EA03411143084304994968E3
:10B950008860FFE703980068012813D0FFE7049888
:10B960004068806847F6FF71CFF6FF410840039AB0
:10B970005169D369126A194311430843049949680C
:10B980008860FFE704984068C06820F0C000039911
:10B99000C96A084304994968C86003980068032885
:10B9A00016D0FFE704984068C0684FF2FF01CFF25D
:10B9B0000001084003990B6B4A6B6FF0FF0101EB2C
:10B9C000032141EA0241084304994968C860FFE73E
:10B9D0000398806810280CD1FFE704984068C0687D
:10B9E00020F03F000399896A084304994968C860B8
:10B9F000FFE704984068D0F8000220F03300039A73
:10BA0000516C926C1143084304994968C1F80002D3
:10BA10000498D0F8900045F20041CBF6FF7108443D
:10BA2000800800900498406800684FF6FC718843D5
:10BA3000009940EA810004994968086004984068C8
:10BA4000006820F4FE000399096C40EA0140049963
:10BA5000496808600499D1F89000C1F88C000499F5
:10BA6000D1F88C00039A126C00EBC200C1F8900070
:10BA70000498D0F890004DF2FD31C4F200018842E4
:10BA80000BD3FFE70499D1F89C0040F02000C1F8E7
:10BA90009C0001208DF8170023E00498D0F88C005A
:10BAA0000190FFE701980499D1F89010884208D2DC
:10BAB000FFE7019900200860FFE70198043001903A
:10BAC000F0E7FFE700208DF817000AE00499D1F8AD
:10BAD0009C0040F00400C1F89C0001208DF8170084
:10BAE000FFE79DF8170006B080BD00BF00BF00BF94
:10BAF00085B00390029101920093029808B9FFE784
:10BB000000E0FFE7039890F89800012828D1FFE7AC
:10BB10000298B0F1804F0FD1FFE70398406840686A
:10BB200000F000500099029A1143019A1143084312
:10BB30000399496848600FE003984068406800F046
:10BB400000500099029A1143019A41EA8241084348
:10BB5000039949684860FFE700208DF813000AE068
:10BB60000399D1F89C0040F00400C1F89C0001202A
:10BB70008DF81300FFE79DF8130005B0704700BF74
:10BB80008AB0069005910598806808B1FFE7FFE745
:10BB90000598806902280FD0FFE70598806903287F
:10BBA0000AD0FFE705988069042805D0FFE70598CB
:10BBB0008069052801D1FFE7FFE70598806908281B
:10BBC00007D1FFE70598C06908B9FFE700E0FFE784
:10BBD000FFE7069890F8980001286ED1FFE70598D6
:10BBE000806818B9FFE70020049005E0059988688F
:10BBF000C96808440490FFE7059948680B694A69D9
:10BC000089690004DDF810C040EA0C201843104395
:10BC10000843029005988069082804D1FFE7059839
:10BC2000406A03902DE00598806902280FD0FFE755
:10BC30000598806903280AD0FFE7059880690428E1
:10BC400005D0FFE705988069052816D1FFE705981C
:10BC5000006A90FAA0F00890089820B9FFE7202029
:10BC60008DF8270005E00898B0FA80F08DF82700DD
:10BC7000FFE79DF82700039002E000200390FFE714
:10BC8000FFE70598C069C009039940EA01400190A7
:10BC90000698D0F88C000599096800EBC100009067
:10BCA000029800990860009804300090019800996B
:10BCB000086000208DF81F000AE00699D1F89C006A
:10BCC00040F00400C1F89C0001208DF81F00FFE740
:10BCD0009DF81F000AB0704785B0039002910020C4
:10BCE0000190039890F898008DF803009DF80300E8
:10BCF000012805D0FFE79DF8030002285AD1FFE78D
:10BD000003984068806800F40040B0F5004F0BD005
:10BD1000FFE70399D1F89C0040F01000C1F89C00A7
:10BD200001208DF8130050E003984068C06A40027B
:10BD300000280BD5FFE70399D1F89C0040F04000A4
:10BD4000C1F89C0001208DF813003EE00398406884
:10BD500080694FF6FF718843029908430399496847
:10BD60008861FFE70398406840690004002817D500
:10BD7000FFE7019833280FD3FFE70399D1F89C0020
:10BD800040F00100C1F89C000399032081F898005D
:10BD900001208DF8130018E0019801300190E1E7CF
:10BDA00003984168486940F00100486100208DF81F
:10BDB00013000AE00399D1F89C0040F00200C1F89A
:10BDC0009C0001208DF81300FFE79DF8130005B0DB
:10BDD000704700BF00BF00BF85B0039002910020F4
:10BDE0000190039890F898008DF803009DF80300E7
:10BDF000012805D0FFE79DF8030002285CD1FFE78A
:10BE000003984068806800F40040B0F5004F0BD004
:10BE1000FFE70399D1F89C0040F01000C1F89C00A6
:10BE200001208DF8130052E003984068C06A40007A
:10BE300000280BD5FFE70399D1F89C0040F04000A3
:10BE4000C1F89C0001208DF8130040E00398406881
:10BE500000694FF6FF7188430299A1F580310843CC
:10BE6000039949680861FFE7039840684069000446
:10BE7000002817D5FFE7019833280FD3FFE7039970
:10BE8000D1F89C0040F00100C1F89C000399032008
:10BE900081F8980001208DF8130018E00198013016
:10BEA0000190E1E703984168486940F00200486169
:10BEB00000208DF813000AE00399D1F89C0040F0AF
:10BEC0000200C1F89C0001208DF81300FFE79DF8E7
:10BED000130005B0704700BF86B004900391029232
:10BEE00000200190049890F898008DF803009DF8C8
:10BEF0000300012805D0FFE79DF8030002282FD199
:10BF0000FFE7FFE70498406840690004002817D560
:10BF1000FFE7019833280FD3FFE70499D1F89C007D
:10BF200040F00100C1F89C000499032081F89800BA
:10BF300001208DF817001EE0019801300190E1E723
:10BF400004984068406920F01C000399029A11434C
:10BF5000084304994968486100208DF817000AE0F9
:10BF60000499D1F89C0040F00200C1F89C00012027
:10BF70008DF81700FFE79DF8170006B0704700BF67
:10BF800088B0DDF820C0069005910492039300204C
:10BF90000290069890F898008DF80300039808B175
:10BFA000FFE7FFE79DF80300012806D0FFE79DF8B3
:10BFB0000300022840F08C80FFE7FFE70698406806
:10BFC00040690004002817D5FFE7029833280FD3F3
:10BFD000FFE70699D1F89C0040F00100C1F89C00F1
:10BFE0000699032081F8980001208DF81F007AE05F
:10BFF000029801300290E1E706984168486920F014
:10C00000C0004861059800285ED0FFE7039818B982
:10C01000FFE70020019004E003980899084401908C
:10C02000FFE700200290FFE706984068C069C00F54
:10C03000B8B1FFE7029833280FD3FFE70699D1F88C
:10C040009C0040F00100C1F89C000699032081F893
:10C05000980001208DF81F0045E002980130029001
:10C06000E2E70498019940EA014006994968C861ED
:10C0700000200290FFE7069840684069000400280D
:10C0800017D5FFE7029833280FD3FFE70699D1F8B9
:10C090009C0040F00100C1F89C000699032081F843
:10C0A000980001208DF81F001DE0029801300290D9
:10C0B000E1E706984068406920F0C0000599084310
:10C0C000069949684861FFE700208DF81F000AE0E3
:10C0D0000699D1F89C0040F00200C1F89C000120B4
:10C0E0008DF81F00FFE79DF81F0008B0704700BFE4
:10C0F00084B0029000200190029890F898008DF88A
:10C1000003009DF80300012805D0FFE79DF8030018
:10C11000022829D1FFE7FFE7029840684069000440
:10C12000002817D5FFE7019833280FD3FFE70299BE
:10C13000D1F89C0040F00100C1F89C000299032056
:10C1400081F8980001208DF80F0018E00198013067
:10C150000190E1E702984168486940F02000486199
:10C1600000208DF80F000AE00299D1F89C0040F001
:10C170000200C1F89C0001208DF80F00FFE79DF838
:10C180000F0004B0704700BF84B0029000200190FF
:10C19000029890F898008DF803009DF8030001289C
:10C1A00005D0FFE79DF80300022829D1FFE7FFE74C
:10C1B0000298406840690004002817D5FFE70198FD
:10C1C00033280FD3FFE70299D1F89C0040F001001B
:10C1D000C1F89C000299032081F8980001208DF895
:10C1E0000F0018E0019801300190E1E702984168E2
:10C1F000486920F02000486100208DF80F000AE017
:10C200000299D1F89C0040F00200C1F89C00012086
:10C210008DF80F00FFE79DF80F0004B0704700BFD6
:10C2200084B0029000200190029890F898008DF858
:10C2300003009DF80300012805D0FFE79DF80300E7
:10C2400002283CD1FFE702984068806800F00300B4
:10C25000032829D0FFE7FFE70298406840690004FF
:10C26000002817D5FFE7019833280FD3FFE702997D
:10C27000D1F89C0040F00100C1F89C000299032015
:10C2800081F8980001208DF80F0023E0019801301B
:10C290000190E1E702984168486940F48070486184
:10C2A00000208DF80F0015E00299D1F89C0040F0B5
:10C2B0001000C1F89C0001208DF80F000AE00299DF
:10C2C000D1F89C0040F00200C1F89C0001208DF8DC
:10C2D0000F00FFE79DF80F0004B0704700BF00BFDC
:10C2E00084B0029000200190029890F898008DF898
:10C2F00003009DF80300012805D0FFE79DF8030027
:10C3000002283CD1FFE702984068806800F00300F3
:10C31000032829D0FFE7FFE702984068406900043E
:10C32000002817D5FFE7019833280FD3FFE70299BC
:10C33000D1F89C0040F00100C1F89C000299032054
:10C3400081F8980001208DF80F0023E0019801305A
:10C350000190E1E702984168486920F480704861E3
:10C3600000208DF80F0015E00299D1F89C0040F0F4
:10C370001000C1F89C0001208DF80F000AE002991E
:10C38000D1F89C0040F00200C1F89C0001208DF81B
:10C390000F00FFE79DF80F0004B0704700BF00BF1B
:10C3A00084B0029000200190029890F898008DF8D7
:10C3B00003009DF80300012805D0FFE79DF8030066
:10C3C00002283CD1FFE702984068806800F0030033
:10C3D000032829D0FFE7FFE702984068406900047E
:10C3E000002817D5FFE7019833280FD3FFE70299FC
:10C3F000D1F89C0040F00100C1F89C000299032094
:10C4000081F8980001208DF80F0023E00198013099
:10C410000190E1E702984168486940F40070486182
:10C4200000208DF80F0015E00299D1F89C0040F033
:10C430001000C1F89C0001208DF80F000AE002995D
:10C44000D1F89C0040F00200C1F89C0001208DF85A
:10C450000F00FFE79DF80F0004B0704700BF00BF5A
:10C4600084B0029000200190029890F898008DF816
:10C4700003009DF80300012805D0FFE79DF80300A5
:10C4800002283CD1FFE702984068806800F0030072
:10C49000032829D0FFE7FFE70298406840690004BD
:10C4A000002817D5FFE7019833280FD3FFE702993B
:10C4B000D1F89C0040F00100C1F89C0002990320D3
:10C4C00081F8980001208DF80F0023E001980130D9
:10C4D0000190E1E702984168486920F400704861E2
:10C4E00000208DF80F0015E00299D1F89C0040F073
:10C4F0001000C1F89C0001208DF80F000AE002999D
:10C50000D1F89C0040F00200C1F89C0001208DF899
:10C510000F00FFE79DF80F0004B0704700BF00BF99
:10C5200084B0029000200190029890F898008DF855
:10C5300003009DF80300012805D0FFE79DF80300E4
:10C5400002283CD1FFE702984068806800F00300B1
:10C55000032829D0FFE7FFE70298406840690004FC
:10C56000002817D5FFE7019833280FD3FFE702997A
:10C57000D1F89C0040F00100C1F89C000299032012
:10C5800081F8980001208DF80F0023E00198013018
:10C590000190E1E702984168486940F40060486111
:10C5A00000208DF80F0015E00299D1F89C0040F0B2
:10C5B0001000C1F89C0001208DF80F000AE00299DC
:10C5C000D1F89C0040F00200C1F89C0001208DF8D9
:10C5D0000F00FFE79DF80F0004B0704700BF00BFD9
:10C5E00084B0029000200190029890F898008DF895
:10C5F00003009DF80300012805D0FFE79DF8030024
:10C6000002283CD1FFE702984068806800F00300F0
:10C61000032829D0FFE7FFE702984068406900043B
:10C62000002817D5FFE7019833280FD3FFE70299B9
:10C63000D1F89C0040F00100C1F89C000299032051
:10C6400081F8980001208DF80F0023E00198013057
:10C650000190E1E702984168486920F40060486170
:10C6600000208DF80F0015E00299D1F89C0040F0F1
:10C670001000C1F89C0001208DF80F000AE002991B
:10C68000D1F89C0040F00200C1F89C0001208DF818
:10C690000F00FFE79DF80F0004B0704700BF00BF18
:10C6A00084B0029000200190029890F898008DF8D4
:10C6B00003009DF80300012805D0FFE79DF8030063
:10C6C00002284FD1FFE702984068806800F0080018
:10C6D00008280BD0FFE70299D1F89C0040F0100029
:10C6E000C1F89C0001208DF80F0046E002984068D8
:10C6F000806800F00300032829D0FFE7FFE70298D5
:10C70000406840690004002817D5FFE701983328E6
:10C710000FD3FFE70299D1F89C0040F00100C1F867
:10C720009C000299032081F8980001208DF80F00E9
:10C7300023E0019801300190E1E7029841684869DF
:10C7400040F48050486100208DF80F0015E00299F8
:10C75000D1F89C0040F01000C1F89C0001208DF839
:10C760000F000AE00299D1F89C0040F00200C1F8E5
:10C770009C0001208DF80F00FFE79DF80F0004B02A
:10C78000704700BF00BF00BF84B00290002001903E
:10C79000029890F898008DF803009DF80300012896
:10C7A00005D0FFE79DF8030002284FD1FFE702986C
:10C7B0004068806800F0080008280BD0FFE7029965
:10C7C000D1F89C0040F01000C1F89C0001208DF8C9
:10C7D0000F0046E002984068806800F003000328DC
:10C7E00029D0FFE7FFE7029840684069000400286D
:10C7F00017D5FFE7019833280FD3FFE70299D1F847
:10C800009C0040F00100C1F89C000299032081F8CF
:10C81000980001208DF80F0023E00198013001906D
:10C82000E1E702984168486940F48060486100206F
:10C830008DF80F0015E00299D1F89C0040F010002F
:10C84000C1F89C0001208DF80F000AE00299D1F890
:10C850009C0040F00200C1F89C0001208DF80F0000
:10C86000FFE79DF80F0004B0704700BF00BF00BF96
:10C8700084B002900191029890F898008DF803001E
:10C880009DF80300012805D0FFE79DF8030002286A
:10C890001FD1FFE7029840684069800400280BD54B
:10C8A000FFE70299D1F89C0040F04000C1F89C00DD
:10C8B00001208DF80F0017E0029840688069019907
:10C8C000C0EA014002994968886100208DF80F0094
:10C8D0000AE00299D1F89C0040F00200C1F89C00E7
:10C8E00001208DF80F00FFE79DF80F0004B070479E
:10C8F00084B0029000200190029890F898008DF882
:10C9000003009DF80300012805D0FFE79DF8030010
:10C91000022829D1FFE7FFE7029840684069000438
:10C92000002817D5FFE7019833280FD3FFE70299B6
:10C93000D1F89C0040F00100C1F89C00029903204E
:10C9400081F8980001208DF80F0018E0019801305F
:10C950000190E1E702984168486940F4005048615D
:10C9600000208DF80F000AE00299D1F89C0040F0F9
:10C970000200C1F89C0001208DF80F00FFE79DF830
:10C980000F0004B0704700BF84B0029000200190F7
:10C99000029890F898008DF803009DF80300012894
:10C9A00005D0FFE79DF80300022829D1FFE7FFE744
:10C9B0000298406840690004002817D5FFE70198F5
:10C9C00033280FD3FFE70299D1F89C0040F0010013
:10C9D000C1F89C000299032081F8980001208DF88D
:10C9E0000F0018E0019801300190E1E702984168DA
:10C9F000486920F40050486100208DF80F000AE0DB
:10CA00000299D1F89C0040F00200C1F89C0001207E
:10CA10008DF80F00FFE79DF80F0004B0704700BFCE
:10CA200083B00290019102984068C06A009000981B
:10CA300000F0030001990860009800F00C000199D3
:10CA40004860009800F03000019988600098C0F3B9
:10CA500080100199C8609DF80000C0090199086123
:10CA60009DF80100019948610098C0F38050019938
:10CA700088610098C0F3C0500199C8610098C0F364
:10CA80000260019908620098C0F3C0600199486291
:10CA90000098C0F30070019988620098C0F340705C
:10CAA0000199C8620098C0F38070019908630098EA
:10CAB000C00F01994863002003B0704700BF00BF5A
:10CAC00085B0039002910192039890F898008DF838
:10CAD00003009DF80300012805D0FFE79DF803003F
:10CAE000022816D1FFE70198012807D1FFE7029A33
:10CAF00003980168886D9043886506E0029A039860
:10CB00000168886D10438865FFE700208DF81300E9
:10CB10000AE00399D1F89C0040F00200C1F89C00A3
:10CB200001208DF81300FFE79DF8130005B0704752
:10CB300085B0039002910192039890F898008DF8C7
:10CB400003009DF80300012805D0FFE79DF80300CE
:10CB5000022816D1FFE70198012807D1FFE7029AC2
:10CB600003984168886A9043886206E0029A0398B5
:10CB70004168886A10438862FFE700208DF813003F
:10CB80000AE00399D1F89C0040F00200C1F89C0033
:10CB900001208DF81300FFE79DF8130005B07047E2
:10CBA00085B0039002910192039890F898008DF857
:10CBB00003009DF80300012805D0FFE79DF803005E
:10CBC00002285DD1FFE7029803990968896D084240
:10CBD00007D1FFE703980168C86D40F00100C86500
:10CBE00015E0029803990968896D08400299884206
:10CBF00007D1FFE703980168C86D40F00200C865DF
:10CC000004E0039801680320C865FFE7FFE79DF88B
:10CC100009008007002809D5FFE7019A03980168F9
:10CC2000D1F8E0001043C1F8E000FFE79DF80900EB
:10CC30004007002809D5FFE7019A03980168D1F859
:10CC4000E4001043C1F8E400FFE7FFE702984FF665
:10CC5000FF71C3F6CF7100EA010203980168486DC5
:10CC600010434865029A4AF61401C4F200010868AC
:10CC700040EA92700860FFE700208DF813000AE098
:10CC80000399D1F89C0040F00200C1F89C000120FB
:10CC90008DF81300FFE79DF8130005B0704700BF43
:10CCA00085B003900291039890F898008DF80300E6
:10CCB0009DF80300012805D0FFE79DF80300022836
:10CCC00053D1FFE7FFE702990020CCF2300060EA81
:10CCD000010203980168486D10404865029A4AF6BF
:10CCE0001401C4F20001086820EA92700860FFE7AE
:10CCF0009DF809008007002806D5FFE70398016822
:10CD00000020C1F8E000FFE79DF809004007002877
:10CD100006D5FFE7039801680020C1F8E400FFE7AB
:10CD200003980068806D019003980068406D019938
:10CD30000843884207D1FFE703980168C86D20F0D7
:10CD40000100C865FFE703980068406D019908423B
:10CD500007D1FFE703980168C86D20F00200C8659D
:10CD6000FFE700208DF813000AE00399D1F89C003A
:10CD700040F00200C1F89C0001208DF81300FFE78D
:10CD80009DF8130005B0704784B00290019102989D
:10CD900090F898008DF803009DF80300012805D055
:10CDA000FFE79DF8030002282ED1FFE701980299C2
:10CDB0004968896A084207D1FFE702980168C86D8F
:10CDC00040F00100C86515E0019802994968896A38
:10CDD00008400199884207D1FFE702980168C86DB1
:10CDE00040F00200C86504E0029801680320C865AD
:10CDF000FFE7FFE7019A02984168486A10434862DA
:10CE000000208DF80F000AE00299D1F89C0040F054
:10CE10000200C1F89C0001208DF80F00FFE79DF88B
:10CE20000F0004B0704700BF85B0039002910398D3
:10CE300090F898008DF803009DF80300012805D0B4
:10CE4000FFE79DF8030002282BD1FFE7029A039821
:10CE50004168486A9043486203984068806A01903C
:10CE600003984068406A01990843884207D1FFE768
:10CE700003980168C86D20F00100C865FFE70398BA
:10CE80004068406A0199084207D1FFE703980168AA
:10CE9000C86D20F00200C865FFE700208DF8130080
:10CEA0000AE00399D1F89C0040F00200C1F89C0010
:10CEB00001208DF81300FFE79DF8130005B07047BF
:10CEC00080B594B013904AF61000C4F200000068D8
:10CED000800712904AF61400C4F20000016812980C
:10CEE00000EA8170129013980068006D00F47040A1
:10CEF000119013980068416D119808401190139893
:10CF00000068006D00F00F00109013980068416DEC
:10CF100010980840109013980068006D00F0F00021
:10CF20000F9013980068416D0F9808400F90139868
:10CF30000068006D00F071500E9013980068416D0C
:10CF40000E9808400E9013980068006D00F0607015
:10CF50000D9013980068416D0D9808400D9013983E
:10CF60000068406D039013980068006D01909DF873
:10CF70000D00C007B8B1FFE79DF80500C00788B1F4
:10CF8000FFE7FFE7139801684FF4807008654AF6E1
:10CF90001001C4F2000100200860FFE7139800F0C0
:10CFA00083FAFFE7FFE79DF80D0000F00401002081
:10CFB000B0EB910F28D0FFE79DF8050000F00401C9
:10CFC0000020B0EB910F1ED0FFE713980068D0F857
:10CFD000DC000B9013980068D0F8E4100B98084020
:10CFE0000B90FFE7139801684FF4806008654AF6DC
:10CFF0001001C4F2000100200860FFE713980B99AC
:10D0000000F056FAFFE7FFE71298B8B1FFE7FFE735
:10D0100012984FF6FF71C3F6CF7108401399096853
:10D0200008651298800F4AF61001C4F200010860EA
:10D03000FFE71398129900F043FAFFE71198B8B18F
:10D04000FFE7FFE711984FF6FF71C3F6CF71084075
:10D050001399096808651198800F4AF61001C4F207
:10D0600000010860FFE71398119900F031FAFFE71B
:10D070001098B8B1FFE7FFE710984FF6FF71C3F6BD
:10D08000CF7108401399096808651098800F4AF617
:10D090001001C4F200010860FFE713981099E8F747
:10D0A000D7F8FFE70F98B8B1FFE7FFE70F984FF603
:10D0B000FF71C3F6CF7108401399096808650F988E
:10D0C000800F4AF61001C4F200010860FFE71398D0
:10D0D0000F99E8F721F9FFE79DF80D0000F008012E
:10D0E0000020B0EBD10F1BD0FFE79DF8050000F04A
:10D0F00008010020B0EBD10F11D0FFE7FFE7139834
:10D1000001684FF4006008654AF61001C4F200019E
:10D1100000200860FFE7139800F0F2F9FFE7FFE74F
:10D120009DF80D0000F002010020B0EB510F28D057
:10D13000FFE79DF8050000F002010020B0EB510F61
:10D140001ED0FFE713980068D0F8D8000C90139811
:10D150000068D0F8E0100C9808400C90FFE7139896
:10D1600001684FF4007008654AF61001C4F200012E
:10D1700000200860FFE713980C9900F0C5F9FFE75D
:10D18000FFE79DF80E0000F008010020B0EBD10F82
:10D190001BD0FFE79DF8060000F008010020B0EB6F
:10D1A000D10F11D0FFE7FFE7139801684FF400207B
:10D1B00008654AF61001C4F2000100200860FFE78C
:10D1C000139800F0A9F9FFE7FFE79DF80E00C007EC
:10D1D000B8B1FFE79DF80600C00788B1FFE7FFE799
:10D1E000139801684FF4803008654AF61001C4F2C4
:10D1F000000100200860FFE7139800F091F9FFE7B5
:10D20000FFE79DF80E0000F004010020B0EB910F45
:10D210001BD0FFE79DF8060000F004010020B0EBF2
:10D22000910F11D0FFE7FFE7139801684FF48020BA
:10D2300008654AF61001C4F2000100200860FFE70B
:10D24000139800F071F9FFE7FFE79DF80E0000F07A
:10D2500002010020B0EB510F1FD0FFE79DF8060040
:10D2600000F002010020B0EB510F15D0FFE7FFE7FF
:10D27000139801684FF4003008654AF61001C4F2B3
:10D28000000100200860FFE71399D1F89C0040F0EE
:10D290008000C1F89C00FFE7FFE70D98B8B1FFE7F9
:10D2A000FFE70D984FF6FF71C3F6CF710840139951
:10D2B000096808650D98800F4AF61001C4F2000154
:10D2C0000860FFE713980D9900F032F9FFE70E9818
:10D2D000D0B1FFE7FFE70E984FF6FF71C3F6CF71AD
:10D2E00008401399096808650E98800F4AF61001E6
:10D2F000C4F200010860FFE70E9A1399D1F89C0070
:10D300001043C1F89C00FFE7139800684AF200013F
:10D31000C4F20001884240F0B980FFE713984068EA
:10D3200080688007002800F0B080FFE7139840680D
:10D33000006A00F00F000A9013984068416A0A984A
:10D3400008400A9013984068006A00F03000099085
:10D3500013984068416A09980840099013984068FA
:10D36000006A00F4C070089013984068416A0898F9
:10D370000840089013984068006A00F4FC40079049
:10D3800013984068416A07980840079013984068CE
:10D39000006A00F4F020069013984068416A0698ED
:10D3A0000840069013984068406A029013984068BD
:10D3B000006A00900A9848B1FFE70A9813994968F3
:10D3C000086213980A9900F0BBF8FFE7099848B182
:10D3D000FFE709981399496808621398099900F0C2
:10D3E000B7F8FFE79DF8080000F040010020B0EB1F
:10D3F000911F1FD0FFE79DF8000000F040010020C2
:10D40000B0EB911F15D0FFE713984068C06B000C7C
:10D41000059013984068C06B00F03F00049013988B
:10D4200041684020086213980599049A00F098F822
:10D43000FFE7FFE7089848B1FFE7089813994968A4
:10D4400008621398089900F093F8FFE7079860B115
:10D45000FFE70798139949680862079A1399D1F86A
:10D460009C001043C1F89C00FFE7069860B1FFE7FD
:10D470000698139949680862069A1399D1F89C0096
:10D480001043C1F89C00FFE7FFE7FFE71398D0F8CF
:10D490009C0020B1FFE7139800F072F8FFE714B08A
:10D4A00080BD00BF00BF00BF81B0009001B07047D9
:10D4B00082B00190009102B0704700BF00BF00BF72
:10D4C00082B00190009102B0704700BF00BF00BF62
:10D4D00082B00190009102B0704700BF00BF00BF52
:10D4E00082B00190009102B0704700BF00BF00BF42
:10D4F00082B00190009102B0704700BF00BF00BF32
:10D5000081B0009001B0704782B00190009102B0EC
:10D51000704700BF00BF00BF81B0009001B07047EE
:10D5200081B0009001B0704781B0009001B07047A9
:10D5300082B00190009102B0704700BF00BF00BFF1
:10D5400082B00190009102B0704700BF00BF00BFE1
:10D5500082B00190009102B0704700BF00BF00BFD1
:10D5600083B002900191009203B0704700BF00BFEA
:10D5700082B00190009102B0704700BF00BF00BFB1
:10D5800081B0009001B0704781B00090009890F891
:10D59000980001B0704700BF81B000900098D0F8AB
:10D5A0009C0001B07047000080B584B002900298E2
:10D5B00020B9FFE701208DF80F0045E002980168CF
:10D5C0004CF6CC4008600298016845F2555008605E
:10D5D0000298016840684860029801688068886025
:10D5E000FBF756FF0190FFE702980068C06840070C
:10D5F00098B1FFE7FBF74CFF0199401A32280BD393
:10D60000FFE702980068C068400720B1FFE70320E9
:10D610008DF80F0018E0FFE7E6E702980068006960
:10D620000299C968884205D0FFE702980168C0687E
:10D63000086105E0029801684AF6AA200860FFE741
:10D6400000208DF80F00FFE79DF80F0004B080BDAB
:10D6500081B00090009801684AF6AA200860002076
:10D6600001B070470000000080B584B002900298BD
:10D6700020B9FFE701208DF80F00A0E00298407A62
:10D6800038B9FFE70299002008720298E3F738FCE6
:10D69000FFE702990220487202980168086820F0AA
:10D6A0000400086002980068006820F020020298D8
:10D6B00001684068104340F08040086002980168AB
:10D6C00040F6BC20C1F2597008610298016847F227
:10D6D0007420086102980168086820F080400860A2
:10D6E000FBF7D6FE0190FFE7029800680068400053
:10D6F000002819D5FFE7FBF7CBFE0199401A032854
:10D7000011D3FFE70298006800684000002809D59F
:10D71000FFE7029901204872029A0221D1608DF838
:10D720000F004CE0FFE7DFE702980168086840F06F
:10D730000400086002980068406800F04001002082
:10D74000B0EB911F07D0FFE7029904204872012037
:10D750008DF80F0033E0FBF79BFE0190FFE7029886
:10D760000068406800F004010020B0EB910F1DD06C
:10D77000FFE7FBF78DFE0199401A032815D3FFE759
:10D7800002980068406800F004010020B0EB910F9F
:10D790000AD0FFE702990420487202990220C8606B
:10D7A00001208DF80F000AE0FFE7D8E70299012079
:10D7B000487202990020C8608DF80F00FFE79DF8BD
:10D7C0000F0004B080BD00BF81B0009001B0704771
:10D7D00080B584B00290029820B9FFE701208DF84F
:10D7E0000F0056E002980068006840F0804020F08A
:10D7F000200002990968086002980168086820F012
:10D8000080400860FBF744FE0190FFE70298006843
:10D810000068400000281FD5FFE7FBF739FE01999B
:10D82000401A032817D3FFE70298006800684000F9
:10D8300000280FD5FFE702990120487202990220C3
:10D84000C860FFE7029900200872FFE701208DF809
:10D850000F001EE0FFE7D9E702980168086820F092
:10D860000C00086002980168486820F06000486079
:10D870000298E3F775FB0299002048720299C8608C
:10D88000FFE7029900200872FFE700208DF80F00E3
:10D89000FFE79DF80F0004B080BD00BF00BF00BFD0
:10D8A00081B0009001B0704780B586B004900391BC
:10D8B00000208DF80700FFE70498007A012804D1C2
:10D8C000FFE702208DF8170081E00499012008721B
:10D8D000FFE7FFE70498407A012867D1FFE7049942
:10D8E0000220487204980068406800F0400100205F
:10D8F000B0EB911F13D0FFE704990820C86004988B
:10D9000000F06AF88DF807009DF80700012805D19E
:10D91000FFE79DF807008DF8170058E0FFE7FBF7D9
:10D92000B7FD0290FFE7049800684068C007F0B9AF
:10D93000FFE7FBF7ADFD0299401A032816D3FFE776
:10D94000049800684068C00778B9FFE7049901208F
:10D95000487204990220C860FFE704990020087209
:10D96000FFE701208DF8170031E0FFE7DBE70498BF
:10D97000006880680499086104980068406800F0B5
:10D9800040010020B0EB911F07D0FFE70499082069
:10D99000C86001208DF8070004E00498006903992D
:10D9A0000860FFE704990120487206E0049904200A
:10D9B000C86001208DF80700FFE7FFE70499002009
:10D9C0000872FFE79DF807008DF81700FFE79DF844
:10D9D000170006B080BD00BF80B584B00290002063
:10D9E000019002990968496801F00401B0EB910FB8
:10D9F00007D1FFE702980168486820F040004860BE
:10DA00006AE002980168086840F080400860029867
:10DA10000168086820F08040086002200190FFE75C
:10DA20000198013801900198A0B9FFE702990120FF
:10DA300048720299C86840F00200C860FFE7029986
:10DA400000200872FFE7029800F0FAF801208DF834
:10DA50000F004AE0FFE702980068006800F080408D
:10DA6000B0F1804FDCD0FFE702980068406800F01A
:10DA700040010020B0EB911F07D0FFE7029801683A
:10DA8000486820F040004860FFE702200190FFE76F
:10DA90000198013801900198A0B9FFE7029901208F
:10DAA00048720299C86840F00200C860FFE7029916
:10DAB00000200872FFE7029800F0C2F801208DF8FC
:10DAC0000F0012E0FFE702980068406800F00400D1
:10DAD0000428DDD0FFE7FFE70299C86820F00800BE
:10DAE000C86000208DF80F00FFE79DF80F0004B01C
:10DAF00080BD00BF00BF00BF83B0019000208DF843
:10DB00000300FFE70198007A012804D1FFE7022013
:10DB10008DF80B0024E0019901200872FFE7FFE770
:10DB20000198407A01280AD1FFE701990220487242
:10DB300001980168086840F0080008600BE0FFE702
:10DB4000019900200872FFE701990420C8600120B4
:10DB50008DF80300FFE79DF803008DF80B00FFE749
:10DB60009DF80B0003B0704780B584B0039000208F
:10DB7000029003980068406801909DF804008006B8
:10DB8000002806D5FFE703991020C8600120029005
:10DB900021E09DF80400400600281AD5FFE701980F
:10DBA00000F00400042807D0FFE7039801684868E4
:10DBB00020F0400048600BE003990820C860012075
:10DBC000029003980168086820F008000860FFE7E9
:10DBD00000E0FFE7FFE7029801280CD1FFE7039977
:10DBE00004204872039800F02BF8039801686FF046
:10DBF0006000486022E09DF80400C007F0B1FFE734
:10DC000003980168086820F008000860039800681D
:10DC10008068039908610398407A04280DD0FFE7D3
:10DC2000039901204872FFE7039900200872FFE77B
:10DC30000398016900F008F8FFE7FFE704B080BD32
:10DC400081B0009001B0704782B00190009102B0A5
:10DC5000704700BF00BF00BF81B00090009800690E
:10DC600001B0704700BF00BF81B000900098407ABB
:10DC700001B0704700BF00BF81B000900098C0683D
:10DC800001B070470000000080B586B00490049891
:10DC900020B9FFE701208DF817003AE10498406AA7
:10DCA00008B9FFE7FFE7049900208862049800683C
:10DCB00043F20001C4F2010188421BD0FFE704983F
:10DCC000006843F60001C4F20001884212D0FFE769
:10DCD0000498006843F60041C4F20001884209D06C
:10DCE000FFE70498C068102804D3FFE701208DF8EF
:10DCF00017000EE1049800F013F9029004980068F0
:10DD000043F20001C4F20101884216D0FFE70498F3
:10DD1000006843F60001C4F2000188420DD0FFE71D
:10DD20000498006843F60041C4F20001884204D020
:10DD3000FFE7029808281FD8FFE70498006843F21D
:10DD40000001C4F20101884212D0FFE70498006884
:10DD500043F60001C4F20001884209D0FFE70498AD
:10DD6000006843F60041C4F20001884208D1FFE791
:10DD70000298112804D3FFE701208DF81700C8E0AE
:10DD8000049890F8810040B9FFE70499002081F8D9
:10DD900080000498E3F738F9FFE70499022081F83E
:10DDA000810004980168086820F001000860049868
:10DDB0000068806800F4F810039004988069B0F15E
:10DDC000806F1BD1FFE704984068B0F5800F04D145
:10DDD000FFE70498806B50B1FFE70498406868B98A
:10DDE000FFE70498806BB0F1805F07D1FFE70498EC
:10DDF0000168086840F480500860FFE70498807963
:10DE00004006002810D5FFE70498C06807280BD308
:10DE1000FFE704980068006820F48070049A116895
:10DE2000126D1043086006E004980168086820F449
:10DE300080700860FFE7049B1968DA68D869D3F836
:10DE400028C040EA0C00DDF80CC040EA0C00DB6B97
:10DE5000184310438860049A0192506B516A08433A
:10DE6000916B0843916908431168D2F804C0936824
:10DE7000D2F810E040EA0E00D2F814E040EA0E00BA
:10DE8000D2F820E040EA0E0040EA0C00D2F84CC084
:10DE900040EA0C001843936C1843926D1043C8601D
:10DEA0000498406898B9FFE70498006880680121E9
:10DEB00061F3CC2004990968886004980068806840
:10DEC000022161F34A20049909688860FFE70498F9
:10DED0000168086D20F0010008650498807940060B
:10DEE00000280BD5FFE704980068C06820F00040C8
:10DEF000049A1168526D1043C860FFE7049900202E
:10DF0000C1F88400049A012182F881108DF817006D
:10DF1000FFE79DF8170006B080BD00BF00BF00BF3F
:10DF200083B002900298C16B012000EB5110019068
:10DF30000298C0680130009000980730C008009037
:10DF400000980199484303B0704700BF00BF00BF6D
:10DF500081B0009001B0704780B582B00090009809
:10DF600020B9FFE701208DF807001DE0009902208D
:10DF700081F8810000980168086820F001000860BD
:10DF80000098E3F7DDF800990020C1F884000099BB
:10DF900081F88100FFE70099002081F88000FFE709
:10DFA00000208DF80700FFE79DF8070002B080BD54
:10DFB00081B0009001B0704780B588B0069005919F
:10DFC000ADF8122003930698006820300290FBF70A
:10DFD0005FFA0190069890F88100012804D0FFE7CD
:10DFE00002208DF81F00D5E1059820B1FFE7BDF8AC
:10DFF000120020B9FFE701208DF81F00CAE1FFE7FA
:10E00000069890F88000012804D1FFE702208DF8DF
:10E010001F00BFE10699012081F88000FFE7FFE7BC
:10E020000699032081F8810006990020C1F8840038
:10E030000599069AD165BDF81210069AA2F86010EB
:10E04000BDF81210069AA2F8621006994866069961
:10E05000A1F868000699A1F86A0006994867069930
:10E06000086706988068B0F5C02F07D1FFE70698CB
:10E070000168086840F40060086009E006980068DC
:10E08000C068012161F3524006990968C860FFE742
:10E090000698006840684FF6FF718843BDF812107B
:10E0A000084406990968486006980168086840F0C5
:10E0B0000100086006984068B0F5800F07D1FFE7BF
:10E0C00006980168086840F400700860FFE7069849
:10E0D000C068102848D3FFE7FFE70698B0F8620051
:10E0E000002840D0FFE706980068406980070028B4
:10E0F00010D5FFE706980168C06D006808620699B0
:10E10000C86D0430C8650699B1F862000138A1F8FD
:10E11000620027E0FBF7BCF90199401A0399884295
:10E1200004D3FFE70398013018B9FFE70398C0B99B
:10E13000FFE7069800F034F90699D1F8840040F41E
:10E140008070C1F884000699012081F88100FFE702
:10E150000699002081F88000FFE703208DF81F005A
:10E1600018E1FFE7B9E7E8E00698C068082863D33C
:10E17000FFE7FFE70698B0F8620000285BD0FFE7F2
:10E18000069800684069800700282BD5FFE70698AD
:10E19000B0F86200022814D3FFE70698C06B80B184
:10E1A000FFE706980168C06D006808620699C86DAF
:10E1B0000430C8650699B1F862000238A1F862001F
:10E1C0000FE00698C06D0088029908800699C86D16
:10E1D0000230C8650699B1F862000138A1F8620002
:10E1E000FFE727E0FBF754F90199401A03998842A9
:10E1F00004D3FFE70398013018B9FFE70398C0B9CB
:10E20000FFE7069800F0CCF80699D1F8840040F4B6
:10E210008070C1F884000699012081F88100FFE731
:10E220000699002081F88000FFE703208DF81F0089
:10E23000B0E0FFE79EE77FE0FFE70698B0F86200F6
:10E24000002878D0FFE7069800684069800700281A
:10E2500048D5FFE70698B0F86200042815D3FFE719
:10E260000698C06B412810D3FFE706980168C06D7F
:10E27000006808620699C86D0430C8650699B1F84F
:10E2800062000438A1F862002BE00698B0F8620042
:10E29000022814D3FFE70698C06B80B1FFE7069809
:10E2A000C06D0088029908800699C86D0230C86563
:10E2B0000699B1F862000238A1F8620010E00698F1
:10E2C0000168C06D007881F820000699C86D0130A2
:10E2D000C8650699B1F862000138A1F86200FFE74D
:10E2E000FFE727E0FBF7D4F80199401A0399884229
:10E2F00004D3FFE70398013018B9FFE70398C0B9CA
:10E30000FFE7069800F04CF80699D1F8840040F435
:10E310008070C1F884000699012081F88100FFE730
:10E320000699002081F88000FFE703208DF81F0088
:10E3300030E0FFE781E7FFE7FFE70698039B0199DD
:10E340006A4611600821002200F0B6F840B1FFE7EC
:10E350000699D1F8840040F02000C1F88400FFE75E
:10E36000069800F01DF80699012081F88100FFE76A
:10E370000699002081F88000FFE70698D0F8840015
:10E3800020B1FFE701208DF81F0003E000208DF889
:10E390001F00FFE79DF81F0008B080BD00BF00BF51
:10E3A00082B001900198006840690090019801686E
:10E3B000886940F00800886101980168886940F028
:10E3C0001000886101980168086820F00100086069
:10E3D00001980168086940F26F3290430861019822
:10E3E0000168886820F440408860019890F88100B6
:10E3F000042815D0FFE79DF80000800600280ED500
:10E40000FFE70199D1F8840040F08000C1F8840052
:10E4100001980168886940F020008861FFE7FFE704
:10E42000019890F88100032815D0FFE79DF80000BF
:10E43000400600280ED5FFE70199D1F8840040F08E
:10E440000400C1F8840001980168886940F0400028
:10E450008861FFE7FFE79DF80100800700280ED5DF
:10E46000FFE70199D1F8840040F00100C1F8840071
:10E4700001980168886940F400708861FFE79DF8A1
:10E480000100C00770B1FFE70199D1F8840040F0A6
:10E490000800C1F8840001980168886940F4807020
:10E4A0008861FFE701990020A1F862000199A1F8B5
:10E4B0006A0002B0704700BF80B586B0DDF820C0AA
:10E4C000049003918DF80B200193FFE704980068F6
:10E4D000406903990840401AB0FA80F040099DF85D
:10E4E0000B10884214D1FFE7FAF7D2FF0899401ABF
:10E4F0000199884204D3FFE70198013018B9FFE77A
:10E50000019820B9FFE703208DF8170004E0DDE74C
:10E5100000208DF81700FFE79DF8170006B080BDBA
:10E5200080B58AB008900791ADF81A200593089835
:10E53000C16B012000EB5110ADF80A00089800688B
:10E5400030300190FAF7A4FF0490089890F8810009
:10E55000012804D0FFE702208DF8270044E2079845
:10E5600020B1FFE7BDF81A0020B9FFE701208DF8C0
:10E57000270039E2FFE7089890F88000012804D1CD
:10E58000FFE702208DF827002EE20899012081F88C
:10E590008000FFE7FFE70899042081F881000899CF
:10E5A0000020C1F884000799089A5166BDF81A1036
:10E5B000089AA2F86810BDF81A10089AA2F86A1012
:10E5C0000899C8650899A1F860000899A1F8620047
:10E5D000089908670899486708988068B0F5C02FBF
:10E5E00007D1FFE708980168086820F40060086018
:10E5F00009E008980068C068022161F35240089958
:10E600000968C860FFE70898006840684FF6FF7126
:10E610008843BDF81A1008440899096848600898AA
:10E620000168086840F00100086008984068B0F58B
:10E63000800F07D1FFE708980168086840F4007070
:10E640000860FFE70898C06810286CD3FFE7FFE771
:10E650000898B0F86A00002864D0FFE708980068BE
:10E6600040690390089800684069C00788B1FFE7D7
:10E6700008980068006B0899496E08600899486E10
:10E68000043048660899B1F86A000138A1F86A00B8
:10E6900047E00898B0F86A00BDF80A10884217DA17
:10E6A000FFE79DF80D000006002811D5FFE7089848
:10E6B0000068006B0899496E08600899486E04303C
:10E6C00048660899B1F86A000138A1F86A0027E0A5
:10E6D000FAF7DEFE0499401A0599884204D3FFE751
:10E6E0000598013018B9FFE70598C0B9FFE7089809
:10E6F000FFF756FE0899D1F8840040F48070C1F805
:10E7000084000899012081F88100FFE70899002022
:10E7100081F88000FFE703208DF8270064E1FFE720
:10E72000FFE795E746E10898C0680828C0F09280A6
:10E73000FFE7FFE70898B0F86A00002800F089803A
:10E74000FFE70898006840690390089800684069EE
:10E75000C00780B1FFE7019800880899496E0880DA
:10E760000899486E023048660899B1F86A00013885
:10E77000A1F86A006CE00898B0F86A00BDF80A10C9
:10E7800088421FDAFFE79DF80D000006002819D522
:10E79000FFE7019800880899496E08800899486E3B
:10E7A00002304866019800880899496E08800899E7
:10E7B000486E023048660899B1F86A000238A1F83C
:10E7C0006A0044E00898B0F86A00012816D1FFE713
:10E7D0009DF80D008006002810D5FFE701980088FD
:10E7E0000899496E08800899486E02304866089971
:10E7F000B1F86A000138A1F86A0027E0FAF748FE8C
:10E800000499401A0599884204D3FFE7059801301E
:10E8100018B9FFE70598C0B9FFE70898FFF7C0FDF2
:10E820000899D1F8840040F48070C1F884000899F8
:10E83000012081F88100FFE70899002081F880001D
:10E84000FFE703208DF82700CEE0FFE7FFE7FFE7B3
:10E8500070E7AEE0FFE70898B0F86A00002800F023
:10E86000A780FFE70898006840690390089800684F
:10E870004069C00790B1FFE70898006890F8300041
:10E880000899496E08700899486E013048660899E1
:10E89000B1F86A000138A1F86A0088E00898B0F879
:10E8A0006A00BDF80A10884239DAFFE79DF80D00CA
:10E8B0000006002833D5FFE70898006890F830007C
:10E8C0000899496E08700899486E013048660898A2
:10E8D000006890F830000899496E08700899486EF1
:10E8E000013048660898006890F830000899496E31
:10E8F00008700899486E013048660898006890F8DA
:10E9000030000899496E08700899486E01304866D1
:10E910000899B1F86A000438A1F86A0046E008983E
:10E92000B0F86A00032818D8FFE79DF80D0010F032
:10E93000600F12D0FFE70898006890F8300008993F
:10E94000496E08700899486E013048660899B1F818
:10E950006A000138A1F86A0027E0FAF799FD0499E6
:10E96000401A0599884204D3FFE70598013018B989
:10E97000FFE70598C0B9FFE70898FFF711FD089970
:10E98000D1F8840040F48070C1F884000899012017
:10E9900081F88100FFE70899002081F88000FFE7F7
:10E9A00003208DF827001FE0FFE7FFE7FFE752E7AE
:10E9B000FFE7FFE70898FFF7F3FC0899012081F8CB
:10E9C0008100FFE70899002081F88000FFE70898A0
:10E9D000D0F8840020B1FFE701208DF8270003E084
:10E9E00000208DF82700FFE79DF827000AB080BDC2
:10E9F00080B590B0DDF848C00E900D910C92ADF846
:10EA00002E300E98006820300A900E980068303042
:10EA100009900E98C16B012000EB5110ADF8120067
:10EA2000FAF736FD0890BDF82E00ADF81600BDF8D7
:10EA30002E00ADF814000E9890F88100012804D043
:10EA4000FFE702208DF83F0050E30D9838B1FFE753
:10EA50000C9820B1FFE7BDF82E0020B9FFE7012098
:10EA60008DF83F0042E3FFE70E9890F88000012800
:10EA700004D1FFE702208DF83F0037E30E99012013
:10EA800081F88000FFE7FFE70E99052081F88100FB
:10EA90000E990020C1F884000C990E9A5166BDF8B9
:10EAA0002E100E9AA2F86A10BDF82E100E9AA2F837
:10EAB00068100D990E9AD165BDF82E100E9AA2F825
:10EAC0006210BDF82E100E9AA2F860100E99086719
:10EAD0000E9948670E980068C06820F4C0200E990F
:10EAE0000968C8600E98006843F20001C4F2010191
:10EAF000884212D0FFE70E98006843F60001C4F286
:10EB00000001884209D0FFE70E98006843F60041F3
:10EB1000C4F20001884203D1FFE71020079002E011
:10EB200008200790FFE70E98006840684FF6FF71D5
:10EB30008843BDF82E1008440E99096848600E9865
:10EB40000168086840F0010008600E984068B0F560
:10EB5000800F07D1FFE70E980168086840F4007045
:10EB60000860FFE70E98C0681028C0F0B580FFE786
:10EB7000079880080790FFE7BDF816100120039062
:10EB800039B9FFE7BDF81400002818BF0120039031
:10EB9000FFE70398C007002800F09D80FFE70E986C
:10EBA000006840698007002822D5FFE7BDF81600FD
:10EBB000F0B1FFE7BDF81400BDF81610079A114434
:10EBC000884215D2FFE70E980168C06D00680862A0
:10EBD0000E99C86D0430C8650E99B1F8620001380D
:10EBE000A1F862000E98B0F86200ADF81600FFE7D9
:10EBF0000E98006840690690BDF81400002869D09E
:10EC0000FFE70E9800684069C007B0B1FFE70E98B3
:10EC10000068006B0E99496E08600E99486E0430CA
:10EC200048660E99B1F86A000138A1F86A000E989A
:10EC3000B0F86A00ADF814004BE0BDF81400BDF860
:10EC4000121088421CDAFFE79DF819000006002820
:10EC500016D5FFE70E980068006B0E99496E0860A4
:10EC60000E99486E043048660E99B1F86A00013872
:10EC7000A1F86A000E98B0F86A00ADF8140027E019
:10EC8000FAF706FC0899401A1299884204D3FFE764
:10EC90001298013018B9FFE71298C0B9FFE70E9833
:10ECA000FFF77EFB0E99D1F8840040F48070C1F824
:10ECB00084000E99012081F88100FFE70E99002061
:10ECC00081F88000FFE703208DF83F000EE2FFE7A8
:10ECD000FFE7FFE750E7DCE10E98C0680828C0F0C6
:10ECE000DE80FFE7079840080790FFE7BDF81610A1
:10ECF0000120029039B9FFE7BDF81400002818BFC1
:10ED000001200290FFE70298C007002800F0C680AB
:10ED1000FFE70E98006840698007002822D5FFE7CA
:10ED2000BDF81600F0B1FFE7BDF81400BDF81610ED
:10ED3000079A1144884215D2FFE70E98C06D0088EB
:10ED40000A9908800E99C86D0230C8650E99B1F80D
:10ED500062000138A1F862000E98B0F86200ADF8C8
:10ED60001600FFE70E98006840690690BDF8140091
:10ED7000002800F09280FFE70E9800684069C00705
:10ED8000A8B1FFE7099800880E99496E08800E998E
:10ED9000486E023048660E99B1F86A000138A1F851
:10EDA0006A000E98B0F86A00ADF8140074E0BDF87F
:10EDB0001400BDF81210884224DAFFE79DF819000C
:10EDC000000600281ED5FFE7099800880E99496EB5
:10EDD00008800E99486E02304866099800880E999E
:10EDE000496E08800E99486E023048660E99B1F857
:10EDF0006A000238A1F86A000E98B0F86A00ADF80F
:10EE0000140048E0BDF8140001281BD1FFE79DF86D
:10EE100019008006002815D5FFE7099800880E998B
:10EE2000496E08800E99486E023048660E99B1F816
:10EE30006A000138A1F86A000E98B0F86A00ADF8CF
:10EE4000140027E0FAF724FB0899401A1299884227
:10EE500004D3FFE71298013018B9FFE71298C0B940
:10EE6000FFE70E98FFF79CFA0E99D1F8840040F462
:10EE70008070C1F884000E99012081F88100FFE7BD
:10EE80000E99002081F88000FFE703208DF83F00F5
:10EE90002CE1FFE7FFE7FFE7FFE727E7F8E0FFE701
:10EEA000BDF816100120019039B9FFE7BDF8140034
:10EEB000002818BF01200190FFE70198C007002833
:10EEC00000F0E580FFE70E980068406980070028A1
:10EED00023D5FFE7BDF81600F8B1FFE7BDF8140031
:10EEE000BDF81610079A1144884216D2FFE70E9813
:10EEF0000168C06D007881F820000E99C86D01305E
:10EF0000C8650E99B1F862000138A1F862000E9848
:10EF1000B0F86200ADF81600FFE70E98006840698F
:10EF20000690BDF81400002800F0B080FFE70E98AE
:10EF300000684069C007B8B1FFE70E98006890F814
:10EF400030000E99496E08700E99486E013048667F
:10EF50000E99B1F86A000138A1F86A000E98B0F86D
:10EF60006A00ADF8140090E0BDF81400BDF812106E
:10EF700088423EDAFFE79DF819000006002838D5E0
:10EF8000FFE70E98006890F830000E99496E0870FF
:10EF90000E99486E013048660E98006890F830006F
:10EFA0000E99496E08700E99486E013048660E98A9
:10EFB000006890F830000E99496E08700E99486EFE
:10EFC000013048660E98006890F830000E99496E3E
:10EFD00008700E99486E013048660E99B1F86A00C3
:10EFE0000438A1F86A000E98B0F86A00ADF8140071
:10EFF0004AE0BDF8140003281DD8FFE79DF819006A
:10F0000010F0600F17D0FFE70E98006890F83000FE
:10F010000E99496E08700E99486E013048660E9937
:10F02000B1F86A000138A1F86A000E98B0F86A00D9
:10F03000ADF8140027E0FAF72BFA0899401A129954
:10F04000884204D3FFE71298013018B9FFE71298FD
:10F05000C0B9FFE70E98FFF7A3F90E99D1F8840025
:10F0600040F48070C1F884000E99012081F881007D
:10F07000FFE70E99002081F88000FFE703208DF85C
:10F080003F0033E0FFE7FFE7FFE7FFE708E7FFE7C1
:10F09000FFE70E98129B08996A461160082100222A
:10F0A000FFF70AFA40B1FFE70E99D1F8840040F06B
:10F0B0002000C1F88400FFE70E98FFF771F90E9960
:10F0C000012081F88100FFE70E99002081F880007F
:10F0D000FFE70E98D0F8840020B1FFE701208DF8FB
:10F0E0003F0003E000208DF83F00FFE79DF83F0060
:10F0F00010B080BD00BF00BF84B002900191ADF898
:10F100000220019820B1FFE7BDF8020020B9FFE717
:10F1100001208DF80F00A0E0029890F881000128EE
:10F1200004D0FFE702208DF80F0096E0FFE7029879
:10F1300090F88000012804D1FFE702208DF80F002D
:10F140008BE00299012081F88000FFE7FFE7029938
:10F15000032081F8810002990020C1F88400019900
:10F16000029AD165BDF80210029AA2F86010BDF8AB
:10F170000210029AA2F86210029948660299A1F858
:10F1800068000299A1F86A00029908670298C068AD
:10F19000102807D3FFE702994FF26920C0F601005B
:10F1A000486713E00298C068082807D3FFE7029970
:10F1B0004FF2A920C0F60100486706E002994FF21D
:10F1C000F120C0F601004867FFE7FFE7029880687A
:10F1D000B0F5C02F07D1FFE702980168086840F436
:10F1E0000060086009E002980068C068012161F3CE
:10F1F000524002990968C860FFE7029800684068B9
:10F200004FF6FF718843BDF802100844029909685F
:10F21000486002980168086840F001000860FFE754
:10F220000299002081F88000FFE7029801680869D0
:10F2300040F22A721043086102984068B0F5800FCE
:10F2400007D1FFE702980168086840F40070086081
:10F25000FFE700208DF80F00FFE79DF80F0004B0D6
:10F26000704700BF00BF00BF81B0009000980168E8
:10F27000C06D006808620099C86D0430C8650099C7
:10F28000B1F862000138A1F862000098B0F862009D
:10F2900038B9FFE700980168086920F002000861AA
:10F2A000FFE701B0704700BF82B00190019800688D
:10F2B000203000900198C06D008800990880019965
:10F2C000C86D0230C8650199B1F862000138A1F833
:10F2D00062000198B0F8620038B9FFE70198016850
:10F2E000086920F002000861FFE702B0704700BF24
:10F2F00081B0009000980168C06D007881F820000E
:10F300000099C86D0130C8650099B1F862000138F4
:10F31000A1F862000098B0F8620038B9FFE70098E1
:10F320000168086920F002000861FFE701B070473A
:10F3300084B002900191ADF80220029890F881000B
:10F34000012804D0FFE702208DF80F00A1E001980A
:10F3500020B1FFE7BDF8020020B9FFE701208DF8DA
:10F360000F0096E0FFE7029890F88000012804D192
:10F37000FFE702208DF80F008BE00299012081F851
:10F380008000FFE7FFE70299042081F881000299DD
:10F390000020C1F884000199029A5166BDF802105C
:10F3A000029AA2F86810BDF80210029AA2F86A1038
:10F3B0000299C8650299A1F860000299A1F862005B
:10F3C000029948670298C068102807D3FFE702999E
:10F3D0004FF2A140C0F60100086713E00298C06830
:10F3E000082807D3FFE702994FF2E140C0F6010079
:10F3F000086706E002994FF22950C0F6010008673D
:10F40000FFE7FFE702988068B0F5C02F07D1FFE75C
:10F4100002980168086820F40060086009E002981A
:10F420000068C068022161F3524002990968C8600F
:10F43000FFE70298006840684FF6FF718843BDF807
:10F440000210084402990968486002980168086837
:10F4500040F001000860FFE70299002081F8800079
:10F46000FFE702980168086940F249721043086199
:10F4700002984068B0F5800F07D1FFE70298016855
:10F48000086840F400700860FFE700208DF80F0066
:10F49000FFE79DF80F0004B0704700BF00BF00BF3A
:10F4A00081B0009000980068006B0099496E086078
:10F4B0000099486E043048660099B1F86A00013836
:10F4C000A1F86A000098B0F86A0038B9FFE7009820
:10F4D0000168086920F001000861FFE701B070478A
:10F4E00082B0019001980068303000900098008848
:10F4F0000199496E08800199486E02304866019969
:10F50000B1F86A000138A1F86A000198B0F86A0001
:10F5100038B9FFE701980168086920F00100086127
:10F52000FFE702B0704700BF81B00090009800680C
:10F5300090F830000099496E08700099486E0130CB
:10F5400048660099B1F86A000138A1F86A0000988D
:10F55000B0F86A0038B9FFE700980168086920F040
:10F5600001000861FFE701B0704700BF00BF00BFA6
:10F5700088B0069005910492ADF80E3006980068A8
:10F5800020300190069890F88100012804D0FFE710
:10F5900002208DF81F000CE1059838B1FFE70498B0
:10F5A00020B1FFE7BDF80E0020B9FFE701208DF87C
:10F5B0001F00FEE0FFE7069890F88000012804D1C4
:10F5C000FFE702208DF81F00F3E00699012081F883
:10F5D0008000FFE7FFE70699052081F88100069982
:10F5E0000020C1F8840005980699C865BDF80E0092
:10F5F0000699A1F86000BDF80E000699A1F8620016
:10F60000049806994866BDF80E000699A1F86800AE
:10F61000BDF80E000699A1F86A000698B0F86200DD
:10F6200002900698C06810280DD3FFE706994FF2A4
:10F630006920C0F60100486706994FF2A140C0F664
:10F64000010008671FE00698C06808280DD3FFE78F
:10F6500006994FF2E140C0F60100086706994FF2A3
:10F66000A920C0F6010048670CE006994FF2295026
:10F67000C0F60100086706994FF2F120C0F60100BC
:10F680004867FFE7FFE706980068C06820F4C020DD
:10F6900006990968C8600698006840684FF6FF71CF
:10F6A0008843BDF80E10084406990968486006981A
:10F6B0000168086840F001000860FFE706980068EC
:10F6C0004169002089070029009006D5FFE70298CC
:10F6D000002818BF01200090FFE70098C00700280D
:10F6E00049D0FFE70698C068102814D3FFE70698B2
:10F6F0000168C06D006808620699C86D0430C8656D
:10F700000699B1F862000138A1F862000698B0F8D5
:10F71000620002902EE00698C068082814D3FFE724
:10F720000698C06D0088019908800699C86D02305E
:10F73000C8650699B1F862000138A1F86200069820
:10F74000B0F86200029014E006980168C06D00787D
:10F7500081F820000699C86D0130C8650699B1F896
:10F7600062000138A1F862000698B0F862000290C9
:10F77000FFE7FFE7A2E7FFE70699002081F8800096
:10F78000FFE706980168086940F26C72104308614F
:10F7900006984068B0F5800F07D1FFE7069801682A
:10F7A000086840F400700860FFE700208DF81F0033
:10F7B000FFE79DF81F0008B0704700BF00BF00BF03
:10F7C00080B584B002900191ADF80220029890F8C3
:10F7D0008100012804D0FFE702208DF80F0040E1EE
:10F7E000019820B1FFE7BDF8020020B9FFE7012032
:10F7F0008DF80F0035E1FFE7029890F880000128AE
:10F8000004D1FFE702208DF80F002AE102990120C0
:10F8100081F88000FFE7FFE70299032081F881006B
:10F8200002990020C1F884000199029AD165BDF8BF
:10F830000210029AA2F86010BDF80210029AA2F813
:10F84000621002994866029948670299086702990E
:10F85000A1F868000299A1F86A0002988068B0F5E2
:10F86000C02F07D1FFE702980168086840F40060E4
:10F87000086009E002980068C068012161F3524005
:10F8800002990968C860FFE70298C068102807D38A
:10F89000FFE70298806F8069B0F5804F13D1FFE7D2
:10F8A0000298C068082818D3FFE70298806F806923
:10F8B000B0F5005F11D0FFE70298806F8069B0F566
:10F8C000804F0AD0FFE7FFE70299002081F880000F
:10F8D000FFE701208DF80F00C3E00298C0680728F9
:10F8E00021D8FFE70298806F8069B0F5005F09D1E9
:10F8F000FFE70298B0F86200013040080299A1F8D1
:10F900006200FFE70298806F8069B0F5804F09D1EF
:10F91000FFE70298B0F86200033080080299A1F86E
:10F920006200FFE717E00298C0680F2811D8FFE7D0
:10F930000298806F8069B0F5804F09D1FFE7029887
:10F94000B0F86200013040080299A1F86200FFE7B8
:10F9500000E0FFE7FFE70298816F4FF67120C0F6E5
:10F96000010008640298816F4FF68920C0F60100FB
:10F97000C8630298816F4FF6D120C0F60100C864B9
:10F980000298816F0020086502980168886820F459
:10F9900000408860029B1A68D96D986F2032B3F8D6
:10F9A0006230F5F769F8A8B1FFE70299D1F8840051
:10F9B00040F01000C1F884000299012081F8810014
:10F9C000FFE70299002081F88000FFE701208DF811
:10F9D0000F0046E00298806FC069B0F5807F0AD1C1
:10F9E000FFE70298006840684FF6FF71884302996C
:10F9F000096848600CE00298006840684FF6FF71A3
:10FA00008843BDF802100844029909684860FFE77E
:10FA100002980168886840F4004088600298016894
:10FA2000086940F44870086102980168086840F06D
:10FA30000100086002984068B0F5800F07D1FFE729
:10FA400002980168086840F400700860FFE7FFE76B
:10FA50000299002081F88000FFE700208DF80F0058
:10FA6000FFE79DF80F0004B080BD00BF00BF00BFDE
:10FA700080B582B001900198806B0090009801F0F1
:10FA800083F802B080BD00BF80B582B001900198BC
:10FA9000806B0090009890F88100072813D0FFE752
:10FAA0000098806FC069B0F5807F04D1FFE70098AF
:10FAB00001F04EF806E000980168086940F008007F
:10FAC0000861FFE7FFE702B080BD00BF00BF00BFD5
:10FAD00080B582B001900198806B00900198F8F792
:10FAE0007FFA022812D0FFE70098FEF759FC009930
:10FAF000D1F8840040F01000C1F884000099012082
:10FB000081F88100009801F017F8FFE702B080BD8E
:10FB100080B584B002900191ADF80220029890F86F
:10FB2000810001280AD0FFE7FFE70299002081F851
:10FB30008000FFE702208DF80F0044E1019820B11A
:10FB4000FFE7BDF8020050B9FFE7FFE70299002088
:10FB500081F88000FFE701208DF80F0033E1FFE717
:10FB6000029890F88000012804D1FFE702208DF868
:10FB70000F0028E10299012081F88000FFE7FFE7EC
:10FB80000299042081F8810002990020C1F88400C4
:10FB90000199029A5166BDF80210029AA2F8681003
:10FBA000BDF80210029AA2F86A1002990867029939
:10FBB00048670299A1F860000299A1F862000298D2
:10FBC0008068B0F5C02F07D1FFE702980168086888
:10FBD00020F40060086009E002980068C068022113
:10FBE00061F3524002990968C860FFE70298C06853
:10FBF000102807D3FFE70298C06F8069B0F5804FE7
:10FC000013D1FFE70298C068082818D3FFE70298CD
:10FC1000C06F8069B0F5005F11D0FFE70298C06F38
:10FC20008069B0F5804F0AD0FFE7FFE70299002016
:10FC300081F88000FFE701208DF80F00C3E00298F3
:10FC40000168886820F4804088600298C0680728AE
:10FC500021D8FFE70298C06F8069B0F5005F09D135
:10FC6000FFE70298B0F86A00013040080299A1F855
:10FC70006A00FFE70298C06F8069B0F5804F09D134
:10FC8000FFE70298B0F86A00033080080299A1F8F3
:10FC90006A00FFE717E00298C0680F2811D8FFE755
:10FCA0000298C06F8069B0F5804F09D1FFE70298D4
:10FCB000B0F86A00013040080299A1F86A00FFE735
:10FCC00000E0FFE7FFE70298C16F4FF6D150C0F6A2
:10FCD000010008640298C16F4FF6E950C0F60100B8
:10FCE000C8630298C16F4FF6D120C0F60100C86406
:10FCF0000298C16F00200865029B19685A6ED86F80
:10FD00003031B3F86A30F4F7B7FEA8B1FFE70299D3
:10FD1000D1F8840040F01000C1F88400029901205D
:10FD200081F88100FFE70299002081F88000FFE759
:10FD300001208DF80F0046E00298C06FC069B0F551
:10FD4000807F0AD1FFE70298006840684FF6FF7194
:10FD500088430299096848600CE00298006840688E
:10FD60004FF6FF718843BDF80210084402990968F4
:10FD70004860FFE702980168886840F48040886026
:10FD800002980168086940F450700861029801689F
:10FD9000086840F00100086002984068B0F5800FE4
:10FDA00007D1FFE702980168086840F40070086016
:10FDB000FFE7FFE70299002081F88000FFE70020BD
:10FDC0008DF80F00FFE79DF80F0004B080BD00BF65
:10FDD00080B582B001900198806B0090009800F08F
:10FDE000D7FE02B080BD00BF80B582B001900198FF
:10FDF000806B0090009890F88100072813D0FFE7EF
:10FE00000098C06FC069B0F5807F04D1FFE700980B
:10FE100000F09AFE06E000980168086940F00800CA
:10FE20000861FFE7FFE702B080BD00BF00BF00BF71
:10FE300080B586B0049003910292ADF80630049824
:10FE400090F88100012804D0FFE702208DF8170008
:10FE5000A4E1039838B1FFE7029820B1FFE7BDF8AD
:10FE6000060020B9FFE701208DF8170096E1FFE7B3
:10FE7000049890F88000012804D1FFE702208DF853
:10FE800017008BE10499012081F88000FFE7FFE76C
:10FE90000499052081F8810004990020C1F88400AC
:10FEA0000399049AD165BDF80610049AA2F860106F
:10FEB000BDF80610049AA2F862100299049A5166DD
:10FEC000BDF80610049AA2F86810BDF80610049A4E
:10FED000A2F86A10049908670499486704980068B2
:10FEE000C06820F4C02004990968C86004980168BB
:10FEF000886820F4404088600498C068102807D3C0
:10FF0000FFE70498C06F8069B0F5804F13D1FFE719
:10FF10000498C068082818D3FFE70498C06F806968
:10FF2000B0F5005F11D0FFE70498C06F8069B0F5AD
:10FF3000804F0AD0FFE7FFE70499002081F8800096
:10FF4000FFE701208DF8170028E10498C068072812
:10FF500041D8FFE70498806F8069B0F5005F09D150
:10FF6000FFE70498B0F86200013040080499A1F856
:10FF70006200FFE70498806F8069B0F5804F09D177
:10FF8000FFE70498B0F86200033080080499A1F8F4
:10FF90006200FFE70498C06F8069B0F5005F09D187
:10FFA000FFE70498B0F86A00013040080499A1F80E
:10FFB0006A00FFE70498C06F8069B0F5804F09D1EF
:10FFC000FFE70498B0F86A00033080080499A1F8AC
:10FFD0006A00FFE727E00498C0680F2821D8FFE7F0
:10FFE0000498806F8069B0F5804F09D1FFE70498CD
:10FFF000B0F86200013040080499A1F86200FFE700
:020000040802F0
:100000000498C06F8069B0F5804F09D1FFE704986C
:10001000B0F86A00013040080499A1F86A00FFE7CF
:1000200000E0FFE7FFE70498C16F40F2A910C0F6B7
:10003000020008640498C16F40F2C110C0F60200CB
:10004000C8630498C16F4FF6D120C0F60100C864A0
:100050000498C16F00200865049B19685A6ED86F18
:100060003031B3F86A30F4F707FDA8B1FFE704991F
:10007000D1F8840040F01000C1F8840004990120F8
:1000800081F88100FFE70499002081F88000FFE7F4
:1000900001208DF8170081E004980168886840F419
:1000A000804088600498816F002008640499896FFB
:1000B000C8630499896F08650498816F4FF6D12051
:1000C000C0F60100C864049B1A68D96D986F20328D
:1000D000B3F86230F4F7D0FCC8B1FFE70498C06F02
:1000E000F5F74EF80499D1F8840040F01000C1F8FB
:1000F00084000499012081F88100FFE70499002021
:1001000081F88000FFE701208DF8170046E0049891
:10011000806FC069B0F5807F0AD1FFE7049800685E
:1001200040684FF6FF7188430499096848600CE005
:100130000498006840684FF6FF718843BDF80610C8
:100140000844049909684860FFE7049801688868D2
:1001500040F40040886004980168086940F45870D1
:10016000086104980168086840F00100086004987C
:100170004068B0F5800F07D1FFE704980168086870
:1001800040F400700860FFE7FFE70499002081F861
:100190008000FFE700208DF81700FFE79DF81700AB
:1001A00006B080BD00BF00BF80B582B0019001984D
:1001B000806B0090009800F0EFFC02B080BD00BFA3
:1001C00080B582B001900198806B0090009890F803
:1001D0008100072813D0FFE70098806FC069B0F551
:1001E000807F04D1FFE7009800F0AAFC06E00098A9
:1001F0000168086940F008000861FFE7FFE702B006
:1002000080BD00BF00BF00BF80B584B00290FFE793
:10021000029890F88000012804D1FFE702208DF8B1
:100220000F00F0E00299012081F88000FFE7FFE76E
:100230000299072081F8810000208DF8070040F224
:100240002C00C2F2004000684AF6AB21CAF6AA218F
:10025000A0FB0110000944F6D351C1F26201A0FBDA
:1002600001108009642148430090029800680068EA
:10027000800500285DD5FFE702980168086920F035
:1002800008000861FFE7009801380090009840B925
:10029000FFE70299D1F8840040F04000C1F88400E3
:1002A00008E0FFE702980068006900F008000828ED
:1002B000E9D0FFE702980168086840F480600860B0
:1002C000FFE7009801380090009840B9FFE70299D5
:1002D000D1F8840040F04000C1F8840009E0FFE755
:1002E00002980068006800F40070B0F5007FE8D064
:1002F000FFE702980168886940F400608861FFE7C1
:10030000009801380090009840B9FFE70299D1F8B1
:10031000840040F04000C1F8840009E0FFE7029843
:100320000068406900F40060B0F5006FE8D0FFE7B6
:10033000FFE7029800688068000400281DD5FFE7E9
:100340000298806FC0B1FFE70298816F00200865B6
:100350000298806FF4F714FF68B1FFE70298806F8E
:10036000F7F73EFE202805D1FFE702994020C1F8AB
:100370008400FFE7FFE7FFE7FFE702980068806877
:10038000400400281DD5FFE70298C06FC0B1FFE709
:100390000298C16F002008650298C06FF4F7F0FE64
:1003A00068B1FFE70298C06FF7F71AFE202805D161
:1003B000FFE702994020C1F88400FFE7FFE7FFE76D
:1003C000FFE7029800F024F80298D0F88400400675
:1003D000002804D5FFE701208DF8070004E002990A
:1003E0000020C1F88400FFE70299012081F8810014
:1003F000FFE70299002081F88000FFE79DF80700E1
:100400008DF80F00FFE79DF80F0004B080BD00BF1E
:1004100081B0009000980168086820F00100086031
:1004200000980168086940F26F32904308610098B3
:100430000168886940F0080088610098016888694F
:1004400040F01000886100980168886820F44040FE
:10045000886000980168886940F0400088610098D1
:100460000168886940F02000886100980168886907
:1004700040F48070886100980168886940F40070D9
:10048000886100980168886940F40060886100997B
:100490000020A1F862000099A1F86A0001B070473D
:1004A00080B586B005900120029001900599072043
:1004B00081F8810000208DF8130040F22C00C2F278
:1004C000004000684AF6AB21CAF6AA21A0FB011041
:1004D000000944F6D351C1F26201A0FB011080096A
:1004E000642148430390059800680068800500284F
:1004F0005DD5FFE705980168086920F008000861EC
:10050000FFE7039801380390039840B9FFE7059986
:10051000D1F8840040F04000C1F8840008E0FFE713
:1005200005980068006900F008000828E9D0FFE796
:1005300005980168086840F480600860FFE7039848
:1005400001380390039840B9FFE70599D1F884007A
:1005500040F04000C1F8840009E0FFE7059800681A
:10056000006800F40070B0F5007FE8D0FFE7059860
:100570000168886940F400608861FFE703980138EA
:100580000390039840B9FFE70599D1F8840040F043
:100590004000C1F8840009E0FFE705980068406961
:1005A00000F40060B0F5006FE8D0FFE7FFE70598C2
:1005B000806F60B3FFE7059800688068000400283A
:1005C0001FD5FFE70598816F40F2C160C0F60200B9
:1005D0000865002002900598806FF5F78DFA78B1D4
:1005E000FFE70598806FF7F7FBFC802807D1FFE74E
:1005F000012002900598816F00200865FFE7FFE762
:1006000004E00598816F00200865FFE7FFE7059883
:10061000C06F60B3FFE70598006880684004002859
:100620001FD5FFE70598C16F40F20970C0F60200C0
:100630000865002001900598C06FF5F75DFA78B164
:10064000FFE70598C06FF7F7CBFC802807D1FFE7DD
:10065000012001900598C16F00200865FFE7FFE7C2
:1006600004E00598C16F00200865FFE7FFE70298E6
:1006700001281FD1FFE7019801281BD1FFE705984A
:10068000FFF7C6FE0598D0F884004006002804D580
:10069000FFE701208DF8130004E005990020C1F860
:1006A0008400FFE70599012081F88100059800F09A
:1006B0004FF8FFE79DF8130006B080BD00BF00BFF4
:1006C00080B582B001900198806B00900098816F96
:1006D000002008650098C06F38B1FFE70098C06F30
:1006E000006D08B1FFE70BE0FFE70098FFF790FE11
:1006F0000099012081F88100009800F029F8FFE7B7
:1007000002B080BD00BF00BF80B582B001900198EB
:10071000806B00900098C16F002008650098806F82
:1007200038B1FFE70098806F006D08B1FFE70BE07C
:10073000FFE70098FFF76CFE0099012081F8810027
:10074000009800F005F8FFE702B080BD00BF00BFD1
:1007500081B0009001B0704781B000900099D1F84D
:10076000840040F48060C1F88400012001B070472B
:1007700081B000900099D1F8840040F48060C1F805
:100780008400012001B0704781B000900099D1F839
:10079000840040F48060C1F88400012001B07047FB
:1007A00080B588B0079007980068006906900798A0
:1007B00000684069059006980599084004900798DC
:1007C00000688068039000200290079890F88100EC
:1007D0008DF8070007980068303000909DF81500EC
:1007E0000007002810D5FFE79DF818000007002833
:1007F0000AD5FFE707980168886940F400608861BE
:10080000079800F095F991E19DF810004006002846
:1008100015D4FFE79DF81000800600280FD4FFE7ED
:100820009DF810004007002809D5FFE70798416FA1
:1008300088470798016F884701200290FFE79DF8DD
:1008400010004006002811D4FFE79DF81000C007F3
:1008500060B1FFE79DF810004007002806D4FFE7CD
:100860000798016F884701200290FFE79DF810006C
:100870008006002812D4FFE79DF8100080070028AA
:100880000CD5FFE79DF810004007002806D4FFE7CD
:100890000798416F884701200290FFE7029808B14E
:1008A000FFE743E19DF810000007002840F1898030
:1008B000FFE707980168886940F008008861079899
:1008C0000168886940F010008861079801688869AC
:1008D00040F40060886107980168086920F008000A
:1008E000086107980068806810F4404F3AD1FFE72C
:1008F000FFE70798B0F86A0098B3FFE70798C06869
:1009000010280BD3FFE707980068006B0799496E22
:1009100008600799486E043048661BE00798C06875
:1009200008280AD3FFE7009800880799496E0880D5
:100930000799486E023048660BE00798006890F807
:1009400030000799496E08700799486E0130486673
:10095000FFE7FFE70799B1F86A000138A1F86A00DC
:10096000C7E7FFE70798FDF71BFD0799012081F80E
:1009700081000798D0F8840020B1FFE7079800F0C5
:10098000DBF8D3E09DF80700052804D1FFE70798BE
:1009900000F0D6F814E09DF80700042804D1FFE722
:1009A000079800F0D1F80AE09DF80700032804D169
:1009B000FFE7079800F0CCF800E0FFE7FFE7FFE76C
:1009C000B4E0BDF8100010F4587F00F0AF80FFE7EE
:1009D0009DF81000400600280ED5FFE70799D1F8D2
:1009E000840040F00400C1F8840007980168886919
:1009F00040F040008861FFE79DF811008007002863
:100A00000ED5FFE70799D1F8840040F00100C1F846
:100A1000840007980168886940F400708861FFE7E6
:100A20009DF81100C00770B1FFE70799D1F8840065
:100A300040F00800C1F8840007980168886940F414
:100A400080708861FFE79DF81000800600280ED5B1
:100A5000FFE70799D1F8840040F08000C1F88400D6
:100A600007980168886940F020008861FFE70798CF
:100A7000D0F88400002858D0FFE70798016808687C
:100A800020F00100086007980168086940F26B32A5
:100A900090430861039800F44040B0F5404F3BD1CB
:100AA000FFE707980168886820F44040886007984D
:100AB000C06FB0B1FFE70798C16F40F65930C0F67C
:100AC000020008650798C06FF5F716F840B1FFE718
:100AD0000799D1F8840040F04000C1F88400FFE796
:100AE000FFE70798806FB0B1FFE70798816F40F686
:100AF0005930C0F6020008650798806FF4F7FCFFD4
:100B000040B1FFE70799D1F8840040F04000C1F8F8
:100B10008400FFE7FFE707E00799012081F88100E3
:100B2000079800F009F8FFE7FFE7FFE708B080BD8E
:100B300081B0009001B0704781B0009001B0704763
:100B400081B0009001B0704781B0009001B0704753
:100B500081B0009001B0704780B582B001900198DB
:100B6000806B009000990020A1F86A000099A1F81C
:100B700062000099012081F881000098FFF7DCFFF6
:100B800002B080BD00BF00BF81B0009001B07047CF
:100B900081B0009001B0704781B0009001B0704703
:100BA00081B00090009890F8810001B0704700BFBC
:100BB00081B000900098D0F8840001B07047000028
:100BC00080B582B00090009820B9FFE701208DF831
:100BD000070045E0009890F83D0040B9FFE7009914
:100BE000002081F83C000098E0F7AEFBFFE7009999
:100BF000022081F83D00009951F8040B00F038F80C
:100C00000099012081F84800FFE70099012081F850
:100C10003E00009981F83F00009981F8400000995A
:100C200081F84100009981F84200009981F8430061
:100C3000FFE7FFE70099012081F84400009981F85F
:100C40004500009981F84600009981F84700FFE7C8
:100C50000099012081F83D0000208DF80700FFE792
:100C60009DF8070002B080BD81B0009001B07047D0
:100C700083B00290019102980068009002980021D0
:100C8000C4F20101884225D0FFE70298B0F1804FFD
:100C900020D0FFE7029840F20041C4F200018842F0
:100CA00018D0FFE7029840F60001C4F20001884224
:100CB00010D0FFE7029840F60041C4F200018842DC
:100CC00008D0FFE7029840F20041C4F201018842D7
:100CD0000AD1FFE7009820F0700000900198416869
:100CE000009808430090FFE702980021C4F2010138
:100CF00088424DD0FFE70298B0F1804F48D0FFE71F
:100D0000029840F20041C4F20001884240D0FFE75F
:100D1000029840F60001C4F20001884238D0FFE793
:100D2000029840F60041C4F20001884230D0FFE74B
:100D3000029840F20041C4F20101884228D0FFE746
:100D4000029844F20001C4F20101884220D0FFE77A
:100D5000029844F20041C4F20101884218D0FFE732
:100D6000029844F60001C4F20101884210D0FFE766
:100D700002984EF20001C4F20001884208D0FFE759
:100D800002984EF20041C4F2000188420AD1FFE706
:100D9000009820F4407000900198C16800980843C2
:100DA0000090FFE7009820F080000199496908430E
:100DB0000090009802990860019880680299C862C2
:100DC000019800680299886202980021C4F201012A
:100DD000884220D0FFE7029840F20041C4F20101AE
:100DE000884218D0FFE7029844F20001C4F20101E2
:100DF000884210D0FFE7029844F20041C4F201019A
:100E0000884208D0FFE7029844F60001C4F20101CD
:100E1000884205D1FFE70198006902990863FFE75E
:100E200002990120486102980069C00730B1FFE7CC
:100E30000299086920F001000861FFE703B07047DC
:100E400080B582B001900199022081F83D00FFE752
:100E500001980068006A41F21111084210D1FFE7C1
:100E600001980068006A40F24441084207D1FFE758
:100E700001980168086820F001000860FFE7FFE7BB
:100E8000FFE70198E0F7A4FA0199002081F84800F3
:100E9000FFE70199002081F83E00019981F83F00A9
:100EA000019981F84000019981F84100019981F888
:100EB0004200019981F84300FFE7FFE70199002014
:100EC00081F84400019981F84500019981F84600B4
:100ED000019981F84700FFE70199002081F83D0062
:100EE000FFE70199002081F83C00FFE7002002B0F5
:100EF00080BD00BF00BF00BF81B0009001B070474F
:100F000083B00190019890F83D00012804D0FFE7DC
:100F100001208DF80B007DE00199022081F83D0051
:100F2000019800680021C4F2010188424ED0FFE719
:100F300001980068B0F1804F48D0FFE70198006841
:100F400040F20041C4F2000188423FD0FFE701981F
:100F5000006840F60001C4F20001884236D0FFE785
:100F60000198006840F60041C4F2000188422DD08B
:100F7000FFE70198006840F20041C4F20101884295
:100F800024D0FFE70198006841F60001C4F2000197
:100F900088421BD0FFE70198006844F20001C4F2C8
:100FA0000101884212D0FFE7019800684EF200016B
:100FB000C4F20001884209D0FFE7019800684EF2B0
:100FC0000041C4F20001884219D1FFE7019800688E
:100FD00080680721C0F201010840009000980628AF
:100FE0000CD0FFE70098B0F5803F07D0FFE70198ED
:100FF0000168086840F001000860FFE706E001981A
:101000000168086840F001000860FFE700208DF8E3
:101010000B00FFE79DF80B0003B0704700BF00BF57
:1010200081B00090FFE700980068006A41F211115A
:10103000084210D1FFE700980068006A40F244417E
:10104000084207D1FFE700980168086820F0010016
:101050000860FFE7FFE7FFE70099012081F83D0006
:10106000002001B0704700BF83B00190019890F854
:101070003D00012804D0FFE701208DF80B0083E03C
:101080000199022081F83D0001980168C86840F08C
:101090000100C860019800680021C4F20101884283
:1010A0004ED0FFE701980068B0F1804F48D0FFE7CD
:1010B0000198006840F20041C4F2000188423FD02C
:1010C000FFE70198006840F60001C4F20001884281
:1010D00036D0FFE70198006840F60041C4F20001F5
:1010E00088422DD0FFE70198006840F20041C4F229
:1010F0000101884224D0FFE70198006841F6000111
:10110000C4F2000188421BD0FFE70198006844F256
:101110000001C4F20101884212D0FFE70198006883
:101120004EF20001C4F20001884209D0FFE70198A5
:1011300000684EF20041C4F20001884219D1FFE775
:101140000198006880680721C0F201010840009002
:10115000009806280CD0FFE70098B0F5803F07D034
:10116000FFE701980168086840F001000860FFE7A8
:1011700006E001980168086840F001000860FFE798
:1011800000208DF80B00FFE79DF80B0003B07047BF
:1011900081B0009000980168C86820F00100C86024
:1011A000FFE700980068006A41F21111084210D16F
:1011B000FFE700980068006A40F24441084207D106
:1011C000FFE700980168086820F001000860FFE769
:1011D000FFE7FFE70099012081F83D00002001B002
:1011E000704700BF00BF00BF80B586B00490039178
:1011F000ADF80A20049890F83D00022804D1FFE7DA
:1012000002208DF81700BFE0049890F83D000128F7
:1012100011D1FFE7039820B1FFE7BDF80A0020B91C
:10122000FFE701208DF81700AEE00499022081F855
:101230003D00FFE703E001208DF81700A4E0FFE781
:101240000498016A41F29130C0F60200C863049824
:10125000016A41F2C130C0F6020008640498016AD4
:1012600041F2D930C0F60200C86404980268006AEE
:1012700003992C32BDF80A30F3F7FEFB20B1FFE7EB
:1012800001208DF817007FE004980168C86840F4D9
:101290008070C860049800680021C4F2010188428F
:1012A0004ED0FFE704980068B0F1804F48D0FFE7C8
:1012B0000498006840F20041C4F2000188423FD027
:1012C000FFE70498006840F60001C4F2000188427C
:1012D00036D0FFE70498006840F60041C4F20001F0
:1012E00088422DD0FFE70498006840F20041C4F224
:1012F0000101884224D0FFE70498006841F600010C
:10130000C4F2000188421BD0FFE70498006844F251
:101310000001C4F20101884212D0FFE7049800687E
:101320004EF20001C4F20001884209D0FFE70498A0
:1013300000684EF20041C4F20001884219D1FFE773
:101340000498006880680721C0F2010108400190FC
:10135000019806280CD0FFE70198B0F5803F07D030
:10136000FFE704980168086840F001000860FFE7A3
:1013700006E004980168086840F001000860FFE793
:1013800000208DF81700FFE79DF8170006B080BD1C
:1013900080B582B001900198806B00900098006A3F
:1013A000C06928B9FFE70099012081F83D00FFE7F7
:1013B0000098DFF7C9F802B080BD00BF00BF00BFD2
:1013C00080B582B001900198806B0090009806F083
:1013D00027FE02B080BD00BF80B582B001900198A9
:1013E000806B009001980099496A884207D1FFE715
:1013F000009901200877009981F83E0031E00198BA
:101400000099896A884208D1FFE70099022008778D
:101410000099012081F83F0022E001980099C96AF3
:10142000884208D1FFE7009904200877009901203D
:1014300081F8400013E001980099096B884208D1B7
:10144000FFE70099082008770099012081F8410002
:1014500004E00099012081F83D00FFE7FFE7FFE786
:10146000FFE7009806F0ECFD00990020087702B035
:1014700080BD00BF00BF00BF80B582B00190019861
:101480000168C86820F48070C8600198006AF4F7A9
:1014900033FBFFE701980068006A41F2111108422E
:1014A00010D1FFE701980068006A40F24441084209
:1014B00007D1FFE701980168086820F00100086083
:1014C000FFE7FFE7FFE70199012081F83D000020D9
:1014D00002B080BD00BF00BF80B582B00090009810
:1014E00020B9FFE701208DF8070045E0009890F84B
:1014F0003D0040B9FFE70099002081F83C000098CA
:1015000000F03EF8FFE70099022081F83D000099C5
:1015100051F8040BFFF7ACFB0099012081F848005B
:10152000FFE70099012081F83E00009981F83F0013
:10153000009981F84000009981F84100009981F8F4
:101540004200009981F84300FFE7FFE7009901207E
:1015500081F84400009981F84500009981F846001F
:10156000009981F84700FFE70099012081F83D00CC
:1015700000208DF80700FFE79DF8070002B080BD4E
:1015800081B0009001B0704780B582B001900199A0
:10159000022081F83D00FFE701980068006A41F2EF
:1015A0001111084210D1FFE701980068006A40F26B
:1015B0004441084207D1FFE701980168086820F01C
:1015C00001000860FFE7FFE7FFE7019800F038F847
:1015D0000199002081F84800FFE70199002081F877
:1015E0003E00019981F83F00019981F8400001997E
:1015F00081F84100019981F84200019981F8430086
:10160000FFE7FFE70199002081F84400019981F884
:101610004500019981F84600019981F84700FFE7EC
:101620000199002081F83D00FFE70199002081F831
:101630003C00FFE7002002B080BD00BF00BF00BF3C
:1016400081B0009001B0704780B590B00E900D91C0
:101650000D9828B9FFE70E9890F83E000B9034E003
:101660000D98042805D1FFE70E9890F83F000A90E6
:1016700028E00D98082805D1FFE70E9890F8400063
:1016800009901CE00D980C2805D1FFE70E9890F802
:101690004100089010E00D98102805D1FFE70E9842
:1016A00090F84200079004E00E9890F843000790ED
:1016B000FFE707980890FFE708980990FFE7099867
:1016C0000A90FFE70A980B90FFE70B98012804D0D7
:1016D000FFE701208DF83F0003E10D9828B9FFE7EF
:1016E0000E99022081F83E0038E00D98042806D1BA
:1016F000FFE70E99022081F83F0006902CE00D983C
:10170000082806D1FFE70E99022081F840000590D5
:101710001FE00D980C2806D1FFE70E99022081F8F2
:101720004100049012E00D98102806D1FFE70E99B1
:10173000022081F84200039005E00E99022081F812
:1017400043000390FFE703980490FFE70498059097
:10175000FFE705980690FFE70698FFE70E980068F8
:101760000D990122019200F0C3F801980E990968C1
:101770000022C4F20102914202902DD0FFE70E98A0
:101780000168012040F20042C4F20102914202903D
:1017900022D0FFE70E980168012044F20002C4F253
:1017A00001029142029017D0FFE70E9801680120D4
:1017B00044F20042C4F20102914202900CD0FFE7D1
:1017C0000E9800684BF60001CBF6FE710844B0FAA3
:1017D00080F040090290FFE70298C00738B1FFE7A8
:1017E0000E980168486C40F400404864FFE70E988A
:1017F00000680021C4F2010188424ED0FFE70E9834
:101800000068B0F1804F48D0FFE70E98006840F2C2
:101810000041C4F2000188423FD0FFE70E98006803
:1018200040F60001C4F20001884236D0FFE70E986E
:10183000006840F60041C4F2000188422DD0FFE765
:101840000E98006840F20041C4F20101884224D0A1
:10185000FFE70E98006841F60001C4F200018842DB
:101860001BD0FFE70E98006844F20001C4F20101AA
:10187000884212D0FFE70E9800684EF20001C4F2D1
:101880000001884209D0FFE70E9800684EF200413F
:10189000C4F20001884219D1FFE70E980068806801
:1018A0000721C0F2010108400C900C9806280CD0CA
:1018B000FFE70C98B0F5803F07D0FFE70E9801686E
:1018C000086840F001000860FFE706E00E98016834
:1018D000086840F001000860FFE700208DF83F0035
:1018E000FFE79DF83F0010B080BD00BF00BF00BF04
:1018F00084B0039002910192029800F01F01012030
:1019000088400090009A0399086A90430862019801
:10191000029901F01F0100FA01F20399086A1043CD
:10192000086204B0704700BF80B588B00790069188
:101930000798006806990022FFF7DAFF0798016808
:1019400001200022C4F20102914205902DD0FFE750
:1019500007980168012040F20042C4F2010291425E
:10196000059022D0FFE707980168012044F20002A9
:10197000C4F201029142059017D0FFE70798016871
:10198000012044F20042C4F20102914205900CD0C1
:10199000FFE7079800684BF60001CBF6FE7108449C
:1019A000B0FA80F040090590FFE70598C007D8B16C
:1019B000FFE7FFE707980068006A41F2111108424B
:1019C00010D1FFE707980068006A40F244410842DE
:1019D00007D1FFE707980168486C20F4004048648D
:1019E000FFE7FFE7FFE7FFE7FFE707980068006A08
:1019F00041F21111084210D1FFE707980068006A10
:101A000040F24441084207D1FFE70798016808689F
:101A100020F001000860FFE7FFE7FFE7069828B91C
:101A2000FFE70799012081F83E0038E00698042876
:101A300006D1FFE70799012081F83F0004902CE0D0
:101A40000698082806D1FFE70799012081F8400091
:101A500003901FE006980C2806D1FFE707990120A4
:101A600081F84100029012E00698102806D1FFE7A5
:101A70000799012081F84200019005E007990120B3
:101A800081F843000190FFE701980290FFE7029878
:101A90000390FFE703980490FFE70498FFE7002016
:101AA00008B080BD00BF00BF80B592B010900F910C
:101AB00000208DF83B000F9828B9FFE7109890F8A8
:101AC0003E000C9034E00F98042805D1FFE71098F1
:101AD00090F83F000B9028E00F98082805D1FFE709
:101AE000109890F840000A901CE00F980C2805D13F
:101AF000FFE7109890F84100099010E00F98102827
:101B000005D1FFE7109890F84200089004E0109883
:101B100090F843000890FFE708980990FFE70998BC
:101B20000A90FFE70A980B90FFE70B980C90FFE7ED
:101B30000C98012804D0FFE701208DF8470039E117
:101B40000F9828B9FFE71099022081F83E0038E08D
:101B50000F98042806D1FFE71099022081F83F0072
:101B600007902CE00F98082806D1FFE71099022073
:101B700081F8400006901FE00F980C2806D1FFE77F
:101B80001099022081F84100059012E00F9810286A
:101B900006D1FFE71099022081F84200049005E089
:101BA0001099022081F843000490FFE70498059003
:101BB000FFE705980690FFE706980790FFE707986C
:101BC000FFE70F9803900C2825D80399DFE801F070
:101BD000072323230E232323152323231C001098DC
:101BE0000168C86840F00200C86018E010980168F9
:101BF000C86840F00400C86011E010980168C86827
:101C000040F00800C8600AE010980168C86840F019
:101C10001000C86003E001208DF83B00FFE79DF84D
:101C20003B00002840F0C180FFE7109800680F9942
:101C300001220192FFF75CFE0198109909680022C9
:101C4000C4F20102914202902DD0FFE71098016882
:101C5000012040F20042C4F201029142029022D0DF
:101C6000FFE710980168012044F20002C4F201026B
:101C70009142029017D0FFE710980168012044F2CA
:101C80000042C4F20102914202900CD0FFE710988A
:101C900000684BF60001CBF6FE710844B0FA80F004
:101CA00040090290FFE70298C00738B1FFE710989B
:101CB0000168486C40F400404864FFE710980068F1
:101CC0000021C4F2010188424ED0FFE7109800685D
:101CD000B0F1804F48D0FFE71098006840F2004113
:101CE000C4F2000188423FD0FFE71098006840F638
:101CF0000001C4F20001884236D0FFE71098006866
:101D000040F60041C4F2000188422DD0FFE7109850
:101D1000006840F20041C4F20101884224D0FFE78C
:101D20001098006841F60001C4F2000188421BD0FF
:101D3000FFE71098006844F20001C4F201018842F4
:101D400012D0FFE7109800684EF20001C4F20001C3
:101D5000884209D0FFE7109800684EF20041C4F2B3
:101D60000001884219D1FFE71098006880680721B8
:101D7000C0F2010108400D900D9806280CD0FFE735
:101D80000D98B0F5803F07D0FFE71098016808680C
:101D900040F001000860FFE706E01098016808685D
:101DA00040F001000860FFE7FFE79DF83B008DF879
:101DB0004700FFE79DF8470012B080BD00BF00BF9D
:101DC00080B58AB00990089100208DF81F0008980E
:101DD00006900C2825D80699DFE801F00723232375
:101DE0000E232323152323231C0009980168C868A8
:101DF00020F00200C86018E009980168C86820F067
:101E00000400C86011E009980168C86820F0080063
:101E1000C8600AE009980168C86820F01000C8602E
:101E200003E001208DF81F00FFE79DF81F00002848
:101E300040F0B980FFE70998006808990022FFF791
:101E400057FD0998016801200022C4F20102914265
:101E500005902DD0FFE709980168012040F200426B
:101E6000C4F201029142059022D0FFE7099801686F
:101E7000012044F20002C4F201029142059017D001
:101E8000FFE709980168012044F20042C4F2010210
:101E9000914205900CD0FFE7099800684BF60001CD
:101EA000CBF6FE710844B0FA80F040090590FFE7D8
:101EB0000598C007D8B1FFE7FFE709980068006AF6
:101EC00041F21111084210D1FFE709980068006A39
:101ED00040F24441084207D1FFE709980168486C85
:101EE00020F400404864FFE7FFE7FFE7FFE7FFE774
:101EF00009980068006A41F21111084210D1FFE709
:101F000009980068006A40F24441084207D1FFE79F
:101F100009980168086820F001000860FFE7FFE702
:101F2000FFE7089828B9FFE70999012081F83E00EA
:101F300038E00898042806D1FFE70999012081F8C4
:101F40003F0004902CE00898082806D1FFE7099983
:101F5000012081F8400003901FE008980C2806D16A
:101F6000FFE70999012081F84100029012E00898EA
:101F7000102806D1FFE70999012081F8420001905D
:101F800005E00999012081F843000190FFE70198DD
:101F90000290FFE702980390FFE703980490FFE7A1
:101FA0000498FFE7FFE79DF81F000AB080BD00BF5F
:101FB00080B598B0169015911492ADF84E3000206F
:101FC0008DF84D00159828B9FFE7169890F83E0057
:101FD000119034E01598042805D1FFE7169890F881
:101FE0003F00109028E01598082805D1FFE71698C3
:101FF00090F840000F901CE015980C2805D1FFE7E1
:10200000169890F841000E9010E01598102805D110
:10201000FFE7169890F842000D9004E0169890F8AB
:1020200043000D90FFE70D980E90FFE70E980F907C
:10203000FFE70F981090FFE710981190FFE71198B5
:10204000022804D1FFE702208DF85F001DE21598F9
:1020500028B9FFE7169890F83E000C9034E01598E8
:10206000042805D1FFE7169890F83F000B9028E070
:102070001598082805D1FFE7169890F840000A90B7
:102080001CE015980C2805D1FFE7169890F8410040
:10209000099010E01598102805D1FFE7169890F8E0
:1020A0004200089004E0169890F843000890FFE77B
:1020B00008980990FFE709980A90FFE70A980B90A3
:1020C000FFE70B980C90FFE70C9801284ED1FFE733
:1020D000149820B1FFE7BDF84E0020B9FFE70120BA
:1020E0008DF85F00D1E1159828B9FFE71699022015
:1020F00081F83E0038E01598042806D1FFE71699CC
:10210000022081F83F0007902CE01598082806D19E
:10211000FFE71699022081F8400006901FE015980D
:102120000C2806D1FFE71699022081F8410005909E
:1021300012E01598102806D1FFE71699022081F8C1
:102140004200049005E01699022081F843000490B3
:10215000FFE704980590FFE705980690FFE70698CB
:102160000790FFE70798FFE7FFE703E001208DF8FE
:102170005F008AE1FFE7159803900C2800F2B68013
:102180000399DFE801F007B3B3B332B3B3B35DB380
:10219000B3B388001698416A42F29940C0F6020033
:1021A000C8631698416A42F25950C0F602000864AA
:1021B0001698416A41F2D930C0F60200C8641698F8
:1021C0000268406A14993432BDF84E30F2F754FC7C
:1021D00020B1FFE701208DF85F0056E116980168F5
:1021E000C86840F40070C86084E01698816A42F2C2
:1021F0009940C0F60200C8631698816A42F25950AD
:10220000C0F6020008641698816A41F2D930C0F61F
:102210000200C86416980268806A14993832BDF8C2
:102220004E30F2F729FC20B1FFE701208DF85F0066
:102230002BE116980168C86840F48060C86059E0D6
:102240001698C16A42F29940C0F60200C863169817
:10225000C16A42F25950C0F6020008641698C16A79
:1022600041F2D930C0F60200C86416980268C06A0C
:1022700014993C32BDF84E30F2F7FEFB20B1FFE777
:1022800001208DF85F0000E116980168C86840F4ED
:102290000060C8602EE01698016B42F29940C0F6CB
:1022A0000200C8631698016B42F25950C0F6020052
:1022B00008641698016B41F2D930C0F60200C86478
:1022C00016980268006B14994032BDF84E30F2F750
:1022D000D3FB20B1FFE701208DF85F00D5E0169811
:1022E0000168C86840F48050C86003E001208DF8A0
:1022F0004D00FFE79DF84D00002840F0C180FFE74A
:1023000016980068159901220192FFF7F1FA0198D9
:10231000169909680022C4F20102914202902DD060
:10232000FFE716980168012040F20042C4F2010262
:102330009142029022D0FFE716980168012044F2F2
:102340000002C4F201029142029017D0FFE71698F2
:102350000168012044F20042C4F20102914202905D
:102360000CD0FFE7169800684BF60001CBF6FE7123
:102370000844B0FA80F040090290FFE70298C007D5
:1023800038B1FFE716980168486C40F40040486493
:10239000FFE7169800680021C4F2010188424ED080
:1023A000FFE716980068B0F1804F48D0FFE7169815
:1023B000006840F20041C4F2000188423FD0FFE7CC
:1023C0001698006840F60001C4F20001884236D039
:1023D000FFE71698006840F60041C4F20001884209
:1023E0002DD0FFE71698006840F20041C4F20101C9
:1023F000884224D0FFE71698006841F60001C4F235
:10240000000188421BD0FFE71698006844F20001E3
:10241000C4F20101884212D0FFE7169800684EF21C
:102420000001C4F20001884209D0FFE71698006855
:102430004EF20041C4F20001884219D1FFE716981C
:10244000006880680721C0F20101084012901298CC
:1024500006280CD0FFE71298B0F5803F07D0FFE7C1
:1024600016980168086840F001000860FFE706E080
:1024700016980168086840F001000860FFE7FFE770
:102480009DF84D008DF85F00FFE79DF85F0018B0E4
:1024900080BD00BF00BF00BF80B582B00190019831
:1024A000806B009001980099496A88420DD1FFE73E
:1024B0000099012008770198C06928B9FFE70099C1
:1024C000012081F83E00FFE73CE001980099896A0D
:1024D00088420DD1FFE70099022008770198C06972
:1024E00028B9FFE70099012081F83F00FFE728E0C5
:1024F00001980099C96A88420DD1FFE7009904202C
:1025000008770198C06928B9FFE70099012081F890
:102510004000FFE714E001980099096B88420DD153
:10252000FFE70099082008770198C06928B9FFE7FC
:102530000099012081F84100FFE700E0FFE7FFE795
:10254000FFE7FFE7009803F0B7FD00990020087748
:1025500002B080BD00BF00BF80B582B0019001987D
:10256000806B009001980099496A884204D1FFE786
:1025700000990120087721E001980099896A884232
:1025800004D1FFE700990220087716E0019800992E
:10259000C96A884204D1FFE70099042008770BE05C
:1025A00001980099096B884204D1FFE7009908203F
:1025B000087700E0FFE7FFE7FFE7FFE7009805F097
:1025C00037FD00990020087702B080BD00BF00BF32
:1025D00080B58AB00990089100208DF81F000898F6
:1025E00006900C2835D80699DFE801F0073333331D
:1025F000123333331D333333280009980168C86818
:1026000020F40070C8600998406AF3F775FA24E076
:1026100009980168C86820F48060C8600998806AD9
:10262000F3F76AFA19E009980168C86820F40060B5
:10263000C8600998C06AF3F75FFA0EE0099801686C
:10264000C86820F48050C8600998006BF3F754FA0A
:1026500003E001208DF81F00FFE79DF81F00002810
:1026600040F0B980FFE70998006808990022FFF759
:102670003FF90998016801200022C4F20102914249
:1026800005902DD0FFE709980168012040F2004233
:10269000C4F201029142059022D0FFE70998016837
:1026A000012044F20002C4F201029142059017D0C9
:1026B000FFE709980168012044F20042C4F20102D8
:1026C000914205900CD0FFE7099800684BF6000195
:1026D000CBF6FE710844B0FA80F040090590FFE7A0
:1026E0000598C007D8B1FFE7FFE709980068006ABE
:1026F00041F21111084210D1FFE709980068006A01
:1027000040F24441084207D1FFE709980168486C4C
:1027100020F400404864FFE7FFE7FFE7FFE7FFE73B
:1027200009980068006A41F21111084210D1FFE7D0
:1027300009980068006A40F24441084207D1FFE767
:1027400009980168086820F001000860FFE7FFE7CA
:10275000FFE7089828B9FFE70999012081F83E00B2
:1027600038E00898042806D1FFE70999012081F88C
:102770003F0004902CE00898082806D1FFE709994B
:10278000012081F8400003901FE008980C2806D132
:10279000FFE70999012081F84100029012E00898B2
:1027A000102806D1FFE70999012081F84200019025
:1027B00005E00999012081F843000190FFE70198A5
:1027C0000290FFE702980390FFE703980490FFE769
:1027D0000498FFE7FFE79DF81F000AB080BD00BF27
:1027E00080B582B00090009820B9FFE701208DF8F5
:1027F000070045E0009890F83D0040B9FFE70099D8
:10280000002081F83C000098DEF7C2FDFFE7009948
:10281000022081F83D00009951F8040BFEF728FAD8
:102820000099012081F84800FFE70099012081F814
:102830003E00009981F83F00009981F8400000991E
:1028400081F84100009981F84200009981F8430025
:10285000FFE7FFE70099012081F84400009981F823
:102860004500009981F84600009981F84700FFE78C
:102870000099012081F83D0000208DF80700FFE756
:102880009DF8070002B080BD81B0009001B0704794
:1028900080B582B001900199022081F83D00FFE7E8
:1028A00001980068006A41F21111084210D1FFE757
:1028B00001980068006A40F24441084207D1FFE7EE
:1028C00001980168086820F001000860FFE7FFE751
:1028D000FFE70198DEF794FD0199002081F8480098
:1028E000FFE70199002081F83E00019981F83F003F
:1028F000019981F84000019981F84100019981F81E
:102900004200019981F84300FFE7FFE701990020A9
:1029100081F84400019981F84500019981F8460049
:10292000019981F84700FFE70199002081F83D00F7
:10293000FFE70199002081F83C00FFE7002002B08A
:1029400080BD00BF00BF00BF81B0009001B07047E4
:1029500080B590B00E900D910D9828B9FFE70E98B4
:1029600090F83E000B9034E00D98042805D1FFE765
:102970000E9890F83F000A9028E00D98082805D19D
:10298000FFE70E9890F8400009901CE00D980C2885
:1029900005D1FFE70E9890F84100089010E00D98DF
:1029A000102805D1FFE70E9890F84200079004E048
:1029B0000E9890F843000790FFE707980890FFE70C
:1029C00008980990FFE709980A90FFE70A980B908A
:1029D000FFE70B98012804D0FFE701208DF83F00A6
:1029E00003E10D9828B9FFE70E99022081F83E0017
:1029F00038E00D98042806D1FFE70E99022081F8EF
:102A00003F0006902CE00D98082806D1FFE70E99AC
:102A1000022081F8400005901FE00D980C2806D197
:102A2000FFE70E99022081F84100049012E00D9812
:102A3000102806D1FFE70E99022081F8420003908A
:102A400005E00E99022081F843000390FFE7039808
:102A50000490FFE704980590FFE705980690FFE7CC
:102A60000698FFE70E9800680D9901220192FEF783
:102A70003FFF01980E9909680022C4F201029142B9
:102A800002902DD0FFE70E980168012040F200422D
:102A9000C4F201029142029022D0FFE70E98016831
:102AA000012044F20002C4F201029142029017D0C8
:102AB000FFE70E980168012044F20042C4F20102CF
:102AC000914202900CD0FFE70E9800684BF600018F
:102AD000CBF6FE710844B0FA80F040090290FFE79F
:102AE0000298C00738B1FFE70E980168486C40F4BF
:102AF00000404864FFE70E9800680021C4F201011D
:102B000088424ED0FFE70E980068B0F1804F48D061
:102B1000FFE70E98006840F20041C4F200018842CD
:102B20003FD0FFE70E98006840F60001C4F20001B4
:102B3000884236D0FFE70E98006840F60041C4F2A4
:102B4000000188422DD0FFE70E98006840F2004156
:102B5000C4F20101884224D0FFE70E98006841F6D4
:102B60000001C4F2000188421BD0FFE70E98006804
:102B700044F20001C4F20101884212D0FFE70E982E
:102B800000684EF20001C4F20001884209D0FFE75C
:102B90000E9800684EF20041C4F20001884219D13B
:102BA000FFE70E98006880680721C0F20101084025
:102BB0000C900C9806280CD0FFE70C98B0F5803FDD
:102BC00007D0FFE70E980168086840F00100086030
:102BD000FFE706E00E980168086840F00100086011
:102BE000FFE700208DF83F00FFE79DF83F0010B0A1
:102BF00080BD00BF00BF00BF80B588B007900691C0
:102C00000798006806990022FEF772FE079801688F
:102C100001200022C4F20102914205902DD0FFE76D
:102C200007980168012040F20042C4F2010291427B
:102C3000059022D0FFE707980168012044F20002C6
:102C4000C4F201029142059017D0FFE7079801688E
:102C5000012044F20042C4F20102914205900CD0DE
:102C6000FFE7079800684BF60001CBF6FE710844B9
:102C7000B0FA80F040090590FFE70598C007D8B189
:102C8000FFE7FFE707980068006A41F21111084268
:102C900010D1FFE707980068006A40F244410842FB
:102CA00007D1FFE707980168486C20F400404864AA
:102CB000FFE7FFE7FFE7FFE7FFE707980068006A25
:102CC00041F21111084210D1FFE707980068006A2D
:102CD00040F24441084207D1FFE7079801680868BD
:102CE00020F001000860FFE7FFE7FFE7069828B93A
:102CF000FFE70799012081F83E0038E00698042894
:102D000006D1FFE70799012081F83F0004902CE0ED
:102D10000698082806D1FFE70799012081F84000AE
:102D200003901FE006980C2806D1FFE707990120C1
:102D300081F84100029012E00698102806D1FFE7C2
:102D40000799012081F84200019005E007990120D0
:102D500081F843000190FFE701980290FFE7029895
:102D60000390FFE703980490FFE70498FFE7002033
:102D700008B080BD00BF00BF80B592B010900F9129
:102D800000208DF83B000F9828B9FFE7109890F8C5
:102D90003E000C9034E00F98042805D1FFE710980E
:102DA00090F83F000B9028E00F98082805D1FFE726
:102DB000109890F840000A901CE00F980C2805D15C
:102DC000FFE7109890F84100099010E00F98102844
:102DD00005D1FFE7109890F84200089004E01098A1
:102DE00090F843000890FFE708980990FFE70998DA
:102DF0000A90FFE70A980B90FFE70B980C90FFE70B
:102E00000C98012804D0FFE701208DF8470039E134
:102E10000F9828B9FFE71099022081F83E0038E0AA
:102E20000F98042806D1FFE71099022081F83F008F
:102E300007902CE00F98082806D1FFE71099022090
:102E400081F8400006901FE00F980C2806D1FFE79C
:102E50001099022081F84100059012E00F98102887
:102E600006D1FFE71099022081F84200049005E0A6
:102E70001099022081F843000490FFE70498059020
:102E8000FFE705980690FFE706980790FFE7079889
:102E9000FFE70F9803900C2825D80399DFE801F08D
:102EA000072323230E232323152323231C001098F9
:102EB0000168C86840F00200C86018E01098016816
:102EC000C86840F00400C86011E010980168C86844
:102ED00040F00800C8600AE010980168C86840F037
:102EE0001000C86003E001208DF83B00FFE79DF86B
:102EF0003B00002840F0C180FFE7109800680F9960
:102F000001220192FEF7F4FC019810990968002251
:102F1000C4F20102914202902DD0FFE7109801689F
:102F2000012040F20042C4F201029142029022D0FC
:102F3000FFE710980168012044F20002C4F2010288
:102F40009142029017D0FFE710980168012044F2E7
:102F50000042C4F20102914202900CD0FFE71098A7
:102F600000684BF60001CBF6FE710844B0FA80F021
:102F700040090290FFE70298C00738B1FFE71098B8
:102F80000168486C40F400404864FFE7109800680E
:102F90000021C4F2010188424ED0FFE7109800687A
:102FA000B0F1804F48D0FFE71098006840F2004130
:102FB000C4F2000188423FD0FFE71098006840F655
:102FC0000001C4F20001884236D0FFE71098006883
:102FD00040F60041C4F2000188422DD0FFE710986E
:102FE000006840F20041C4F20101884224D0FFE7AA
:102FF0001098006841F60001C4F2000188421BD01D
:10300000FFE71098006844F20001C4F20101884211
:1030100012D0FFE7109800684EF20001C4F20001E0
:10302000884209D0FFE7109800684EF20041C4F2D0
:103030000001884219D1FFE71098006880680721D5
:10304000C0F2010108400D900D9806280CD0FFE752
:103050000D98B0F5803F07D0FFE710980168086829
:1030600040F001000860FFE706E01098016808687A
:1030700040F001000860FFE7FFE79DF83B008DF896
:103080004700FFE79DF8470012B080BD00BF00BFBA
:1030900080B58AB00990089100208DF81F0008982B
:1030A00006900C2825D80699DFE801F00723232392
:1030B0000E232323152323231C0009980168C868C5
:1030C00020F00200C86018E009980168C86820F084
:1030D0000400C86011E009980168C86820F0080081
:1030E000C8600AE009980168C86820F01000C8604C
:1030F00003E001208DF81F00FFE79DF81F00002866
:1031000040F0B980FFE70998006808990022FEF7AF
:10311000EFFB0998016801200022C4F201029142EC
:1031200005902DD0FFE709980168012040F2004288
:10313000C4F201029142059022D0FFE7099801688C
:10314000012044F20002C4F201029142059017D01E
:10315000FFE709980168012044F20042C4F201022D
:10316000914205900CD0FFE7099800684BF60001EA
:10317000CBF6FE710844B0FA80F040090590FFE7F5
:103180000598C007D8B1FFE7FFE709980068006A13
:1031900041F21111084210D1FFE709980068006A56
:1031A00040F24441084207D1FFE709980168486CA2
:1031B00020F400404864FFE7FFE7FFE7FFE7FFE791
:1031C00009980068006A41F21111084210D1FFE726
:1031D00009980068006A40F24441084207D1FFE7BD
:1031E00009980168086820F001000860FFE7FFE720
:1031F000FFE7089828B9FFE70999012081F83E0008
:1032000038E00898042806D1FFE70999012081F8E1
:103210003F0004902CE00898082806D1FFE70999A0
:10322000012081F8400003901FE008980C2806D187
:10323000FFE70999012081F84100029012E0089807
:10324000102806D1FFE70999012081F8420001907A
:1032500005E00999012081F843000190FFE70198FA
:103260000290FFE702980390FFE703980490FFE7BE
:103270000498FFE7FFE79DF81F000AB080BD00BF7C
:1032800080B598B0169015911492ADF84E3000208C
:103290008DF84D00159828B9FFE7169890F83E0074
:1032A000119034E01598042805D1FFE7169890F89E
:1032B0003F00109028E01598082805D1FFE71698E0
:1032C00090F840000F901CE015980C2805D1FFE7FE
:1032D000169890F841000E9010E01598102805D12E
:1032E000FFE7169890F842000D9004E0169890F8C9
:1032F00043000D90FFE70D980E90FFE70E980F909A
:10330000FFE70F981090FFE710981190FFE71198D2
:10331000022804D1FFE702208DF85F001DE2159816
:1033200028B9FFE7169890F83E000C9034E0159805
:10333000042805D1FFE7169890F83F000B9028E08D
:103340001598082805D1FFE7169890F840000A90D4
:103350001CE015980C2805D1FFE7169890F841005D
:10336000099010E01598102805D1FFE7169890F8FD
:103370004200089004E0169890F843000890FFE798
:1033800008980990FFE709980A90FFE70A980B90C0
:10339000FFE70B980C90FFE70C9801284ED1FFE750
:1033A000149820B1FFE7BDF84E0020B9FFE70120D7
:1033B0008DF85F00D1E1159828B9FFE71699022032
:1033C00081F83E0038E01598042806D1FFE71699E9
:1033D000022081F83F0007902CE01598082806D1BC
:1033E000FFE71699022081F8400006901FE015982B
:1033F0000C2806D1FFE71699022081F841000590BC
:1034000012E01598102806D1FFE71699022081F8DE
:103410004200049005E01699022081F843000490D0
:10342000FFE704980590FFE705980690FFE70698E8
:103430000790FFE70798FFE7FFE703E001208DF81B
:103440005F008AE1FFE7159803900C2800F2B68030
:103450000399DFE801F007B3B3B332B3B3B35DB39D
:10346000B3B388001698416A42F29940C0F6020050
:10347000C8631698416A42F25950C0F602000864C7
:103480001698416A41F2D930C0F60200C864169815
:103490000268406A14993432BDF84E30F1F7ECFA04
:1034A00020B1FFE701208DF85F0056E11698016812
:1034B000C86840F40070C86084E01698816A42F2DF
:1034C0009940C0F60200C8631698816A42F25950CA
:1034D000C0F6020008641698816A41F2D930C0F63D
:1034E0000200C86416980268806A14993832BDF8E0
:1034F0004E30F1F7C1FA20B1FFE701208DF85F00EF
:103500002BE116980168C86840F48060C86059E0F3
:103510001698C16A42F29940C0F60200C863169834
:10352000C16A42F25950C0F6020008641698C16A96
:1035300041F2D930C0F60200C86416980268C06A29
:1035400014993C32BDF84E30F1F796FA20B1FFE7FE
:1035500001208DF85F0000E116980168C86840F40A
:103560000060C8602EE01698016B42F29940C0F6E8
:103570000200C8631698016B42F25950C0F602006F
:1035800008641698016B41F2D930C0F60200C86495
:1035900016980268006B14994032BDF84E30F1F76E
:1035A0006BFA20B1FFE701208DF85F00D5E0169897
:1035B0000168C86840F48050C86003E001208DF8BD
:1035C0004D00FFE79DF84D00002840F0C180FFE767
:1035D00016980068159901220192FEF789F9019861
:1035E000169909680022C4F20102914202902DD07E
:1035F000FFE716980168012040F20042C4F2010280
:103600009142029022D0FFE716980168012044F20F
:103610000002C4F201029142029017D0FFE716980F
:103620000168012044F20042C4F20102914202907A
:103630000CD0FFE7169800684BF60001CBF6FE7140
:103640000844B0FA80F040090290FFE70298C007F2
:1036500038B1FFE716980168486C40F400404864B0
:10366000FFE7169800680021C4F2010188424ED09D
:10367000FFE716980068B0F1804F48D0FFE7169832
:10368000006840F20041C4F2000188423FD0FFE7E9
:103690001698006840F60001C4F20001884236D056
:1036A000FFE71698006840F60041C4F20001884226
:1036B0002DD0FFE71698006840F20041C4F20101E6
:1036C000884224D0FFE71698006841F60001C4F252
:1036D000000188421BD0FFE71698006844F2000101
:1036E000C4F20101884212D0FFE7169800684EF23A
:1036F0000001C4F20001884209D0FFE71698006873
:103700004EF20041C4F20001884219D1FFE7169839
:10371000006880680721C0F20101084012901298E9
:1037200006280CD0FFE71298B0F5803F07D0FFE7DE
:1037300016980168086840F001000860FFE706E09D
:1037400016980168086840F001000860FFE7FFE78D
:103750009DF84D008DF85F00FFE79DF85F0018B001
:1037600080BD00BF00BF00BF80B58AB0099008913E
:1037700000208DF81F00089806900C2835D806996F
:10378000DFE801F007333333123333331D33333380
:10379000280009980168C86820F40070C86009987A
:1037A000406AF2F7A9F924E009980168C86820F492
:1037B0008060C8600998806AF2F79EF919E009985C
:1037C0000168C86820F40060C8600998C06AF2F710
:1037D00093F90EE009980168C86820F48050C86029
:1037E0000998006BF2F788F903E001208DF81F00BB
:1037F000FFE79DF81F00002840F0B980FFE7099817
:10380000006808990022FEF773F809980168012002
:103810000022C4F20102914205902DD0FFE70998E1
:103820000168012040F20042C4F201029142059079
:1038300022D0FFE709980168012044F20002C4F297
:1038400001029142059017D0FFE709980168012015
:1038500044F20042C4F20102914205900CD0FFE70D
:10386000099800684BF60001CBF6FE710844B0FAE7
:1038700080F040090590FFE70598C007D8B1FFE741
:10388000FFE709980068006A41F21111084210D15F
:10389000FFE709980068006A40F24441084207D1F6
:1038A000FFE709980168486C20F400404864FFE78E
:1038B000FFE7FFE7FFE7FFE709980068006A41F2CA
:1038C0001111084210D1FFE709980068006A40F220
:1038D0004441084207D1FFE709980168086820F0D1
:1038E00001000860FFE7FFE7FFE7089828B9FFE756
:1038F0000999012081F83E0038E00898042806D193
:10390000FFE70999012081F83F0004902CE0089816
:10391000082806D1FFE70999012081F840000390AB
:103920001FE008980C2806D1FFE70999012081F8CB
:103930004100029012E00898102806D1FFE709998B
:10394000012081F84200019005E00999012081F8E9
:1039500043000190FFE701980290FFE7029803906F
:10396000FFE703980490FFE70498FFE7FFE79DF85F
:103970001F000AB080BD00BF80B582B000900098E3
:1039800020B9FFE701208DF8070045E0009890F886
:103990003D0040B9FFE70099002081F83C00009805
:1039A00000F03EF8FFE70099022081F83D00009901
:1039B00051F8040BFDF75CF90099012081F84800EB
:1039C000FFE70099012081F83E00009981F83F004F
:1039D000009981F84000009981F84100009981F830
:1039E0004200009981F84300FFE7FFE700990120BA
:1039F00081F84400009981F84500009981F846005B
:103A0000009981F84700FFE70099012081F83D0007
:103A100000208DF80700FFE79DF8070002B080BD89
:103A200081B0009001B0704780B582B001900199DB
:103A3000022081F83D00FFE701980068006A41F22A
:103A40001111084210D1FFE701980068006A40F2A6
:103A50004441084207D1FFE701980168086820F057
:103A600001000860FFE7FFE7FFE7019800F038F882
:103A70000199002081F84800FFE70199002081F8B2
:103A80003E00019981F83F00019981F840000199B9
:103A900081F84100019981F84200019981F84300C1
:103AA000FFE7FFE70199002081F84400019981F8C0
:103AB0004500019981F84600019981F84700FFE728
:103AC0000199002081F83D00FFE70199002081F86D
:103AD0003C00FFE7002002B080BD00BF00BF00BF78
:103AE00081B0009001B0704780B594B012901191F0
:103AF000119828B9FFE7129890F83E000E9034E034
:103B00001198042805D1FFE7129890F83F000D9016
:103B100028E01198082805D1FFE7129890F8400096
:103B20000C901CE011980C2805D1FFE7129890F832
:103B300041000B9010E01198102805D1FFE7129872
:103B400090F842000A9004E0129890F843000A901E
:103B5000FFE70A980B90FFE70B980C90FFE70C9893
:103B60000D90FFE70D980E90FFE70E988DF83F003F
:103B7000119828B9FFE7129890F8440009901CE0CA
:103B80001198042805D1FFE7129890F84500089095
:103B900010E01198082805D1FFE7129890F8460028
:103BA000079004E0129890F847000790FFE7079805
:103BB0000890FFE708980990FFE709988DF83E0004
:103BC0009DF83F00012805D1FFE79DF83E00012840
:103BD00004D0FFE701208DF84F00E7E0119828B9E5
:103BE000FFE71299022081F83E0038E0119804287E
:103BF00006D1FFE71299022081F83F0006902CE0E1
:103C00001198082806D1FFE71299022081F8400098
:103C100005901FE011980C2806D1FFE712990220A9
:103C200081F84100049012E01198102806D1FFE7B6
:103C30001299022081F84200039005E012990220B7
:103C400081F843000390FFE703980490FFE704988E
:103C50000590FFE705980690FFE70698FFE71198A3
:103C600028B9FFE71299022081F844001EE011985C
:103C7000042806D1FFE71299022081F8450002903E
:103C800012E01198082806D1FFE71299022081F866
:103C90004600019005E01299022081F8470001904A
:103CA000FFE701980290FFE70298FFE7129800688B
:103CB00011990122FDF71CFE129800680021C4F240
:103CC000010188424ED0FFE712980068B0F1804FA2
:103CD00048D0FFE71298006840F20041C4F20001AA
:103CE00088423FD0FFE71298006840F60001C4F216
:103CF0000001884236D0FFE71298006840F6004184
:103D0000C4F2000188422DD0FFE71298006840F20B
:103D10000041C4F20101884224D0FFE712980068F4
:103D200041F60001C4F2000188421BD0FFE712985F
:103D3000006844F20001C4F20101884212D0FFE79A
:103D4000129800684EF20001C4F20001884209D0C6
:103D5000FFE7129800684EF20041C4F20001884269
:103D600019D1FFE71298006880680721C0F20101AD
:103D700008401090109806280CD0FFE71098B0F576
:103D8000803F07D0FFE712980168086840F0010003
:103D90000860FFE706E012980168086840F001003B
:103DA0000860FFE700208DF84F00FFE79DF84F0007
:103DB00014B080BD00BF00BF80B588B007900691E9
:103DC0000798006806990022FDF792FDFFE7079823
:103DD0000068006A41F21111084210D1FFE707980C
:103DE0000068006A40F24441084207D1FFE70798A3
:103DF0000168086820F001000860FFE7FFE7FFE7BF
:103E0000069828B9FFE70799012081F83E0038E0BD
:103E10000698042806D1FFE70799012081F83F00A2
:103E200005902CE00698082806D1FFE707990120A5
:103E300081F8400004901FE006980C2806D1FFE7A7
:103E40000799012081F84100039012E0069810289C
:103E500006D1FFE70799012081F84200029005E0B2
:103E60000799012081F843000290FFE70298039030
:103E7000FFE703980490FFE704980590FFE7059893
:103E8000FFE7069828B9FFE70799012081F8440069
:103E90001EE00698042806D1FFE70799012081F863
:103EA0004500019012E00698082806D1FFE707991F
:103EB000012081F84600009005E00799012081F873
:103EC00047000090FFE700980190FFE70198FFE7A7
:103ED000002008B080BD00BF80B596B0149013914B
:103EE00000208DF84B00139828B9FFE7149890F83C
:103EF0003E000F9034E01398042805D1FFE7149892
:103F000090F83F000E9028E01398082805D1FFE7AD
:103F1000149890F840000D901CE013980C2805D1DF
:103F2000FFE7149890F841000C9010E013981028C7
:103F300005D1FFE7149890F842000B9004E0149824
:103F400090F843000B90FFE70B980C90FFE70C985C
:103F50000D90FFE70D980E90FFE70E980F90FFE78A
:103F60000F988DF84300139828B9FFE7149890F83C
:103F700044000A901CE01398042805D1FFE7149828
:103F800090F84500099010E01398082805D1FFE744
:103F9000149890F84600089004E0149890F84700B0
:103FA0000890FFE708980990FFE709980A90FFE753
:103FB0000A988DF842009DF84300012805D1FFE7DB
:103FC0009DF84200012804D0FFE701208DF857003A
:103FD0001CE1139828B9FFE71499022081F83E00EC
:103FE00038E01398042806D1FFE71499022081F8DD
:103FF0003F0007902CE01398082806D1FFE714999A
:10400000022081F8400006901FE013980C2806D18A
:10401000FFE71499022081F84100059012E01398FF
:10402000102806D1FFE71499022081F8420004907D
:1040300005E01499022081F843000490FFE70498FA
:104040000590FFE705980690FFE706980790FFE7C1
:104050000798FFE7139828B9FFE71499022081F821
:1040600044001EE01398042806D1FFE714990220AB
:1040700081F84500039012E01398082806D1FFE765
:104080001499022081F84600029005E0149902205C
:1040900081F847000290FFE702980390FFE703983A
:1040A000FFE7139801900C2825D80199DFE801F06B
:1040B000072323230E232323152323231C001498D3
:1040C0000168C86840F00200C86018E014980168F0
:1040D000C86840F00400C86011E014980168C8681E
:1040E00040F00800C8600AE014980168C86840F011
:1040F0001000C86003E001208DF84B00FFE79DF839
:104100004B0000287DD1FFE7149800681399012225
:10411000FDF7EEFB149800680021C4F2010188420B
:104120004ED0FFE714980068B0F1804F48D0FFE709
:104130001498006840F20041C4F2000188423FD068
:10414000FFE71498006840F60001C4F200018842BD
:1041500036D0FFE71498006840F60041C4F2000131
:1041600088422DD0FFE71498006840F20041C4F265
:104170000101884224D0FFE71498006841F600014D
:10418000C4F2000188421BD0FFE71498006844F293
:104190000001C4F20101884212D0FFE714980068C0
:1041A0004EF20001C4F20001884209D0FFE71498E2
:1041B00000684EF20041C4F20001884219D1FFE7C5
:1041C0001498006880680721C0F20101084011902E
:1041D000119806280CD0FFE71198B0F5803F07D062
:1041E000FFE714980168086840F001000860FFE7E5
:1041F00006E014980168086840F001000860FFE7D5
:10420000FFE79DF84B008DF85700FFE79DF857003A
:1042100016B080BD00BF00BF80B58AB0099008917C
:1042200000208DF81F00089806900C2825D80699C4
:10423000DFE801F0072323230E2323231523232361
:104240001C0009980168C86820F00200C86018E0E6
:1042500009980168C86820F00400C86011E0099856
:104260000168C86820F00800C8600AE00998016881
:10427000C86820F01000C86003E001208DF81F001E
:10428000FFE79DF81F00002840F08A80FFE70998AB
:10429000006808990022FDF72BFBFFE709980068EA
:1042A000006A41F21111084210D1FFE70998006835
:1042B000006A40F24441084207D1FFE709980168CB
:1042C000086820F001000860FFE7FFE7FFE70898B3
:1042D00028B9FFE70999012081F83E0038E00898E5
:1042E000042806D1FFE70999012081F83F000590D5
:1042F0002CE00898082806D1FFE70999012081F8E9
:10430000400004901FE008980C2806D1FFE70999A7
:10431000012081F84100039012E00898102806D18E
:10432000FFE70999012081F84200029005E0099910
:10433000012081F843000290FFE702980390FFE715
:1043400003980490FFE704980590FFE70598FFE7BE
:10435000089828B9FFE70999012081F844001EE078
:104360000898042806D1FFE70999012081F8450043
:10437000019012E00898082806D1FFE7099901206A
:1043800081F84600009005E00999012081F8470076
:104390000090FFE700980190FFE70198FFE7FFE733
:1043A0009DF81F000AB080BD80B596B0149013919F
:1043B0001292ADF8463000208DF84500139828B9C8
:1043C000FFE7149890F83E000E9034E0139804280C
:1043D00005D1FFE7149890F83F000D9028E013985E
:1043E000082805D1FFE7149890F840000C901CE0D5
:1043F00013980C2805D1FFE7149890F841000B9012
:1044000010E01398102805D1FFE7149890F84200A7
:104410000A9004E0149890F843000A90FFE70A9885
:104420000B90FFE70B980C90FFE70C980D90FFE7BF
:104430000D980E90FFE70E988DF83F00139828B95D
:10444000FFE7149890F8440009901CE013980428A2
:1044500005D1FFE7149890F84500089010E01398F4
:10446000082805D1FFE7149890F84600079004E06B
:10447000149890F847000790FFE707980890FFE727
:1044800008980990FFE709988DF83E009DF83F00D5
:10449000022805D0FFE79DF83E00022804D1FFE77F
:1044A00002208DF85700C3E19DF83F0001287AD122
:1044B000FFE79DF83E00012875D1FFE7129820B173
:1044C000FFE7BDF8460020B9FFE701208DF857004F
:1044D000AEE1139828B9FFE71499022081F83E0055
:1044E00038E01398042806D1FFE71499022081F8D8
:1044F0003F0006902CE01398082806D1FFE7149996
:10450000022081F8400005901FE013980C2806D186
:10451000FFE71499022081F84100049012E01398FB
:10452000102806D1FFE71499022081F84200039079
:1045300005E01499022081F843000390FFE70398F7
:104540000490FFE704980590FFE705980690FFE7C1
:104550000698FFE7139828B9FFE71499022081F81D
:1045600044001EE01398042806D1FFE714990220A6
:1045700081F84500029012E01398082806D1FFE761
:104580001499022081F84600019005E01499022058
:1045900081F847000190FFE701980290FFE7029839
:1045A000FFE7FFE703E001208DF8570040E1FFE758
:1045B0001498006813990122FDF79AF91398009056
:1045C0000C2800F2B6800099DFE801F007B3B3B31E
:1045D00032B3B3B35DB3B3B388001498416A44F601
:1045E0003900C0F60200C8631498416A44F61110FD
:1045F000C0F6020008641498416A41F2D930C0F64E
:104600000200C86414980168406A3431129ABDF8F7
:104610004630F0F731FA20B1FFE701208DF857005E
:1046200006E114980168C86840F40070C86084E02E
:104630001498816A44F63900C0F60200C8631498E1
:10464000816A44F61110C0F6020008641498816A69
:1046500041F2D930C0F60200C86414980168806A3B
:104660003831129ABDF84630F0F706FA20B1FFE76C
:1046700001208DF85700DBE014980168C86840F409
:104680008060C86059E01498C16A44F63900C0F6E9
:104690000200C8631498C16A44F61110C0F6020003
:1046A00008641498C16A41F2D930C0F60200C864A7
:1046B00014980168C06A3C31129ABDF84630F0F790
:1046C000DBF920B1FFE701208DF85700B0E0149826
:1046D0000168C86840F40060C8602EE01498016B5F
:1046E00044F63900C0F60200C8631498016B44F622
:1046F0001110C0F6020008641498016B41F2D93021
:10470000C0F60200C86414980168006B4031129A28
:10471000BDF84630F0F7B0F920B1FFE701208DF881
:10472000570085E014980168C86840F48050C8605C
:1047300003E001208DF84500FFE714980068002190
:10474000C4F2010188424ED0FFE714980068B0F12E
:10475000804F48D0FFE71498006840F20041C4F24F
:10476000000188423FD0FFE71498006840F600013E
:10477000C4F20001884236D0FFE71498006840F682
:104780000041C4F2000188422DD0FFE71498006870
:1047900040F20041C4F20101884224D0FFE714989E
:1047A000006841F60001C4F2000188421BD0FFE717
:1047B0001498006844F20001C4F20101884212D04A
:1047C000FFE7149800684EF20001C4F2000188422D
:1047D00009D0FFE7149800684EF20041C4F20001CE
:1047E000884219D1FFE71498006880680721C0F259
:1047F000010108401090109806280CD0FFE710988F
:10480000B0F5803F07D0FFE714980168086840F0D2
:1048100001000860FFE706E014980168086840F0AE
:1048200001000860FFE79DF845008DF85700FFE79D
:104830009DF8570016B080BD80B582B001900198F8
:10484000806B009001980099496A884210D1FFE777
:104850000099012008770198C06940B9FFE70099E5
:10486000012081F83E00009981F84400FFE745E00F
:1048700001980099896A884210D1FFE700990220C7
:1048800008770198C06940B9FFE70099012081F8D5
:104890003F00009981F84500FFE72EE0019800995C
:1048A000C96A884210D1FFE700990420087701986F
:1048B000C06940B9FFE70099012081F840000099E4
:1048C00081F84600FFE717E001980099096B8842DC
:1048D00010D1FFE70099082008770198C06940B916
:1048E000FFE70099012081F84100009981F8470015
:1048F000FFE700E0FFE7FFE7FFE7FFE7009801F0D1
:10490000D3FB00990020087702B080BD00BF00BF34
:1049100080B582B001900198806B00900198009959
:10492000496A884204D1FFE700990120087721E015
:1049300001980099896A884204D1FFE70099022012
:10494000087716E001980099C96A884204D1FFE708
:104950000099042008770BE001980099096B8842C0
:1049600004D1FFE700990820087700E0FFE7FFE7A0
:10497000FFE7FFE7009803F057FB00990020087756
:1049800002B080BD00BF00BF80B58AB00990089119
:1049900000228DF81F20099800680899FCF7A8FFED
:1049A000089806900C2835D80699DFE801F00733FF
:1049B0003333123333331D333333280009980168FE
:1049C000C86820F40070C8600998406AF1F794F84C
:1049D00024E009980168C86820F48060C8600998DC
:1049E000806AF1F789F819E009980168C86820F42D
:1049F0000060C8600998C06AF1F77EF80EE0099877
:104A00000168C86820F48050C8600998006BF1F70D
:104A100073F803E001208DF81F00FFE79DF81F00E9
:104A2000002840F08480FFE7FFE709980068006AEB
:104A300041F21111084210D1FFE709980068006A9D
:104A400040F24441084207D1FFE70998016808682D
:104A500020F001000860FFE7FFE7FFE7089828B9AA
:104A6000FFE70999012081F83E0038E00898042802
:104A700006D1FFE70999012081F83F0005902CE05D
:104A80000898082806D1FFE70999012081F840001D
:104A900004901FE008980C2806D1FFE7099901202F
:104AA00081F84100039012E00898102806D1FFE732
:104AB0000999012081F84200029005E0099901203E
:104AC00081F843000290FFE702980390FFE7039804
:104AD0000490FFE704980590FFE70598FFE7089822
:104AE00028B9FFE70999012081F844001EE00898E1
:104AF000042806D1FFE70999012081F845000190BB
:104B000012E00898082806D1FFE70999012081F8EA
:104B10004600009005E00999012081F847000090C7
:104B2000FFE700980190FFE70198FFE7FFE79DF896
:104B30001F000AB080BD00BF80B584B00290019113
:104B4000029820B9FFE701208DF80F0038E00298A5
:104B500090F83D0040B9FFE70299002081F83C0041
:104B6000029800F031F8FFE70299022081F83D0039
:104B7000029951F8040BFCF77BF802980168086869
:104B800020F008000860019A029801680868104344
:104B900008600299012081F84800029981F83E00DE
:104BA000029981F83F00029981F84400029981F846
:104BB0004500029981F83D0000208DF80F00FFE7C5
:104BC0009DF80F0004B080BD81B0009001B0704727
:104BD00080B582B001900199022081F83D00FFE785
:104BE00001980068006A41F21111084210D1FFE7F4
:104BF00001980068006A40F24441084207D1FFE78B
:104C000001980168086820F001000860FFE7FFE7ED
:104C1000FFE7019800F01CF80199002081F8480096
:104C2000019981F83E00019981F83F00019981F8CE
:104C30004400019981F84500019981F83D00FFE7A2
:104C40000199002081F83C00FFE7002002B080BD00
:104C500081B0009001B0704780B586B00490039198
:104C6000049890F83E008DF80B00049890F83F00EF
:104C70008DF80A00049890F844008DF80900049813
:104C800090F845008DF808009DF80B0001280FD121
:104C9000FFE79DF80A0001280AD1FFE79DF8090007
:104CA000012805D1FFE79DF80800012804D0FFE79F
:104CB00001208DF817005FE00499022081F83E0082
:104CC000049981F83F00049981F84400049981F81F
:104CD000450004980068002101220092FCF708FEBC
:104CE000009A049800680421FCF702FE00980499D9
:104CF00009680022C4F20102914201902DD0FFE721
:104D000004980168012040F20042C4F2010291427D
:104D1000019022D0FFE704980168012044F20002CC
:104D2000C4F201029142019017D0FFE70498016894
:104D3000012044F20042C4F20102914201900CD0E1
:104D4000FFE7049800684BF60001CBF6FE710844BB
:104D5000B0FA80F040090190FFE70198C00738B130
:104D6000FFE704980168486C40F400404864FFE79E
:104D700000208DF81700FFE79DF8170006B080BDF2
:104D800080B584B0039002910398006800220092DD
:104D90001146FCF7ADFD009A039800680421FCF76A
:104DA000A7FD0398016801200022C4F2010291428C
:104DB00001902DD0FFE703980168012040F20042E6
:104DC000C4F201029142019022D0FFE703980168EA
:104DD000012044F20002C4F201029142019017D076
:104DE000FFE703980168012044F20042C4F2010287
:104DF000914201900CD0FFE7039800684BF6000148
:104E0000CBF6FE710844B0FA80F040090190FFE74C
:104E10000198C007D8B1FFE7FFE703980068006A70
:104E200041F21111084210D1FFE703980068006AAF
:104E300040F24441084207D1FFE703980168486CFB
:104E400020F400404864FFE7FFE7FFE7FFE7FFE7E4
:104E500003980068006A41F21111084210D1FFE77F
:104E600003980068006A40F24441084207D1FFE716
:104E700003980168086820F001000860FFE7FFE779
:104E8000FFE70399012081F83E00039981F83F0074
:104E9000039981F84400039981F84500002004B08B
:104EA00080BD00BF00BF00BF80B586B004900391F5
:104EB000049890F83E008DF80B00049890F83F009D
:104EC0008DF80A00049890F844008DF809000498C1
:104ED00090F845008DF808009DF80B0001280FD1CF
:104EE000FFE79DF80A0001280AD1FFE79DF80900B5
:104EF000012805D1FFE79DF80800012804D0FFE74D
:104F000001208DF817006BE00499022081F83E0023
:104F1000049981F83F00049981F84400049981F8CC
:104F2000450004980168C86840F00200C860049811
:104F30000168C86840F00400C86004980068002157
:104F400001220092FCF7D4FC009A04980068042126
:104F5000FCF7CEFC0098049909680022C4F2010213
:104F6000914201902DD0FFE704980168012040F2A2
:104F70000042C4F201029142019022D0FFE704985E
:104F80000168012044F20002C4F201029142019042
:104F900017D0FFE704980168012044F20042C4F2F0
:104FA0000102914201900CD0FFE7049800684BF693
:104FB0000001CBF6FE710844B0FA80F04009019080
:104FC000FFE70198C00738B1FFE704980168486C13
:104FD00040F400404864FFE700208DF81700FFE729
:104FE0009DF8170006B080BD80B584B00390029193
:104FF00003980168C86820F00200C860039801683F
:10500000C86820F00400C86003980068002200927D
:105010001146FCF76DFC009A039800680421FCF728
:1050200067FC0398016801200022C4F2010291424A
:1050300001902DD0FFE703980168012040F2004263
:10504000C4F201029142019022D0FFE70398016867
:10505000012044F20002C4F201029142019017D0F3
:10506000FFE703980168012044F20042C4F2010204
:10507000914201900CD0FFE7039800684BF60001C5
:10508000CBF6FE710844B0FA80F040090190FFE7CA
:105090000198C007D8B1FFE7FFE703980068006AEE
:1050A00041F21111084210D1FFE703980068006A2D
:1050B00040F24441084207D1FFE703980168486C79
:1050C00020F400404864FFE7FFE7FFE7FFE7FFE762
:1050D00003980068006A41F21111084210D1FFE7FD
:1050E00003980068006A40F24441084207D1FFE794
:1050F00003980168086820F001000860FFE7FFE7F7
:10510000FFE70399012081F83E00039981F83F00F1
:10511000039981F84400039981F84500002004B008
:1051200080BD00BF00BF00BF80B586B00490039172
:10513000049820B9FFE701208DF817008AE0049851
:1051400090F83D0040B9FFE70499002081F83C0049
:10515000049800F085F8FFE70499022081F83D00EB
:105160000498016888684BF6F872CFF6FE7210401A
:105170008860049951F8040BFBF77AFD04980068E5
:105180008068029004980068806901900498006823
:10519000006A009003980168029808430290019801
:1051A00040F203318843019003998868896940EA95
:1051B0000121019808430190019840F60C41884371
:1051C000019001984FF2F001884301900399C8685B
:1051D000C96940EA012101980843019003990869CF
:1051E000096A000140EA01310198084301900098E2
:1051F00020F022000090009820F088000090039991
:105200004868496940EA01110098084300900298F3
:105210000499096888600198049909688861009870
:105220000499096808620499012081F848000499EA
:1052300081F83E00049981F83F00049981F8440008
:10524000049981F84500049981F83D0000208DF80B
:105250001700FFE79DF8170006B080BD00BF00BF34
:1052600081B0009001B0704780B582B00190019983
:10527000022081F83D00FFE701980068006A41F2D2
:105280001111084210D1FFE701980068006A40F24E
:105290004441084207D1FFE701980168086820F0FF
:1052A00001000860FFE7FFE7FFE7019800F01CF846
:1052B0000199002081F84800019981F83E00019988
:1052C00081F83F00019981F84400019981F8450077
:1052D000019981F83D00FFE70199002081F83C0029
:1052E000FFE7002002B080BD81B0009001B07047A0
:1052F00080B586B004900391049890F83E008DF834
:105300000B00049890F83F008DF80A00049890F87C
:1053100044008DF80900049890F845008DF80800C5
:105320000398B8B9FFE79DF80B00012805D1FFE706
:105330009DF80900012804D0FFE701208DF817002F
:1053400079E00499022081F83E00049981F8440034
:10535000FFE742E00398042817D1FFE79DF80A0011
:10536000012805D1FFE79DF80800012804D0FFE7D8
:1053700001208DF817005EE00499022081F83F00BB
:10538000049981F84500FFE726E09DF80B0001280D
:105390000FD1FFE79DF80A0001280AD1FFE79DF829
:1053A0000900012805D1FFE79DF80800012804D075
:1053B000FFE701208DF817003DE00499022081F8F5
:1053C0003E00049981F83F00049981F84400049953
:1053D00081F84500FFE7FFE7FFE70398019020B160
:1053E000FFE70198042807D00DE004980068002129
:1053F0000122FCF77DFA14E00498006804210122E0
:10540000FCF776FA0DE00498006800210122009272
:10541000FCF76EFA009A049800680421FCF768FA19
:10542000FFE704980168086840F001000860002068
:105430008DF81700FFE79DF8170006B080BD00BF8C
:1054400080B58AB0099008910898079020B1FFE7CD
:105450000798042807D00DE009980068002211463B
:10546000FCF746FA14E00998006804210022FCF7D2
:105470003FFA0DE009980068002206921146FCF7F9
:1054800037FA069A099800680421FCF731FAFFE719
:10549000FFE709980068006A41F21111084210D133
:1054A000FFE709980068006A40F24441084207D1CA
:1054B000FFE709980168086820F001000860FFE72D
:1054C000FFE7FFE7089820B1FFE70898042869D1B3
:1054D000FFE7089828B9FFE70999012081F83E0005
:1054E00038E00898042806D1FFE70999012081F8DF
:1054F0003F0005902CE00898082806D1FFE709999D
:10550000012081F8400004901FE008980C2806D183
:10551000FFE70999012081F84100039012E0089803
:10552000102806D1FFE70999012081F84200029076
:1055300005E00999012081F843000290FFE70298F5
:105540000390FFE703980490FFE704980590FFE7B6
:105550000598FFE7089828B9FFE70999012081F825
:1055600044001EE00898042806D1FFE709990120AD
:1055700081F84500019012E00898082806D1FFE75D
:105580000999012081F84600009005E00999012061
:1055900081F847000090FFE700980190FFE701982D
:1055A000FFE70DE00999012081F83E00099981F893
:1055B0003F00099981F84400099981F84500FFE707
:1055C00000200AB080BD00BF80B586B00490039172
:1055D000049890F83E008DF80B00049890F83F0076
:1055E0008DF80A00049890F844008DF8090004989A
:1055F00090F845008DF808000398B8B9FFE79DF8CA
:105600000B00012805D1FFE79DF80900012804D00F
:10561000FFE701208DF8170091E00499022081F83E
:105620003E00049981F84400FFE742E00398042813
:1056300017D1FFE79DF80A00012805D1FFE79DF883
:105640000800012804D0FFE701208DF8170076E05C
:105650000499022081F83F00049981F84500FFE792
:1056600026E09DF80B0001280FD1FFE79DF80A0006
:1056700001280AD1FFE79DF80900012805D1FFE7BD
:105680009DF80800012804D0FFE701208DF81700DD
:1056900055E00499022081F83E00049981F83F000A
:1056A000049981F84400049981F84500FFE7FFE779
:1056B000FFE70398019020B1FFE7019804280DD07F
:1056C00019E00498006800210122FCF711F9049800
:1056D0000168C86840F00200C86026E004980068CD
:1056E00004210122FCF704F904980168C86840F01D
:1056F0000400C86019E004980068002101220092AB
:10570000FCF7F6F8009A049800680421FCF7F0F81A
:1057100004980168C86840F00200C86004980168F5
:10572000C86840F00400C860FFE704980168086892
:1057300040F00100086000208DF81700FFE79DF899
:10574000170006B080BD00BF80B58AB009900891EF
:10575000089868B9FFE70998006800221146FCF72D
:10576000C7F809980168C86820F00200C8602BE0FB
:10577000089804280DD1FFE7099800680421002249
:10578000FCF7B6F809980168C86820F00400C86002
:1057900019E009980068002207921146FCF7A8F862
:1057A000079A099800680421FCF7A2F80998016893
:1057B000C86820F00200C86009980168C86820F035
:1057C0000400C860FFE7FFE7FFE709980068006A88
:1057D00041F21111084210D1FFE709980068006AF0
:1057E00040F24441084207D1FFE709980168086880
:1057F00020F001000860FFE7FFE7FFE7089820B10D
:10580000FFE70898042869D1FFE7089828B9FFE75F
:105810000999012081F83E0038E00898042806D153
:10582000FFE70999012081F83F0006902CE00898D5
:10583000082806D1FFE70999012081F8400005906A
:105840001FE008980C2806D1FFE70999012081F88C
:105850004100049012E00898102806D1FFE709994A
:10586000012081F84200039005E00999012081F8A8
:1058700043000390FFE703980490FFE70498059026
:10588000FFE705980690FFE70698FFE7089828B914
:10589000FFE70999012081F844001EE008980428D8
:1058A00006D1FFE70999012081F84500029012E036
:1058B0000898082806D1FFE70999012081F84600D9
:1058C000019005E00999012081F847000190FFE768
:1058D00001980290FFE70298FFE70DE00999012087
:1058E00081F83E00099981F83F00099981F8440048
:1058F000099981F84500FFE700200AB080BD00BF8C
:1059000080B58AB084460C98CDF820C007910692E5
:105910000593ADF81200089890F83E008DF811003C
:10592000089890F83F008DF81000089890F844000F
:105930008DF80F00089890F845008DF80E00079834
:1059400090BBFFE79DF81100022805D0FFE79DF806
:105950000F00022804D1FFE702208DF827008BE119
:105960009DF81100012819D1FFE79DF80F000128CB
:1059700014D1FFE7069820B1FFE7BDF8120020B967
:10598000FFE701208DF8270076E10899022081F8D1
:105990003E00089981F84400FFE703E001208DF8FC
:1059A000270069E1FFE785E00798042832D1FFE787
:1059B0009DF81000022805D0FFE79DF80E00022890
:1059C00004D1FFE702208DF8270055E19DF8100073
:1059D000012819D1FFE79DF80E00012814D1FFE737
:1059E000059820B1FFE7BDF8120020B9FFE70120BC
:1059F0008DF8270040E10899022081F83F000899BE
:105A000081F84500FFE703E001208DF8270033E12E
:105A1000FFE74EE09DF8110002280FD0FFE79DF848
:105A2000100002280AD0FFE79DF80F00022805D0D9
:105A3000FFE79DF80E00022804D1FFE702208DF851
:105A4000270019E19DF8110001282CD1FFE79DF8EE
:105A50001000012827D1FFE79DF80F00012822D16F
:105A6000FFE79DF80E0001281DD1FFE7069838B129
:105A7000FFE7059820B1FFE7BDF8120020B9FFE766
:105A800001208DF82700F7E00899022081F83E00F8
:105A9000089981F83F00089981F84400089981F835
:105AA0004500FFE703E001208DF82700E4E0FFE771
:105AB000FFE7FFE70798029020B1FFE7029804286C
:105AC00037D06DE00898416A44F63900C0F602000C
:105AD000C8630898416A44F61110C0F602000864D1
:105AE0000898416A41F2D930C0F60200C8640898AB
:105AF0000168406A3431069ABDF81230EEF7BCFFF7
:105B000020B1FFE701208DF82700B5E00898016873
:105B1000C86840F40070C86008980068002101223D
:105B2000FBF7E6FE08980168086840F0010008608D
:105B30009EE00898816A44F63900C0F60200C86306
:105B40000898816A44F61110C0F6020008640898AB
:105B5000816A41F2D930C0F60200C8640898016831
:105B6000806A3831059ABDF81230EEF785FF20B112
:105B7000FFE701208DF827007EE008980168C868DB
:105B800040F48060C8600898006804210122FBF797
:105B9000AFFE08980168086840F00100086067E0FF
:105BA0000898416A44F63900C0F60200C8630898B4
:105BB000416A44F61110C0F6020008640898416A70
:105BC00041F2D930C0F60200C86408980168406A02
:105BD0003431069ABDF81230EEF74EFF20B1FFE7E0
:105BE00001208DF8270047E00898816A44F63900C3
:105BF000C0F60200C8630898816A44F61110C0F626
:105C0000020008640898816A41F2D930C0F60200A7
:105C1000C86408980168806A3831059ABDF8123066
:105C2000EEF72AFF20B1FFE701208DF8270023E0DF
:105C300008980168C86840F40070C8600898016856
:105C4000C86840F48060C86008980068002101229C
:105C50000192FBF74DFE019A089800680421FBF7BA
:105C600047FE08980168086840F001000860FFE7F7
:105C700000208DF82700FFE79DF827000AB080BDBF
:105C800080B58AB009900891089888B9FFE709980B
:105C9000006800221146FBF72BFE09980168C868CE
:105CA00020F40070C8600998406AEFF725FF37E0DC
:105CB0000898042811D1FFE7099800680421002200
:105CC000FBF716FE09980168C86820F48060C86078
:105CD0000998806AEFF710FF21E009980068002218
:105CE00007921146FBF704FE079A09980068042101
:105CF000FBF7FEFD09980168C86820F40070C860D1
:105D000009980168C86820F48060C8600998406AF2
:105D1000EFF7F2FE0998806AEFF7EEFEFFE7FFE784
:105D2000FFE709980068006A41F21111084210D19A
:105D3000FFE709980068006A40F24441084207D131
:105D4000FFE709980168086820F001000860FFE794
:105D5000FFE7FFE7089820B1FFE70898042869D11A
:105D6000FFE7089828B9FFE70999012081F83E006C
:105D700038E00898042806D1FFE70999012081F846
:105D80003F0006902CE00898082806D1FFE7099903
:105D9000012081F8400005901FE008980C2806D1EA
:105DA000FFE70999012081F84100049012E008986A
:105DB000102806D1FFE70999012081F842000390DD
:105DC00005E00999012081F843000390FFE703985B
:105DD0000490FFE704980590FFE705980690FFE719
:105DE0000698FFE7089828B9FFE70999012081F88C
:105DF00044001EE00898042806D1FFE70999012015
:105E000081F84500029012E00898082806D1FFE7C3
:105E10000999012081F84600019005E009990120C7
:105E200081F847000190FFE701980290FFE7029890
:105E3000FFE70DE00999012081F83E00099981F8FA
:105E40003F00099981F84400099981F84500FFE76E
:105E500000200AB080BD00BF80B584B003900398D5
:105E60000068C068029003980068006901909DF87E
:105E700004008007002824D5FFE79DF8080080076C
:105E800000281DD5FFE7039801686FF00200086144
:105E9000039901200877039800688069800720B182
:105EA000FFE7039800F000F906E0039800F000F91E
:105EB000039800F001F9FFE7039900200877FFE756
:105EC000FFE79DF804004007002825D5FFE79DF86F
:105ED0000800400700281ED5FFE7039801686FF00F
:105EE000040008610399022008770398006880691C
:105EF00010F4407F04D0FFE7039800F0D5F806E0E7
:105F0000039800F0D5F8039800F0D6F8FFE703995E
:105F100000200877FFE7FFE79DF80400000700284E
:105F200024D5FFE79DF80800000700281DD5FFE7EE
:105F3000039801686FF0080008610399042008774E
:105F400003980068C069800720B1FFE7039800F05C
:105F5000ABF806E0039800F0ABF8039800F0ACF85B
:105F6000FFE7039900200877FFE7FFE79DF80400AB
:105F7000C006002825D5FFE79DF80800C0060028C8
:105F80001ED5FFE7039801686FF0100008610399C0
:105F90000820087703980068C06910F4407F04D097
:105FA000FFE7039800F080F806E0039800F080F81F
:105FB000039800F081F8FFE7039900200877FFE7D6
:105FC000FFE79DF80400C00778B1FFE79DF80800DF
:105FD000C00748B1FFE7039801686FF0010008614E
:105FE0000398DAF7B1FAFFE7FFE7019800F08000C5
:105FF000802806D0FFE79DF805008006002810D510
:10600000FFE79DF808000006002809D5FFE7039880
:1060100001686FF402500861039804F0D5FEFFE7B1
:10602000FFE79DF80500C00780B1FFE79DF8080075
:106030000006002809D5FFE7039801686FF4807017
:106040000861039804F0C4FEFFE7FFE79DF8040031
:106050004006002810D5FFE79DF8080040060028FC
:1060600009D5FFE7039801686FF0400008610398C5
:1060700000F02AF8FFE7FFE79DF8040080060028FB
:1060800010D5FFE79DF808008006002809D5FFE736
:10609000039801686FF020000861039804F08CFEFB
:1060A000FFE7FFE704B080BD81B0009001B070470A
:1060B00081B0009001B0704781B0009001B070478E
:1060C00081B0009001B0704781B0009001B070477E
:1060D00080B586B004900391029200208DF80700ED
:1060E000FFE7049890F83C00012804D1FFE7022064
:1060F0008DF817004AE00499012081F83C00FFE781
:10610000FFE702980090142831D80099DFE801F0E9
:106110000B2F2F2F112F2F2F172F2F2F1D2F2F2FFB
:10612000232F2F2F290004980068039900F034F8DA
:1061300021E004980068039900F0D6F81BE0049869
:106140000068039900F088F915E004980068039945
:1061500000F03AFA0FE004980068039900F0A4FAFE
:1061600009E004980068039900F006FB03E00120B1
:106170008DF80700FFE7FFE70499002081F83C0055
:10618000FFE79DF807008DF81700FFE79DF817005F
:1061900006B080BD00BF00BF85B004900391049895
:1061A000006A01900499086A20F0010008620498CE
:1061B0004068009004988069029002984FF68F71B1
:1061C000CFF6FE7108400290029820F00300029082
:1061D00003980168029808430290019820F0020099
:1061E0000190039881680198084301900498002168
:1061F000C4F20101884220D0FFE7049840F2004138
:10620000C4F20101884218D0FFE7049844F200016B
:10621000C4F20101884210D0FFE7049844F2004123
:10622000C4F20101884208D0FFE7049844F6000157
:10623000C4F2010188420ED1FFE7019820F0080066
:1062400001900398C168019808430190019820F0DB
:1062500004000190FFE704980021C4F20101884284
:1062600020D0FFE7049840F20041C4F201018842C7
:1062700018D0FFE7049844F20001C4F201018842FB
:1062800010D0FFE7049844F20041C4F201018842B3
:1062900008D0FFE7049844F60001C4F201018842E7
:1062A00013D1FFE7009820F480700090009820F44C
:1062B000007000900398416900980843009003988B
:1062C0008169009808430090FFE7009804994860AE
:1062D000029804998861039840680499486301987A
:1062E0000499086205B0704785B004900391049842
:1062F000006A01900499086A20F01000086204986E
:1063000040680090049880690290029848F6FF71F6
:10631000CFF6FF6108400290029820F4407002908E
:1063200003980168029840EA01200290019820F049
:106330002000019003988168019840EA01100190C3
:1063400004980021C4F20101884229D0FFE7049893
:1063500040F20041C4F20101884221D0FFE70498D5
:1063600044F20001C4F20101884203D1FFE700209A
:10637000B0B9FFE7049844F20041C4F20101884239
:1063800003D1FFE7002058B9FFE7049844F6000165
:10639000C4F20101884212D1FFE7012078B9FFE77A
:1063A000019820F0800001900398C168019840EAAC
:1063B00001100190019820F040000190FFE704983F
:1063C0000021C4F20101884220D0FFE7049840F286
:1063D0000041C4F20101884218D0FFE7049844F25A
:1063E0000001C4F20101884210D0FFE7049844F292
:1063F0000041C4F20101884208D0FFE7049844F646
:106400000001C4F20101884215D1FFE7009820F491
:1064100080600090009820F400600090039841692B
:10642000009840EA8100009003988169009840EA52
:1064300081000090FFE70098049948600298049951
:1064400088610398406804998863019804990862F8
:1064500005B0704700BF00BF85B004900391049859
:10646000006A01900499086A20F480700862049818
:10647000406800900498C069029002984FF68F71AE
:10648000CFF6FE7108400290029820F003000290BF
:1064900003980168029808430290019820F4007064
:1064A000019003988168019840EA012001900498C6
:1064B0000021C4F20101884229D0FFE7049840F28C
:1064C0000041C4F20101884221D0FFE7049844F260
:1064D0000001C4F20101884203D1FFE70020B0B9F6
:1064E000FFE7049844F20041C4F20101884203D15D
:1064F000FFE7002058B9FFE7049844F60001C4F212
:106500000101884212D1FFE7012078B9FFE7019825
:1065100020F4006001900398C168019840EA0120CE
:106520000190019820F480600190FFE70498002119
:10653000C4F20101884220D0FFE7049840F20041F4
:10654000C4F20101884218D0FFE7049844F2000128
:10655000C4F20101884210D0FFE7049844F20041E0
:10656000C4F20101884208D0FFE7049844F6000114
:10657000C4F20101884215D1FFE7009820F4805051
:106580000090009820F40050009003984169009812
:1065900040EA0110009003988169009840EA0110D8
:1065A0000090FFE700980499486002980499C86138
:1065B000039840680499C86301980499086205B07B
:1065C000704700BF00BF00BF85B0049003910498DE
:1065D000006A01900499086A20F4805008620498C7
:1065E000406800900498C0690290029848F6FF71D4
:1065F000CFF6FF6108400290029820F440700290AC
:1066000003980168029840EA01200290019820F462
:106610000050019003988168019840EA0130019090
:1066200004980021C4F20101884220D0FFE70498B9
:1066300040F20041C4F20101884218D0FFE70498FB
:1066400044F20001C4F20101884210D0FFE704982F
:1066500044F20041C4F20101884208D0FFE70498E7
:1066600044F60001C4F2010188420BD1FFE7009813
:1066700020F48040009003984169009840EA81101E
:106680000090FFE700980499486002980499C86157
:10669000039840680499086401980499086205B059
:1066A000704700BF00BF00BF85B0049003910498FD
:1066B000006A01900499086A20F480300862049806
:1066C000406800900498406D029002984FF68F71D8
:1066D000CFF6FE71084002900398016802980843C3
:1066E0000290019820F4003001900398816801988D
:1066F00040EA0140019004980021C4F2010188425F
:1067000020D0FFE7049840F20041C4F20101884222
:1067100018D0FFE7049844F20001C4F20101884256
:1067200010D0FFE7049844F20041C4F2010188420E
:1067300008D0FFE7049844F60001C4F20101884242
:106740000BD1FFE7009820F4803000900398416956
:10675000009840EA01200090FFE700980499486003
:1067600002980499486503984068049988650198DF
:106770000499086205B0704785B0049003910498AD
:10678000006A01900499086A20F480100862049855
:10679000406800900498406D0290029848F6FF719E
:1067A000CFF6FF610840029003980168029840EA22
:1067B00001200290019820F4001001900398816854
:1067C000019840EA0150019004980021C4F20101AF
:1067D000884220D0FFE7049840F20041C4F2010152
:1067E000884218D0FFE7049844F20001C4F2010186
:1067F000884210D0FFE7049844F20041C4F201013E
:10680000884208D0FFE7049844F60001C4F2010171
:1068100088420BD1FFE7009820F480200090039875
:106820004169009840EA81200090FFE700980499B0
:106830004860029804994865039840680499C865BF
:1068400001980499086205B0704700BF00BF00BFFF
:1068500080B586B004900391029200208DF8070065
:10686000FFE7049890F83C00012804D1FFE70220DC
:106870008DF8170080E00499012081F83C00FFE7C3
:10688000FFE70298B0B9FFE704980068039B196816
:106890005A68DB6800F074F804980168886920F091
:1068A0000C00886103988268049801688869104325
:1068B000886156E00298042817D1FFE70498006821
:1068C000039B19685A68DB6800F0FAF804980168BD
:1068D000886920F4406088610398826804980168A0
:1068E000886940EA022088613AE00298082816D1B7
:1068F000FFE704980068039B19685A68DB6800F09A
:1069000017F904980168C86920F00C00C861039861
:10691000826804980168C8691043C8611FE0029842
:106920000C2817D1FFE704980068039B19685A6880
:10693000DB6800F035F904980168C86920F440600C
:10694000C8610398826804980168C86940EA022017
:10695000C86103E001208DF80700FFE7FFE7FFE7CC
:10696000FFE7FFE70499002081F83C00FFE79DF86E
:1069700007008DF81700FFE79DF8170006B080BDEF
:1069800087B006900591049203930698006A0190DF
:106990000699086A20F00100086206988069029052
:1069A000069901200022C4F201029142009058D0C1
:1069B000FFE706990120B1F1804F009051D0FFE729
:1069C0000699012040F20042C4F200029142009078
:1069D00047D0FFE70699012040F60002C4F200020A
:1069E000914200903DD0FFE70699012040F6004219
:1069F000C4F200029142009033D0FFE706990120D3
:106A000040F20042C4F201029142009029D0FFE717
:106A10000699012041F60002C4F200029142009062
:106A20001FD0FFE70699012044F20002C4F20102E0
:106A30009142009015D0FFE7069901204EF2000226
:106A4000C4F20002914200900BD0FFE7069841F695
:106A50000041CBF6FF710844B0FA80F04009009085
:106A6000FFE70098C00748B1FFE7029820F0030055
:106A70000290049902980843029004E0029840F0C2
:106A800001000290FFE7029820F0F00002900398C6
:106A90000001C1B2029808430290019820F00A0058
:106AA0000190059800F00A010198084301900298AE
:106AB0000699886101980699086207B0704700BF7F
:106AC00086B005900491039202930598006A0090A5
:106AD0000599086A20F01000086205988069019005
:106AE000019820F4407001900399019840EA012038
:106AF0000190019820F4704001900298000381B247
:106B0000019808430190009820F0A000009004989C
:106B100000F00A01009840EA0110009001980599E0
:106B2000886100980599086206B0704700BF00BFF1
:106B300086B005900491039202930598006A009034
:106B40000599086A20F4807008620598C069019070
:106B5000019820F0030001900399019808430190E7
:106B6000019820F0F000019002980001C1B2019854
:106B700008430190009820F420600090049800F0F1
:106B80000A01009840EA0120009001980599C86127
:106B900000980599086206B0704700BF00BF00BFAB
:106BA00086B005900491039202930598006A0090C4
:106BB0000599086A20F4805008620598C069019020
:106BC000019820F4407001900399019840EA012057
:106BD0000190019820F4704001900298000381B266
:106BE000019808430190009820F4204000900498F8
:106BF00000F00A01009840EA0130009001980599E0
:106C0000C86100980599086206B0704700BF00BFD0
:106C100080B586B004900391029200208DF80700A1
:106C2000FFE7049890F83C00012804D1FFE7022018
:106C30008DF81700C0E00499012081F83C00FFE7BF
:106C4000FFE702980090142800F2A7800099DFE87F
:106C500001F00BA4A4A424A4A4A43EA4A4A457A417
:106C6000A4A471A4A4A48A00049800680399FFF75F
:106C700093FA04980168886940F0080088610498D4
:106C80000168886920F0040088610398026904980B
:106C9000016888691043886183E00498006803995B
:106CA000FFF722FB04980168886940F4006088615E
:106CB00004980168886920F48060886103980269FB
:106CC00004980168886940EA0220886169E00498B4
:106CD00000680399FFF7C0FB04980168C86940F099
:106CE0000800C86104980168C86920F00400C86100
:106CF0000398026904980168C8691043C86150E0AC
:106D0000049800680399FFF75FFC04980168C8695C
:106D100040F40060C86104980168C86920F480608C
:106D2000C8610398026904980168C86940EA0220B2
:106D3000C86136E0049800680399FFF7B5FC049831
:106D40000168486D40F00800486504980168486D86
:106D500020F0040048650398026904980168486DB2
:106D6000104348651DE0049800680399FFF704FD8F
:106D700004980168486D40F4006048650498016813
:106D8000486D20F4806048650398026904980168A2
:106D9000486D40EA0220486503E001208DF80700B5
:106DA000FFE7FFE70499002081F83C00FFE79DF82A
:106DB00007008DF81700FFE79DF8170006B080BDAB
:106DC00080B590B00E900D910C920B9300208DF831
:106DD0002B000C980B99884200F0BB80FFE7FFE77F
:106DE0000E9890F83C00012804D1FFE702208DF8AE
:106DF0003F00B2E00E99012081F83C00FFE7FFE779
:106E00000E99022081F83D000D98006803900D98BE
:106E1000406804900D98806805900D98C0680690B1
:106E20000D98006908900D98406909900C9802909F
:106E300020B1FFE70298042806D00BE00E98006806
:106E400003A9FFF7A9F909E00E98006803A9FFF765
:106E50004BFA03E001208DF82B00FFE79DF82B0093
:106E6000002867D1FFE70B98019020B1FFE7019858
:106E700004282DD059E00E9800680D9B9969DA69B5
:106E80001B6AFFF77DFD0E980168886920F00C00F1
:106E900088610E98016888684FF68F72CFF6CF72BE
:106EA000104088600E980168886840F05000886043
:106EB0000E98016888684FF6F872CFF6FE7210409F
:106EC00088600E980168886840F00600886030E0AD
:106ED0000E9800680D9B9969DA691B6AFFF7F0FD4F
:106EE0000E980168886920F4406088610E980168F6
:106EF00088684FF68F72CFF6CF72104088600E9878
:106F00000168886840F0600088600E9801688868B1
:106F10004FF6F872CFF6FE72104088600E98016846
:106F2000886840F00600886003E001208DF82B009F
:106F3000FFE7FFE70E99012081F83D00FFE70E997A
:106F4000002081F83C00FFE79DF82B008DF83F0002
:106F500003E001208DF83F00FFE79DF83F0010B0EF
:106F600080BD00BF00BF00BF10B588B0DDF828C0ED
:106F7000079006910592049307980699059A049B39
:106F8000DDF828C04FF0010E0EEB1C24EE46CEF8C3
:106F90000440CEF800C000F007F88DF80F009DF80F
:106FA0000F0008B010BD00BF80B588B0DDF82CC060
:106FB000DDF828C0069005910492039300208DF817
:106FC0000B00069890F84800022804D1FFE7022041
:106FD0008DF81F0054E1069890F84800012810D160
:106FE000FFE7039838B9FFE70A9820B1FFE70120CF
:106FF0008DF81F0044E10699022081F84800FFE760
:1070000000E0FFE7FFE704980190B0F5807F21D012
:10701000FFE70198B0F5007F40D0FFE70198B0F599
:10702000806F5FD0FFE70198B0F5006F7ED0FFE77B
:107030000198B0F5805F00F09D80FFE70198B0F502
:10704000005F00F0BB80FFE70198B0F5804F00F0D3
:10705000D980FBE00698016A41F29130C0F6020047
:10706000C8630698016A41F2C130C0F602000864A4
:107070000698016A41F2D930C0F60200C864069849
:107080000268006A03994C320B9BEDF7F5FC20B1C6
:10709000FFE701208DF81F00F2E0DBE00698416A6F
:1070A00042F29940C0F60200C8630698416A42F273
:1070B0005950C0F6020008640698416A41F2D9307E
:1070C000C0F60200C86406980268406A03994C3210
:1070D0000B9BEDF7D1FC20B1FFE701208DF81F00DD
:1070E000CEE0B7E00698816A42F29940C0F602000D
:1070F000C8630698816A42F25950C0F602000864DB
:107100000698816A41F2D930C0F60200C864069838
:107110000268806A03994C320B9BEDF7ADFC20B1FD
:10712000FFE701208DF81F00AAE093E00698C16AEE
:1071300042F29940C0F60200C8630698C16A42F262
:107140005950C0F6020008640698C16A41F2D9306D
:10715000C0F60200C86406980268C06A03994C32FF
:107160000B9BEDF789FC20B1FFE701208DF81F0094
:1071700086E06FE00698016B42F29940C0F602008B
:10718000C8630698016B42F25950C0F602000864C9
:107190000698016B41F2D930C0F60200C864069827
:1071A0000268006B03994C320B9BEDF765FC20B134
:1071B000FFE701208DF81F0062E04BE00698416B6D
:1071C0004AF23160C0F60200C8630698416B4AF289
:1071D0005160C0F6020008640698416B41F2D93054
:1071E000C0F60200C86406980268406B03994C32EE
:1071F0000B9BEDF741FC20B1FFE701208DF81F004C
:107200003EE027E00698816B47F28920C0F6020035
:10721000C8630698816B47F2B920C0F60200086483
:107220000698816B41F2D930C0F60200C864069816
:107230000268806B03994C320B9BEDF71DFC20B16B
:10724000FFE701208DF81F001AE003E001208DF810
:107250000B00FFE79DF80B0068B9FFE705980A9956
:107260000843069909688864049A06980168C86802
:107270001043C860FFE79DF80B008DF81F00FFE783
:107280009DF81F0008B080BD80B582B001900198C4
:10729000806B00900098806BC06928B9FFE7009967
:1072A000012081F83D00FFE70098FEF70DFF02B0D6
:1072B00080BD00BF00BF00BF80B582B001900198C3
:1072C000806B0090009800F0B7FE02B080BD00BF58
:1072D00080B584B00390029100208DF807000298D9
:1072E0000090B0F5807F1ED0FFE70098B0F5007FDA
:1072F0001ED0FFE70098B0F5806F1ED0FFE7009822
:10730000B0F5006F1ED0FFE70098B0F5805F1ED08B
:10731000FFE70098B0F5005F1ED0FFE70098B0F5DA
:10732000804F1ED022E00398006AEEF7E5FB21E0D3
:107330000398406AEEF7E0FB1CE00398806AEEF7E2
:10734000DBFB17E00398C06AEEF7D6FB12E0039868
:10735000006BEEF7D1FB0DE00398406BEEF7CCFB32
:1073600008E00398806BEEF7C7FB03E001208DF87F
:107370000700FFE79DF8070058B9FFE7029A039856
:107380000168C8689043C8600399012081F84800EB
:10739000FFE79DF8070004B080BD00BF00BF00BF3D
:1073A00010B588B0DDF828C00790069105920493C7
:1073B00007980699059A049BDDF828C04FF0010E46
:1073C0000EEB1C24EE46CEF80440CEF800C000F0D0
:1073D00007F88DF80F009DF80F0008B010BD00BF32
:1073E00080B588B0DDF82CC0DDF828C00690059186
:1073F0000492039300208DF80B00069890F8480043
:10740000022804D1FFE702208DF81F0054E10698FE
:1074100090F84800012810D1FFE7039838B9FFE73A
:107420000A9820B1FFE701208DF81F0044E106997A
:10743000022081F84800FFE700E0FFE7FFE704983B
:107440000190B0F5807F21D0FFE70198B0F5007F73
:1074500040D0FFE70198B0F5806F5FD0FFE701985B
:10746000B0F5006F7ED0FFE70198B0F5805F00F0C7
:107470009D80FFE70198B0F5005F00F0BB80FFE75B
:107480000198B0F5804F00F0D980FBE00698016AC2
:1074900041F29130C0F60200C8630698016A41F2D9
:1074A000C130C0F6020008640698016A41F2D93082
:1074B000C0F60200C86406980168006A4C31039A5D
:1074C0000B9BEDF7D9FA20B1FFE701208DF81F00E3
:1074D000F2E0DBE00698416A44F63900C0F60200AB
:1074E000C8630698416A44F61110C0F602000864A9
:1074F0000698416A41F2D930C0F60200C864069885
:107500000168406A4C31039A0B9BEDF7B5FA20B144
:10751000FFE701208DF81F00CEE0B7E00698816AF2
:1075200044F63900C0F60200C8630698816A44F642
:107530001110C0F6020008640698816A41F2D93041
:10754000C0F60200C86406980168806A4C31039A4C
:107550000B9BEDF791FA20B1FFE701208DF81F009A
:10756000AAE093E00698C16A44F63900C0F602002A
:10757000C8630698C16A44F61110C0F60200086498
:107580000698C16A41F2D930C0F60200C864069874
:107590000168C06A4C31039A0B9BEDF76DFA20B17C
:1075A000FFE701208DF81F0086E06FE00698016B71
:1075B00044F63900C0F60200C8630698016B44F631
:1075C0001110C0F6020008640698016B41F2D93030
:1075D000C0F60200C86406980168006B4C31039A3B
:1075E0000B9BEDF749FA20B1FFE701208DF81F0052
:1075F00062E04BE00698416B4AF23160C0F602004F
:10760000C8630698416B4AF25160C0F602000864F4
:107610000698416B41F2D930C0F60200C864069862
:107620000168406B4C31039A0B9BEDF725FA20B1B2
:10763000FFE701208DF81F003EE027E00698816BF0
:1076400047F28920C0F60200C8630698816B47F2B2
:10765000B920C0F6020008640698816B41F2D93067
:10766000C0F60200C86406980168806B4C31039A2A
:107670000B9BEDF701FA20B1FFE701208DF81F0009
:107680001AE003E001208DF80B00FFE79DF80B00E6
:1076900068B9FFE705980A9908430699096888645C
:1076A000049A06980168C8681043C860FFE79DF80F
:1076B0000B008DF81F00FFE79DF81F0008B080BD8C
:1076C00080B584B00390029100208DF807000298E5
:1076D0000090B0F5807F1ED0FFE70098B0F5007FE6
:1076E0001ED0FFE70098B0F5806F1ED0FFE700982E
:1076F000B0F5006F1ED0FFE70098B0F5805F1ED098
:10770000FFE70098B0F5005F1ED0FFE70098B0F5E6
:10771000804F1ED022E00398006AEEF7EDF921E0D9
:107720000398406AEEF7E8F91CE00398806AEEF7E8
:10773000E3F917E00398C06AEEF7DEF912E0039868
:10774000006BEEF7D9F90DE00398406BEEF7D4F932
:1077500008E00398806BEEF7CFF903E001208DF885
:107760000700FFE79DF8070058B9FFE7029A039862
:107770000168C8689043C8600399012081F84800F7
:10778000FFE79DF8070004B080BD00BF00BF00BF49
:1077900083B001900091FFE7019890F83C00012828
:1077A00004D1FFE702208DF80B001BE001990120B6
:1077B00081F83C00FFE7FFE70199022081F83D00D6
:1077C00000980199096848610199012081F83D00FC
:1077D000FFE70199002081F83C00FFE700208DF8C9
:1077E0000B00FFE79DF80B0003B0704700BF00BF20
:1077F00080B588B006900591049200208DF80F00A6
:10780000FFE7069890F83C00012804D1FFE702202A
:107810008DF81F00D4E00699012081F83C00FFE7B5
:10782000FFE70699022081F83D0005984068029024
:1078300020B1FFE70298012807D021E006980168EF
:10784000886820F47F4088601EE00598C06870B1A9
:10785000FFE70699012081F83D00FFE70699002027
:1078600081F83C00FFE701208DF81F00A8E0069892
:107870000068059B9A68D9681B6900F0A5F803E0C9
:1078800001208DF80F00FFE79DF80F00002840F061
:107890008880FFE704980190142800F28080019905
:1078A000DFE801F00B7D7D7D1E7D7D7D317D7D7D61
:1078B000447D7D7D577D7D7D6A000598006838B1E7
:1078C000FFE706980168886940F08000886106E05B
:1078D00006980168886920F080008861FFE75FE012
:1078E0000598006838B1FFE706980168886940F498
:1078F0000040886106E006980168886920F400402D
:107900008861FFE74CE00598006838B1FFE706980A
:107910000168C86940F08000C86106E00698016807
:10792000C86920F08000C861FFE739E00598006869
:1079300038B1FFE706980168C86940F40040C861A3
:1079400006E006980168C86920F40040C861FFE7B6
:1079500026E00598006838B1FFE706980168486D91
:1079600040F08000486506E006980168486D20F008
:1079700080004865FFE713E00598006838B1FFE72D
:1079800006980168486D40F40040486506E0069896
:107990000168486D20F400404865FFE700E0FFE71C
:1079A000FFE70699012081F83D00FFE706990020D6
:1079B00081F83C00FFE79DF80F008DF81F00FFE7FE
:1079C0009DF81F0008B080BD85B00490039102921D
:1079D0000193049880680090009820F47F40009004
:1079E00003980299019A41EA022101430098084351
:1079F000009000980499886005B0704700BF00BFF0
:107A000080B586B00490039100208DF80B00FFE74D
:107A1000049890F83C00012804D1FFE702208DF87B
:107A20001700D1E00499012081F83C00FFE7FFE74F
:107A30000499022081F83D00049800688068019054
:107A400001984FF68871CFF6CE71084001900198E9
:107A500020F47F4001900198049909688860039898
:107A600000680090002800F09580FFE7009810283B
:107A700000F09080FFE70098202800F08B80FFE75F
:107A80000098302800F08680FFE70098402874D0E6
:107A9000FFE70098502856D0FFE7009860285FD095
:107AA000FFE7009870282AD0FFE70098B0F5805FC4
:107AB00024D0FFE70098B0F5005F35D0FFE70098CD
:107AC000B0F5801F66D0FFE70098B0F1101F61D0BD
:107AD000FFE700982021C0F2100188425AD0FFE74A
:107AE00000983021C0F21001884253D0FFE700987F
:107AF0004021C0F2100188424CD052E055E0049879
:107B00000068039B5A689968DB68FFF75DFF04987B
:107B1000006880680190019840F07700019001981A
:107B200004990968886040E004980068039B5A68DB
:107B30009968DB68FFF748FF04980168886840F49B
:107B40008040886031E004980068039A5168D268E8
:107B500000F03EF804980068502100F061F824E03D
:107B600004980068039A5168D26800F071F804988C
:107B70000068602100F054F817E004980068039A48
:107B80005168D26800F024F804980068402100F0A1
:107B900047F80AE0049800680399096800F040F883
:107BA00003E001208DF80B00FFE70499012081F824
:107BB0003D00FFE70499002081F83C00FFE79DF8B5
:107BC0000B008DF81700FFE79DF8170006B080BD89
:107BD00085B00490039102920498006A0090049981
:107BE000086A20F0010008620498806901900198F9
:107BF00020F0F00001900299019840EA01100190F4
:107C0000009820F00A000090039900980843009023
:107C100001980499886100980499086205B070473A
:107C200083B00290019102988068009000984FF60E
:107C30008F71CFF6CF7108400090019800990843EA
:107C400040F00700009000980299886003B07047E8
:107C500085B00490039102920498006A0090049900
:107C6000086A20F010000862049880690190019869
:107C700020F4704001900299019840EA013001908F
:107C8000009820F0A00000900399009840EA0110AD
:107C9000009001980499886100980499086205B0E1
:107CA000704700BF00BF00BF83B0029001910298EF
:107CB000006840680090009820F0800000900199D2
:107CC00000980843009000980299096848600020D5
:107CD00003B0704700BF00BF80B584B0029001912F
:107CE000FFE7029890F83C00012804D1FFE702204A
:107CF0008DF80F0037E00299012081F83C00FFE782
:107D0000FFE70299022081F83D000298019900F0F6
:107D10002FF870B1FFE70299012081F83D00FFE7DD
:107D20000299002081F83C00FFE701208DF80F0048
:107D300019E002980168C86820F04000C860029805
:107D40000168C86820F48040C8600299012081F869
:107D50003D00FFE70299002081F83C00FFE700208A
:107D60008DF80F00FFE79DF80F0004B080BD00BF45
:107D700080B588B00690059100208DF81300069814
:107D800000688068039003984FF68F71CFF6CF712B
:107D900008400390059841680398084303900398AE
:107DA0004FF6F871CFF6FE71084003900598016810
:107DB000039808430390039806990968886005981A
:107DC00040680090002800F0A480FFE70098102889
:107DD00000F09F80FFE70098202800F09A80FFE7DE
:107DE0000098302800F09580FFE70098402856D092
:107DF000FFE7009850287CD0FFE70098602800F04B
:107E00008080FFE70098702840D0FFE70098B0F529
:107E1000801F7ED0FFE70098B0F1101F79D0FFE7F8
:107E200000982021C0F21001884272D0FFE700982C
:107E30003021C0F2100188426BD0FFE7009840214A
:107E4000C0F21001884264D0FFE700985021C0F2D0
:107E5000100188425DD0FFE700986021C0F2100158
:107E6000884256D0FFE700987021C0F21001884286
:107E70004FD0FFE70098B0F5001F4AD0FFE7009809
:107E80001021C0F22001884243D043E006980068E8
:107E9000059B9A68D9681B69FFF796FD3EE0059837
:107EA0000068052804D1FFE701208DF81F003AE0A3
:107EB00006980068006A019006980168086A20F038
:107EC000010008620698006880690290029820F01C
:107ED000F000029005980169029840EA01100290B2
:107EE00002980699096888610198069909680862EC
:107EF00014E006980068059A91681269FFF768FE19
:107F00000CE006980068059A91681269FFF7A0FED8
:107F100004E003E001208DF81300FFE79DF8130053
:107F20008DF81F00FFE79DF81F0008B080BD00BF5F
:107F300080B584B002900191FFE7029890F83C0070
:107F4000012804D1FFE702208DF80F0037E00299E5
:107F5000012081F83C00FFE7FFE70299022081F849
:107F60003D0002980199FFF703FF70B1FFE7029906
:107F7000012081F83D00FFE70299002081F83C00D4
:107F8000FFE701208DF80F0019E002980168C8682A
:107F900040F04000C86002980168C86820F4804042
:107FA000C8600299012081F83D00FFE70299002096
:107FB00081F83C00FFE700208DF80F00FFE79DF8F7
:107FC0000F0004B080BD00BF84B003900291002078
:107FD0000190029800900C281DD80099DFE801F06C
:107FE000071B1B1B0C1B1B1B111B1B1B16000398C9
:107FF0000068406B01900FE003980068806B01906F
:108000000AE003980068C06B019005E003980068DF
:10801000006C019000E0FFE7019804B0704700BFDA
:1080200081B0009001B0704781B0009001B07047FE
:1080300081B0009001B0704781B0009001B07047EE
:1080400081B0009001B0704781B00090009890F826
:108050003D0001B0704700BF81B00090009890F8DB
:108060003D0001B0704700BF81B00090009890F8CB
:108070003D0001B0704700BF81B00090009890F8BB
:108080003D0001B0704700BF81B00090009890F8AB
:108090003D0001B0704700BF81B00090009890F89B
:1080A0003D0001B0704700BF81B000900098007F94
:1080B00001B0704700BF00BF88B0079006910698D6
:1080C00028B9FFE7079890F83E00049034E006983E
:1080D000042805D1FFE7079890F83F00039028E0B7
:1080E0000698082805D1FFE7079890F8400002900D
:1080F0001CE006980C2805D1FFE7079890F841008E
:10810000019010E00698102805D1FFE7079890F835
:108110004200009004E0079890F843000090FFE7C9
:1081200000980190FFE701980290FFE70298039002
:10813000FFE703980490FFE704988DF817009DF877
:10814000170008B0704700BF81B00090009890F809
:10815000480001B07047000080B58CB00A900991CA
:108160000A9820B9FFE701208DF82F0082E00A98D5
:1081700090F83D0040B9FFE70A99002081F83C00E3
:108180000A9800F07DF8FFE70A99022081F83D0087
:108190000A9951F8040BF8F76BFD0A980068099AE0
:1081A000116893680322FEF7EBFB0A98016888695F
:1081B00020F00C008861099842680A980168886973
:1081C000104388610A980168486840F08000486060
:1081D0000A98016888684FF68F72CFF6CF72104008
:1081E00088600A980168886840F0400088600A98B2
:1081F000016888684FF6F872CFF6FE72104088600A
:108200000A980168886840F00400886000200190A6
:1082100006900790702102910890059004900998AB
:10822000C06803900A98006802A9FEF75DF80198FB
:108230000A990A68516821F0700151600A990A6828
:10824000516841F0500151600A9A012182F84810AA
:108250000A9A82F83E100A9A82F83F100A9A82F827
:1082600044100A9A82F845100A9A82F83D108DF857
:108270002F00FFE79DF82F000CB080BD00BF00BFAE
:1082800081B0009001B0704780B582B00190019933
:10829000022081F83D00FFE701980068006A41F282
:1082A0001111084210D1FFE701980068006A40F2FE
:1082B0004441084207D1FFE701980168086820F0AF
:1082C00001000860FFE7FFE7FFE7019800F01CF8F6
:1082D0000199002081F84800019981F83E00019938
:1082E00081F83F00019981F84400019981F8450027
:1082F000019981F83D00FFE70199002081F83C00D9
:10830000FFE7002002B080BD81B0009001B070474F
:1083100080B584B00290029890F83E008DF803007A
:10832000029890F83F008DF80200029890F84400FF
:108330008DF80100029890F845008DF800009DF836
:10834000030001280FD1FFE79DF8020001280AD1A0
:10835000FFE79DF80100012805D1FFE79DF8000027
:10836000012804D0FFE701208DF80F008CE002996E
:10837000022081F83E00029981F83F00029981F8BD
:108380004400029981F8450002980068002101220A
:10839000F9F7AEFA029800680021C4F201018842A0
:1083A0004ED0FFE702980068B0F1804F48D0FFE759
:1083B0000298006840F20041C4F2000188423FD0B8
:1083C000FFE70298006840F60001C4F2000188420D
:1083D00036D0FFE70298006840F60041C4F2000181
:1083E00088422DD0FFE70298006840F20041C4F2B5
:1083F0000101884224D0FFE70298006841F600019D
:10840000C4F2000188421BD0FFE70298006844F2E2
:108410000001C4F20101884212D0FFE7029800680F
:108420004EF20001C4F20001884209D0FFE7029831
:1084300000684EF20041C4F20001884219D1FFE702
:108440000298006880680721C0F20101084001908D
:10845000019806280CD0FFE70198B0F5803F07D0BF
:10846000FFE702980168086840F001000860FFE734
:1084700006E002980168086840F001000860FFE724
:1084800000208DF80F00FFE79DF80F0004B080BDBD
:1084900080B582B001900198006800221146F9F77A
:1084A00027FAFFE701980068006A41F211110842BB
:1084B00010D1FFE701980068006A40F24441084289
:1084C00007D1FFE701980168086820F00100086003
:1084D000FFE7FFE7FFE70199012081F83E000199DE
:1084E00081F83F00019981F84400019981F8450025
:1084F000002002B080BD00BF80B584B00290029819
:1085000090F83E008DF80300029890F83F008DF837
:108510000200029890F844008DF80100029890F84B
:1085200045008DF800009DF8030001280FD1FFE7FA
:108530009DF8020001280AD1FFE79DF801000128FB
:1085400005D1FFE79DF80000012804D0FFE70120D6
:108550008DF80F0092E00299022081F83E00029906
:1085600081F83F00029981F84400029981F84500A2
:1085700002980168C86840F00200C860029800686C
:1085800000210122F9F7B4F9029800680021C4F231
:10859000010188424ED0FFE702980068B0F1804F99
:1085A00048D0FFE70298006840F20041C4F20001A1
:1085B00088423FD0FFE70298006840F60001C4F20D
:1085C0000001884236D0FFE70298006840F600417B
:1085D000C4F2000188422DD0FFE70298006840F203
:1085E0000041C4F20101884224D0FFE702980068EC
:1085F00041F60001C4F2000188421BD0FFE7029857
:10860000006844F20001C4F20101884212D0FFE781
:10861000029800684EF20001C4F20001884209D0BD
:10862000FFE7029800684EF20041C4F20001884260
:1086300019D1FFE70298006880680721C0F20101A4
:1086400008400190019806280CD0FFE70198B0F58A
:10865000803F07D0FFE702980168086840F00100FA
:108660000860FFE706E002980168086840F0010032
:108670000860FFE700208DF80F00FFE79DF80F006E
:1086800004B080BD00BF00BF80B582B001900198EA
:10869000006800221146F9F72BF901980168C868B3
:1086A00020F00200C860FFE701980068006A41F20C
:1086B0001111084210D1FFE701980068006A40F2EA
:1086C0004441084207D1FFE701980168086820F09B
:1086D00001000860FFE7FFE7FFE70199012081F84B
:1086E0003E00019981F83F00019981F84400019909
:1086F00081F84500002002B080BD00BF00BF00BF70
:1087000080B586B004900391ADF80A20049890F8E3
:108710003E008DF80300049890F844008DF80200A4
:108720009DF80300022805D0FFE79DF8020002280B
:1087300004D1FFE702208DF81700CCE09DF803007C
:10874000012819D1FFE79DF80200012814D1FFE7A5
:10875000039820B1FFE7BDF80A0020B9FFE7012028
:108760008DF81700B7E00499022081F83E000499C3
:1087700081F84400FFE703E001208DF81700AAE02C
:10878000FFE70498006800210122F9F7B1F8049886
:10879000416A44F63900C0F60200C8630498416A91
:1087A00044F61110C0F6020008640498416A41F2D0
:1087B000D930C0F60200C86404980168406A3431B8
:1087C000039ABDF80A30ECF757F920B1FFE7012012
:1087D0008DF817007FE004980168C86840F40070C5
:1087E000C860049800680021C4F2010188424ED09C
:1087F000FFE704980068B0F1804F48D0FFE7049885
:10880000006840F20041C4F2000188423FD0FFE717
:108810000498006840F60001C4F20001884236D096
:10882000FFE70498006840F60041C4F20001884266
:108830002DD0FFE70498006840F20041C4F2010126
:10884000884224D0FFE70498006841F60001C4F292
:10885000000188421BD0FFE70498006844F2000141
:10886000C4F20101884212D0FFE7049800684EF27A
:108870000001C4F20001884209D0FFE704980068B3
:108880004EF20041C4F20001884219D1FFE704987A
:10889000006880680721C0F201010840019001983A
:1088A00006280CD0FFE70198B0F5803F07D0FFE71E
:1088B00004980168086840F001000860FFE706E0DE
:1088C00004980168086840F001000860FFE7002094
:1088D0008DF81700FFE79DF8170006B080BD00BFB8
:1088E00080B582B001900198006800221146F8F727
:1088F000FFFF01980168C86820F40070C860019803
:10890000406AEDF7F9F8FFE701980068006A41F264
:108910001111084210D1FFE701980068006A40F287
:108920004441084207D1FFE701980168086820F038
:1089300001000860FFE7FFE7FFE70199012081F8E8
:108940003E00019981F84400002002B080BD00BFC4
:1089500080B58AB008900791079828B9FFE7089872
:1089600090F8440005901CE00798042805D1FFE723
:10897000089890F84500049010E00798082805D161
:10898000FFE7089890F84600039004E0089890F8F4
:1089900047000390FFE703980490FFE704980590D1
:1089A000FFE70598012804D0FFE701208DF8270094
:1089B000ACE0079828B9FFE70899022081F8440045
:1089C0001EE00798042806D1FFE70899022081F8E5
:1089D0004500029012E00798082806D1FFE70899A1
:1089E000022081F84600019005E00899022081F8F4
:1089F00047000190FFE701980290FFE70298FFE728
:108A0000089800680799042200F086F80898016821
:108A1000486C40F400404864089800680021C4F2A3
:108A2000010188424ED0FFE708980068B0F1804FFE
:108A300048D0FFE70898006840F20041C4F2000106
:108A400088423FD0FFE70898006840F60001C4F272
:108A50000001884236D0FFE70898006840F60041E0
:108A6000C4F2000188422DD0FFE70898006840F268
:108A70000041C4F20101884224D0FFE70898006851
:108A800041F60001C4F2000188421BD0FFE70898BC
:108A9000006844F20001C4F20101884212D0FFE7ED
:108AA000089800684EF20001C4F20001884209D023
:108AB000FFE7089800684EF20041C4F200018842C6
:108AC00019D1FFE70898006880680721C0F201010A
:108AD00008400690069806280CD0FFE70698B0F5E7
:108AE000803F07D0FFE708980168086840F0010060
:108AF0000860FFE706E008980168086840F0010098
:108B00000860FFE700208DF82700FFE79DF82700A9
:108B10000AB080BD00BF00BF84B0039002910192F3
:108B2000029800F00F01042088400090009A0399F9
:108B3000086A904308620198029901F00F0100FA57
:108B400001F20399086A1043086204B0704700BF3D
:108B500080B584B0039002910398006802990022C6
:108B6000FFF7DAFFFFE703980068006A41F211118E
:108B7000084210D1FFE703980068006A40F24441C0
:108B8000084207D1FFE703980168486C20F40040D1
:108B90004864FFE7FFE7FFE7FFE703980068006A24
:108BA00041F21111084210D1FFE703980068006AF2
:108BB00040F24441084207D1FFE703980168086882
:108BC00020F001000860FFE7FFE7FFE7029828B9FF
:108BD000FFE70399012081F844001EE00298042871
:108BE00006D1FFE70399012081F84500019012E0CA
:108BF0000298082806D1FFE70399012081F8460072
:108C0000009005E00399012081F847000090FFE7FC
:108C100000980190FFE70198FFE7002004B080BDB5
:108C200080B58CB00A90099100208DF82300099836
:108C300028B9FFE70A9890F8440006901CE00998CC
:108C4000042805D1FFE70A9890F84500059010E048
:108C50000998082805D1FFE70A9890F84600049083
:108C600004E00A9890F847000490FFE70498059004
:108C7000FFE705980690FFE70698012804D0FFE774
:108C800001208DF82F00DFE0099828B9FFE70A9945
:108C9000022081F844001EE00998042806D1FFE76D
:108CA0000A99022081F84500039012E009980828EB
:108CB00006D1FFE70A99022081F84600029005E0FC
:108CC0000A99022081F847000290FFE7029803907A
:108CD000FFE70398FFE70998019040B1FFE701988B
:108CE00004280BD0FFE7019808280ED014E00A985A
:108CF0000168C86840F00200C86011E00A98016885
:108D0000C86840F00400C8600AE00A980168C868B2
:108D100040F00800C86003E001208DF82300FFE761
:108D20009DF82300002840F08A80FFE70A98016838
:108D3000C86840F08000C8600A9800680999042259
:108D4000FFF7EAFE0A980168486C40F40040486466
:108D50000A9800680021C4F2010188424ED0FFE762
:108D60000A980068B0F1804F48D0FFE70A98006881
:108D700040F20041C4F2000188423FD0FFE70A9868
:108D8000006840F60001C4F20001884236D0FFE7D7
:108D90000A98006840F60041C4F2000188422DD0D4
:108DA000FFE70A98006840F20041C4F201018842DE
:108DB00024D0FFE70A98006841F60001C4F20001E0
:108DC00088421BD0FFE70A98006844F20001C4F211
:108DD0000101884212D0FFE70A9800684EF20001B4
:108DE000C4F20001884209D0FFE70A9800684EF2F9
:108DF0000041C4F20001884219D1FFE70A980068D7
:108E000080680721C0F201010840079007980628F2
:108E10000CD0FFE70798B0F5803F07D0FFE70A982E
:108E20000168086840F001000860FFE706E00A9862
:108E30000168086840F001000860FFE7FFE79DF85F
:108E400023008DF82F00FFE79DF82F000CB080BDA8
:108E500080B588B00790069100208DF8170006981D
:108E6000039040B1FFE7039804280BD0FFE7039875
:108E700008280ED014E007980168C86820F00200A6
:108E8000C86011E007980168C86820F00400C86055
:108E90000AE007980168C86820F00800C86003E08D
:108EA00001208DF81700FFE79DF81700002874D106
:108EB000FFE70798006806990022FFF72DFE079844
:108EC0000068006A0490BDF8100040F24441084276
:108ED00007D1FFE707980168C86820F08000C860E4
:108EE000FFE7FFE707980068006A41F211110842A6
:108EF00010D1FFE707980068006A40F24441084239
:108F000007D1FFE707980168486C20F400404864E7
:108F1000FFE7FFE7FFE7FFE707980068006A41F215
:108F20001111084210D1FFE707980068006A40F26B
:108F30004441084207D1FFE707980168086820F01C
:108F400001000860FFE7FFE7FFE7069828B9FFE7A1
:108F50000799012081F844001EE00698042806D1F4
:108F6000FFE70799012081F84500029012E006987A
:108F7000082806D1FFE70799012081F846000190F3
:108F800005E00799012081F847000190FFE701986B
:108F90000290FFE70298FFE7FFE79DF8170008B08F
:108FA00080BD00BF00BF00BF80B590B00E900D9196
:108FB0000C92ADF82E3000208DF82D000D9828B9B8
:108FC000FFE70E9890F8440009901CE00D980428E3
:108FD00005D1FFE70E9890F84500089010E00D9835
:108FE000082805D1FFE70E9890F84600079004E0A6
:108FF0000E9890F847000790FFE707980890FFE762
:1090000008980990FFE70998022804D1FFE7022099
:109010008DF83F0080E10D9828B9FFE70E9890F891
:10902000440006901CE00D98042805D1FFE70E9837
:1090300090F84500059010E00D98082805D1FFE74D
:109040000E9890F84600049004E00E9890F84700BF
:109050000490FFE704980590FFE705980690FFE766
:109060000698012834D1FFE70C9820B1FFE7BDF83E
:109070002E0020B9FFE701208DF83F004CE10D984C
:1090800028B9FFE70E99022081F844001EE00D98F0
:10909000042806D1FFE70E99022081F845000390CD
:1090A00012E00D98082806D1FFE70E99022081F8FA
:1090B0004600029005E00E99022081F847000290D8
:1090C000FFE702980390FFE70398FFE7FFE703E05D
:1090D00001208DF83F001FE1FFE70D98019040B19E
:1090E000FFE7019804282FD0FFE70198082856D001
:1090F00080E00E98416A49F22130C0F60200C86350
:109100000E98416A42F25950C0F6020008640E9867
:10911000416A49F2B930C0F60200C8640E9802688C
:10912000406A0C993432BDF82E30EBF7A5FC20B123
:10913000FFE701208DF83F00EEE00E980168C86857
:1091400040F40070C86059E00E98816A49F22130FD
:10915000C0F60200C8630E98816A42F25950C0F608
:10916000020008640E98816A49F2B930C0F6020024
:10917000C8640E980268806A0C993832BDF82E30A7
:10918000EBF77AFC20B1FFE701208DF83F00C3E048
:109190000E980168C86840F48060C8602EE00E98A0
:1091A000C16A49F22130C0F60200C8630E98C16A54
:1091B00042F25950C0F6020008640E98C16A49F2A2
:1091C000B930C0F60200C8640E980268C06A0C99F3
:1091D0003C32BDF82E30EBF74FFC20B1FFE7012009
:1091E0008DF83F0098E00E980168C86840F4006070
:1091F000C86003E001208DF82D00FFE79DF82D00E9
:10920000002840F08480FFE70E9800680D99042242
:10921000FFF782FC0E980168486C40F400404864F7
:109220000E9800680021C4F2010188424ED0FFE789
:109230000E980068B0F1804F48D0FFE70E980068A4
:1092400040F20041C4F2000188423FD0FFE70E988F
:10925000006840F60001C4F20001884236D0FFE702
:109260000E98006840F60041C4F2000188422DD0FB
:10927000FFE70E98006840F20041C4F20101884205
:1092800024D0FFE70E98006841F60001C4F2000107
:1092900088421BD0FFE70E98006844F20001C4F238
:1092A0000101884212D0FFE70E9800684EF20001DB
:1092B000C4F20001884209D0FFE70E9800684EF220
:1092C0000041C4F20001884219D1FFE70E980068FE
:1092D00080680721C0F2010108400A900A98062818
:1092E0000CD0FFE70A98B0F5803F07D0FFE70E9853
:1092F0000168086840F001000860FFE706E00E988A
:109300000168086840F001000860FFE7FFE79DF88A
:109310002D008DF83F00FFE79DF83F0010B080BDA5
:1093200080B582B001900198806B009001980099FF
:10933000496A88420DD1FFE700990120087701981A
:10934000C06928B9FFE70099012081F84400FFE7D0
:1093500028E001980099896A88420DD1FFE70099B9
:10936000022008770198C06928B9FFE70099012019
:1093700081F84500FFE714E001980099C96A884226
:109380000DD1FFE70099042008770198C06928B93A
:10939000FFE70099012081F84600FFE700E0FFE7C2
:1093A000FFE7FFE70098FCF787FE009900200877A9
:1093B00002B080BD00BF00BF80B582B001900198AF
:1093C000806B009001980099496A884207D1FFE7B5
:1093D000009901200877009981F844001EE0019867
:1093E0000099896A884208D1FFE70099022008772E
:1093F0000099012081F845000FE001980099C96AA1
:10940000884208D1FFE700990420087700990120DD
:1094100081F8460000E0FFE7FFE7FFE70098FEF76E
:109420000FFE00990020087702B080BD00BF00BF8A
:1094300080B586B00590049100208DF80F00049847
:10944000029040B1FFE7029804280FD0FFE702988E
:10945000082816D020E005980168C86820F400703C
:10946000C8600598406AECF747FB19E00598016869
:10947000C86820F48060C8600598806AECF73CFBFF
:109480000EE005980168C86820F40060C86005987F
:10949000C06AECF731FB03E001208DF80F00FFE715
:1094A0009DF80F00002862D1FFE705980068049935
:1094B0000022FFF731FBFFE705980068006A41F2E0
:1094C0001111084210D1FFE705980068006A40F2C8
:1094D0004441084207D1FFE705980168486C20F431
:1094E00000404864FFE7FFE7FFE7FFE705980068F3
:1094F000006A41F21111084210D1FFE70598006897
:10950000006A40F24441084207D1FFE7059801682C
:10951000086820F001000860FFE7FFE7FFE7049814
:1095200028B9FFE70599012081F844001EE004985E
:10953000042806D1FFE70599012081F84500019034
:1095400012E00498082806D1FFE70599012081F868
:109550004600009005E00599012081F84700009041
:10956000FFE700980190FFE70198FFE7FFE79DF80C
:109570000F0006B080BD00BF80B58AB0089007918B
:10958000079828B9FFE7089890F8440005901CE078
:109590000798042805D1FFE7089890F84500049043
:1095A00010E00798082805D1FFE7089890F84600D2
:1095B000039004E0089890F847000390FFE70398B1
:1095C0000490FFE704980590FFE70598012804D070
:1095D000FFE701208DF82700ACE0079828B9FFE7E6
:1095E0000899022081F844001EE00798042806D15B
:1095F000FFE70899022081F84500029012E00798E1
:10960000082806D1FFE70899022081F8460001905A
:1096100005E00899022081F847000190FFE70198D2
:109620000290FFE70298FFE7089800680799042274
:10963000FFF772FA08980168486C40F400404864EB
:10964000089800680021C4F2010188424ED0FFE76B
:1096500008980068B0F1804F48D0FFE7089800688C
:1096600040F20041C4F2000188423FD0FFE7089871
:10967000006840F60001C4F20001884236D0FFE7DE
:109680000898006840F60041C4F2000188422DD0DD
:10969000FFE70898006840F20041C4F201018842E7
:1096A00024D0FFE70898006841F60001C4F20001E9
:1096B00088421BD0FFE70898006844F20001C4F21A
:1096C0000101884212D0FFE7089800684EF20001BD
:1096D000C4F20001884209D0FFE7089800684EF202
:1096E0000041C4F20001884219D1FFE708980068E0
:1096F00080680721C0F201010840069006980628FC
:109700000CD0FFE70698B0F5803F07D0FFE7089838
:109710000168086840F001000860FFE706E008986B
:109720000168086840F001000860FFE700208DF83C
:109730002700FFE79DF827000AB080BD00BF00BFEB
:1097400080B584B0039002910398006802990022CA
:10975000FFF7E2F9FFE703980068006A41F2111190
:10976000084210D1FFE703980068006A40F24441C4
:10977000084207D1FFE703980168486C20F40040D5
:109780004864FFE7FFE7FFE7FFE703980068006A28
:1097900041F21111084210D1FFE703980068006AF6
:1097A00040F24441084207D1FFE703980168086886
:1097B00020F001000860FFE7FFE7FFE7029828B903
:1097C000FFE70399012081F844001EE00298042875
:1097D00006D1FFE70399012081F84500019012E0CE
:1097E0000298082806D1FFE70399012081F8460076
:1097F000009005E00399012081F847000090FFE701
:1098000000980190FFE70198FFE7002004B080BDB9
:1098100080B58CB00A90099100208DF8230009983A
:1098200028B9FFE70A9890F8440006901CE00998D0
:10983000042805D1FFE70A9890F84500059010E04C
:109840000998082805D1FFE70A9890F84600049087
:1098500004E00A9890F847000490FFE70498059008
:10986000FFE705980690FFE70698012804D0FFE778
:1098700001208DF82F00DFE0099828B9FFE70A9949
:10988000022081F844001EE00998042806D1FFE771
:109890000A99022081F84500039012E009980828EF
:1098A00006D1FFE70A99022081F84600029005E000
:1098B0000A99022081F847000290FFE7029803907E
:1098C000FFE70398FFE70998019040B1FFE701988F
:1098D00004280BD0FFE7019808280ED014E00A985E
:1098E0000168C86840F00200C86011E00A98016889
:1098F000C86840F00400C8600AE00A980168C868B7
:1099000040F00800C86003E001208DF82300FFE765
:109910009DF82300002840F08A80FFE70A9801683C
:10992000C86840F08000C8600A980068099904225D
:10993000FFF7F2F80A980168486C40F40040486468
:109940000A9800680021C4F2010188424ED0FFE766
:109950000A980068B0F1804F48D0FFE70A98006885
:1099600040F20041C4F2000188423FD0FFE70A986C
:10997000006840F60001C4F20001884236D0FFE7DB
:109980000A98006840F60041C4F2000188422DD0D8
:10999000FFE70A98006840F20041C4F201018842E2
:1099A00024D0FFE70A98006841F60001C4F20001E4
:1099B00088421BD0FFE70A98006844F20001C4F215
:1099C0000101884212D0FFE70A9800684EF20001B8
:1099D000C4F20001884209D0FFE70A9800684EF2FD
:1099E0000041C4F20001884219D1FFE70A980068DB
:1099F00080680721C0F201010840079007980628F7
:109A00000CD0FFE70798B0F5803F07D0FFE70A9832
:109A10000168086840F001000860FFE706E00A9866
:109A20000168086840F001000860FFE7FFE79DF863
:109A300023008DF82F00FFE79DF82F000CB080BDAC
:109A400080B588B00790069100208DF81700069821
:109A5000039040B1FFE7039804280BD0FFE7039879
:109A600008280ED014E007980168C86820F00200AA
:109A7000C86011E007980168C86820F00400C86059
:109A80000AE007980168C86820F00800C86003E091
:109A900001208DF81700FFE79DF81700002874D10A
:109AA000FFE70798006806990022FFF735F8079846
:109AB0000068006A0490BDF8100040F2444108427A
:109AC00007D1FFE707980168C86820F08000C860E8
:109AD000FFE7FFE707980068006A41F211110842AA
:109AE00010D1FFE707980068006A40F2444108423D
:109AF00007D1FFE707980168486C20F400404864EC
:109B0000FFE7FFE7FFE7FFE707980068006A41F219
:109B10001111084210D1FFE707980068006A40F26F
:109B20004441084207D1FFE707980168086820F020
:109B300001000860FFE7FFE7FFE7069828B9FFE7A5
:109B40000799012081F844001EE00698042806D1F8
:109B5000FFE70799012081F84500029012E006987E
:109B6000082806D1FFE70799012081F846000190F7
:109B700005E00799012081F847000190FFE701986F
:109B80000290FFE70298FFE7FFE79DF8170008B093
:109B900080BD00BF00BF00BF80B590B00E900D919A
:109BA0000C92ADF82E3000208DF82D000D9828B9BC
:109BB000FFE70E9890F8440009901CE00D980428E7
:109BC00005D1FFE70E9890F84500089010E00D9839
:109BD000082805D1FFE70E9890F84600079004E0AA
:109BE0000E9890F847000790FFE707980890FFE766
:109BF00008980990FFE70998022804D1FFE702209E
:109C00008DF83F0080E10D9828B9FFE70E9890F895
:109C1000440006901CE00D98042805D1FFE70E983B
:109C200090F84500059010E00D98082805D1FFE751
:109C30000E9890F84600049004E00E9890F84700C3
:109C40000490FFE704980590FFE705980690FFE76A
:109C50000698012834D1FFE70C9820B1FFE7BDF842
:109C60002E0020B9FFE701208DF83F004CE10D9850
:109C700028B9FFE70E99022081F844001EE00D98F4
:109C8000042806D1FFE70E99022081F845000390D1
:109C900012E00D98082806D1FFE70E99022081F8FE
:109CA0004600029005E00E99022081F847000290DC
:109CB000FFE702980390FFE70398FFE7FFE703E061
:109CC00001208DF83F001FE1FFE70D98019040B1A2
:109CD000FFE7019804282FD0FFE70198082856D005
:109CE00080E00E98416A49F22130C0F60200C86354
:109CF0000E98416A42F25950C0F6020008640E986C
:109D0000416A49F2B930C0F60200C8640E98026890
:109D1000406A0C993432BDF82E30EAF7ADFE20B11E
:109D2000FFE701208DF83F00EEE00E980168C8685B
:109D300040F40070C86059E00E98816A49F2213001
:109D4000C0F60200C8630E98816A42F25950C0F60C
:109D5000020008640E98816A49F2B930C0F6020028
:109D6000C8640E980268806A0C993832BDF82E30AB
:109D7000EAF782FE20B1FFE701208DF83F00C3E043
:109D80000E980168C86840F48060C8602EE00E98A4
:109D9000C16A49F22130C0F60200C8630E98C16A58
:109DA00042F25950C0F6020008640E98C16A49F2A6
:109DB000B930C0F60200C8640E980268C06A0C99F7
:109DC0003C32BDF82E30EAF757FE20B1FFE7012004
:109DD0008DF83F0098E00E980168C86840F4006074
:109DE000C86003E001208DF82D00FFE79DF82D00ED
:109DF000002840F08480FFE70E9800680D99042247
:109E0000FEF78AFE0E980168486C40F400404864F2
:109E10000E9800680021C4F2010188424ED0FFE78D
:109E20000E980068B0F1804F48D0FFE70E980068A8
:109E300040F20041C4F2000188423FD0FFE70E9893
:109E4000006840F60001C4F20001884236D0FFE706
:109E50000E98006840F60041C4F2000188422DD0FF
:109E6000FFE70E98006840F20041C4F20101884209
:109E700024D0FFE70E98006841F60001C4F200010B
:109E800088421BD0FFE70E98006844F20001C4F23C
:109E90000101884212D0FFE70E9800684EF20001DF
:109EA000C4F20001884209D0FFE70E9800684EF224
:109EB0000041C4F20001884219D1FFE70E98006802
:109EC00080680721C0F2010108400A900A9806281C
:109ED0000CD0FFE70A98B0F5803F07D0FFE70E9857
:109EE0000168086840F001000860FFE706E00E988E
:109EF0000168086840F001000860FFE7FFE79DF88F
:109F00002D008DF83F00FFE79DF83F0010B080BDA9
:109F100080B586B00590049100208DF80F0004985C
:109F2000029040B1FFE7029804280FD0FFE70298A3
:109F3000082816D020E005980168C86820F4007051
:109F4000C8600598406AEBF7D7FD19E005980168ED
:109F5000C86820F48060C8600598806AEBF7CCFD83
:109F60000EE005980168C86820F40060C860059894
:109F7000C06AEBF7C1FD03E001208DF80F00FFE799
:109F80009DF80F00002862D1FFE70598006804994A
:109F90000022FEF7C1FDFFE705980068006A41F264
:109FA0001111084210D1FFE705980068006A40F2DD
:109FB0004441084207D1FFE705980168486C20F446
:109FC00000404864FFE7FFE7FFE7FFE70598006808
:109FD000006A41F21111084210D1FFE705980068AC
:109FE000006A40F24441084207D1FFE70598016842
:109FF000086820F001000860FFE7FFE7FFE704982A
:10A0000028B9FFE70599012081F844001EE0049873
:10A01000042806D1FFE70599012081F84500019049
:10A0200012E00498082806D1FFE70599012081F87D
:10A030004600009005E00599012081F84700009056
:10A04000FFE700980190FFE70198FFE7FFE79DF821
:10A050000F0006B080BD00BF80B586B004900391AC
:10A060000398B0FA80F0400980000290049890F8BC
:10A070003E008DF80700049890F83F008DF8060028
:10A08000049890F844008DF80500049890F8450075
:10A090008DF804009DF8070001280FD1FFE79DF817
:10A0A000060001280AD1FFE79DF80500012805D127
:10A0B000FFE79DF80400012804D0FFE701208DF898
:10A0C000170022E00499022081F83E00049981F8EB
:10A0D0003F00049981F84400049981F845000498F0
:10A0E000006803990422FEF717FD0498006802999E
:10A0F0000122F7F7FDFB04980168486C40F400402A
:10A10000486400208DF81700FFE79DF8170006B09F
:10A1100080BD00BF00BF00BF80B584B00390029136
:10A120000298B0FA80F0400980000190039800681E
:10A13000029900220092FEF7EFFC009A0398006853
:10A140000199F7F7D5FBFFE703980068006A41F231
:10A150001111084210D1FFE703980068006A40F22D
:10A160004441084207D1FFE703980168486C20F496
:10A1700000404864FFE7FFE7FFE7FFE70398006858
:10A18000006A41F21111084210D1FFE703980068FC
:10A19000006A40F24441084207D1FFE70398016892
:10A1A000086820F001000860FFE7FFE7FFE7039978
:10A1B000012081F83E00039981F83F00039981F85E
:10A1C0004400039981F84500002004B080BD00BF21
:10A1D00080B586B0049003910398B0FA80F04009EE
:10A1E00080000290049890F83E008DF807000498D3
:10A1F00090F83F008DF80600049890F844008DF820
:10A200000500049890F845008DF804009DF80700BB
:10A2100001280FD1FFE79DF8060001280AD1FFE7CA
:10A220009DF80500012805D1FFE79DF804000128ED
:10A2300004D0FFE701208DF817002EE004990220DA
:10A2400081F83E00049981F83F00049981F84400A8
:10A25000049981F8450004980168C86840F002003C
:10A26000C86004980168C86840F00400C860049899
:10A27000006803990422FEF74FFC049800680299D5
:10A280000122F7F735FB04980168486C40F4004060
:10A29000486400208DF81700FFE79DF8170006B00E
:10A2A00080BD00BF00BF00BF80B584B003900291A5
:10A2B0000298B0FA80F0400980000190039801688C
:10A2C000C86820F00200C86003980168C86820F0E0
:10A2D0000400C86003980068029900220092FEF70B
:10A2E0001BFC009A039800680199F7F701FBFFE750
:10A2F00003980068006A41F21111084210D1FFE78B
:10A3000003980068006A40F24441084207D1FFE721
:10A3100003980168486C20F400404864FFE7FFE7B9
:10A32000FFE7FFE703980068006A41F21111084255
:10A3300010D1FFE703980068006A40F244410842E8
:10A3400007D1FFE703980168086820F00100086062
:10A35000FFE7FFE7FFE70399012081F83E0003993B
:10A3600081F83F00039981F84400039981F8450082
:10A37000002004B080BD00BF84B002900191009223
:10A38000FFE7029890F83C00012804D1FFE7022083
:10A390008DF80F0058E00299012081F83C00FFE79A
:10A3A000FFE70198C0B1FFE70198102814D0FFE73C
:10A3B0000198202810D0FFE7019830280CD0FFE743
:10A3C0000198B0F5001F07D0FFE701981021C0F2F7
:10A3D0002001884210D1FFE70298016888684FF693
:10A3E0008F72CFF6CF7210408860019A0298016890
:10A3F000886810438860FFE702980168486840F069
:10A400000100486002980168486820F00400486034
:10A41000009A0298016848681043486002980168F1
:10A42000C86820F02000C86002980168C86820F45D
:10A430000050C860FFE70299002081F83C00FFE768
:10A4400000208DF80F00FFE79DF80F0004B0704763
:10A4500084B0029001910092FFE7029890F83C00CE
:10A46000012804D1FFE702208DF80F0058E002997F
:10A47000012081F83C00FFE7FFE70198C0B1FFE74A
:10A480000198102814D0FFE70198202810D0FFE78A
:10A49000019830280CD0FFE70198B0F5001F07D0D5
:10A4A000FFE701981021C0F22001884210D1FFE798
:10A4B0000298016888684FF68F72CFF6CF7210400D
:10A4C0008860019A02980168886810438860FFE7F5
:10A4D00002980168486840F00100486002980168ED
:10A4E000486820F004004860009A029801684868B3
:10A4F0001043486002980168C86820F40050C860A2
:10A5000002980168C86840F02000C860FFE702991F
:10A51000002081F83C00FFE700208DF80F00FFE7E6
:10A520009DF80F0004B0704784B002900191009232
:10A53000FFE7029890F83C00012804D1FFE70220D1
:10A540008DF80F006DE00299012081F83C00FFE7D3
:10A55000FFE70198C0B1FFE70198102814D0FFE78A
:10A560000198202810D0FFE7019830280CD0FFE791
:10A570000198B0F5001F07D0FFE701981021C0F245
:10A580002001884210D1FFE70298016888684FF6E1
:10A590008F72CFF6CF7210408860019A02980168DE
:10A5A000886810438860FFE702980168486840F0B7
:10A5B0000100486002980168486820F00400486083
:10A5C000009A029801684868104348600298416BFD
:10A5D0004AF23160C0F60200C8630298416B4AF249
:10A5E0005160C0F6020008640298416B41F2D93014
:10A5F000C0F60200C86402980168C86820F0200014
:10A60000C86002980168C86840F40050C860FFE75D
:10A610000299002081F83C00FFE700208DF80F0030
:10A62000FFE79DF80F0004B0704700BF00BF00BFF8
:10A6300080B582B001900198806B00900099012054
:10A6400081F83D00009800F0B7FB02B080BD00BF6C
:10A6500080B582B001900198806B00900099012034
:10A6600081F83D00009800F0ABFB02B080BD00BF58
:10A6700085B003900291FFE7039890F83C00012811
:10A6800004D1FFE702208DF81300ABE0039901200D
:10A6900081F83C00FFE7FFE70399022081F83D00C5
:10A6A00003980068406801900398006880680090F3
:10A6B000039800680021C4F20101884209D0FFE735
:10A6C0000398006840F20041C4F2010188420AD1B7
:10A6D000FFE7019820F4700001900298416801980A
:10A6E00008430190FFE7019820F070000190029864
:10A6F000016801980843019001980399096848602E
:10A70000039800680021C4F2010188424ED0FFE79F
:10A7100003980068B0F1804F48D0FFE703980068C5
:10A7200040F20041C4F2000188423FD0FFE70398A5
:10A73000006840F60001C4F20001884236D0FFE70D
:10A740000398006840F60041C4F2000188422DD011
:10A75000FFE70398006840F20041C4F2010188421B
:10A7600024D0FFE70398006841F60001C4F200011D
:10A7700088421BD0FFE70398006844F20001C4F24E
:10A780000101884212D0FFE7039800684EF20001F1
:10A79000C4F20001884209D0FFE7039800684EF236
:10A7A0000041C4F2000188420ED1FFE7009820F07A
:10A7B00080000090029881680098084300900098FB
:10A7C000039909688860FFE70399012081F83D003B
:10A7D000FFE70399002081F83C00FFE700208DF897
:10A7E0001300FFE79DF8130005B0704700BF00BFDE
:10A7F00084B00290019100200090FFE7029890F849
:10A800003C00012804D1FFE702208DF80F0082E010
:10A810000299012081F83C00FFE7FFE7009820F053
:10A82000FF000199C96808430090009820F4407027
:10A830000199896808430090009820F4806001998C
:10A84000496808430090009820F400600199096865
:10A8500008430090009820F480500199096908434A
:10A860000090009820F40050019949690843009035
:10A87000009820F480400199096B084300900098EB
:10A8800020F470200199896940EA01400090009805
:10A8900020F080500199C96908430090029800682F
:10A8A0000021C4F20101884209D0FFE70298006844
:10A8B00040F20041C4F2010188421ED1FFE7009836
:10A8C00020F470000199896A40EA015000900098D4
:10A8D00020F080700199096A08430090009820F0E8
:10A8E00000700199496A08430090009820F00050D8
:10A8F0000199C96A08430090FFE700980299096826
:10A900004864FFE70299002081F83C00FFE700203F
:10A910008DF80F00FFE79DF80F0004B0704700BFEF
:10A920008CB00A900991089200208DF81F000898B9
:10A930000068082801D0FFE7FFE7FFE70A9890F8D2
:10A940003C00012804D1FFE702208DF82F00AAE087
:10A950000A99012081F83C00FFE7FFE708980068AA
:10A9600001380146019107282DD80199DFE801F04F
:10A97000040E2B182B2B2B22012005900020039076
:10A980004FF4007004900920029022E0022005900C
:10A99000012003904FF4806004900A20029018E098
:10A9A00004200590022003904FF4006004900B20D7
:10A9B00002900EE04FF48070059008200390002074
:10A9C0000490029005E0002005900490039002900E
:10A9D000FFE709980090012804D0FFE700980228BB
:10A9E00029D051E00A980068006E069005990698F3
:10A9F000884306900898406803998840059901406B
:10AA00000698084306900898006808280ED0FFE7CB
:10AA100004990698884306900898806802998840AF
:10AA200004990140069808430690FFE706980A99A2
:10AA3000096808662CE00A980068406E069005993F
:10AA400006988843069008984068039988400599BD
:10AA500001400698084306900898006808280ED020
:10AA6000FFE7049906988843069008988068029941
:10AA7000884004990140069808430690FFE706982D
:10AA80000A990968486603E001208DF81F00FFE776
:10AA9000FFE70A99002081F83C00FFE79DF81F00BE
:10AAA0008DF82F00FFE79DF82F000CB0704700BF16
:10AAB00083B001900091FFE7019890F83C000128D5
:10AAC00004D1FFE702208DF80B0019E00199012065
:10AAD00081F83C00FFE7FFE701980068006E20F472
:10AAE000703000990843019909680866FFE70199E9
:10AAF000002081F83C00FFE700208DF80B00FFE705
:10AB00009DF80B0003B0704786B004900391029249
:10AB100000208DF80700FFE7049890F83C0001281A
:10AB200004D1FFE702208DF817004EE004990120C0
:10AB300081F83C00FFE7FFE7029800900C2835D829
:10AB40000099DFE801F007333333123333331D3319
:10AB50003333280004980068806E20F00F000399BA
:10AB6000084304990968886624E004980068806EA8
:10AB700020F470600399084304990968886619E015
:10AB800004980068806E20F47020039908430499AB
:10AB9000096888660EE004980068806E20F0706096
:10ABA0000399084304990968886603E001208DF839
:10ABB0000700FFE7FFE70499002081F83C00FFE76A
:10ABC0009DF807008DF81700FFE79DF8170006B005
:10ABD000704700BF00BF00BF83B001900091FFE746
:10ABE000019890F83C00012804D1FFE702208DF87D
:10ABF0000B0023E00199012081F83C00FFE7FFE70B
:10AC00000199022081F83D0001980168886D20F0CB
:10AC100060408865009A01980168886D10438865D6
:10AC20000199012081F83D00FFE70199002081F89A
:10AC30003C00FFE700208DF80B00FFE79DF80B00BC
:10AC400003B0704700BF00BF85B00490039100209F
:10AC50008DF80B0003980090012804D0FFE70098BE
:10AC6000022818D02FE004980068406C01909DF8ED
:10AC70000700C00600280DD5FFE79DF80500000677
:10AC8000002807D4FFE704980168486C40F0806012
:10AC90004864FFE71BE004980068406C01909DF851
:10ACA0000700800600280DD5FFE79DF80500000687
:10ACB000002807D4FFE704980168486C40F0006062
:10ACC0004864FFE703E001208DF80B00FFE79DF8E3
:10ACD0000B0005B0704700BF80B586B004900391AB
:10ACE00000208DF80B0003980090012804D0FFE7A6
:10ACF0000098022828D04FE004980068406CC000FB
:10AD0000002820D5FFE7EEF7C3FB0190FFE704988A
:10AD10000068406C4001002814D5FFE7EEF7B8FB4F
:10AD20000199401A06280CD3FFE704980068406C8C
:10AD30004001002804D5FFE703208DF8170034E018
:10AD4000FFE7E4E7FFE72BE004980068406C800031
:10AD5000002820D5FFE7EEF79BFB0190FFE7049862
:10AD60000068406C0001002814D5FFE7EEF790FB67
:10AD70000199401A06280CD3FFE704980068406C3C
:10AD80000001002804D5FFE703208DF817000CE030
:10AD9000FFE7E4E7FFE703E001208DF80B00FFE7A2
:10ADA0009DF80B008DF81700FFE79DF8170006B01F
:10ADB00080BD00BF00BF00BF81B0009001B07047F0
:10ADC00081B0009001B0704781B0009001B0704731
:10ADD00081B0009001B0704781B00090009890F869
:10ADE0003D0001B0704700BF86B005900491049803
:10ADF00028B9FFE7059890F8440002901CE00498F9
:10AE0000042805D1FFE7059890F84500019010E06F
:10AE10000498082805D1FFE7059890F846000090AF
:10AE200004E0059890F847000090FFE70098019033
:10AE3000FFE701980290FFE702988DF80F009DF858
:10AE40000F0006B07047000080B582B000900098F7
:10AE500020B9FFE701208DF8070046E000988069DF
:10AE600008B1FFE700E0FFE70098D0F8880040B99C
:10AE7000FFE70099002081F884000098D6F78CFC49
:10AE8000FFE700992420C1F888000098016808684D
:10AE900020F0010008600098806A20B1FFE7009868
:10AEA00000F02EF8FFE7009800F0CEF8012804D15A
:10AEB000FFE701208DF8070017E000980168486857
:10AEC00020F49040486000980168886820F02A00CB
:10AED000886000980168086840F0010008600098E8
:10AEE00000F0DAFD8DF80700FFE79DF8070002B0DB
:10AEF00080BD00BF00BF00BF81B0009001B07047AF
:10AF000081B00090009890F82800000700280BD529
:10AF1000FFE700980068406820F40040009A11683C
:10AF2000926B10434860FFE7009890F82800C00734
:10AF300058B1FFE700980068406820F40030009A9C
:10AF40001168D26A10434860FFE7009890F8280023
:10AF5000800700280BD5FFE700980068406820F4C0
:10AF60008030009A1168126B10434860FFE7009828
:10AF700090F82800400700280BD5FFE700980068EC
:10AF8000406820F48020009A1168526B104348609A
:10AF9000FFE7009890F82800C00600280BD5FFE7CF
:10AFA00000980068806820F48050009A1168D26B85
:10AFB00010438860FFE7009890F82800800600287A
:10AFC0000BD5FFE700980068806820F40050009AD5
:10AFD0001168126C10438860FFE7009890F8280011
:10AFE000400600281CD5FFE700980068406820F460
:10AFF0008010009A1168526C104348600098406CB1
:10B00000B0F5801F0BD1FFE700980068406820F47E
:10B01000C000009A1168926C10434860FFE7FFE798
:10B02000009890F82800000600280BD5FFE700984C
:10B030000068406820F40020009A1168D26C104328
:10B040004860FFE701B0704780B59EB01D900020BA
:10B050008DF867001D98006840F60041C5F60001B4
:10B06000884201D1FFE700E0FFE71D9988680B697E
:10B070004A69C9691843104308431C901D98006829
:10B08000006846F6F311CCF6FF7108401C9908439E
:10B090001D99096808601D980068406820F44050B8
:10B0A0001D9A1168D268104348601D9880691C90F1
:10B0B0001D98006840F60041C5F60001884206D0A0
:10B0C000FFE71D98016A1C9808431C90FFE71D9834
:10B0D000006880684FF2FF41C1F2FF1108401C99DF
:10B0E00008431D99096888601D980068C06A20F0AF
:10B0F0000F001D9A1168526A1043C862FFE71D983D
:10B10000006841F20001C4F20101884240F0418030
:10B11000FFE744F25440C5F60200006800F0380032
:10B120000146109128282FD81099DFE801F0152D3D
:10B130002D2D2D2D2D2D192D2D2D2D2D2D2D1D2D63
:10B140002D2D2D2D2D2D212D2D2D2D2D2D2D252D43
:10B150002D2D2D2D2D2D290001208DF86D0017E0AE
:10B1600004208DF86D0013E008208DF86D000FE0CD
:10B1700010208DF86D000BE020208DF86D0007E0A9
:10B1800040208DF86D0003E080208DF86D00FFE712
:10B190006CE21D98006844F20041C4F2000188424C
:10B1A0002ED1FFE744F25440C5F60200006800F0DB
:10B1B000070001460F9105281DD80F99DFE801F01F
:10B1C00003070B0F131700208DF86D0017E0042004
:10B1D0008DF86D0013E008208DF86D000FE0102051
:10B1E0008DF86D000BE020208DF86D0007E0402009
:10B1F0008DF86D0003E080208DF86D00FFE734E2EC
:10B200001D98006844F60001C4F2000188422ED166
:10B21000FFE744F25440C5F60200006800F0070062
:10B2200001460E9105281DD80E99DFE801F00307AD
:10B230000B0F131700208DF86D0017E004208DF818
:10B240006D0013E008208DF86D000FE010208DF8E0
:10B250006D000BE020208DF86D0007E040208DF898
:10B260006D0003E080208DF86D00FFE7FCE11D9884
:10B27000006844F60041C4F2000188422ED1FFE785
:10B2800044F25440C5F60200006800F00700014691
:10B290000D9105281DD80D99DFE801F003070B0F6C
:10B2A000131700208DF86D0017E004208DF86D0055
:10B2B00013E008208DF86D000FE010208DF86D0070
:10B2C0000BE020208DF86D0007E040208DF86D0028
:10B2D00003E080208DF86D00FFE7C4E11D98006851
:10B2E00045F20001C4F2000188422ED1FFE744F28A
:10B2F0005440C5F60200006800F0070001460C91BA
:10B3000005281DD80C99DFE801F003070B0F131770
:10B3100000208DF86D0017E004208DF86D0013E01B
:10B3200008208DF86D000FE010208DF86D000BE007
:10B3300020208DF86D0007E040208DF86D0003E0BF
:10B3400080208DF86D00FFE78CE11D98006841F2C8
:10B350000041C4F20101884240F04180FFE744F21D
:10B360005440C5F60200006800F0380001460B9119
:10B3700028282FD80B99DFE801F0152D2D2D2D2D24
:10B380002D2D192D2D2D2D2D2D2D1D2D2D2D2D2D11
:10B390002D2D212D2D2D2D2D2D2D252D2D2D2D2DF1
:10B3A0002D2D290001208DF86D0017E004208DF867
:10B3B0006D0013E008208DF86D000FE010208DF86F
:10B3C0006D000BE020208DF86D0007E040208DF827
:10B3D0006D0003E080208DF86D00FFE741E11D98CE
:10B3E000006847F60001C4F2000188422ED1FFE751
:10B3F00044F25440C5F60200006800F00700014620
:10B400000A9105281DD80A99DFE801F003070B0F00
:10B41000131700208DF86D0017E004208DF86D00E3
:10B4200013E008208DF86D000FE010208DF86D00FE
:10B430000BE020208DF86D0007E040208DF86D00B6
:10B4400003E080208DF86D00FFE709E11D9800689A
:10B4500047F60041C4F2000188422ED1FFE744F2D2
:10B460005440C5F60200006800F00700014609914B
:10B4700005281DD80999DFE801F003070B0F131702
:10B4800000208DF86D0017E004208DF86D0013E0AA
:10B4900008208DF86D000FE010208DF86D000BE096
:10B4A00020208DF86D0007E040208DF86D0003E04E
:10B4B00080208DF86D00FFE7D1E01D98006841F60F
:10B4C0000001C4F20101884240F04180FFE744F2EC
:10B4D0005440C5F60200006800F0380001460891AB
:10B4E00028282FD80899DFE801F0152D2D2D2D2DB6
:10B4F0002D2D192D2D2D2D2D2D2D1D2D2D2D2D2DA0
:10B500002D2D212D2D2D2D2D2D2D252D2D2D2D2D7F
:10B510002D2D290001208DF86D0017E004208DF8F5
:10B520006D0013E008208DF86D000FE010208DF8FD
:10B530006D000BE020208DF86D0007E040208DF8B5
:10B540006D0003E080208DF86D00FFE786E01D9818
:10B55000006841F60041C4F20101884240F0418098
:10B56000FFE744F25440C5F60200006800F03800DE
:10B570000146079128282FD80799DFE801F0152DFB
:10B580002D2D2D2D2D2D192D2D2D2D2D2D2D1D2D0F
:10B590002D2D2D2D2D2D212D2D2D2D2D2D2D252DEF
:10B5A0002D2D2D2D2D2D290001208DF86D0017E05A
:10B5B00004208DF86D0013E008208DF86D000FE079
:10B5C00010208DF86D000BE020208DF86D0007E055
:10B5D00040208DF86D0003E080208DF86D00FFE7BE
:10B5E0003BE01D98006840F60041C5F60001884226
:10B5F0002ED1FFE744F25840C5F60200006800F083
:10B6000007000146069105281DD80699DFE801F0DC
:10B6100003070B0F131702208DF86D0017E00420AD
:10B620008DF86D0013E008208DF86D000FE01020FC
:10B630008DF86D000BE020208DF86D0007E04020B4
:10B640008DF86D0003E080208DF86D00FFE703E0CA
:10B6500080208DF86D00FFE7FFE7FFE7FFE7FFE7DA
:10B66000FFE7FFE7FFE7FFE7FFE7FFE7FFE71D98DB
:10B67000006840F60041C5F60001884240F0B48001
:10B68000FFE79DF86D0001460591022814D0FFE701
:10B690000598042814D0FFE70598082816D0FFE77E
:10B6A0000598102818D0FFE70598202835D0FFE727
:10B6B0000598402837D03AE0E6F71AFE11903CE0B2
:10B6C00015A8E6F77DFB1698119036E012A8E6F76C
:10B6D000C3FC1398119030E044F20040C5F602001C
:10B6E000006800F020010020B0EB511F0ED0FFE7F2
:10B6F00044F20040C5F602000068C0F3C10149F2FF
:10B700000000C0F2D030C840119005E049F20000BE
:10B71000C0F2D0301190FFE70FE040F60010C0F209
:10B720003D00119009E04FF40040119005E0002029
:10B73000119001208DF86700FFE71198002852D082
:10B74000FFE711981D994A6A49F25041C0F603017A
:10B7500031F81210B0FBF1F0189018981D99496853
:10B7600001EB4101884207D3FFE718981D9949680A
:10B77000B0EB013F04D9FFE701208DF8670031E00D
:10B7800011981D994A6803924A6A49F25041C0F6DD
:10B79000030131F812200023049319460CF02FF90D
:10B7A000039A049B090241EA1061000210EB520067
:10B7B00041F100010CF023F91A901A98B0F5407F7E
:10B7C0000BD3FFE71A990020B0EB115F05D1FFE71B
:10B7D0001A981D990968C86003E001208DF8670078
:10B7E000FFE7FFE7FFE746E11D98C069B0F5004FAE
:10B7F00040F0A880FFE79DF86D00014602914028C7
:10B8000000F263800299DFE801F021256060296081
:10B8100060602F6060606060606035606060606084
:10B820006060606060606060606056606060606022
:10B830006060606060606060606060606060606008
:10B84000606060606060606060605C00E3F748FFBB
:10B85000119040E0E3F758FF11903CE015A8E6F79F
:10B86000AFFA1698119036E012A8E6F7F5FB139898
:10B87000119030E044F20040C5F60200006800F08C
:10B8800020010020B0EB511F0ED0FFE744F2004032
:10B89000C5F602000068C0F3C10149F20000C0F221
:10B8A000D030C840119005E049F20000C0F2D0301D
:10B8B0001190FFE70FE040F60010C0F23D0011903C
:10B8C00009E04FF40040119005E0002011900120A4
:10B8D0008DF86700FFE7119898B3FFE711981D9A5C
:10B8E0005168536A49F25042C0F6030232F81320FD
:10B8F000B0FBF2F0400000EB5100B0FBF1F01A9009
:10B900001A98102818D3FFE7BDF86A00A0B9FFE71E
:10B910001A9820F00F00ADF86E001A9800F00E0192
:10B92000BDF86E0040EA5100ADF86E00BDF86E0043
:10B930001D990968C86003E001208DF86700FFE7E2
:10B94000FFE797E09DF86D0001460191402800F265
:10B9500063800199DFE801F0212560602960606063
:10B960002F60606060606060356060606060606033
:10B9700060606060606060605660606060606060D1
:10B9800060606060606060606060606060606060B7
:10B9900060606060606060605C00E3F7A1FE119031
:10B9A00040E0E3F7B1FE11903CE015A8E6F708FA95
:10B9B0001698119036E012A8E6F74EFB13981190F6
:10B9C00030E044F20040C5F60200006800F02001BB
:10B9D0000020B0EB511F0ED0FFE744F20040C5F647
:10B9E00002000068C0F3C10149F20000C0F2D0308B
:10B9F000C840119005E049F20000C0F2D03011902B
:10BA0000FFE70FE040F60010C0F23D00119009E0A2
:10BA10004FF40040119005E00020119001208DF8B6
:10BA20006700FFE7119820B3FFE711981D9A51684E
:10BA3000536A49F25042C0F6030232F81320B0FBB9
:10BA4000F2F000EB5100B0FBF1F01A901A981028B8
:10BA50000AD3FFE7BDF86A0030B9FFE7BDF8680018
:10BA60001D990968C86003E001208DF86700FFE7B1
:10BA7000FFE7FFE7FFE71D990120A1F86A001D9984
:10BA8000A1F868001D99002048671D9988679DF8F6
:10BA900067001EB080BD00BF80B588B006900699D3
:10BAA0000020C1F89000EDF7F3FC059006980068BF
:10BAB0000068000700282FD5FFE70698059B6A4617
:10BAC0006FF07E4111604FF40011002200F0A4FAE3
:10BAD00008B3FFE7FFE7FFE70698006850E8000FAC
:10BAE00020F080000490FFE704990698026842E87D
:10BAF00000100028F0D1FFE7FFE706992020C1F8E9
:10BB00008800FFE70699002081F88400FFE7032002
:10BB10008DF81F005FE0FFE70698006800684007A7
:10BB2000002842D5FFE70698059B6A466FF07E41E4
:10BB300011604FF48001002200F06EFAA0B3FFE71D
:10BB4000FFE7FFE70698006850E8000F20F49070C8
:10BB50000390FFE703990698026842E80010002866
:10BB6000F0D1FFE7FFE7FFE7FFE70698006850E83E
:10BB7000020F20F001000290FFE702990698026888
:10BB800042E802100028F0D1FFE7FFE706992020E5
:10BB9000C1F88C00FFE70699002081F88400FFE7D8
:10BBA00003208DF81F0016E0FFE706992020C1F85A
:10BBB00088000699C1F88C0006990020C86606998D
:10BBC0000867FFE70699002081F88400FFE700205E
:10BBD0008DF81F00FFE79DF81F0008B080BD00BF73
:10BBE00080B582B00090009820B9FFE701208DF861
:10BBF000070046E00098D0F8880040B9FFE70099B8
:10BC0000002081F884000098D5F7C6FDFFE7009971
:10BC10002420C1F8880000980168086820F001001D
:10BC200008600098806A20B1FFE70098FFF768F984
:10BC3000FFE70098FFF708FA012804D1FFE7012089
:10BC40008DF807001DE000980168486820F49040D6
:10BC5000486000980168886820F022008860009899
:10BC60000168886840F008008860009801680868EA
:10BC700040F0010008600098FFF70EFF8DF8070004
:10BC8000FFE79DF8070002B080BD00BF00BF00BF06
:10BC900080B584B002900191029820B9FFE701209D
:10BCA0008DF80F0062E00298C069B0F5004F04D132
:10BCB000FFE701208DF80F0058E00298806820B15E
:10BCC000FFE701208DF80F0050E00298D0F88800BF
:10BCD00040B9FFE70299002081F884000298D5F767
:10BCE0005BFDFFE702992420C1F8880002980168F3
:10BCF000086820F0010008600298806A20B1FFE720
:10BD00000298FFF7FDF8FFE70298FFF79DF9012879
:10BD100004D1FFE701208DF80F0027E002980168A9
:10BD2000486820F40060486002980168886820F044
:10BD30002A00886002980168486840F480404860A2
:10BD400002980068406820F0200001990843029999
:10BD50000968486002980168086840F001000860BE
:10BD60000298FFF799FE8DF80F00FFE79DF80F008E
:10BD700004B080BD00BF00BF80B584B002908DF8D4
:10BD800007100092029820B9FFE701208DF80F00FC
:10BD90005CE00298D0F8880040B9FFE702990020E3
:10BDA00081F884000298D5F7F7FCFFE70299242078
:10BDB000C1F8880002980168086820F00100086056
:10BDC0000298806A20B1FFE70298FFF799F8FFE731
:10BDD0000298FFF739F9012804D1FFE701208DF817
:10BDE0000F0033E002980168486820F490404860F2
:10BDF00002980168886820F02A0088600098B0F5F1
:10BE0000006F0DD1FFE702980068406820F07F4086
:10BE10009DF8071040EA0160029909684860FFE751
:10BE200002980068006820F40060009908430299B5
:10BE30000968086002980168086840F0010008601D
:10BE40000298FFF729FE8DF80F00FFE79DF80F001D
:10BE500004B080BD00BF00BF80B584B002900298DE
:10BE600020B9FFE701208DF80F002FE00299242070
:10BE7000C1F8880002980168086820F00100086095
:10BE800002980168002001900860029909684860E2
:10BE90000299096888600298D6F716F80198029905
:10BEA000C1F890000299C1F888000299C1F88C008D
:10BEB0000299C86602990867FFE70299002081F895
:10BEC0008400FFE700208DF80F00FFE79DF80F00CA
:10BED00004B080BD00BF00BF81B0009001B07047CA
:10BEE00080B58AB008900791ADF81A20059308989C
:10BEF000D0F88800202840F08780FFE7079820B11D
:10BF0000FFE7BDF81A0020B9FFE701208DF82700F0
:10BF10007EE008990020C1F8900008992120C1F81E
:10BF20008800EDF7B5FA0290BDF81A000899A1F85B
:10BF30005400BDF81A000899A1F8560008988068C6
:10BF4000B0F5805F09D1FFE70898006928B9FFE7DD
:10BF5000002004900798039004E0079804900020C4
:10BF60000390FFE7FFE70898B0F8560088B3FFE7B3
:10BF70000898029B05996A4611608021002200F012
:10BF80004BF840B1FFE708992020C1F88800032052
:10BF90008DF827003CE0049858B9FFE70398008823
:10BFA0006FF35F2008990968886203980230039054
:10BFB00008E00498007808990968886204980130BC
:10BFC0000490FFE70899B1F856000138A1F856002F
:10BFD000C9E70898029B05996A4611604021002232
:10BFE00000F01AF840B1FFE708992020C1F8880056
:10BFF00003208DF827000BE008992020C1F8880065
:10C0000000208DF8270003E002208DF82700FFE7CD
:10C010009DF827000AB080BD80B586B0DDF820C04D
:10C02000049003918DF80B200193FFE704980068BA
:10C03000C06903990840401AB0FA80F040099DF8A1
:10C040000B10884266D1FFE708980130002860D0C5
:10C05000FFE7EDF71DFA0199401A0899884203D8C5
:10C06000FFE7089820B9FFE703208DF8170055E097
:10C070000498006800684007002849D5FFE7039846
:10C08000802845D0FFE70398402841D0FFE7049877
:10C090000068C06900F008010120B0EBD10F16D193
:10C0A000FFE704980168082000900862049801F0F6
:10C0B00007F800980499C1F89000FFE70499002060
:10C0C00081F88400FFE701208DF8170026E004982E
:10C0D0000068C06900F400610120B0EBD12F16D1D7
:10C0E000FFE7049801684FF400600862049800F0CC
:10C0F000E7FF04992020C1F89000FFE70499002091
:10C1000081F88400FFE703208DF8170006E0FFE7C1
:10C11000FFE78BE700208DF81700FFE79DF8170079
:10C1200006B080BD00BF00BF80B58AB008900791FF
:10C13000ADF81A2005930898D0F88C00202840F01C
:10C14000C680FFE7079820B1FFE7BDF81A0020B9C5
:10C15000FFE701208DF82700BDE008990020C1F815
:10C160009000089A2221C2F88C100899C866EDF751
:10C170008FF90190BDF81A000899A1F85C00BDF88C
:10C180001A000899A1F85E00FFE708988068B0F5EA
:10C19000805F10D1FFE70898006930B9FFE7089980
:10C1A00040F2FF10A1F8600004E00899FF20A1F818
:10C1B0006000FFE72EE00898806878B9FFE70898EC
:10C1C000006928B9FFE70899FF20A1F8600004E0A2
:10C1D00008997F20A1F86000FFE71AE008988068BE
:10C1E000B0F1805F0FD1FFE70898006928B9FFE739
:10C1F00008997F20A1F8600004E008993F20A1F889
:10C200006000FFE704E008990020A1F86000FFE764
:10C21000FFE7FFE7FFE70898B0F86000ADF80A0015
:10C2200008988068B0F5805F09D1FFE70898006939
:10C2300028B9FFE7002004900798039004E00798CE
:10C24000049000200390FFE7FFE70898B0F85E0035
:10C25000A8B3FFE70898019B05996A461160202161
:10C260000022FFF7D9FE40B1FFE708992020C1F86E
:10C270008C0003208DF827002DE0049860B9FFE7BB
:10C2800008980068406ABDF80A10084003990880C1
:10C290000398023003900BE008980068406A9DF80C
:10C2A0000A10084004990870049801300490FFE7D0
:10C2B0000899B1F85E000138A1F85E00C5E7089959
:10C2C0002020C1F88C0000208DF8270003E0022018
:10C2D0008DF82700FFE79DF827000AB080BD00BF5A
:10C2E00086B004900391ADF80A200498D0F8880035
:10C2F000202840F08580FFE7039820B1FFE7BDF8D4
:10C300000A0020B9FFE701208DF817007CE00398B0
:10C3100004990865BDF80A000499A1F85400BDF815
:10C320000A000499A1F8560004990020886704992E
:10C33000C1F8900004992120C1F888000498406E4B
:10C34000B0F1005F2CD1FFE704988068B0F5805F02
:10C350000BD1FFE70498006938B9FFE704994CF264
:10C360001140C0F60200886706E004994CF2E140F3
:10C37000C0F602008867FFE7FFE7FFE70498006860
:10C3800050E8020F40F400000190FFE70199049883
:10C39000026842E802100028F0D1FFE7FFE72BE037
:10C3A00004988068B0F5805F0BD1FFE704980069BE
:10C3B00038B9FFE704994CF2A950C0F6020088672B
:10C3C00006E004994CF24160C0F602008867FFE77E
:10C3D000FFE7FFE70498006850E8000F40F0800096
:10C3E0000090FFE700990498026842E800100028D6
:10C3F000F0D1FFE7FFE7FFE700208DF8170003E02B
:10C4000002208DF81700FFE79DF8170006B070476F
:10C4100085B004900498D0F8880021285DD1FFE70A
:10C420000498B0F86A00ADF80A00FFE7BDF80A000A
:10C43000002851D0FFE70498B0F8560038BBFFE75A
:10C44000FFE7FFE70498006850E8020F20F40000BF
:10C450000190FFE701990498026842E80210002861
:10C46000F0D1FFE7FFE7FFE7FFE70498006850E837
:10C47000000F40F040000090FFE700990498026828
:10C4800042E800100028F0D1FFE7FFE724E004981D
:10C490000068C0690006002815D5FFE70498006D04
:10C4A0000390039800886FF35F20049909688862FD
:10C4B0000499086D023008650499B1F856000138F6
:10C4C000A1F8560000E0FFE7FFE7FFE7BDF80A002C
:10C4D0000138ADF80A00A9E7FFE705B0704700BFD3
:10C4E00084B003900398D0F88800212858D1FFE742
:10C4F0000398B0F86A00ADF80A00FFE7BDF80A003B
:10C5000000284CD0FFE70398B0F8560038BBFFE78F
:10C51000FFE7FFE70398006850E8020F20F40000EF
:10C520000190FFE701990398026842E80210002891
:10C53000F0D1FFE7FFE7FFE7FFE70398006850E867
:10C54000000F40F040000090FFE700990398026858
:10C5500042E800100028F0D1FFE7FFE71FE0039852
:10C560000068C0690006002810D5FFE7039801683D
:10C57000006D007888620399086D013008650399A1
:10C58000B1F856000138A1F8560000E0FFE7FFE7D8
:10C59000FFE7BDF80A000138ADF80A00AEE7FFE793
:10C5A00004B0704700BF00BF84B003900398D0F878
:10C5B0008800212842D1FFE70398B0F8560038BB25
:10C5C000FFE7FFE7FFE70398006850E8000F20F05F
:10C5D00080000190FFE701990398026842E800108B
:10C5E0000028F0D1FFE7FFE7FFE7FFE703980068C7
:10C5F00050E8000F40F040000090FFE700990398DA
:10C60000026842E800100028F0D1FFE7FFE714E0DD
:10C610000398006D0290029800886FF35F200399E1
:10C62000096888620399086D023008650399B1F8BA
:10C6300056000138A1F85600FFE7FFE704B0704745
:10C6400083B002900298D0F8880021283DD1FFE7FE
:10C650000298B0F8560038BBFFE7FFE7FFE7029803
:10C66000006850E8000F20F080000190FFE701997A
:10C670000298026842E800100028F0D1FFE7FFE7C7
:10C68000FFE7FFE70298006850E8000F40F0400025
:10C690000090FFE700990298026842E80010002825
:10C6A000F0D1FFE7FFE70FE002980168006D007826
:10C6B00088620299086D013008650299B1F8560048
:10C6C0000138A1F85600FFE7FFE703B0704700BF4D
:10C6D00080B586B004900391ADF80A200498D0F894
:10C6E0008C0020283CD1FFE7039820B1FFE7BDF87C
:10C6F0000A0020B9FFE701208DF8170034E0049903
:10C700000020C8660498006840F60041C5F60001A4
:10C7100088421CD0FFE704980068406800020028A7
:10C7200014D5FFE7FFE7FFE70498006850E8000F23
:10C7300040F080600190FFE701990498026842E8A8
:10C7400000100028F0D1FFE7FFE7FFE7FFE70498BC
:10C750000399BDF80A2000F00BF88DF8170003E0EC
:10C7600002208DF81700FFE79DF8170006B080BD86
:10C7700088B007900691ADF816200698079988654D
:10C78000BDF816000799A1F85C00BDF816000799DE
:10C79000A1F85E00079900204867FFE707988068C6
:10C7A000B0F5805F10D1FFE70798006930B9FFE767
:10C7B000079940F2FF10A1F8600004E00799FF20FC
:10C7C000A1F86000FFE72EE00798806878B9FFE7DE
:10C7D0000798006928B9FFE70799FF20A1F86000D2
:10C7E00004E007997F20A1F86000FFE71AE00798AE
:10C7F0008068B0F1805F0FD1FFE70798006928B922
:10C80000FFE707997F20A1F8600004E007993F2027
:10C81000A1F86000FFE704E007990020A1F860009C
:10C82000FFE7FFE7FFE7FFE707990020C1F8900067
:10C8300007992220C1F88C00FFE7FFE707980068FE
:10C8400050E8020F40F001000490FFE704990798B8
:10C85000026842E802100028F0D1FFE7FFE70798DE
:10C86000406EB0F1005F4CD1FFE7BDF816000799AC
:10C87000B1F86810884244DBFFE707988068B0F59C
:10C88000805F0BD1FFE70798006938B9FFE7079988
:10C890004EF25170C0F60200486706E007994EF666
:10C8A0005920C0F602004867FFE707980069A0B169
:10C8B000FFE7FFE7FFE70798006850E8000F40F444
:10C8C00080700390FFE703990798026842E8001020
:10C8D0000028F0D1FFE7FFE7FFE7FFE7FFE7079852
:10C8E000006850E8020F40F080500290FFE7029984
:10C8F0000798026842E802100028F0D1FFE7FFE73E
:10C9000044E007988068B0F5805F0BD1FFE7079897
:10C91000006938B9FFE707994EF66150C0F602008A
:10C92000486706E007994EF6E960C0F602004867DE
:10C93000FFE707980069A0B1FFE7FFE7FFE7079867
:10C94000006850E8000F40F490700190FFE70199F3
:10C950000798026842E800100028F0D1FFE7FFE7DF
:10C9600013E0FFE7FFE70798006850E8000F40F08A
:10C9700020000090FFE700990798026842E8001045
:10C980000028F0D1FFE7FFE7FFE7FFE7002008B04E
:10C99000704700BF00BF00BF80B586B00490039110
:10C9A000ADF80A200498D0F88800202870D1FFE75D
:10C9B000039820B1FFE7BDF80A0020B9FFE7012086
:10C9C0008DF8170068E0039804990865BDF80A001F
:10C9D0000499A1F85400BDF80A000499A1F8560082
:10C9E00004990020C1F8900004992120C1F8880022
:10C9F0000498C06F88B3FFE70498C16F4CF6A1207C
:10CA0000C0F60200C8630498C16F4CF62130C0F62E
:10CA1000020008640498C16F4CF63930C0F6020079
:10CA2000C8640498C16F0020086504980268016D0D
:10CA3000C06F2832BDF80A30E8F71EF860B1FFE792
:10CA400004991020C1F8900004992020C1F88800B2
:10CA500001208DF817001FE0FFE7049801684020CF
:10CA60000862FFE7FFE70498006850E8020F40F013
:10CA700080000190FFE701990498026842E80210E3
:10CA80000028F0D1FFE7FFE700208DF8170003E052
:10CA900002208DF81700FFE79DF8170006B080BD53
:10CAA00080B584B003900398806B02900398C069AE
:10CAB000B0F5807F2BD0FFE702990020A1F8560047
:10CAC000FFE7FFE70298006850E8020F20F08000BF
:10CAD0000190FFE701990298026842E802100028DD
:10CAE000F0D1FFE7FFE7FFE7FFE70298006850E8B3
:10CAF000000F40F040000090FFE7009902980268A4
:10CB000042E800100028F0D1FFE7FFE703E00298B9
:10CB100001F0F6FBFFE704B080BD00BF00BF00BF1F
:10CB200080B582B001900198806B0090009801F070
:10CB3000EBFB02B080BD00BF80B584B003900398CA
:10CB4000806B02900298D0F8880001900298D0F88B
:10CB50008C000090029800688068000600280CD5C0
:10CB6000FFE70198212808D1FFE702990020A1F8EA
:10CB70005600029800F074FAFFE702980068806897
:10CB8000400600280CD5FFE70098222808D1FFE7CF
:10CB900002990020A1F85E00029800F091FAFFE7E8
:10CBA0000299D1F8900040F01000C1F8900002986E
:10CBB00001F076FB04B080BD80B586B0049003918F
:10CBC000ADF80A200498D0F88C0020283CD1FFE76B
:10CBD000039820B1FFE7BDF80A0020B9FFE7012064
:10CBE0008DF8170034E004990020C86604980068A6
:10CBF00040F60041C5F6000188421CD0FFE70498CA
:10CC0000006840680002002814D5FFE7FFE7FFE74F
:10CC10000498006850E8000F40F080600190FFE742
:10CC200001990498026842E800100028F0D1FFE75B
:10CC3000FFE7FFE7FFE704980399BDF80A2000F03B
:10CC40000BF88DF8170003E002208DF81700FFE7BE
:10CC50009DF8170006B080BD80B588B0069005919C
:10CC6000ADF81220059806998865BDF8120006995E
:10CC7000A1F85C0006990020C1F8900006992220D6
:10CC8000C1F88C000698D0F88000B0B3FFE7069892
:10CC9000D0F880104FF26900C0F60200C863069811
:10CCA000D0F880104FF26110C0F6020008640698B8
:10CCB000D0F880104CF63930C0F60200C8640698EF
:10CCC000D0F880100020086506980168826DD0F8C1
:10CCD00080002431BDF81230E7F7CEFE60B1FFE7E7
:10CCE00006991020C1F8900006992020C1F88C0008
:10CCF00001208DF81F0042E0FFE706980069A0B10F
:10CD0000FFE7FFE7FFE70698006850E8000F40F4F0
:10CD100080700390FFE703990698026842E80010CC
:10CD20000028F0D1FFE7FFE7FFE7FFE7FFE70698FE
:10CD3000006850E8020F40F001000290FFE70299FE
:10CD40000698026842E802100028F0D1FFE7FFE7EA
:10CD5000FFE7FFE70698006850E8020F40F0400048
:10CD60000190FFE701990698026842E80210002846
:10CD7000F0D1FFE7FFE700208DF81F00FFE79DF8E7
:10CD80001F0008B080BD00BF87B006900698D0F89D
:10CD9000880005900698D0F88C00049006980068EA
:10CDA00080680006002818D5FFE70598212814D1CF
:10CDB000FFE7FFE7FFE70698006850E8020F20F062
:10CDC00080000390FFE703990698026842E802108A
:10CDD0000028F0D1FFE7FFE7FFE7069800688068CA
:10CDE000400600283ED5FFE7049822283AD1FFE705
:10CDF000FFE7FFE70698006850E8000F20F4807016
:10CE00000290FFE702990698026842E800100028A5
:10CE1000F0D1FFE7FFE7FFE7FFE70698006850E87B
:10CE2000020F20F001000190FFE7019906980268C7
:10CE300042E802100028F0D1FFE7FFE7FFE7FFE735
:10CE40000698006850E8020F20F040000090FFE7CD
:10CE500000990698026842E802100028F0D1FFE726
:10CE6000FFE7FFE7002007B0704700BF00BF00BF2B
:10CE700085B004900498D0F88800212814D1FFE7E9
:10CE8000FFE7FFE70498006850E8020F40F08000D9
:10CE90000390FFE703990498026842E80210002813
:10CEA000F0D1FFE7FFE7FFE70498D0F88C002228D5
:10CEB00043D1FFE7049801680820086204980069DC
:10CEC000A0B1FFE7FFE7FFE70498006850E8000F14
:10CED00040F480700290FFE702990498026842E8EB
:10CEE00000100028F0D1FFE7FFE7FFE7FFE7FFE7CB
:10CEF0000498006850E8020F40F001000190FFE73D
:10CF000001990498026842E802100028F0D1FFE776
:10CF1000FFE7FFE7FFE70498006850E8020F40F0E2
:10CF200040000090FFE700990498026842E8021070
:10CF30000028F0D1FFE7FFE7FFE7002005B07047CA
:10CF400080B586B004900498D0F8880003900498C7
:10CF5000D0F88C00029004980068806800060028D1
:10CF600036D5FFE70398212832D1FFE7FFE7FFE737
:10CF70000498006850E8020F20F080000190FFE75D
:10CF800001990498026842E802100028F0D1FFE7F6
:10CF9000FFE70498C06FB8B1FFE70498C06FE8F7E7
:10CFA000EFF880B1FFE70498C06FEBF719F820287D
:10CFB00008D1FFE704991020C1F8900003208DF8F4
:10CFC000170049E0FFE7FFE7049800F049F8FFE7A2
:10CFD0000498006880684006002839D5FFE7029869
:10CFE000222835D1FFE7FFE7FFE70498006850E803
:10CFF000020F20F040000090FFE7009904980268BB
:10D0000042E802100028F0D1FFE7FFE70498D0F8CB
:10D010008000C8B1FFE70498D0F88000E8F7B0F8C6
:10D0200088B1FFE70498D0F88000EAF7D9FF2028FC
:10D0300008D1FFE704991020C1F8900003208DF873
:10D04000170009E0FFE7FFE7049800F039F8FFE771
:10D0500000208DF81700FFE79DF8170006B080BD8F
:10D0600083B00290FFE7FFE70298006850E8000FE6
:10D0700020F0C0000190FFE701990298026842E8A1
:10D0800000100028F0D1FFE7FFE7FFE7FFE7029875
:10D09000006850E8020F20F400000090FFE70099BC
:10D0A0000298026842E802100028F0D1FFE7FFE78B
:10D0B00002992020C1F8880003B0704700BF00BF6C
:10D0C00084B00390FFE7FFE70398006850E8000F83
:10D0D00020F490700290FFE702990398026842E8FA
:10D0E00000100028F0D1FFE7FFE7FFE7FFE7039814
:10D0F000006850E8020F4FF6FE71CEF6FF7108404F
:10D100000190FFE701990398026842E802100028A5
:10D11000EDD1FFE7FFE70398C06E012814D1FFE7C8
:10D12000FFE7FFE70398006850E8000F20F01000C9
:10D130000090FFE700990398026842E80010002879
:10D14000F0D1FFE7FFE7FFE703992020C1F88C004B
:10D1500003990020C8660399486704B0704700BF70
:10D1600080B588B00690FFE7FFE70698006850E8B2
:10D17000000F20F4F0700590FFE70599069802680B
:10D1800042E800100028F0D1FFE7FFE7FFE7FFE7E4
:10D190000698006850E8020F4FF6FE71CEF67F71D8
:10D1A00008400490FFE704990698026842E80210DC
:10D1B0000028EDD1FFE7FFE70698C06E012814D1E3
:10D1C000FFE7FFE7FFE70698006850E8000F20F050
:10D1D00010000390FFE703990698026842E80010E8
:10D1E0000028F0D1FFE7FFE7FFE7069800688068B6
:10D1F0000006002833D5FFE7FFE7FFE70698006841
:10D2000050E8020F20F080000290FFE70299069894
:10D21000026842E802100028F0D1FFE7FFE7069815
:10D22000C06FD8B1FFE70698C16F00200865069867
:10D23000C06FE7F7A5FF80B1FFE70698C06FEAF778
:10D24000CFFE202808D1FFE706991020C1F89000F2
:10D2500003208DF81F006EE0FFE7FFE7FFE7069869
:10D26000006880684006002837D5FFE7FFE7FFE742
:10D270000698006850E8020F20F040000190FFE798
:10D2800001990698026842E802100028F0D1FFE7F1
:10D29000FFE70698D0F88000F0B1FFE70698D0F8D5
:10D2A0008010002008650698D0F88000E7F768FF36
:10D2B00088B1FFE70698D0F88000EAF791FE2028B1
:10D2C00008D1FFE706991020C1F8900003208DF8DF
:10D2D0001F0030E0FFE7FFE7FFE706990020A1F815
:10D2E00056000699A1F85E00069801680F200862B2
:10D2F0000698406EB0F1005F07D1FFE7069801681D
:10D30000886940F010008861FFE706980168886925
:10D3100040F00800886106992020C1F8880006992D
:10D32000C1F88C0006990020C8660699C1F89000E3
:10D330008DF81F00FFE79DF81F0008B080BD00BFFB
:10D3400080B586B00490FFE7FFE70498006850E8D6
:10D35000000F20F0C0000390FFE7039904980268D3
:10D3600042E800100028F0D1FFE7FFE7FFE7FFE702
:10D370000498006850E8020F20F400000290FFE7D4
:10D3800002990498026842E802100028F0D1FFE7F1
:10D39000FFE70498006880680006002833D5FFE79F
:10D3A000FFE7FFE70498006850E8020F20F08000D4
:10D3B0000190FFE701990498026842E802100028F2
:10D3C000F0D1FFE7FFE70498C06FD8B1FFE70498FA
:10D3D000C16F002008650498C06FE7F7D1FE80B1E7
:10D3E000FFE70498C06FEAF7FBFD202808D1FFE7AC
:10D3F00004991020C1F8900003208DF817001BE05D
:10D40000FFE7FFE7FFE704990020A1F85600049822
:10D41000406EB0F1005F07D1FFE7049801688869AA
:10D4200040F010008861FFE704992020C1F88800CF
:10D4300000208DF81700FFE79DF8170006B080BDAB
:10D4400080B586B00490FFE7FFE70498006850E8D5
:10D45000000F20F490700390FFE70399049802688E
:10D4600042E800100028F0D1FFE7FFE7FFE7FFE701
:10D470000498006850E8020F4FF6FE71CEF6FF7177
:10D4800008400290FFE702990498026842E80210FF
:10D490000028EDD1FFE7FFE70498C06E012814D102
:10D4A000FFE7FFE7FFE70498006850E8000F20F06F
:10D4B00010000190FFE701990498026842E800100B
:10D4C0000028F0D1FFE7FFE7FFE7049800688068D5
:10D4D0004006002837D5FFE7FFE7FFE7049800681C
:10D4E00050E8020F20F040000090FFE700990498F8
:10D4F000026842E802100028F0D1FFE7FFE7049835
:10D50000D0F88000F0B1FFE70498D0F88010002038
:10D5100008650498D0F88000E7F732FE88B1FFE78D
:10D520000498D0F88000EAF75BFD202808D1FFE7D7
:10D5300004991020C1F8900003208DF8170019E01D
:10D54000FFE7FFE7FFE704990020A1F85E000499D8
:10D550000A680F21116204990A68916941F0080173
:10D560009161049A2021C2F88C100499C8668DF844
:10D570001700FFE79DF8170006B080BD00BF00BF91
:10D5800080B588B0079001200690FFE7FFE7079875
:10D59000006850E8000F20F4F0700590FFE705994F
:10D5A0000798026842E800100028F0D1FFE7FFE783
:10D5B000FFE7FFE70798006850E8020F4FF6FE719B
:10D5C000CEF67F7108400490FFE70499079802683F
:10D5D00042E802100028EDD1FFE7FFE70798C06E90
:10D5E000012814D1FFE7FFE7FFE70798006850E83C
:10D5F000000F20F010000390FFE7039907980268DE
:10D6000042E800100028F0D1FFE7FFE7FFE70798A6
:10D61000C06FA8B1FFE7079800688068000600287F
:10D6200008D5FFE70798C16F4DF2B170C0F6020050
:10D63000086504E00798C16F00200865FFE7FFE771
:10D640000798D0F88000B8B1FFE7079800688068B5
:10D650004006002809D5FFE70798D0F880104DF65E
:10D660003900C0F60200086505E00798D0F8801080
:10D6700000200865FFE7FFE707980068806800065C
:10D68000002827D5FFE7FFE7FFE70798006850E885
:10D69000020F20F080000290FFE7029907980268CD
:10D6A00042E802100028F0D1FFE7FFE70798C06FBB
:10D6B00078B1FFE70798C06FE8F71EFA28B1FFE7D7
:10D6C0000798C16F0020086502E000200690FFE780
:10D6D000FFE7FFE7079800688068400600282CD520
:10D6E000FFE7FFE7FFE70798006850E8020F20F028
:10D6F00040000190FFE701990798026842E8021094
:10D700000028F0D1FFE7FFE70798D0F8800098B134
:10D71000FFE70798D0F88000E8F7EEF940B1FFE79F
:10D720000798D0F88010002008650120069002E0DC
:10D7300000200690FFE7FFE7FFE70698012833D1B6
:10D74000FFE707990020A1F856000799A1F85E00AD
:10D7500007994867079988670799C1F89000079863
:10D7600001680F2008620798406EB0F1005F07D192
:10D77000FFE707980168886940F010008861FFE7BB
:10D7800007980168886940F008008861079920209F
:10D79000C1F888000799C1F88C0007990020C86675
:10D7A000079800F085F8FFE7002008B080BD00BFB3
:10D7B00080B582B001900198806B00900098C16F95
:10D7C000002008650098D0F8800040B1FFE700987D
:10D7D000D0F88000006D08B1FFE729E0FFE700996D
:10D7E0000020A1F856000099A1F85E000099C1F848
:10D7F0009000009801680F2008620098406EB0F118
:10D80000005F07D1FFE700980168886940F01000C9
:10D810008861FFE700992020C1F888000099C1F8CD
:10D820008C0000990020C866009800F041F8FFE7DE
:10D8300002B080BD00BF00BF80B582B001900198EA
:10D84000806B00900098D0F8801000200865009848
:10D85000C06F38B1FFE70098C06F006D08B1FFE7F7
:10D8600021E0FFE700990020A1F856000099A1F8F7
:10D870005E000099C1F8900000990A680F211162BA
:10D8800000990A68916941F008019161009A20218C
:10D89000C2F88810009AC2F88C100099C8660098E7
:10D8A00000F006F8FFE702B080BD00BF00BF00BF78
:10D8B00081B0009001B0704780B584B00390FFE75D
:10D8C000FFE70398006850E8000F20F0C0000290C6
:10D8D000FFE702990398026842E800100028F0D19F
:10D8E000FFE7FFE7FFE7FFE70398006850E8020F54
:10D8F00020F400000190FFE701990398026842E8D4
:10D9000002100028F0D1FFE7FFE703980068806865
:10D910000006002839D5FFE7FFE7FFE70398006816
:10D9200050E8020F20F080000090FFE70099039874
:10D93000026842E802100028F0D1FFE7FFE70398F1
:10D94000C06F98B1FFE70398C16F4DF6C910C0F6DC
:10D95000020008650398C06FE8F7CEF828B1FFE72A
:10D960000398C06F016D8847FFE70DE00399002021
:10D97000A1F856000399886703992020C1F8880010
:10D98000039800F041F8FFE71AE003990020A1F89E
:10D990005600039988670398406EB0F1005F07D185
:10D9A000FFE703980168886940F010008861FFE78D
:10D9B00003992020C1F88800039800F025F8FFE7BC
:10D9C000002004B080BD00BF80B582B001900198F6
:10D9D000806B009000990020A1F856000098406EDE
:10D9E000B0F1005F07D1FFE700980168886940F057
:10D9F00010008861FFE700992020C1F88800009896
:10DA000000F002F802B080BD81B0009001B0704714
:10DA100080B586B00590FFE7FFE70598006850E8FD
:10DA2000000F20F490700490FFE7049905980268B5
:10DA300042E800100028F0D1FFE7FFE7FFE7FFE72B
:10DA40000598006850E8020F4FF6FE71CEF6FF71A0
:10DA500008400390FFE703990598026842E8021026
:10DA60000028EDD1FFE7FFE70598C06E012814D12B
:10DA7000FFE7FFE7FFE70598006850E8000F20F098
:10DA800010000290FFE702990598026842E8001032
:10DA90000028F0D1FFE7FFE7FFE7059800688068FE
:10DAA0004006002849D5FFE7FFE7FFE70598006833
:10DAB00050E8020F20F040000190FFE7019905981F
:10DAC000026842E802100028F0D1FFE7FFE705985E
:10DAD000D0F88000B0B1FFE70598D0F880104DF67F
:10DAE0006930C0F6020008650598D0F88000E8F7B4
:10DAF00003F830B1FFE70598D0F88000016D884742
:10DB0000FFE719E005990020A1F85E0005998865F6
:10DB100005990A680F21116205990A68916941F017
:10DB200008019161059A2021C2F88C100599C866F8
:10DB3000059800F039F8FFE713E005990020A1F8F7
:10DB40005E000599886505990A680F211162059A9A
:10DB50002021C2F88C100599C866059800F024F8B9
:10DB6000FFE7002006B080BD80B582B0019001982B
:10DB7000806B009000990020A1F85E0000990A686F
:10DB80000F21116200990A68916941F008019161C1
:10DB9000009A2021C2F88C100099C866009800F005
:10DBA00003F802B080BD00BF81B0009001B07047A3
:10DBB00080B592B0119011980068C06910901198CA
:10DBC000006800680F901198006880680E901098A7
:10DBD00040F60F0108400D900D98E0B9FFE79DF861
:10DBE00040008006002815D5FFE79DF83C00800620
:10DBF000002806D4FFE79DF83B00C006002809D5A1
:10DC0000FFE71198406F20B1FFE71198416F8847F7
:10DC1000FFE72FE3FFE70D98002800F00C81FFE7F6
:10DC20000E980121C1F20001084209D1FFE70F98C7
:10DC300040F22011C0F20041084200F0FC80FFE7F2
:10DC40009DF84000C00788B1FFE79DF83D00C00780
:10DC500060B1FFE711980168012008621199D1F8BD
:10DC6000900040F00100C1F89000FFE79DF84000EF
:10DC70008007002811D5FFE79DF83800C00760B184
:10DC8000FFE711980168022008621199D1F890000D
:10DC900040F00400C1F89000FFE79DF84000400705
:10DCA000002811D5FFE79DF83800C00760B1FFE7F5
:10DCB00011980168042008621199D1F8900040F091
:10DCC0000200C1F89000FFE79DF84000000700281F
:10DCD00019D5FFE79DF83C008006002807D4FFE730
:10DCE0000E980121C1F2000108420CD0FFE7119803
:10DCF0000168082008621199D1F8900040F00800EE
:10DD0000C1F89000FFE79DF841000007002813D5F7
:10DD1000FFE79DF83F00400700280DD5FFE7119869
:10DD200001684FF4006008621199D1F8900040F04A
:10DD30002000C1F89000FFE71198D0F8900000286B
:10DD400078D0FFE79DF840008006002815D5FFE752
:10DD50009DF83C008006002806D4FFE79DF83B00B4
:10DD6000C006002809D5FFE71198406F20B1FFE7F2
:10DD70001198416F8847FFE7FFE71198D0F89000AE
:10DD80000C9011980068806800F04000402806D090
:10DD9000FFE79DF8300010F0280F42D0FFE7119800
:10DDA000FFF78EF91198006880684006002833D587
:10DDB000FFE7FFE7FFE71198006850E8020F20F047
:10DDC00040000B90FFE70B991198026842E802109F
:10DDD0000028F0D1FFE7FFE71198D0F88000B0B13C
:10DDE000FFE71198D0F880104EF27920C0F60200BB
:10DDF00008651198D0F88000E7F77EFE30B1FFE7A4
:10DE00001198D0F88000016D8847FFE703E0119872
:10DE100000F046FAFFE703E0119800F041FAFFE74F
:10DE200007E0119800F03CFA11990020C1F8900029
:10DE3000FFE7FFE71EE21198C06E012840F0BB81AA
:10DE4000FFE79DF84000C006002840F1B481FFE7DD
:10DE50009DF83C00C006002840F1AD81FFE7119815
:10DE60000168102008621198006880684006002848
:10DE700040F13F81FFE71198D0F880000068102141
:10DE8000C4F20201884200F0A280FFE71198D0F8A6
:10DE9000800000682821C4F20201884200F09780C7
:10DEA000FFE71198D0F8800000684021C4F2020119
:10DEB000884200F08C80FFE71198D0F8800000685D
:10DEC0005821C4F20201884200F08180FFE71198D6
:10DED000D0F8800000687021C4F20201884276D038
:10DEE000FFE71198D0F8800000688821C4F2020191
:10DEF00088426CD0FFE71198D0F880000068A0211C
:10DF0000C4F20201884262D0FFE71198D0F8800085
:10DF10000068B821C4F20201884258D0FFE7119886
:10DF2000D0F88000006840F21041C4F2020188423B
:10DF30004DD0FFE71198D0F88000006840F22841EA
:10DF4000C4F20201884242D0FFE71198D0F8800065
:10DF5000006840F24041C4F20201884237D0FFE736
:10DF60001198D0F88000006840F25841C4F20201D4
:10DF700088422CD0FFE71198D0F88000006840F26A
:10DF80007041C4F20201884221D0FFE71198D0F815
:10DF90008000006840F28841C4F20201884216D035
:10DFA000FFE71198D0F88000006840F2A041C4F269
:10DFB000020188420BD0FFE71198D0F8800000687A
:10DFC00040F2B841C4F20201884207D1FFE711983C
:10DFD000D0F8800000684068019006E01198D0F801
:10DFE0008000006840680190FFE70198ADF82A00C2
:10DFF000BDF82A0000287BD0FFE7BDF82A00119960
:10E00000B1F85C10884273DAFFE7BDF82A00119975
:10E01000A1F85E001198D0F88000C069B0F5807F4B
:10E0200059D0FFE7FFE7FFE71198006850E8000FBD
:10E0300020F480700990FFE709991198026842E87E
:10E0400000100028F0D1FFE7FFE7FFE7FFE7119896
:10E05000006850E8020F20F001000890FFE70899DF
:10E060001198026842E802100028F0D1FFE7FFE7AC
:10E07000FFE7FFE71198006850E8020F20F040002A
:10E080000790FFE707991198026842E802100028FC
:10E09000F0D1FFE7FFE711992020C1F88C0011991A
:10E0A0000020C866FFE7FFE71198006850E8000FFE
:10E0B00020F010000690FFE706991198026842E8E8
:10E0C00000100028F0D1FFE7FFE71198D0F880009A
:10E0D000E7F756F8FFE71199022008671198B0F8A2
:10E0E0005C10B0F85E20891A89B200F0DDF8FFE715
:10E0F000C0E01199B1F85C00B1F85E10401AADF8BB
:10E1000016001198B0F85E00002853D0FFE7BDF864
:10E11000160000284ED0FFE7FFE7FFE711980068E0
:10E1200050E8000F20F490700490FFE704991198D4
:10E13000026842E800100028F0D1FFE7FFE7FFE7A0
:10E14000FFE71198006850E8020F4FF6FE71CEF617
:10E15000FF7108400390FFE703991198026842E8B5
:10E1600002100028EDD1FFE7FFE711992020C1F848
:10E170008C0011990020C86611994867FFE7FFE7F6
:10E180001198006850E8000F20F010000290FFE79F
:10E1900002991198026842E800100028F0D1FFE7C8
:10E1A000FFE71199022008671198BDF8161000F0DA
:10E1B0007BF8FFE75EE09DF84200C00600280FD51F
:10E1C000FFE79DF83A004006002809D5FFE71198BF
:10E1D00001684FF480100862119801F045F849E099
:10E1E0009DF840000006002815D5FFE79DF83C008B
:10E1F0000006002806D4FFE79DF83A000006002834
:10E2000009D5FFE71198806F20B1FFE71198816F62
:10E210008847FFE72EE09DF84000400600280AD519
:10E22000FFE79DF83C004006002804D5FFE7119861
:10E2300000F042F81EE09DF84200000600280AD5D2
:10E24000FFE79DF83F004006002804D5FFE711983E
:10E2500001F012F80EE09DF84300C00750B1FFE74F
:10E260009DF83F000006002804D5FFE7119800F054
:10E27000FFFFFFE712B080BD80B582B0019001982A
:10E28000806B009000990020A1F85E000099A1F831
:10E290005600009800F004F802B080BD00BF00BF37
:10E2A00081B0009001B0704782B00190ADF80210CB
:10E2B00002B0704700BF00BF80B582B00190FFE799
:10E2C000FFE70198006850E8000F20F04000009040
:10E2D000FFE700990198026842E800100028F0D199
:10E2E000FFE7FFE701992020C1F88800019900208D
:10E2F0008867019800F004F802B080BD00BF00BF3D
:10E3000081B0009001B0704781B0009001B07047BB
:10E3100081B0009001B0704781B0009001B07047AB
:10E3200082B0019000910198006840F60041C5F666
:10E33000000188420BD0FFE701980068406900F0B7
:10E340007F4000990843019909684861FFE702B0DE
:10E35000704700BF00BF00BF82B000900098006807
:10E3600040F60041C5F60001884233D0FFE700982F
:10E37000D0F88800202829D1FFE7FFE7009890F81F
:10E380008400012804D1FFE702208DF8070025E072
:10E390000099012081F88400FFE7FFE7009924201D
:10E3A000C1F8880000980168486840F4000048609F
:10E3B00000992020C1F88800FFE70099002081F82B
:10E3C0008400FFE700208DF8070007E002208DF8A9
:10E3D000070003E001208DF80700FFE79DF8070024
:10E3E00002B0704700BF00BF82B000900098006884
:10E3F00040F60041C5F60001884233D0FFE700989F
:10E40000D0F88800202829D1FFE7FFE7009890F88E
:10E410008400012804D1FFE702208DF8070025E0E1
:10E420000099012081F88400FFE7FFE7009924208C
:10E43000C1F8880000980168486820F4000048602E
:10E4400000992020C1F88800FFE70099002081F89A
:10E450008400FFE700208DF8070007E002208DF818
:10E46000070003E001208DF80700FFE79DF8070093
:10E4700002B0704700BF00BF80B584B00290FFE7D4
:10E48000029890F88400012804D1FFE702208DF85B
:10E490000F0026E00299012081F88400FFE7FFE7E2
:10E4A00002992420C1F88800FFE7FFE7029800687E
:10E4B00050E8000F40F400500190FFE701990298E6
:10E4C000026842E800100028F0D1FFE7FFE7029958
:10E4D0002020C1F888000298FDF7DEFA8DF80F00C1
:10E4E000FFE79DF80F0004B080BD00BF00BF00BF74
:10E4F00080B584B00290FFE7029890F8840001286C
:10E5000004D1FFE702208DF80F0026E002990120D8
:10E5100081F88400FFE7FFE702992420C1F8880012
:10E52000FFE7FFE70298006850E8000F20F4005072
:10E530000190FFE701990298026842E80010002864
:10E54000F0D1FFE7FFE702992020C1F88800029888
:10E55000FDF7A2FA8DF80F00FFE79DF80F0004B059
:10E5600080BD00BF00BF00BF81B00090009801686F
:10E57000886940F00400886101B0704700BF00BFA7
:10E5800084B00290FFE7029890F88400012804D13B
:10E59000FFE702208DF80F003DE00299012081F88D
:10E5A0008400FFE7FFE702992420C1F88800FFE715
:10E5B000FFE70298006850E8000F20F00C0001907F
:10E5C000FFE701990298026842E800100028F0D1A4
:10E5D000FFE7FFE7FFE7FFE70298006850E8000F5A
:10E5E00040F008000090FFE700990298026842E8B6
:10E5F00000100028F0D1FFE7FFE702992020C1F8C2
:10E600008800FFE70299002081F88400FFE70020DE
:10E610008DF80F00FFE79DF80F0004B0704700BFB2
:10E6200084B00290FFE7029890F88400012804D19A
:10E63000FFE702208DF80F003DE00299012081F8EC
:10E640008400FFE7FFE702992420C1F88800FFE774
:10E65000FFE70298006850E8000F20F00C000190DE
:10E66000FFE701990298026842E800100028F0D103
:10E67000FFE7FFE7FFE7FFE70298006850E8000FB9
:10E6800040F004000090FFE700990298026842E819
:10E6900000100028F0D1FFE7FFE702992020C1F821
:10E6A0008800FFE70299002081F88400FFE700203E
:10E6B0008DF80F00FFE79DF80F0004B0704700BF12
:10E6C00082B00090FFE7009890F88400012804D100
:10E6D000FFE702208DF807001DE00099012081F876
:10E6E0008400FFE7FFE700992420C1F88800009824
:10E6F0000168886940F00200886100992020C1F813
:10E700008800FFE70099002081F88400FFE70020DF
:10E710008DF80700FFE79DF8070002B0704700BFC3
:10E7200083B002900298D0F8880001900298D0F847
:10E730008C00009001980099084303B0704700BF17
:10E7400081B000900098D0F8900001B0704700BFF1
:10E7500080B58EB00D900D98B0F86000ADF82E0029
:10E760000D980068C06909900D98006800680890CD
:10E770000D980068806807900D98D0F88C002228CA
:10E7800040F06181FFE70D98B0F86800ADF82A000D
:10E79000FFE7BDF82A100020009031B1FFE79DF897
:10E7A0002400C0F340100090FFE70098C007002845
:10E7B00000F00A81FFE70D980068406AADF82C0070
:10E7C0000D98806D0C90BDF82C00BDF82E100840FF
:10E7D0000C9908800D99886D023088650D99B1F803
:10E7E0005E000138A1F85E000D980068C0690990CC
:10E7F0009DF824004007002852D0FFE79DF8240030
:10E80000C00788B1FFE79DF82100C00760B1FFE7AE
:10E810000D980168012008620D99D1F8900040F030
:10E820000100C1F89000FFE79DF824008007002850
:10E8300011D5FFE79DF81C00C00760B1FFE70D98F8
:10E840000168022008620D99D1F8900040F00400A0
:10E85000C1F89000FFE79DF824004007002811D57B
:10E86000FFE79DF81C00C00760B1FFE70D98016845
:10E87000042008620D99D1F8900040F00200C1F820
:10E880009000FFE70D98D0F8900040B1FFE70D9899
:10E89000FFF706FD0D990020C1F89000FFE7FFE7A4
:10E8A0000D98B0F85E00002840F08D80FFE7FFE78C
:10E8B000FFE70D98006850E8000F20F48070069084
:10E8C000FFE706990D98026842E800100028F0D191
:10E8D000FFE7FFE7FFE7FFE70D98006850E8020F4A
:10E8E0004FF6FE71CEF6FF7108400590FFE70599DF
:10E8F0000D98026842E802100028EDD1FFE7FFE71B
:10E900000D992020C1F88C000D99002048670D99C1
:10E9100008670D98006840F60041C5F6000188427E
:10E920001CD0FFE70D98006840680002002814D54D
:10E93000FFE7FFE7FFE70D98006850E8000F20F0C1
:10E9400080600490FFE704990D98026842E8001087
:10E950000028F0D1FFE7FFE7FFE7FFE70D98C06E63
:10E9600001282BD1FFE70D990020C866FFE7FFE7DC
:10E970000D98006850E8000F20F010000390FFE7AA
:10E9800003990D98026842E800100028F0D1FFE7D3
:10E99000FFE70D980068C06900F010010120B0EB9E
:10E9A000111F05D1FFE70D98016810200862FFE7ED
:10E9B0000D98B0F85C10FFF777FC03E00D98FFF7B7
:10E9C000A7FCFFE7FFE7E4E60D98B0F85E00ADF8BE
:10E9D0002800BDF82800A8B3FFE7BDF828000D996E
:10E9E000B1F8681088422DDAFFE7FFE7FFE70D98DE
:10E9F000006850E8020F20F080500290FFE7029973
:10EA00000D98026842E802100028F0D1FFE7FFE706
:10EA10000D994EF66150C0F602004867FFE7FFE728
:10EA20000D98006850E8000F40F020000190FFE7CB
:10EA300001990D98026842E800100028F0D1FFE724
:10EA4000FFE7FFE706E00D980168886940F00800DD
:10EA50008861FFE70EB080BD80B58EB00D900D9837
:10EA6000B0F86000ADF832000D980068C0690A90F7
:10EA70000D980068006809900D98006880680890FB
:10EA80000D98D0F88C00222840F05F81FFE70D98A8
:10EA9000B0F86800ADF82E00FFE7BDF82E1000209A
:10EAA000019031B1FFE79DF82800C0F340100190BC
:10EAB000FFE70198C007002800F00881FFE70D98E4
:10EAC0000068406AADF83000BDF830009DF83210A3
:10EAD00008400D99896D08700D99886D0130886521
:10EAE0000D99B1F85E000138A1F85E000D9800683C
:10EAF000C0690A909DF828004007002852D0FFE71F
:10EB00009DF82800C00788B1FFE79DF82500C007E1
:10EB100060B1FFE70D980168012008620D99D1F8F6
:10EB2000900040F00100C1F89000FFE79DF8280038
:10EB30008007002811D5FFE79DF82000C00760B1CD
:10EB4000FFE70D980168022008620D99D1F8900046
:10EB500040F00400C1F89000FFE79DF8280040074E
:10EB6000002811D5FFE79DF82000C00760B1FFE73E
:10EB70000D980168042008620D99D1F8900040F0CA
:10EB80000200C1F89000FFE70D98D0F8900040B166
:10EB9000FFE70D98FFF784FB0D990020C1F8900066
:10EBA000FFE7FFE70D98B0F85E00002840F08D8089
:10EBB000FFE7FFE7FFE70D98006850E8000F20F43B
:10EBC00080700790FFE707990D98026842E80010EF
:10EBD0000028F0D1FFE7FFE7FFE7FFE70D980068A7
:10EBE00050E8020F4FF6FE71CEF6FF710840069016
:10EBF000FFE706990D98026842E802100028EDD15F
:10EC0000FFE7FFE70D992020C1F88C000D99002047
:10EC100048670D9908670D98006840F60041C5F6F1
:10EC2000000188421CD0FFE70D9800684068000290
:10EC3000002814D5FFE7FFE7FFE70D98006850E8CC
:10EC4000000F20F080600590FFE705990D9802689D
:10EC500042E800100028F0D1FFE7FFE7FFE7FFE7F9
:10EC60000D98C06E01282BD1FFE70D990020C866D2
:10EC7000FFE7FFE70D98006850E8000F20F0100054
:10EC80000490FFE704990D98026842E800100028FC
:10EC9000F0D1FFE7FFE70D980068C06900F01001B0
:10ECA0000120B0EB111F05D1FFE70D98016810207E
:10ECB0000862FFE70D98B0F85C10FFF7F5FA03E083
:10ECC0000D98FFF725FBFFE7FFE7E6E60D98B0F8A4
:10ECD0005E00ADF82C00BDF82C00A8B3FFE7BDF82E
:10ECE0002C000D99B1F8681088422DDAFFE7FFE794
:10ECF000FFE70D98006850E8020F20F08050039065
:10ED0000FFE703990D98026842E802100028F0D14D
:10ED1000FFE7FFE70D994EF6E960C0F6020048678D
:10ED2000FFE7FFE70D98006850E8000F40F0200073
:10ED30000290FFE702990D98026842E8001000284F
:10ED4000F0D1FFE7FFE7FFE706E00D98016888696B
:10ED500040F008008861FFE70EB080BD00BF00BF33
:10ED600080B588B007900798B0F86000ADF816003D
:10ED70000798D0F88C00222840F0AB80FFE7079876
:10ED80000068406AADF814000798806D0690BDF8E1
:10ED90001400BDF816100840069908800799886D80
:10EDA000023088650799B1F85E000138A1F85E006D
:10EDB0000798B0F85E00002840F08A80FFE7FFE780
:10EDC000FFE70798006850E8000F20F49070049067
:10EDD000FFE704990798026842E800100028F0D184
:10EDE000FFE7FFE7FFE7FFE70798006850E8020F3B
:10EDF00020F001000390FFE703990798026842E8BA
:10EE000002100028F0D1FFE7FFE707992020C1F8A2
:10EE10008C000799002048670799086707980068E1
:10EE200040F60041C5F6000188421CD0FFE7079874
:10EE3000006840680002002814D5FFE7FFE7FFE7FD
:10EE40000798006850E8000F20F080600290FFE70C
:10EE500002990798026842E800100028F0D1FFE705
:10EE6000FFE7FFE7FFE70798C06E01282BD1FFE718
:10EE700007990020C866FFE7FFE70798006850E899
:10EE8000000F20F010000190FFE701990798026839
:10EE900042E800100028F0D1FFE7FFE7079800687C
:10EEA000C06900F010010120B0EB111F05D1FFE790
:10EEB0000798016810200862FFE70798B0F85C1017
:10EEC000FFF7F2F903E00798FFF722FAFFE7FFE701
:10EED00006E007980168886940F008008861FFE74C
:10EEE00008B080BD00BF00BF80B586B00590059812
:10EEF000B0F86000ADF812000598D0F88C00222818
:10EF000040F0A980FFE705980068406AADF810005E
:10EF1000BDF810009DF8121008400599896D087021
:10EF20000599886D013088650599B1F85E00013852
:10EF3000A1F85E000598B0F85E00002840F08A80D5
:10EF4000FFE7FFE7FFE70598006850E8000F20F4AF
:10EF500090700390FFE703990598026842E800105B
:10EF60000028F0D1FFE7FFE7FFE7FFE7059800681B
:10EF700050E8020F20F001000290FFE70299059887
:10EF8000026842E802100028F0D1FFE7FFE7059988
:10EF90002020C1F88C000599002048670599086772
:10EFA0000598006840F60041C5F6000188421CD073
:10EFB000FFE70598006840680002002814D5FFE7C5
:10EFC000FFE7FFE70598006850E8000F20F0806039
:10EFD0000190FFE701990598026842E800100028B7
:10EFE000F0D1FFE7FFE7FFE7FFE70598C06E0128D4
:10EFF0002BD1FFE705990020C866FFE7FFE70598DA
:10F00000006850E8000F20F010000090FFE7009922
:10F010000598026842E800100028F0D1FFE7FFE7FA
:10F0200005980068C06900F010010120B0EB111FC5
:10F0300005D1FFE70598016810200862FFE70598F1
:10F04000B0F85C10FFF730F903E00598FFF760F9BE
:10F05000FFE7FFE706E005980168886940F00800CF
:10F060008861FFE706B080BD80B586B00590059841
:10F07000806B04900598C069B0F5807F5BD0FFE796
:10F0800004990020A1F85E00FFE7FFE704980068FC
:10F0900050E8000F20F480700390FFE70399049874
:10F0A000026842E800100028F0D1FFE7FFE7FFE721
:10F0B000FFE70498006850E8020F20F0010002907A
:10F0C000FFE702990498026842E802100028F0D194
:10F0D000FFE7FFE7FFE7FFE70498006850E8020F4B
:10F0E00020F040000190FFE701990498026842E88F
:10F0F00002100028F0D1FFE7FFE704992020C1F8B3
:10F100008C000498C06E012814D1FFE7FFE7FFE7E9
:10F110000498006850E8000F20F010000090FFE70E
:10F1200000990498026842E800100028F0D1FFE737
:10F13000FFE7FFE7FFE70499002008670498C06E27
:10F14000012806D1FFE70498B0F85C10FFF7ACF88F
:10F1500003E00498FFF7DCF8FFE706B080BD00BFCE
:10F1600080B582B001900198806B009000990120D9
:10F1700008670098C06E012807D1FFE70098B0F833
:10F180005C104908FFF790F803E00098FFF7C4F817
:10F19000FFE702B080BD000080B586B00490039107
:10F1A00002920193049820B9FFE701208DF817001F
:10F1B00056E00498D0F8880040B9FFE70499002091
:10F1C00081F884000498D2F7E7FAFFE70499242035
:10F1D000C1F8880004980168086820F00100086000
:10F1E0000498806A20B1FFE70498FBF789FEFFE7E7
:10F1F0000498FBF729FF012804D1FFE701208DF8CF
:10F2000017002DE004980168886840F48040886009
:10F2100004980068806820F400400399084304992A
:10F22000096888600298400500900199009840EABA
:10F23000014000900498006800686FF3194000993D
:10F24000084304990968086004980168086840F058
:10F25000010008600498FCF71FFC8DF81700FFE719
:10F260009DF8170006B080BD81B0009001B07047D6
:10F2700081B0009001B0704781B0009001B070473C
:10F2800080B584B002900191029820B9FFE7012077
:10F290008DF80F001FE002992420C1F88800029821
:10F2A0000168086820F00100086002980068406862
:10F2B00020F01000019908430299096848600298FB
:10F2C0000168086840F0010008600298FCF7E4FB60
:10F2D0008DF80F00FFE79DF80F0004B080BD00BF60
:10F2E00080B588B006920591049000208DF80F003B
:10F2F000FFE7049890F88400012804D1FFE702207A
:10F300008DF81F004CE00499012081F88400FFE78C
:10F31000FFE704992420C1F8880004980168086870
:10F3200020F00100086004980068806820F4401014
:10F3300005990843049909688860059830B9FFE782
:10F3400004980599069A00F02FF8FFE704980168E1
:10F35000086840F001000860EAF79AF80290049803
:10F36000029B6A466FF07E4111604FF480010022DB
:10F37000FCF752FE20B1FFE703208DF80F0004E0F8
:10F3800004992020C1F88800FFE7FFE704990020D6
:10F3900081F88400FFE79DF80F008DF81F00FFE75C
:10F3A0009DF81F0008B080BD83B0029201910090CB
:10F3B00000980068406820F01000BDF8081008436D
:10F3C00000990968486000980068406820F07F4014
:10F3D0009DF80A1040EA016000990968486003B08E
:10F3E000704700BF00BF00BF83B00190FFE70198E6
:10F3F00090F88400012804D1FFE702208DF80B006B
:10F4000022E00199012081F88400FFE7FFE7FFE790
:10F41000FFE70198006850E8000F40F002000090FC
:10F42000FFE700990198026842E800100028F0D137
:10F43000FFE7FFE7FFE70199002081F88400FFE77D
:10F4400000208DF80B00FFE79DF80B0003B070471C
:10F4500083B00190FFE7019890F88400012804D15F
:10F46000FFE702208DF80B0022E00199012081F8CE
:10F470008400FFE7FFE7FFE7FFE70198006850E837
:10F48000000F20F002000090FFE700990198026849
:10F4900042E800100028F0D1FFE7FFE7FFE70199FD
:10F4A000002081F88400FFE700208DF80B00FFE7C3
:10F4B0009DF80B0003B0704780B584B00290FFE761
:10F4C000029890F88400012804D1FFE702208DF80B
:10F4D0000F0030E00299012081F88400FFE7FFE788
:10F4E00002992420C1F88800029800680068019001
:10F4F00002980168086820F001000860019840F057
:10F500000050019002994FF000504866019802990E
:10F5100009680860029800F013F802992020C1F8E9
:10F520008800FFE70299002081F88400FFE70020AF
:10F530008DF80F00FFE79DF80F0004B080BD00BFFD
:10F5400082B001900198406E40B9FFE70199012017
:10F55000A1F86A000199A1F8680032E010208DF846
:10F5600003008DF80200019800688068C0F34260D3
:10F570008DF80100019800688068400F8DF8000048
:10F580009DF802009DF8002049F24843C0F60303AD
:10F59000995C484349F24041C0F603018A5CB0FBE4
:10F5A000F2F0019AA2F86A009DF803009DF801208C
:10F5B0009B5C5843895CB0FBF1F00199A1F86800AD
:10F5C000FFE702B0704700BF83B00190FFE70198EA
:10F5D00090F88400012804D1FFE702208DF80B0089
:10F5E0002CE00199012081F88400FFE7FFE70199F1
:10F5F0002420C1F8880001980068006800900198F4
:10F600000168086820F001000860009820F00050B0
:10F6100000900199002048660098019909680860E7
:10F6200001992020C1F88800FFE70199002081F8A6
:10F630008400FFE700208DF80B00FFE79DF80B002A
:10F6400003B0704700BF00BF80B584B00290019145
:10F65000FFE7029890F88400012804D1FFE7022018
:10F660008DF80F0032E00299012081F88400FFE755
:10F67000FFE702992420C1F888000298006800681A
:10F68000009002980168086820F001000860029864
:10F690000068806820F06040019908430299096879
:10F6A00088600298FFF74CFF00980299096808608B
:10F6B00002992020C1F88800FFE70299002081F814
:10F6C0008400FFE700208DF80F00FFE79DF80F0092
:10F6D00004B080BD00BF00BF80B584B0029001912E
:10F6E000FFE7029890F88400012804D1FFE7022088
:10F6F0008DF80F0032E00299012081F88400FFE7C5
:10F70000FFE702992420C1F8880002980068006889
:10F71000009002980168086820F0010008600298D3
:10F720000068806820F060600199084302990968C8
:10F7300088600298FFF704FF009802990968086042
:10F7400002992020C1F88800FFE70299002081F883
:10F750008400FFE700208DF80F00FFE79DF80F0001
:10F7600004B080BD00BF00BF80B58AB0DDF830C0F6
:10F7700008900791ADF81A2005930898D0F88C00EE
:10F78000202840F00181FFE7079820B1FFE7BDF88E
:10F790001A0020B9FFE701208DF82700F8E008994A
:10F7A0000020C1F89000089A2221C2F88C10089A13
:10F7B0000121D16608990867E9F76AFE0190BDF852
:10F7C0001A000899A1F85C00BDF81A000899A1F880
:10F7D0005E00FFE708988068B0F5805F10D1FFE712
:10F7E0000898006930B9FFE7089940F2FF10A1F8C6
:10F7F000600004E00899FF20A1F86000FFE72EE018
:10F800000898806878B9FFE70898006928B9FFE789
:10F810000899FF20A1F8600004E008997F20A1F872
:10F820006000FFE71AE008988068B0F1805F0FD1B0
:10F83000FFE70898006928B9FFE708997F20A1F839
:10F84000600004E008993F20A1F86000FFE704E0B1
:10F8500008990020A1F86000FFE7FFE7FFE7FFE756
:10F860000898B0F86000ADF80A0008988068B0F514
:10F87000805F09D1FFE70898006928B9FFE70020F9
:10F8800004900798039004E00798049000200390E8
:10F89000FFE7059900200880FFE70898B0F85E00B0
:10F8A000002861D0FFE708980068C069C0060028FA
:10F8B00014D5FFE7089801681020086205980088B1
:10F8C00058B1FFE708990220086708992020C1F87D
:10F8D0008C0000208DF827005AE0FFE708980068A8
:10F8E000C0698006002826D5FFE7049860B9FFE7C5
:10F8F00008980068406ABDF80A100840039908801B
:10F900000398023003900BE008980068406A9DF865
:10F910000A10084004990870049801300490FFE729
:10F9200005990888013008800899B1F85E0001380F
:10F93000A1F85E00FFE70C980130A0B1FFE7E9F7FE
:10F94000A7FD0199401A0C99884203D8FFE70C984B
:10F9500040B9FFE708992020C1F88C0003208DF8FA
:10F96000270015E0FFE798E70899B1F85C00B1F8C7
:10F970005E10401A0599088008992020C1F88C0073
:10F9800000208DF8270003E002208DF82700FFE714
:10F990009DF827000AB080BD80B586B00490039121
:10F9A000ADF80A2000208DF809000498D0F88C00EA
:10F9B00020283DD1FFE7039820B1FFE7BDF80A00FA
:10F9C00020B9FFE701208DF8170035E004990120E8
:10F9D000C86604990020086704980399BDF80A20B6
:10F9E000FCF7C6FE0498C06E012818D1FFE7049802
:10F9F000016810200862FFE7FFE70498006850E8FC
:10FA0000000F40F010000190FFE701990498026890
:10FA100042E800100028F0D1FFE7FFE703E00120F3
:10FA20008DF80900FFE79DF809008DF8170003E045
:10FA300002208DF81700FFE79DF8170006B080BD83
:10FA400080B586B004900391ADF80A200498D0F8F0
:10FA50008C00202844D1FFE7039820B1FFE7BDF8D0
:10FA60000A0020B9FFE701208DF817003CE0049957
:10FA70000120C86604990020086704980399BDF81E
:10FA80000A20FDF7E9F88DF809009DF8090010BB80
:10FA9000FFE70498C06E012818D1FFE704980168B9
:10FAA00010200862FFE7FFE70498006850E8000FA5
:10FAB00040F010000190FFE701990498026842E8C5
:10FAC00000100028F0D1FFE7FFE703E001208DF8E8
:10FAD0000900FFE7FFE79DF809008DF8170003E034
:10FAE00002208DF81700FFE79DF8170006B080BDD3
:10FAF00081B000900098006F01B0704700000000D6
:10FB000081B00090009901F10800486000994FF021
:10FB1000FF308860009901F10800C860009901F188
:10FB20000800086100990020086001B0704700BF1C
:10FB300081B0009000990020086101B0704700BFBB
:10FB400083B002900191029840680090009801995A
:10FB500048600098806801998860019800998968D8
:10FB6000486001980099886002980199086102999B
:10FB700008680130086003B0704700BF00BF00BFD5
:10FB800084B00390029102980068009000980130C0
:10FB900020B9FFE703980069019010E0039808304E
:10FBA0000190FFE70198406800680099884205D8F5
:10FBB000FFE7FFE7019840680190F3E7FFE701984E
:10FBC00040680299486002984168886001980299EB
:10FBD0008860029801994860039802990861039926
:10FBE00008680130086004B0704700BF00BF00BF64
:10FBF00082B0019001980069009001984168806886
:10FC0000886001994868896848600098406801994F
:10FC1000884205D1FFE7019880680099486000E0BC
:10FC2000FFE7019900200861009908680138086021
:10FC30000098006802B0704780B584B002900191CE
:10FC400002980090009858B9FFE74FF0500080F3F9
:10FC50001188BFF36F8FBFF34F8F0390FFE7FEE76D
:10FC600005F0E6FC00990B68C86B0A6C00FB0230DB
:10FC700088600099002088630099086848600099AE
:10FC80000B68C86B0A6C013800FB0230C860009931
:10FC9000FF2081F84400009981F84500019878B967
:10FCA000FFE70098006948B1FFE70098103002F0C4
:10FCB000FBFB08B1FFE700E0FFE700E0FFE708E03B
:10FCC00000981030FFF71CFF00982430FFF718FF52
:10FCD000FFE705F0D9FC012004B080BD00BF00BFE4
:10FCE00080B590B084461298CDF828C0099108924A
:10FCF00007938DF81B000A9858B9FFE74FF05000A2
:10FD000080F31188BFF36F8FBFF34F8F0F90FFE722
:10FD1000FEE7079858B9FFE74FF0500080F31188CD
:10FD2000BFF36F8FBFF34F8F0E90FFE7FEE7089989
:10FD30000020039031B1FFE70998B0FA80F0400944
:10FD40000390FFE70398C00758B1FFE74FF050005A
:10FD500080F31188BFF36F8FBFF34F8F0D90FFE7D4
:10FD6000FEE708990020029031B9FFE709980028C2
:10FD700018BF01200290FFE70298C00758B1FFE7C3
:10FD80004FF0500080F31188BFF36F8FBFF34F8F98
:10FD90000C90FFE7FEE748200490049848280BD019
:10FDA000FFE74FF0500080F31188BFF36F8FBFF370
:10FDB0004F8F0B90FFE7FEE7049807980590059892
:10FDC00088B1FFE70599012081F846000A98099952
:10FDD000089A9DF81B30DDF814C0EE46CEF800C03E
:10FDE00000F006F800E0FFE7059810B080BD00BF06
:10FDF00080B584B0DDF818C00390029101928DF8AF
:10FE00000330029818B9FFE70698006003E00198F4
:10FE100006990860FFE703980699C8630298069957
:10FE2000086406980121FFF707FF04B080BD00BFFA
:10FE300080B588B0069005918DF81320069858B9C2
:10FE4000FFE74FF0500080F31188BFF36F8FBFF3CF
:10FE50004F8F0790FFE7FEE7069805994843029009
:10FE60000298483004F0D4FF03900398B0B1FFE744
:10FE7000039801900198483001900399002081F87F
:10FE8000460006980599019A9DF81330DDF80CC0DC
:10FE9000EE46CEF800C0FFF7ABFF00E0FFE70398A7
:10FEA00008B080BD00BF00BF80B584B08DF80F00E2
:10FEB00001200190002100919DF80F20FFF7B8FF6D
:10FEC0000290029800F004F8029804B080BD00BFD0
:10FED00080B582B00190019868B1FFE701980023D6
:10FEE0008360019803600198C360019819461A461F
:10FEF00000F022F800E0FFE702B080BD00BF00BFC5
:10FF000080B586B08DF81700049101200290002280
:10FF100001929DF81710049BEC46CCF80010114696
:10FF2000FFF7DEFE03900398FFF7D2FF039806B0B9
:10FF300080BD00BF00BF00BF80B592B00C900B9198
:10FF40000A920993002008900C980490049858B9DC
:10FF5000FFE74FF0500080F31188BFF36F8FBFF3BE
:10FF60004F8F1190FFE7FEE70B990020039039B9FE
:10FF7000FFE70498006C002818BF01200390FFE7FA
:10FF80000398C00758B1FFE74FF0500080F3118885
:10FF9000BFF36F8FBFF34F8F1090FFE7FEE7099914
:10FFA00000200229029007D1FFE70498C06B0138B6
:10FFB00018BF01200290FFE70298C00758B1FFE781
:10FFC0004FF0500080F31188BFF36F8FBFF34F8F56
:10FFD0000F90FFE7FEE702F0E3FB014600200190EF
:10FFE00031B9FFE70A98002818BF01200190FFE708
:10FFF0000198C00758B1FFE74FF0500080F3118817
:020000040803EF
:10000000BFF36F8FBFF34F8F0E90FFE7FEE7FFE761
:1000100005F00EFB0498806B0499C96B884204D3E9
:10002000FFE7099802281ED1FFE704980B99099A67
:1000300000F082F807900498406A48B1FFE70498FE
:10004000243002F031FA08B1FFE700E0FFE705E0F5
:10005000079808B1FFE700E0FFE7FFE705F014FBB2
:1000600001200D9065E00A9828B9FFE705F00CFB28
:1000700000200D905DE0089830B9FFE705A802F078
:10008000FFFA0120089000E0FFE7FFE7FFE705F037
:10009000FBFA01F02DFB05F0CBFA049890F944002F
:1000A000013028B9FFE70499002081F84400FFE7F8
:1000B000049890F94500013028B9FFE70499002021
:1000C00081F84500FFE705F0DFFA05A80AA902F06C
:1000D000EBFA28BBFFE7049800F096F8C8B1FFE7F9
:1000E000049810300A9902F053F9049800F0A4F82B
:1000F00001F082FB60B9FFE74EF60451CEF2000139
:100100004FF080500860BFF34F8FBFF36F8FFFE752
:1001100005E0049800F090F801F06EFBFFE707E0BF
:10012000049800F089F801F067FB00200D9000E0D2
:100130006EE70D9812B080BD80B586B00590049131
:100140000392002002900598806B01900598006C46
:1001500078B9FFE70598006848B9FFE70598806817
:1001600002F0CAFB029005990020886000E0FFE7DA
:1001700041E00398B8B9FFE7059A04995068126CFA
:1001800007F06EFC059948680A6C104448600599B0
:1001900048688968884204D3FFE705990868486081
:1001A00000E0FFE726E0059A0499D068126C07F09A
:1001B00057FC0599C8680A6C801AC86005980168E0
:1001C000C068884206D2FFE7059988680A6C801AE1
:1001D000C86000E0FFE70398022809D1FFE7019813
:1001E00020B1FFE701980138019000E0FFE700E04F
:1001F000FFE7FFE7FFE70198013005998863029860
:1002000006B080BD00BF00BF80B582B0019005F090
:100210000FFA0198806B0199C96B884203D1FFE7FF
:100220000120009002E000200090FFE705F02CFA8A
:10023000009802B080BD00BF80B582B0019005F08B
:10024000F7F9019890F845008DF80300FFE79DF954
:100250000300012816DBFFE70198406A58B1FFE769
:100260000198243002F020F918B1FFE702F084FA77
:1002700000E0FFE700E005E09DF8030001388DF89D
:100280000300E4E70199FF2081F8450005F0FCF93F
:1002900005F0CEF9019890F844008DF80200FFE7D0
:1002A0009DF90200012816DBFFE70198006980B183
:1002B000FFE70198103002F0F7F818B1FFE702F0FD
:1002C0005BFA00E0FFE79DF8020001388DF80200BC
:1002D00000E000E0E4E70199FF2081F8440005F028
:1002E000D3F902B080BD00BF80B592B00B900A91E7
:1002F000099208930B980590059858B9FFE74FF0BD
:10030000500080F31188BFF36F8FBFF34F8F0E90B3
:10031000FFE7FEE70A990020029039B9FFE7059848
:10032000006C002818BF01200290FFE70298C00768
:1003300058B1FFE74FF0500080F31188BFF36F8F83
:10034000BFF34F8F0D90FFE7FEE7089900200229C9
:10035000019007D1FFE70598C06B013818BF012055
:100360000190FFE70198C00758B1FFE74FF0500038
:1003700080F31188BFF36F8FBFF34F8F0C90FFE7AF
:10038000FEE705F001FAEFF311814FF0500080F322
:100390001188BFF36F8FBFF34F8F10910F9010989C
:1003A00006900598806B0599C96B884204D3FFE7D6
:1003B0000898022833D1FFE7059890F845008DF89A
:1003C00013000598806B039005980A99089AFFF727
:1003D000B3FE9DF913000130B8B9FFE70598406AF4
:1003E00088B1FFE70598243002F05EF848B1FFE7D6
:1003F000099820B1FFE709990120086000E0FFE7B4
:1004000000E0FFE700E0FFE706E09DF813000130A1
:10041000059981F84500FFE70120079002E00020E0
:100420000790FFE706981190119880F311880798BC
:1004300012B080BD00BF00BF80B58EB0079006919E
:1004400007980390039858B9FFE74FF0500080F3E6
:100450001188BFF36F8FBFF34F8F0A90FFE7FEE75E
:100460000398006C58B1FFE74FF0500080F31188FB
:10047000BFF36F8FBFF34F8F0990FFE7FEE703983D
:1004800001680020009039B9FFE7039880680028D0
:1004900018BF01200090FFE70098C00758B1FFE7A0
:1004A0004FF0500080F31188BFF36F8FBFF34F8F71
:1004B0000890FFE7FEE705F067F9EFF311814FF0D1
:1004C000500080F31188BFF36F8FBFF34F8F0C91F3
:1004D0000B900C9804900398806B029002980399FB
:1004E000C96B88422FD2FFE7039890F845008DF83A
:1004F000070002980130039988639DF907000130D5
:10050000B8B9FFE70398406A88B1FFE70398243041
:1005100001F0CAFF48B1FFE7069820B1FFE706994E
:100520000120086000E0FFE700E0FFE700E0FFE7F0
:1005300006E09DF807000130039981F84500FFE7C8
:100540000120059002E000200590FFE704980D903F
:100550000D9880F3118805980EB080BD00BF00BFD4
:1005600080B58EB0099008910792002006900998F6
:100570000390039858B9FFE74FF0500080F31188BB
:10058000BFF36F8FBFF34F8F0D90FFE7FEE7089922
:100590000020019039B9FFE70398006C002818BFCC
:1005A00001200190FFE70198C00758B1FFE74FF025
:1005B000500080F31188BFF36F8FBFF34F8F0C9003
:1005C000FFE7FEE702F0ECF801460020009031B9A9
:1005D000FFE70798002818BF01200090FFE7009868
:1005E000C00758B1FFE74FF0500080F31188BFF308
:1005F0006F8FBFF34F8F0B90FFE7FEE7FFE705F02C
:1006000017F80398806B02900298D8B1FFE703981F
:10061000089900F089F802980138039988630398D3
:10062000006948B1FFE70398103001F03DFF08B1C1
:10063000FFE700E0FFE700E0FFE705F025F8012015
:100640000A906DE0079828B9FFE705F01DF8002033
:100650000A9065E0069830B9FFE704A802F010F8A8
:100660000120069000E0FFE7FFE7FFE705F00CF848
:1006700001F03EF804F0DCFF039890F944000130EB
:1006800028B9FFE70399002081F84400FFE70398A9
:1006900090F94500013028B9FFE70399002081F85F
:1006A0004500FFE704F0F0FF04A807A901F0FCFFF4
:1006B00030BBFFE7039800F05BF8D0B1FFE7039889
:1006C0002430079901F064FE0398FFF7B5FD01F0AF
:1006D00093F860B9FFE74EF60451CEF200014FF0F7
:1006E00080500860BFF34F8FBFF36F8F00E0FFE7CC
:1006F00005E00398FFF7A0FD01F07EF8FFE70EE0AC
:100700000398FFF799FD01F077F8039800F030F8AF
:1007100018B1FFE700200A9002E0FFE7FFE76EE76D
:100720000A980EB080BD00BF80B582B001900091E4
:100730000198006CB8B1FFE70199C8680A6C1044D1
:10074000C86001988168C068884204D3FFE70199B6
:100750000868C86000E0FFE70098019AD168126C51
:1007600007F07EF9FFE702B080BD00BF00BF00BF09
:1007700080B582B0019004F05BFF0198806B18B9DE
:10078000FFE70120009002E000200090FFE704F066
:100790007BFF009802B080BD80B590B00A900991AF
:1007A000002008900A9905910490059858B9FFE730
:1007B0004FF0500080F31188BFF36F8FBFF34F8F5E
:1007C0000F90FFE7FEE70598006C58B1FFE74FF088
:1007D000500080F31188BFF36F8FBFF34F8F0E90DF
:1007E000FFE7FEE701F0DCFF01460020019031B990
:1007F000FFE70998002818BF01200190FFE7019842
:10080000C00758B1FFE74FF0500080F31188BFF3E5
:100810006F8FBFF34F8F0D90FFE7FEE7FFE704F008
:1008200007FF0598806B0390039808B3FFE70398D0
:100830000138059988630598006828B9FFE702F038
:100840009BF90599886000E0FFE70598006948B1C9
:10085000FFE70598103001F027FE08B1FFE700E040
:10086000FFE700E0FFE704F00FFF01200B909BE0A3
:10087000099898B9FFE7049858B1FFE74FF0500086
:1008800080F31188BFF36F8FBFF34F8F0C90FFE79A
:10089000FEE704F0F9FE00200B9085E0089830B9DF
:1008A000FFE706A801F0ECFE0120089000E0FFE75A
:1008B000FFE7FFE704F0E8FE00F01AFF04F0B8FEDF
:1008C000059890F94400013028B9FFE70599002008
:1008D00081F84400FFE7059890F94500013028B9F8
:1008E000FFE70599002081F84500FFE704F0CCFE02
:1008F00006A809A901F0D8FEA8BBFFE70598FFF7F5
:1009000037FF48B3FFE70598006850B9FFE704F0E8
:100910008FFE0598806801F05FFF049004F0B4FE3C
:1009200000E0FFE705982430099901F031FD0598B2
:10093000FFF782FC00F060FF60B9FFE74EF604515C
:10094000CEF200014FF080500860BFF34F8FBFF32D
:100950006F8F00E0FFE705E00598FFF76DFC00F002
:100960004BFFFFE71FE00598FFF766FC00F044FF30
:100970000598FFF7FDFEA0B1FFE7049870B1FFE70F
:1009800004F056FE059800F013F802900598806870
:10099000029902F03DF804F077FEFFE700200B908B
:1009A00002E0FFE7FFE73AE70B9810B080BD00BF19
:1009B00082B001900198406A38B1FFE70198006B5E
:1009C0000068C0F10700009002E000200090FFE7FF
:1009D000009802B0704700BF80B590B00B900A91AC
:1009E0000992002008900B980490049858B9FFE7EA
:1009F0004FF0500080F31188BFF36F8FBFF34F8F1C
:100A00000F90FFE7FEE70A990020029039B9FFE74F
:100A10000498006C002818BF01200290FFE702989C
:100A2000C00758B1FFE74FF0500080F31188BFF3C3
:100A30006F8FBFF34F8F0E90FFE7FEE701F0B0FE20
:100A400001460020019031B9FFE70998002818BF3E
:100A500001200190FFE70198C00758B1FFE74FF070
:100A6000500080F31188BFF36F8FBFF34F8F0D904D
:100A7000FFE7FEE7FFE704F0DBFD0498806B0390DF
:100A80000398E8B1FFE70498C068059004980A99B4
:100A9000FFF74AFE05980499C8600498406A48B177
:100AA000FFE70498243001F0FFFC08B1FFE700E005
:100AB000FFE700E0FFE704F0E7FD01200C906DE0A8
:100AC000099828B9FFE704F0DFFD00200C9065E0ED
:100AD000089830B9FFE706A801F0D2FD0120089080
:100AE00000E0FFE7FFE7FFE704F0CEFD00F000FEC7
:100AF00004F09EFD049890F94400013028B9FFE706
:100B00000499002081F84400FFE7049890F945001B
:100B1000013028B9FFE70499002081F84500FFE77C
:100B200004F0B2FD06A809A901F0BEFD30BBFFE745
:100B30000498FFF71DFED0B1FFE70498243009990F
:100B400001F026FC0498FFF777FB00F055FE60B932
:100B5000FFE74EF60451CEF200014FF080500860DE
:100B6000BFF34F8FBFF36F8F00E0FFE705E00498FE
:100B7000FFF762FB00F040FEFFE70EE00498FFF78E
:100B80005BFB00F039FE0498FFF7F2FD18B1FFE7B8
:100B900000200C9002E0FFE7FFE76CE70C9810B034
:100BA00080BD00BF00BF00BF80B58EB00890079128
:100BB000069208980390039858B9FFE74FF0500049
:100BC00080F31188BFF36F8FBFF34F8F0A90FFE759
:100BD000FEE707990020009039B9FFE70398006C01
:100BE000002818BF01200090FFE70098C00758B107
:100BF000FFE74FF0500080F31188BFF36F8FBFF312
:100C00004F8F0990FFE7FEE704F0BEFDEFF311817F
:100C10004FF0500080F31188BFF36F8FBFF34F8FF9
:100C20000C910B900C9804900398806B02900298A2
:100C300098B3FFE7039890F844008DF807000398F5
:100C40000799FFF771FD02980138039988639DF9B0
:100C500007000130B8B9FFE70398006988B1FFE7E2
:100C60000398103001F020FC48B1FFE7069820B14E
:100C7000FFE706990120086000E0FFE700E0FFE7DA
:100C800000E0FFE706E09DF807000130039981F8D6
:100C90004400FFE70120059002E000200590FFE7F7
:100CA00004980D900D9880F3118805980EB080BDC2
:100CB00080B58EB00790069107980290029858B9B7
:100CC000FFE74FF0500080F31188BFF36F8FBFF341
:100CD0004F8F0A90FFE7FEE706990020019039B98F
:100CE000FFE70298006C002818BF01200190FFE781
:100CF0000198C00758B1FFE74FF0500080F311880A
:100D0000BFF36F8FBFF34F8F0990FFE7FEE70298A5
:100D1000006C58B9FFE74FF0500080F31188BFF323
:100D20006F8FBFF34F8F0890FFE7FEE704F02CFDB5
:100D3000EFF311814FF0500080F31188BFF36F8FF4
:100D4000BFF34F8F0C910B900C9804900298806B1E
:100D500068B1FFE70298C068039002980699FFF710
:100D6000E3FC03980299C8600120059002E000208E
:100D70000590FFE704980D900D9880F31188059871
:100D80000EB080BD00BF00BF80B584B00290029855
:100D900058B9FFE74FF0500080F31188BFF36F8F11
:100DA000BFF34F8F0390FFE7FEE704F041FC02988A
:100DB000806B019004F068FC019804B080BD00BF16
:100DC00080B584B0029002980090009858B9FFE76F
:100DD0004FF0500080F31188BFF36F8FBFF34F8F38
:100DE0000390FFE7FEE704F023FC0099C86B896BD2
:100DF000401A019004F048FC019804B080BD00BF87
:100E000084B0029002980090009858B9FFE74FF024
:100E1000500080F31188BFF36F8FBFF34F8F0390A3
:100E2000FFE7FEE70098806B0190019804B07047DF
:100E300080B584B0029002980190019858B9FFE7FC
:100E40004FF0500080F31188BFF36F8FBFF34F8FC7
:100E50000390FFE7FEE7019800F00EF8019890F884
:100E6000460020B9FFE7019804F08EF900E0FFE7A3
:100E700004B080BD00BF00BF82B001900020009090
:100E8000FFE7009807281FD8FFE7009947F64C00B6
:100E9000C2F2004000EBC1004068019988420DD1C8
:100EA000FFE7009A47F64C01C2F20041002041F8EA
:100EB0003200009A01EBC201486005E0FFE7FFE75E
:100EC000009801300090DCE702B0704700BF00BF1F
:100ED00084B0029002980090009858B9FFE74FF054
:100EE000500080F31188BFF36F8FBFF34F8F0390D3
:100EF000FFE7FEE70098806B18B9FFE7012001903B
:100F000002E000200190FFE7019804B0704700BFA5
:100F100084B0029002980090009858B9FFE74FF013
:100F2000500080F31188BFF36F8FBFF34F8F039092
:100F3000FFE7FEE70098806B0099C96B884203D1F8
:100F4000FFE70120019002E000200190FFE70198F7
:100F500004B0704700BF00BF83B002900191002031
:100F60000090FFE7009807281DD8FFE7009947F693
:100F70004C00C2F2004050F8310070B9FFE7019810
:100F8000009A47F64C01C2F2004141F83200029843
:100F9000009A01EBC201486005E0FFE7FFE7009817
:100FA00001300090DEE703B0704700BF00BF00BF14
:100FB00083B00290002000900190FFE7019807287D
:100FC0001BD8FFE7019947F64C00C2F2004000EB46
:100FD000C10040680299884209D1FFE7019947F6AC
:100FE0004C00C2F2004050F83100009005E0FFE7ED
:100FF000FFE7019801300190E0E7009803B07047E7
:1010000080B584B00390029101920398009004F09F
:101010000FFB009890F94400013028B9FFE70099D0
:10102000002081F84400FFE7009890F94500013066
:1010300028B9FFE70099002081F84500FFE704F098
:1010400023FB0098806B38B9FFE7009824300299A1
:10105000019A01F0FDF900E0FFE70098FFF7ECF8D6
:1010600004B080BD00000000B0B58EB0DDF850C007
:10107000DDF84CC0DDF848C00A900991089207934A
:10108000139858B9FFE74FF0500080F31188BFF371
:101090006F8FBFF34F8F0D90FFE7FEE7149858B99D
:1010A000FFE74FF0500080F31188BFF36F8FBFF35D
:1010B0004F8F0C90FFE7FEE75420049004985428CB
:1010C0000BD0FFE74FF0500080F31188BFF36F8F14
:1010D000BFF34F8F0B90FFE7FEE70498149820B3FF
:1010E000FFE7139808B3FFE7149806901398069942
:1010F00008630699022081F851000A980999089A14
:10110000079BDDF848C0069CEE460025CEF80C5043
:10111000CEF8084005ACCEF80440CEF800C000F090
:101120000BF8069800F094F802E000200590FFE725
:1011300005980EB0B0BD00BF80B588B0DDF834C0F2
:10114000DDF830C0DDF82CC0DDF828C00690059130
:10115000049203930C98006B049900EB810004380F
:101160000290029820F0070002909DF808004007C6
:1011700058B1FFE74FF0500080F31188BFF36F8F35
:10118000BFF34F8F0790FFE7FEE70598F8B1FFE741
:1011900000200190FFE701980F2813D8FFE705987A
:1011A000019A805C0C99114481F8340005980199EA
:1011B000405C08B9FFE705E0FFE7FFE70198013071
:1011C0000190E8E70C99002081F8430004E00C99B5
:1011D000002081F83400FFE70A98072803D3FFE7CF
:1011E00006200A9000E0FFE70A980C99C8620A9866
:1011F0000C9948640C990020009088640C98043085
:10120000FEF796FC0C981830FEF792FC00980C99AB
:1012100009610A99C1F107010C9A91610C9949621F
:101220000C99C8640C9981F8500002980699039AA9
:1012300004F08EF80C9908600B9820B1FFE70C9829
:101240000B99086000E0FFE708B080BD00BF00BF59
:1012500080B582B0019004F0EBF947F27431C2F22C
:10126000004108680130086043F2D410C2F2004027
:10127000006898B9FFE7019843F2D411C2F2004127
:10128000086047F27430C2F200400068012803D1C0
:10129000FFE701F0C9FF00E0FFE71CE047F68C0024
:1012A000C2F200400068A0B9FFE743F2D410C2F2D6
:1012B00000400068C06A0199C96A884207D8FFE700
:1012C000019843F2D411C2F20041086000E0FFE748
:1012D00000E0FFE7FFE747F28031C2F20041086813
:1012E000013008600198C16A012000FA01F247F25A
:1012F0008431C2F200410868104308600199C86A4D
:1013000000EB800243F2EC10C2F2004000EB8200DE
:101310000431FEF715FC04F0B7F947F68C00C2F271
:101320000040006870B1FFE743F2D410C2F2004001
:101330000068C06A0199C96A884201D2FFE700E0EB
:10134000FFE700E0FFE702B080BD00BF00BF00BFC5
:1013500070B58CB0DDF844C0DDF840C00B900A9148
:10136000ADF826200893BDF82600800003F050FD5C
:101370000590059880B1FFE7542003F049FD0790E0
:10138000079820B1FFE705980799086303E00598DF
:1013900003F0FAFEFFE702E000200790FFE707985E
:1013A000F0B1FFE70798002680F851600B980A9982
:1013B000BDF82620089BDDF840C0119C079DEE4635
:1013C000CEF80C60CEF80850CEF80440CEF800C03D
:1013D000FFF7B2FE0798FFF73BFF0120069003E0FE
:1013E0004FF0FF300690FFE706980CB070BD00BFCD
:1013F00080B584B0029004F01BF9029838B9FFE779
:1014000043F2D410C2F200400068009002E002985B
:101410000090FFE70098019001980430FEF7E8FB88
:10142000D0B9FFE70198C06A00EB800143F2EC10ED
:10143000C2F2004050F8210068B9FFE70198C16A84
:10144000012000FA01F247F28431C2F2004108683B
:1014500090430860FFE700E0FFE70198806A28B149
:10146000FFE701981830FEF7C3FB00E0FFE747F203
:101470008031C2F20041086801300860019843F2EF
:10148000D411C2F200410968884210D1FFE70198E7
:10149000011D47F6AC00C2F20040FEF751FB47F2D7
:1014A0007831C2F200410868013008600CE047F270
:1014B0007431C2F20041086801380860019800F0F8
:1014C00037F800F065F8FFE704F0DEF847F68C0027
:1014D000C2F20040006848B3FFE7019843F2D4111C
:1014E000C2F20041096888421ED1FFE747F27C3012
:1014F000C2F20040006858B1FFE74FF0500080F39F
:101500001188BFF36F8FBFF34F8F0390FFE7FEE7A4
:101510004EF60451CEF200014FF080500860BFF348
:101520004F8FBFF36F8F00E0FFE7FFE704B080BD90
:1015300080B582B00090009890F8510040B9FFE764
:101540000098006B03F020FE009803F01DFE1CE0E5
:10155000009890F85100012804D1FFE7009803F0AB
:1015600013FE11E0009890F8510002280BD0FFE71D
:101570004FF0500080F31188BFF36F8FBFF34F8F90
:101580000190FFE7FEE7FFE7FFE702B080BD00BF85
:1015900081B043F2DC10C2F200400068006840B93C
:1015A000FFE747F62401C2F200414FF0FF30086028
:1015B0000FE043F2DC10C2F200400068C068C0686F
:1015C00000900098406847F62401C2F2004108608C
:1015D000FFE701B0704700BF80B58AB00690059163
:1015E00000200290069858B9FFE74FF0500080F3B2
:1015F0001188BFF36F8FBFF34F8F0990FFE7FEE7AE
:10160000059858B9FFE74FF0500080F31188BFF3F9
:101610006F8FBFF34F8F0890FFE7FEE747F27C30F4
:10162000C2F20040006858B1FFE74FF0500080F36D
:101630001188BFF36F8FBFF34F8F0790FFE7FEE76F
:1016400000F056F847F6C000C2F200400068019072
:10165000069800680599084404900198069909685D
:10166000884210D2FFE7049806990968884208D298
:10167000FFE704980199884203D9FFE7012002900F
:1016800000E0FFE70FE0049806990968884205D357
:10169000FFE704980199884203D9FFE701200290EF
:1016A00000E0FFE7FFE7049806990860029838B168
:1016B000FFE704980199401A002100F021F800E0AA
:1016C000FFE700F099F80390039860B9FFE74EF642
:1016D0000451CEF200014FF080500860BFF34F8FED
:1016E000BFF36F8F00E0FFE70AB080BD00BF00BF0F
:1016F00047F27C31C2F2004108680130086070474F
:1017000080B584B00390029147F6C000C2F2004059
:101710000068009043F2D410C2F200400068043028
:10172000FEF766FA88B9FFE743F2D410C2F2004030
:101730000068C16A012000FA01F247F28431C2F266
:10174000004108689043086000E0FFE7039801301B
:1017500080B9FFE7029868B1FFE743F2D410C2F204
:1017600000400068011D47F69800C2F20040FEF7F5
:10177000E7F93DE00098039908440190019843F28D
:10178000D411C2F20041096848600198009988426A
:101790000ED2FFE743F2E410C2F20040006843F2C9
:1017A000D411C2F2004109680431FEF7E9F91EE0E4
:1017B00043F2DC10C2F20040006843F2D411C2F2DE
:1017C000004109680431FEF7DBF9019847F624016E
:1017D000C2F200410968884207D2FFE7019847F644
:1017E0002401C2F20041086000E0FFE7FFE7FFE7E5
:1017F00004B080BD00BF00BF80B584B0002002905F
:10180000019047F27C30C2F20040006858B9FFE70F
:101810004FF0500080F31188BFF36F8FBFF34F8FED
:101820000390FFE7FEE703F003FF47F27C30C2F2CC
:1018300000400168013901600068002840F08480A0
:10184000FFE747F27430C2F20040006800287AD007
:10185000FFE7FFE747F63800C2F200400068E0B358
:10186000FFE747F63800C2F20040C068C068029047
:1018700002981830FEF7BCF902980430FEF7B8F968
:101880000298C16A012000FA01F247F28431C2F2E3
:1018900000410868104308600299C86A00EB8002A2
:1018A00043F2EC10C2F2004000EB82000431FEF77C
:1018B00047F90298C06A43F2D411C2F200410968A4
:1018C000C96A884207D3FFE747F62051C2F20041B8
:1018D0000120086000E0FFE7BCE7029818B1FFE7CD
:1018E000FFF756FEFFE747F63400C2F200400068FB
:1018F00000900098E0B1FFE7FFE700F029FC38B165
:10190000FFE747F62051C2F200410120086000E0E5
:10191000FFE7009801380090FFE700980028ECD11D
:10192000FFE747F63401C2F200410020086000E002
:10193000FFE747F62050C2F20040006808B1FFE719
:1019400000E0FFE7FFE700E0FFE703F09DFE0198FE
:1019500004B080BD00BF00BF80B584B002900020FD
:1019600001900298E0B1FFE747F27C30C2F20040FC
:10197000006858B1FFE74FF0500080F31188BFF3C3
:101980006F8FBFF34F8F0390FFE7FEE7FFF7B0FEC7
:1019900002980021FFF7B4FEFFF72EFF019000E050
:1019A000FFE7019860B9FFE74EF60451CEF200015F
:1019B0004FF080500860BFF34F8FBFF36F8F00E090
:1019C000FFE704B080BD00BF80B584B0039003F092
:1019D0002FFE039838B9FFE743F2D410C2F200405B
:1019E0000068009002E003980090FFE700980290E2
:1019F0000298C06A019003F047FE019804B080BDD0
:101A000080B588B0049003F0BFFEEFF311814FF072
:101A1000500080F31188BFF36F8FBFF34F8F069193
:101A2000059006980190049838B9FFE743F2D41066
:101A3000C2F200400068009002E004980090FFE7C6
:101A4000009803900398C06A029001980790079845
:101A500080F31188029808B080BD00BF00BF00BFAE
:101A600080B588B006900591002001900598072860
:101A70000BD3FFE74FF0500080F31188BFF36F8F57
:101A8000BFF34F8F0790FFE7FEE70598072803D3C2
:101A9000FFE70620059000E0FFE703F0C9FD069888
:101AA00038B9FFE743F2D410C2F20040006800905A
:101AB00002E006980090FFE7009804900498406CBC
:101AC000039003980599884200F08E80FFE70598FF
:101AD000039988421AD9FFE7049843F2D411C2F25D
:101AE0000041096888420FD0FFE7059843F2D411FE
:101AF000C2F200410968C96A884203D3FFE70120A6
:101B0000019000E0FFE700E0FFE70DE0049843F2FA
:101B1000D411C2F200410968884203D1FFE70120D5
:101B2000019000E0FFE7FFE70498C06A0290049884
:101B3000C16A406C884204D1FFE705980499C862E5
:101B400000E0FFE70598049948640498C07E000609
:101B5000002806D4FFE70598C0F1070004998861C2
:101B600000E0FFE704984069029901EB810243F22B
:101B7000EC11C2F2004101EB820188422DD1FFE756
:101B800004980430FEF734F860B9FFE702990120A9
:101B900000FA01F247F28431C2F200410868904332
:101BA000086000E0FFE70498C16A012000FA01F232
:101BB00047F28431C2F2004108681043086004997A
:101BC000C86A00EB800243F2EC10C2F2004000EB66
:101BD00082000431FDF7B4FF00E0FFE7019808B18F
:101BE000FFE700E0FFE7FFE703F04EFD08B080BD30
:101BF00080B584B0029003F01BFD029838B9FFE76E
:101C000043F2D410C2F200400068009002E0029853
:101C10000090FFE70098019001980430FDF7E8FF7D
:101C2000D0B9FFE70198C06A00EB800143F2EC10E5
:101C3000C2F2004050F8210068B9FFE70198C16A7C
:101C4000012000FA01F247F28431C2F20041086833
:101C500090430860FFE700E0FFE70198806A28B141
:101C6000FFE701981830FDF7C3FF00E0FFE7019898
:101C7000011D47F69800C2F20040FDF761FF019890
:101C800090F85000012805D1FFE70199002081F864
:101C90005000FFE703F0F8FC47F68C00C2F200406A
:101CA000006838B1FFE703F0C3FCFFF771FC03F0F5
:101CB000EBFC00E0FFE7019843F2D411C2F20041CF
:101CC000096888423ED1FFE747F68C00C2F2004027
:101CD0000068F0B1FFE747F27C30C2F200400068D4
:101CE00058B1FFE74FF0500080F31188BFF36F8FBA
:101CF000BFF34F8F0390FFE7FEE74EF60451CEF29D
:101D000000014FF080500860BFF34F8FBFF36F8F1B
:101D100017E047F69800C2F20040006847F27431BD
:101D2000C2F200410968884207D1FFE743F2D411AB
:101D3000C2F200410020086002E000F009F8FFE76D
:101D4000FFE700E0FFE704B080BD00BF00BF00BFB9
:101D500085B047F27C30C2F20040006838B1FFE73E
:101D600047F62051C2F20041012008604DE047F6DD
:101D70002051C2F200410020086047F28430C2F2D4
:101D80000040006804900498B0FA80F08DF80F00CD
:101D90009DF80F00C0F11F000190019800EB800139
:101DA00043F2EC10C2F2004050F8210058B9FFE7AE
:101DB0004FF0500080F31188BFF36F8FBFF34F8F48
:101DC0000290FFE7FEE7019800EB800143F2EC1080
:101DD000C2F2004000EB8100009000994868406822
:101DE0004860009948680831884205D1FFE70099AA
:101DF000486840684860FFE700984068C06843F260
:101E0000D411C2F200410860FFE705B0704700BF7F
:101E100080B584B0029002980190029858B9FFE70B
:101E20004FF0500080F31188BFF36F8FBFF34F8FD7
:101E30000390FFE7FEE7019843F2D411C2F200419C
:101E40000968884239D0FFE70198B0B3FFE703F093
:101E5000EFFB019800F034F858B3FFE70198043025
:101E6000FDF7C6FE0198C16A012000FA01F247F2AF
:101E70008431C2F200410868104308600199C86AC1
:101E800000EB800243F2EC10C2F2004000EB820053
:101E90000431FDF755FE0198C06A43F2D411C2F235
:101EA00000410968C96A884201D3FFE700E0FFE703
:101EB00000E0FFE703F0E8FB00E0FFE704B080BDCF
:101EC00084B002900020019002980090029858B9C6
:101ED000FFE74FF0500080F31188BFF36F8FBFF31F
:101EE0004F8F0390FFE7FEE70098406947F698019F
:101EF000C2F20041884214D1FFE70098806A47F699
:101F00003801C2F20041884209D0FFE70098806A98
:101F100018B9FFE70120019000E0FFE700E0FFE7CC
:101F200000E0FFE7019804B0704700BF00BF00BFAA
:101F300080B588B003900020029003980190039828
:101F400058B9FFE74FF0500080F31188BFF36F8F4F
:101F5000BFF34F8F0490FFE7FEE703F015FCEFF3AC
:101F600011814FF0500080F31188BFF36F8FBFF3E2
:101F70004F8F06910590069800900198FFF7A0FFFB
:101F800000283FD0FFE747F27C30C2F200400068F3
:101F900068BBFFE70198C06A43F2D411C2F2004166
:101FA0000968C96A884203D3FFE70120029000E074
:101FB000FFE701980430FDF71BFE0198C16A01207C
:101FC00000FA01F247F28431C2F20041086810437E
:101FD00008600199C86A00EB800243F2EC10C2F27B
:101FE000004000EB82000431FDF7AAFD09E00198F2
:101FF00000F1180147F63800C2F20040FDF7A0FDDD
:10200000FFE700E0FFE700980790079880F311884A
:10201000029808B080BD00BF80B58AB00020039050
:102020000690059006A805A904AACEF77DFB039BA0
:10203000049A0599DDF818C06846C0F808C04160E8
:10204000036042F2F900C0F603004AF22E21C0F606
:102050000301FFF709F8014647F2C870C2F20040D9
:102060000160006818B1FFE70120079002E000203E
:102070000790FFE70798012804D1FFE701F04CF92A
:10208000079000E0FFE70798012823D1FFE74FF012
:10209000500080F31188BFF36F8FBFF34F8F09900B
:1020A00047F62401C2F200414FF0FF30086047F6C6
:1020B0008C01C2F200410120086047F6C001C2F263
:1020C00000410020086003F0AFF908B1FFE700E02D
:1020D000FFE70FE00798013058B9FFE74FF05000D5
:1020E00080F31188BFF36F8FBFF34F8F0890FFE726
:1020F000FEE7FFE70AB080BD80B582B00190FFE740
:1021000001F0DAF84EF60451CEF200014FF08050A3
:102110000860BFF34F8FBFF36F8FF1E700BF00BFC1
:1021200080B582B04FF0500080F31188BFF36F8FFD
:10213000BFF34F8F019047F68C01C2F2004100209F
:10214000086003F05DFA02B080BD00BF00BF00BFB1
:1021500080B586B00020029047F27C30C2F2004089
:102160000068002840F09680FFE747F6C001C2F201
:10217000004108680130019001980860019858BB3F
:10218000FFE743F2DC10C2F200400068006858B17B
:10219000FFE74FF0500080F31188BFF36F8FBFF35C
:1021A0004F8F0590FFE7FEE743F2DC12C2F20042D8
:1021B0001068009043F2E411C2F200410868106018
:1021C0000098086047F62801C2F200410868013013
:1021D0000860FFF7DDF900E0FFE7019847F624010A
:1021E000C2F200410968884253D3FFE7FFE743F298
:1021F000DC10C2F200400068006840B9FFE747F613
:102200002401C2F200414FF0FF30086040E043F289
:10221000DC10C2F200400068C068C06804900498F6
:102220004068039001980399884207D2FFE703981A
:1022300047F62401C2F20041086029E0FFE7049854
:102240000430FDF7D5FC0498806A28B1FFE70498B4
:102250001830FDF7CDFC00E0FFE70498C16A0120CB
:1022600000FA01F247F28431C2F2004108681043DB
:1022700008600499C86A00EB800243F2EC10C2F2D5
:10228000004000EB82000431FDF75AFCFFE7AEE7A7
:10229000FFE707E047F63401C2F200410868013069
:1022A0000860FFE7029806B080BD00BF00BF00BF16
:1022B00081B047F6C000C2F200400068009000986C
:1022C00001B0704700BF00BF80B582B003F05CFA78
:1022D0000020009047F6C000C2F200400068019064
:1022E000019802B080BD00BF47F27430C2F20040D6
:1022F0000068704700BF00BF84B00290029838B9F0
:10230000FFE743F2D410C2F200400068009002E000
:1023100002980090FFE700980190019858B9FFE7F4
:102320004FF0500080F31188BFF36F8FBFF34F8FD2
:102330000390FFE7FEE70198343004B0704700BF18
:1023400080B584B002900020019047F27C30C2F248
:102350000040006858B1FFE74FF0500080F311884B
:10236000BFF36F8FBFF34F8F0390FFE7FEE7FFF7D9
:10237000BFF9029A47F63401C2F2004108681044DE
:102380000860FFF739FA0190019804B080BD00BFE2
:1023900080B584B002900191029858B9FFE74FF0E0
:1023A000500080F31188BFF36F8FBFF34F8F0390FE
:1023B000FFE7FEE7029843F2D411C2F20041096838
:1023C0001831FDF7DDFB01980121FFF799F904B001
:1023D00080BD00BF00BF00BF80B586B003900291F2
:1023E0000192039858B9FFE74FF0500080F311882D
:1023F000BFF36F8FBFF34F8F0590FFE7FEE747F204
:102400007C30C2F20040006858B9FFE74FF050003E
:1024100080F31188BFF36F8FBFF34F8F0490FFE7F6
:10242000FEE7029840F0004043F2D411C2F20041AE
:102430000A689061039809681831FDF781FB0198DB
:102440000121FFF75DF906B080BD00BF00BF00BFEE
:1024500080B584B0029001910092029858B9FFE7CC
:102460004FF0500080F31188BFF36F8FBFF34F8F91
:102470000390FFE7FEE7029843F2D411C2F2004155
:1024800009681831FDF75CFB009820B1FFE74FF0B9
:10249000FF300190FFE701980099FFF731F904B090
:1024A00080BD00BF00BF00BF80B584B0029002981D
:1024B000C068C0680190019858B9FFE74FF050001C
:1024C00080F31188BFF36F8FBFF34F8F0390FFE747
:1024D000FEE701981830FDF78BFB47F27C30C2F223
:1024E00000400068F0B9FFE701980430FDF780FB79
:1024F0000198C16A012000FA01F247F28431C2F268
:1025000000410868104308600199C86A00EB800226
:1025100043F2EC10C2F2004000EB82000431FDF700
:102520000FFB09E0019800F1180147F63800C2F2EC
:102530000040FDF705FBFFE70198C06A43F2D411A4
:10254000C2F200410968C96A884208D9FFE7012040
:10255000009047F62051C2F20041086002E00020DE
:102560000090FFE7009804B080BD00BF00BF00BF2F
:1025700080B586B00390029147F27C30C2F20040F1
:10258000006858B9FFE74FF0500080F31188BFF39F
:102590006F8FBFF34F8F0590FFE7FEE7029840F083
:1025A0000040039908600398C0680190019858B9E9
:1025B000FFE74FF0500080F31188BFF36F8FBFF338
:1025C0004F8F0490FFE7FEE70398FDF711FB01989A
:1025D0000430FDF70DFB0198C16A012000FA01F2F9
:1025E00047F28431C2F20041086810430860019943
:1025F000C86A00EB800243F2EC10C2F2004000EB2C
:1026000082000431FDF79CFA0198C06A43F2D411AC
:10261000C2F200410968C96A884207D9FFE747F654
:102620002051C2F2004101200860FFE706B080BDE2
:1026300080B582B00090009858B9FFE74FF0500085
:1026400080F31188BFF36F8FBFF34F8F0190FFE7C7
:10265000FEE702F0EDFF47F62800C2F200400068F6
:102660000099086047F6C000C2F200400068009977
:10267000486003F009F802B080BD00BF00BF00BF92
:1026800081B0009047F62800C2F20040006800992F
:10269000086047F6C000C2F2004000680099486038
:1026A00001B0704700BF00BF80B588B005900491AD
:1026B000059858B9FFE74FF0500080F31188BFF339
:1026C0006F8FBFF34F8F0790FFE7FEE7049858B96D
:1026D000FFE74FF0500080F31188BFF36F8FBFF317
:1026E0004F8F0690FFE7FEE702F0A2FF47F6C0001B
:1026F000C2F2004000680290029805994968401AA9
:10270000019004980068013018B9FFE70020039099
:102710002BE047F62800C2F20040006805990968DE
:10272000884209D0FFE7029805994968884203D397
:10273000FFE70120039017E0019804990968884297
:102740000BD2FFE7019A04990868801A086005987F
:10275000FFF796FF0020039005E004990020086031
:1027600001200390FFE7FFE7FFE702F08DFF0398EA
:1027700008B080BD00BF00BF47F62051C2F2004143
:1027800001200860704700BF81B043F2D410C2F24C
:10279000004000680090009801B0704700BF00BF83
:1027A00081B047F68C00C2F20040006818B9FFE71C
:1027B000012000900DE047F27C30C2F2004000683A
:1027C00018B9FFE70220009002E000200090FFE728
:1027D000FFE7009801B0704780B584B0039003987C
:1027E000029000200190039800287ED0FFE7029815
:1027F000C06A43F2D411C2F200410968C96A884232
:1028000062D2FFE70298C07E000600280BD4FFE7E3
:1028100043F2D410C2F200400068C06AC0F1070061
:102820000299886100E0FFE702994869C96A01EBF3
:10283000810243F2EC11C2F2004101EB82018842B5
:1028400036D1FFE702980430FDF7D2F968B9FFE707
:102850000298C16A012000FA01F247F28431C2F203
:10286000004108689043086000E0FFE743F2D4109D
:10287000C2F200400068C06A0299C8620298C16A48
:10288000012000FA01F247F28431C2F200410868E7
:10289000104308600299C86A00EB800243F2EC1012
:1028A000C2F2004000EB82000431FDF749F908E074
:1028B00043F2D410C2F200400068C06A0299C862B4
:1028C000FFE7012001900FE00298406C43F2D41121
:1028D000C2F200410968C96A884203D2FFE70120B9
:1028E000019000E0FFE7FFE700E0FFE7019804B098
:1028F00080BD00BF00BF00BF80B586B003900398C5
:102900000290002001900398002800F07D80FFE7EE
:10291000029843F2D411C2F20041096888420BD0F8
:10292000FFE74FF0500080F31188BFF36F8FBFF3C4
:102930004F8F0590FFE7FEE70298806C58B9FFE7DC
:102940004FF0500080F31188BFF36F8FBFF34F8FAC
:102950000490FFE7FEE70299886C013888640299C9
:10296000C86A496C88424DD0FFE70298806C002805
:1029700046D1FFE702980430FDF73AF9D0B9FFE7F6
:102980000298C06A00EB800143F2EC10C2F20040F2
:1029900050F8210068B9FFE70298C16A012000FAE7
:1029A00001F247F28431C2F20041086890430860A6
:1029B000FFE700E0FFE70299486CC8620299C86A25
:1029C000C0F1070088610298C16A0120009000FAF6
:1029D00001F247F28431C2F20041086810430860F6
:1029E0000299C86A00EB800243F2EC10C2F2004088
:1029F00000EB82000431FDF7A3F80098019000E09D
:102A0000FFE700E0FFE700E0FFE7019806B080BDC8
:102A100080B588B00590049105980390012000903E
:102A20000598002800F09180FFE70398806C58B962
:102A3000FFE74FF0500080F31188BFF36F8FBFF3B3
:102A40004F8F0790FFE7FEE70398406C0499884298
:102A500003D2FFE70498019003E00398406C0190D3
:102A6000FFE70398C06A019988426CD0FFE703989A
:102A7000806C012865D1FFE7039843F2D411C2F2BC
:102A80000041096888420BD1FFE74FF0500080F306
:102A90001188BFF36F8FBFF34F8F0690FFE7FEE7FC
:102AA0000398C06A029001980399C8620398C07E97
:102AB0000006002806D4FFE70198C0F1070003993B
:102AC000886100E0FFE703984069029901EB810209
:102AD00043F2EC11C2F2004101EB820188422ED197
:102AE000FFE703980430FDF783F868B9FFE7039820
:102AF000C16A012000FA01F247F28431C2F20041BA
:102B000008689043086000E0FFE70398C16A01206D
:102B100000FA01F247F28431C2F200410868104322
:102B200008600399C86A00EB800243F2EC10C2F21D
:102B3000004000EB82000431FDF702F800E0FFE7FF
:102B400000E0FFE700E0FFE700E0FFE708B080BD3E
:102B500081B043F2D411C2F200410868806900904C
:102B60000868C06AC0F1070009688861009801B070
:102B7000704700BF00BF00BF43F2D410C2F2004054
:102B8000006848B1FFE743F2D410C2F20040016888
:102B9000886C01308864FFE743F2D410C2F2004031
:102BA0000068704700BF00BF80B584B003900291F9
:102BB00002F03EFD43F2D410C2F200400068C06C47
:102BC000E8B9FFE743F2D410C2F2004001680120E7
:102BD00081F85000029880B1FFE702980121FEF7CA
:102BE0008FFD4EF60451CEF200014FF08050086088
:102BF000BFF34F8FBFF36F8F00E0FFE700E0FFE709
:102C000002F042FD02F014FD43F2D410C2F2004083
:102C10000068C06C01900198A8B1FFE7039840B12B
:102C2000FFE743F2D410C2F2004001680020C864FC
:102C300008E00198013843F2D411C2F2004109685A
:102C4000C864FFE700E0FFE743F2D410C2F200409F
:102C50000168002081F8500002F016FD019804B0D0
:102C600080BD00BF00BF00BF80B586B00590049155
:102C70000392029302F0DCFC43F2D410C2F2004053
:102C8000006890F85000022822D0FFE7059B43F22D
:102C9000D410C2F200400268D16C9943D16401683B
:102CA000012081F85000029880B1FFE702980121CD
:102CB000FEF726FD4EF60451CEF200014FF0805093
:102CC0000860BFF34F8FBFF36F8F00E0FFE700E0B6
:102CD000FFE702F0D9FC02F0ABFC039848B1FFE734
:102CE00043F2D410C2F200400068C06C039908603F
:102CF000FFE743F2D410C2F20040006890F85000A1
:102D0000022803D0FFE7002001900BE0049A43F271
:102D1000D410C2F200400168C86C9043C86401201E
:102D20000190FFE743F2D410C2F200400168002096
:102D300081F8500002F0A8FC019806B080BD00BFE9
:102D400080B58CB0089007918DF81B200593012069
:102D50000390089858B9FFE74FF0500080F31188AE
:102D6000BFF36F8FBFF34F8F0B90FFE7FEE708981D
:102D7000049002F05DFC059828B1FFE70498C06C50
:102D800005990860FFE7049890F850008DF80B0053
:102D90000499022081F850009DF81B000146019122
:102DA000042822D80199DFE801F01F03090E120060
:102DB000079A0499C86C1043C86427E00499C86C4A
:102DC0000130C86422E007980499C8641EE09DF8A9
:102DD0000B00022804D0FFE707980499C86402E0BA
:102DE00000200390FFE711E010E00498C06C013070
:102DF00058B1FFE74FF0500080F31188BFF36F8F99
:102E0000BFF34F8F0A90FFE7FEE7FFE79DF80B0047
:102E100001283AD1FFE704980430FCF7E9FE049852
:102E2000C16A012000FA01F247F28431C2F2004186
:102E30000868104308600499C86A00EB800243F2F6
:102E4000EC10C2F2004000EB82000431FCF778FE87
:102E50000498806A58B1FFE74FF0500080F3118862
:102E6000BFF36F8FBFF34F8F0990FFE7FEE7049822
:102E7000C06A43F2D411C2F200410968C96A8842AB
:102E800001D9FFE700E0FFE700E0FFE702F0FCFB0D
:102E900003980CB080BD00BF80B590B0DDF848C08D
:102EA000099008918DF81F2006930120039009983E
:102EB00058B9FFE74FF0500080F31188BFF36F8FD0
:102EC000BFF34F8F0C90FFE7FEE702F05DFC09981F
:102ED0000590EFF311814FF0500080F31188BFF39C
:102EE0006F8FBFF34F8F0E910D900E980290069842
:102EF00028B1FFE70598C06C06990860FFE70598C0
:102F000090F850008DF813000599022081F85000C8
:102F10009DF81F0001460191042822D80199DFE89D
:102F200001F01F03090E1200089A0599C86C10439E
:102F3000C86427E00599C86C0130C86422E008988D
:102F40000599C8641EE09DF81300022804D0FFE72D
:102F500008980599C86402E000200390FFE711E09B
:102F600010E00598C06C013058B1FFE74FF05000F9
:102F700080F31188BFF36F8FBFF34F8F0B90FFE784
:102F8000FEE7FFE79DF81300012859D1FFE70598F8
:102F9000806A58B1FFE74FF0500080F31188BFF30B
:102FA0006F8FBFF34F8F0A90FFE7FEE747F27C3049
:102FB000C2F200400068F0B9FFE705980430FCF762
:102FC00017FE0598C16A012000FA01F247F2843128
:102FD000C2F200410868104308600599C86A00EB16
:102FE000800243F2EC10C2F2004000EB8200043198
:102FF000FCF7A6FD09E0059800F1180147F6380036
:10300000C2F20040FCF79CFDFFE70598C06A43F25E
:10301000D411C2F200410968C96A88420ED9FFE79B
:10302000129820B1FFE7129901200860FFE747F6E8
:103030002051C2F200410120086000E0FFE7FFE7F5
:1030400002980F900F9880F31188039810B080BDFC
:1030500080B58AB004900391049858B9FFE74FF007
:10306000500080F31188BFF36F8FBFF34F8F06902E
:10307000FFE7FEE702F088FB04980290EFF311816E
:103080004FF0500080F31188BFF36F8FBFF34F8F65
:103090000891079008980090029890F850008DF8D9
:1030A00007000299022081F850000299C86C013093
:1030B000C8649DF80700012859D1FFE70298806A8B
:1030C00058B1FFE74FF0500080F31188BFF36F8FC6
:1030D000BFF34F8F0590FFE7FEE747F27C30C2F267
:1030E00000400068F0B9FFE702980430FCF780FD6B
:1030F0000298C16A012000FA01F247F28431C2F25B
:1031000000410868104308600299C86A00EB800219
:1031100043F2EC10C2F2004000EB82000431FCF7F5
:103120000FFD09E0029800F1180147F63800C2F2DD
:103130000040FCF705FDFFE70298C06A43F2D41196
:10314000C2F200410968C96A88420ED9FFE70398B4
:1031500020B1FFE7039901200860FFE747F62051FF
:10316000C2F200410120086000E0FFE7FFE700989D
:103170000990099880F311880AB080BD00BF00BF94
:1031800080B584B00390039838B9FFE743F2D410B8
:10319000C2F200400068009002E003980090FFE750
:1031A0000098029002F044FA029890F85000022829
:1031B00007D1FFE70299002081F85000012001901B
:1031C00002E000200190FFE702F05EFA019804B0EF
:1031D00080BD00BF00BF00BF80B586B005900491E0
:1031E000059838B9FFE743F2D410C2F200400068F6
:1031F000019002E005980190FFE70198039002F02A
:1032000017FA43F2D410C2F200400068C06C02907A
:10321000049A0399C86C9043C86402F035FA029886
:1032200006B080BD00BF00BF80B584B00020039011
:10323000FFE70398062810D8FFE7039800EB80010A
:1032400043F2EC10C2F2004000EB8100FCF758FCA6
:10325000FFE7039801300390EBE747F29C50C2F27E
:1032600000400190FCF74CFC47F2B050C2F2004025
:103270000290FCF745FC47F63800C2F20040FCF72C
:103280003FFC47F6AC00C2F20040FCF739FC47F6C1
:103290009800C2F20040FCF733FC0199029843F217
:1032A000DC12C2F20042116043F2E411C2F20041AA
:1032B000086004B080BD00BF80B582B0FFE747F270
:1032C0007830C2F20040006808B3FFE702F0B0F9BE
:1032D00047F6AC00C2F20040C068C0680190019897
:1032E0000430FCF785FC47F27431C2F200410868F3
:1032F0000138086047F27831C2F2004108680138AD
:10330000086002F0C1F90198FEF712F9D7E702B0A0
:1033100080BD00000000000080B58AB00020089049
:1033200000F046F847F6C400C2F20040006858B307
:10333000FFE7002004900790069007A806A905AAB9
:10334000CDF70AFA049B059A0698DDF81CC0694679
:10335000C1F808C048600220086043F25940C0F636
:1033600003004AF23821C0F60301FDF77DFE014655
:1033700047F6C840C2F200400160006818B1FFE79C
:1033800001200890FFE700E0FFE7089858B9FFE741
:103390004FF0500080F31188BFF36F8FBFF34F8F52
:1033A0000990FFE7FEE708980AB080BD00BF00BFA4
:1033B00080B584B002F03CF947F6C400C2F2004088
:1033C0000068002840D1FFE747F27050C2F2004089
:1033D0000290FCF795FB47F28450C2F20040039044
:1033E000FCF78EFB0299039843F2D812C2F2004216
:1033F000116043F2E811C2F2004108606946002002
:10340000086043F2FE02C2F2004243F27813C2F2B5
:1034100000430A200C21FCF763FC014647F6C40078
:10342000C2F200400160006860B1FFE747F6C400E7
:10343000C2F2004000684AF23321C0F60301FDF7F2
:103440008BFD00E0FFE700E0FFE702F01DF904B0AC
:1034500080BD00BF00BF00BF80B584B00390FFE710
:1034600001A800F031FA02900298019900F04CFA9C
:1034700000F09AFAF4E700BF10B588B0DDF828C074
:103480000790069105920493282001F0C1FC039057
:10349000039898B1FFE70399002081F8240007986A
:1034A0000699059A049BDDF828C0039CEE46CEF8E9
:1034B0000440CEF800C000F007F8FFE7039808B01A
:1034C00010BD00BF00BF00BF80B586B0DDF824C0CE
:1034D000DDF820C00490039102920193039858B93B
:1034E000FFE74FF0500080F31188BFF36F8FBFF3F9
:1034F0004F8F0590FFE7FEE70998F0B1FFE7FFF770
:1035000057FF049809990860039809998861019800
:103510000999C86108980999086209980430FCF76C
:1035200007FB029840B1FFE7099991F8240040F0A9
:10353000040081F82400FFE7FFE706B080BD00BF6C
:1035400010B58AB0DDF834C0DDF830C007900691C0
:103550000592049328200290029828280BD0FFE7B8
:103560004FF0500080F31188BFF36F8FBFF34F8F80
:103570000990FFE7FEE702980D9858B9FFE74FF072
:10358000500080F31188BFF36F8FBFF34F8F089007
:10359000FFE7FEE70D980390039898B1FFE70399C2
:1035A000022081F8240007980699059A049BDDF80B
:1035B00030C0039CEE46CEF80440CEF800C0FFF7C2
:1035C00083FFFFE703980AB010BD00BF00BF00BF34
:1035D00080B58AB0DDF830C0089007910692059357
:1035E00000200490089858B9FFE74FF0500080F38E
:1035F0001188BFF36F8FBFF34F8F0990FFE7FEE78E
:1036000047F6C400C2F200400068A8B3FFE707987D
:1036100001900698029008980390079805281EDCF0
:10362000FFE7FFF7BDF802280CD1FFE747F6C4001B
:10363000C2F2004000680C9A01A90023FCF77CFC50
:1036400004900BE047F6C400C2F20040006801A9F4
:1036500000231A46FCF770FC0490FFE70BE047F6E6
:10366000C400C2F200400068059A01A90023FCF7DB
:103670003BFE0490FFE700E0FFE704980AB080BD3E
:1036800081B047F6C840C2F20040006858B9FFE771
:103690004FF0500080F31188BFF36F8FBFF34F8F4F
:1036A0000090FFE7FEE747F6C840C2F2004000681E
:1036B00001B0704700BF00BF83B001900198009037
:1036C000019858B9FFE74FF0500080F31188BFF31D
:1036D0006F8FBFF34F8F0290FFE7FEE7009880697E
:1036E00003B0704700BF00BF80B584B00290019165
:1036F00002980090029858B9FFE74FF0500080F30D
:103700001188BFF36F8FBFF34F8F0390FFE7FEE782
:1037100001F08EFF019840B1FFE7009991F8240075
:1037200040F0040081F8240007E0009991F824009B
:1037300000F0FB0081F82400FFE701F0A5FF04B0D2
:1037400080BD00BF00BF00BF80B584B0029002986A
:103750000190029858B9FFE74FF0500080F31188AC
:10376000BFF36F8FBFF34F8F0390FFE7FEE701F0CA
:103770005FFF019890F824004007002803D4FFE77A
:103780000020009002E001200090FFE701F07CFFA4
:10379000009804B080BD00BF84B0029002980190F0
:1037A000029858B9FFE74FF0500080F31188BFF33B
:1037B0006F8FBFF34F8F0390FFE7FEE701984068DC
:1037C0000090009804B0704783B001900198009079
:1037D000019858B9FFE74FF0500080F31188BFF30C
:1037E0006F8FBFF34F8F0290FFE7FEE700980068EE
:1037F00003B0704700BF00BF80B584B0029002984C
:103800000090029858B9FFE74FF0500080F31188FC
:10381000BFF36F8FBFF34F8F0390FFE7FEE701F019
:1038200007FF009890F82400C00718B9FFE70020B0
:10383000019002E001200190FFE701F025FF0198CF
:1038400004B080BD00BF00BF80B584B00290029874
:103850000190029858B9FFE74FF0500080F31188AB
:10386000BFF36F8FBFF34F8F0390FFE7FEE701F0C9
:10387000DFFE0198C069009001F006FF009804B0D7
:1038800080BD00BF00BF00BF80B584B00290019131
:1038900002980090029858B9FFE74FF0500080F36B
:1038A0001188BFF36F8FBFF34F8F0390FFE7FEE7E1
:1038B00001F0BEFE01980099C86101F0E5FE04B078
:1038C00080BD00BF00BF00BF82B0019043F2D8109E
:1038D000C2F2004000680068B0FA80F04009019927
:1038E00008600198006848B9FFE743F2D810C2F2B7
:1038F00000400068C0680068009002E0002000906E
:10390000FFE7009802B0704780B584B00390029141
:10391000FDF7EEFE684600F0F3F801900098D8BB82
:10392000FFE7029860B9FFE703980199884207D83A
:10393000FFE7FDF761FF0398019900F005F92AE020
:10394000029858B1FFE743F2E810C2F20040006865
:103950000068B0FA80F040090290FFE747F6C40023
:10396000C2F2004000680399019A891A029AFDF791
:1039700047FBFDF741FF60B9FFE74EF60451CEF279
:1039800000014FF080500860BFF34F8FBFF36F8F7F
:1039900000E0FFE7FFE702E0FDF72EFFFFE704B0DE
:1039A00080BD00BF00BF00BF80B58CB0FFE747F609
:1039B000C400C2F20040006807A90022FCF7D0FD55
:1039C000002800F09B80FFE70798002800F1958011
:1039D000FFE7099806900698406928B1FFE7069826
:1039E0000430FCF705F900E0FFE705A800F088F8CF
:1039F000039007980290092800F27D800299DFE881
:103A000001F00505053D456605053D45069991F81A
:103A1000240040F0010081F824000698089B816989
:103A20001944039A00F044F930B3FFE70698016A9D
:103A30008847069890F82400400700281AD5FFE729
:103A40000698089982690A44694600230B60194662
:103A5000FFF7BEFD0490049858B9FFE74FF05000FF
:103A600080F31188BFF36F8FBFF34F8F0B90FFE789
:103A7000FEE700E0FFE700E0FFE73DE0069991F890
:103A8000240000F0FE0081F8240035E0069991F84A
:103A9000240040F0010081F824000898069988610C
:103AA0000698806958B9FFE74FF0500080F31188FD
:103AB000BFF36F8FBFF34F8F0A90FFE7FEE70698C3
:103AC000039B816919441A4600F0F2F814E0069845
:103AD00090F824008007002804D4FFE7069801F03E
:103AE00053FB07E0069991F8240000F0FE0081F8EE
:103AF0002400FFE700E0FFE7FFE758E70CB080BDD8
:103B000080B582B00190FEF7D3FB0090009843F29D
:103B1000C011C2F200410968884206D2FFE700F0F6
:103B20005BF801990120086003E00199002008601A
:103B3000FFE7009843F2C011C2F20041086000980C
:103B400002B080BD00BF00BF80B586B00490039175
:103B500043F2D810C2F200400068C068C06801900B
:103B600001980430FCF744F8019890F824004007CD
:103B7000002823D5FFE70198049B81691944039A23
:103B800000F096F8C0B1FFE70198049A6946002357
:103B90000B601946FFF71CFD0290029858B9FFE729
:103BA0004FF0500080F31188BFF36F8FBFF34F8F3A
:103BB0000590FFE7FEE700E0FFE707E0019991F8D5
:103BC000240000F0FE0081F82400FFE70198016A5C
:103BD000884706B080BD00BF80B588B0FFE743F2DC
:103BE000D810C2F200400068006800284ED0FFE7FD
:103BF00043F2D810C2F200400168C9680968069112
:103C00000068C068C068039003980430FBF7F0FFB9
:103C10000398016A8847039890F824004007002819
:103C200032D5FFE7069803998969084405900598FD
:103C3000069988420FD9FFE70598039948600398D1
:103C4000006143F2D810C2F20040006803990431C9
:103C5000FBF796FF17E00398069A694600230B606E
:103C60001946FFF7B5FC0290029858B9FFE74FF0EC
:103C7000500080F31188BFF36F8FBFF34F8F079011
:103C8000FFE7FEE7FFE700E0FFE7A8E743F2D8120F
:103C9000C2F200421068049043F2E811C2F20041FF
:103CA000086810600498086008B080BD00BF00BFBD
:103CB00080B586B005900491039202930020019094
:103CC0000498059948600598006104980399884212
:103CD00016D8FFE703980299401A05998969884226
:103CE00003D3FFE70120019009E043F2E810C2F29C
:103CF0000040006805990431FBF742FFFFE717E039
:103D000003980299884208D2FFE7049802998842F2
:103D100003D3FFE70120019009E043F2D810C2F27B
:103D20000040006805990431FBF72AFFFFE7FFE731
:103D3000019806B080BD000080B5FEF76DF9002047
:103D400080BD00BF00BF00BF80B582B0FEF728FD78
:103D5000012803D1FFE70020019002E0012001903B
:103D6000FFE7019802B080BD80B582B000F010F886
:103D700020B1FFE7FEF7A8FA019003E0FEF798FAFA
:103D80000190FFE7019802B080BD00BF00BF00BFF7
:103D900081B0EFF3058000900098002818BF012043
:103DA00001B0704700BF00BFB0B590B00E900D914C
:103DB0000E98406938B3FFE70E98806918B3FFE7A3
:103DC0000E980168089141680B91016909910D995C
:103DD0000A91B0F9080000F03FF80899099A0A9B87
:103DE00084460B98DDF838E0DEF81440DEF8185011
:103DF000EE46CEF80850CEF80440CEF800C0FDF7ED
:103E000033F90C9020E00E98016804914168079105
:103E1000018A05910D990691B0F9080000F01CF88F
:103E20000499059A069B84460798EE460CACCEF89A
:103E30000440CEF800C0FDF78BFA012803D0FFE75D
:103E400000200F9003E0FFE70C980F90FFE70F981A
:103E500010B0B0BD00BF00BF82B0ADF806000020BA
:103E60000090BDF90600842807D0FFE7BDF90600E1
:103E70000099084403300090FFE7009802B07047B3
:103E800080B5FEF781FC80BD80B582B001900198BD
:103E9000FDF7AEFA002002B080BD00BF00BF00BF3A
:103EA0004EF60451CEF200014FF080500860BFF38F
:103EB0004F8FBFF36F8F0020704700BF00BF00BF60
:103EC00080B584B00390ADF80A1003980190BDF955
:103ED0000A00FFF7C1FF01460198FDF7C1FD002070
:103EE00004B080BD00BF00BF80B582B00090FFF776
:103EF0004FFF40B1FFE70098FDF782FD00F010F89A
:103F0000ADF8060007E00098FDF75EFD00F008F848
:103F1000ADF80600FFE7BDF9060002B080BD00BFA6
:103F200082B001908420ADF802000198062805D8DF
:103F3000FFE701980338ADF80200FFE7BDF9020082
:103F400002B0704700BF00BF80B584B003900398F3
:103F50000290029818B1FFE70298019002E0012058
:103F60000190FFE70198FDF7F7FC002004B080BD49
:103F700080B586B004908DF80F10029204984068C6
:103F8000C0B1FFE79DF80F000138B0FA80F0420998
:103F9000029B04990868D1F804C06946C1F804C0BE
:103FA00008604AF22D20C0F603000121FFF7C8FA8D
:103FB000059013E09DF80F000138B0FA80F0420937
:103FC000029B04980068694608604AF22D20C0F6FA
:103FD00003000121FFF750FA0590FFE7059806B0AE
:103FE00080BD00BF00BF00BF80B586B005900491C2
:103FF00000200390029004980190019818B9FFE7FF
:1040000001200190FFE7FFF7C3FE00B3FFE705982B
:10401000019A6B4600211960092102ABFFF7D8FA1B
:10402000012803D0FFE7FF2003900FE0029860B162
:10403000FFE74EF60451CEF200014FF080500860C9
:10404000BFF34F8FBFF36F8FFFE7FFE70EE00598D9
:10405000019A694600230B600421FFF7B9FA012891
:1040600003D0FFE7FF200390FFE7FFE7039806B0C8
:1040700080BD00BF00BF00BF80B586B004900020A7
:1040800003900290FFF784FEF0B1FFE704986946C1
:1040900000220A60082102ABFFF79AFA012803D038
:1040A000FFE7FF20059021E0029860B1FFE74EF6A0
:1040B0000451CEF200014FF080500860BFF34F8FE3
:1040C000BFF36F8FFFE70EE00498694600230B6093
:1040D00003211A46FFF77CFA012803D0FFE7FF20EF
:1040E0000390FFE7FFE703980590FFE7059806B008
:1040F00080BD00BF00BF00BF80B584B0029000202B
:104100000190FFF745FE18B1FFE78220039013E00E
:1041100002986A464FF0FF311160052100231A46CC
:10412000FFF756FA012803D0FFE7FF200190FFE7D1
:10413000FFE701980390FFE7039804B080BD00BF3C
:1041400080B586B004900391002002900190FFF7A3
:104150001FFE00B3FFE7049803996B4602AA1A609A
:10416000012201ABFEF798FE012804D0FFE74FF0D3
:104170000040059020E0029860B1FFE74EF6045140
:10418000CEF200014FF080500860BFF34F8FBFF3B5
:104190006F8FFFE70DE004980399012201ABFEF752
:1041A000CFFD012804D0FFE74FF00040059003E069
:1041B000FFE701980590FFE7059806B080BD00BFB6
:1041C00080B586B001910146019802910590049254
:1041D0000020486003900498013020B9FFE74FF0B9
:1041E000FF3003900CE0049848B1FFE70498039077
:1041F000039818B9FFE701200390FFE7FFE7FFE707
:10420000FFF7C6FD20B1FFE702998220086025E094
:1042100002980599021D039B0020FEF725FD012849
:104220000CD0FFE7039820B9FFE70299002008604F
:1042300003E0029940200860FFE70EE00298406822
:10424000B0F1FF3F04DCFFE702998620086003E03D
:10425000029908200860FFE7FFE7FFE706B080BD8E
:1042600080B582B000900098406838B1FFE70098B0
:1042700041680120FBF744FE019004E00120FBF7B8
:1042800013FE0190FFE7019802B080BD00BF00BFA0
:1042900080B586B00490039100200190049818B96D
:1042A000FFE78020059043E0002002900398013052
:1042B00020B9FFE74FF0FF3002900CE0039848B1BF
:1042C000FFE703980290029818B9FFE701200290D7
:1042D000FFE7FFE7FFE7FFF75BFDD8B1FFE70498D3
:1042E000002101AAFCF760FC012803D0FFE7FF20B2
:1042F00005901DE0019860B1FFE74EF60451CEF243
:1043000000014FF080500860BFF34F8FBFF36F8FF5
:10431000FFE70AE004980299FCF73EFA012803D06F
:10432000FFE7FF20059003E0FFE700200590FFE78F
:10433000059806B080BD00BF80B584B00290002013
:1043400001900090FFF724FDD0B1FFE70298694685
:10435000FCF772F8012803D0FFE7FF2003901FE06D
:10436000009860B1FFE74EF60451CEF200014FF025
:1043700080500860BFF34F8FBFF36F8FFFE70CE0F3
:104380000298002319461A46FBF7D6FD012803D0F0
:10439000FFE7FF200190FFE7FFE701980390FFE7A9
:1043A000039804B080BD00BF80B582B00090FFF7D5
:1043B000EFFC18B1FFE78220019005E00098FCF7C0
:1043C00037FD00200190FFE7019802B080BD00BFDB
:1043D00080B586B0049003910498406898B1FFE7D7
:1043E000039801280CD1FFE704984368694603202D
:1043F0000860012000221146FBF772FC05901CE0CA
:104400000020059019E00398012813D1FFE701204F
:1044100000210322FBF70CFD0290029838B1FFE760
:104420000298002319461A46FBF786FDFFE702981B
:10443000059002E000200590FFE7059806B080BDDA
:1044400080B586B00490039100200190049818B9BB
:10445000FFE78020059043E00020029003980130A0
:1044600020B9FFE74FF0FF3002900CE0039848B10D
:10447000FFE703980290029818B9FFE70120029025
:10448000FFE7FFE7FFE7FFF783FCD8B1FFE70498FA
:10449000002101AAFCF788FB012803D0FFE7FF20D9
:1044A00005901DE0019860B1FFE74EF60451CEF291
:1044B00000014FF080500860BFF34F8FBFF36F8F44
:1044C000FFE70AE004980299FCF766F9012803D097
:1044D000FFE7FF20059003E0FFE700200590FFE7DE
:1044E000059806B080BD00BF80B584B00290002062
:1044F00001900090FFF74CFCD0B1FFE702986946AD
:10450000FBF79AFF012803D0FFE7FF2003901FE08D
:10451000009860B1FFE74EF60451CEF200014FF073
:1045200080500860BFF34F8FBFF36F8FFFE70CE041
:104530000298002319461A46FBF7FEFC012803D017
:10454000FFE7FF200190FFE7FFE701980390FFE7F7
:10455000039804B080BD00BF80B582B00090FFF723
:1045600017FC18B1FFE78220019005E00098FCF7E6
:104570005FFC00200190FFE7019802B080BD00BF02
:1045800080B584B0039003984068033020F00300A6
:104590000190142000F03CFC02900298002846D0C4
:1045A000FFE7039800680299886001980299C86043
:1045B0000299002008610398006800F029FC029924
:1045C00048600298406858B3FFE703980068019973
:1045D000484300F01DFC0299086002980068A0B1F1
:1045E000FFE700200090FFE70098039909688842E0
:1045F0000AD2FFE702984168009A00208854FFE73A
:10460000009801300090EFE709E00298406800F060
:10461000BBFD029800F0B8FD00200290FFE705E026
:10462000029800F0B1FD00200290FFE7FFE702983A
:1046300004B080BD00BF00BF80B588B004900020EA
:1046400003900290FFF7A4FB78B1FFE7EFF311812D
:104650004FF0500080F31188BFF36F8FBFF34F8F7F
:10466000069105900698039002E000F0E1FFFFE755
:1046700000200190FFE7019804998968884225D2BB
:10468000FFE7049881680069019A0244B2FBF1F0E7
:1046900000FB11200090049840680099405C80B9AC
:1046A000FFE704984168009A012088540499009813
:1046B0000A68C96800FB012002900098049908610B
:1046C00004E0FFE7019801300190D4E7FFF760FBB9
:1046D00030B1FFE703980790079880F3118802E054
:1046E00000F0D2FFFFE7029808B080BD00BF00BF16
:1046F00080B582B001900198FFF79EFF009000986E
:1047000020B1FFE7009900200860FFE7009802B0A1
:1047100080BD00BF00BF00BF84B00290019102982D
:1047200018B9FFE78020039035E0019818B9FFE73A
:10473000802003902FE0019802990968884203D2F3
:10474000FFE78020039026E0019802990968401A4B
:104750000090009A0298C168B2FBF1F000FB1120B2
:1047600018B1FFE78020039015E000980299C9680E
:10477000B0FBF1F00090009802998968884203D359
:10478000FFE78020039006E002984168009A00202D
:1047900088540390FFE7039804B0704700BF00BF40
:1047A00080B584B0029001910298806890B1FFE7D3
:1047B0000298C06870B1FFE7029B186859689A6850
:1047C000DB68EE464FF0000CCEF800C0FBF788FA2D
:1047D000039007E00299086849680022FBF728FB6C
:1047E0000390FFE7039804B080BD00BF00BF00BF87
:1047F00080B586B004900391029200200190029847
:104800000090009818B9FFE701200090FFE7FFF73C
:10481000BFFAE0B1FFE7049803A901AA0023FBF760
:1048200063FD012803D0FFE7FF2005901FE00198FA
:1048300060B1FFE74EF60451CEF200014FF0805018
:104840000860BFF34F8FBFF36F8FFFE70CE0049852
:10485000009A03A90023FBF76FFB012803D0FFE7B1
:10486000FF20059003E0FFE700200590FFE7059893
:1048700006B080BD00BF00BF80B586B00091014684
:104880000098019105900492059888600020486086
:10489000059820B9FFE701998020086053E00020C7
:1048A000039002900498013020B9FFE74FF0FF30E9
:1048B00002900CE0049848B1FFE704980290029837
:1048C00018B9FFE701200290FFE7FFE7FFE7FFF7D6
:1048D0005FFA08B3FFE701990598043103AAFCF7D2
:1048E00063F9012804D1FFE701991020086003E073
:1048F000019900200860FFE7039860B1FFE74EF6DA
:104900000451CEF200014FF080500860BFF34F8F8A
:10491000BFF36F8FFFE715E0019905980431029A04
:10492000FBF71EFE012804D1FFE701991020086063
:1049300007E001990298002818BF01208001086053
:10494000FFE7FFE7FFE706B080BD00BF00BF00BF85
:1049500080B586B004900391049800680090049894
:1049600040680190002002900C2000F051FA049958
:104970008968086004988068006818B9FFE700201B
:10498000059035E00498816809680860049800681B
:1049900004210022FBF74CFA0499896809684860F1
:1049A000049880680068406840B9FFE70498806810
:1049B000006800F0E9FB0020059019E06846FFF769
:1049C000DFFD049989680968886004988068006838
:1049D000806840B9FFE704988068006800F0D4FB65
:1049E0000020059004E00498806800680590FFE7C7
:1049F000059806B080BD00BF80B584B002900191DB
:104A0000029818B9FFE70020039007E00298806839
:104A1000FFF712FE009000980390FFE7039804B0A0
:104A200080BD00BF00BF00BF80B584B0039002917D
:104A300003980299FFF7E0FF00900098A0B1FFE70C
:104A400000200190FFE701980399096849688842AE
:104A500009D2FFE70099019A00208854FFE70198E6
:104A600001300190EFE7FFE7009804B080BD00BF80
:104A700080B584B002900191029818B9FFE78020B8
:104A8000039033E000200090FFF782F9E8B1FFE7E0
:104A90000298406801A96A460023FBF725FC01281B
:104AA00003D0FFE7FF20039020E0009860B1FFE70C
:104AB0004EF60451CEF200014FF080500860BFF373
:104AC0004F8FBFF36F8FFFE70DE00298406801A999
:104AD00000231A46FBF730FA012803D0FFE7FF2036
:104AE000039003E0FFE700200390FFE7039804B082
:104AF00080BD00BF00BF00BF80B586B000910146F9
:104B0000009801910590049205988860059820B955
:104B1000FFE701998020086055E000200390029093
:104B20000498013020B9FFE74FF0FF3002900CE00D
:104B3000049848B1FFE704980290029818B9FFE77B
:104B400001200290FFE7FFE7FFE7FFF721F910B32D
:104B5000FFE7019905984068043103AAFCF724F89F
:104B6000012804D1FFE701992020086003E00199A2
:104B700000200860FFE7039860B1FFE74EF604519C
:104B8000CEF200014FF080500860BFF34F8FBFF3AB
:104B90006F8FFFE716E00199059840680431029A8B
:104BA000FBF7DEFC012804D1FFE701992020086013
:104BB00007E001990298002818BF012080010860D1
:104BC000FFE7FFE7FFE706B080BD00BF00BF00BF03
:104BD00080B584B002900191029818B9FFE7802057
:104BE000039006E0029880680199FFF795FD039015
:104BF000FFE7039804B080BD80B5FDF7D1FD012823
:104C000003D0FFE700F0A0FDFFE780BD00BF00BFBD
:104C100080B582B001900198FCF7EAFF002002B055
:104C200080BD00BF00BF00BF80B582B00190FFF71C
:104C3000AFF898B1FFE70198FDF77AF901280CD198
:104C4000FFE74EF60451CEF200014FF080500860AD
:104C5000BFF34F8FBFF36F8FFFE703E00198FDF7BE
:104C6000D7F8FFE7002002B080BD00BF00BF00BF43
:104C700080B5FCF73DFD002080BD00BF00BF00BF38
:104C800080B582B0FCF7B8FD012803D1FFE7002012
:104C9000019002E0FF200190FFE7019802B080BD83
:104CA00080B586B005900491049803900598029011
:104CB000039818B1FFE70398019002E001200190EA
:104CC000FFE702980199FCF787FC002006B080BD41
:104CD00081B00090812001B0704700BF00BF00BFCD
:104CE00081B00090002001B0704700BF00BF00BF3E
:104CF00080B586B001910146019802910590049219
:104D000005988860059820B9FFE70299802008601F
:104D10002CE0002003900498013020B9FFE74FF009
:104D2000FF3003900CE0049848B1FFE7049803902B
:104D3000039818B9FFE701200390FFE7FFE7FFE7BB
:104D4000029905980431039AFBF746FE012804D125
:104D5000FFE702991020086007E0029903980028F5
:104D600018BF012080010860FFE7FFE706B080BDA3
:104D700080B582B00090FFF70BF828B1FFE70098EC
:104D8000FCF73EF8019004E00098FBF7FDFF01906E
:104D9000FFE7019802B080BD80B582B00190019814
:104DA000FCF70EF802B080BD80B582B00090FEF72F
:104DB000EFFF18B1FFE78220019005E00098FCF7B3
:104DC00037F800200190FFE7019802B080BD00BFD6
:104DD00081B00090002001B0704700BF00BF00BF4D
:104DE00081B00090812001B0704700BF00BF00BFBC
:104DF00082B001900091812002B0704700BF00BFD7
:104E000080B582B001900198FBF7BEFF02B080BD73
:104E100080B58AB0069000200290FCF769FC43F24E
:104E2000E010C2F20040006818B9FFE700F0E8F8AF
:104E300000E0FFE7069847F29851C2F20041096886
:104E4000084240F0C580FFE7069800B3FFE70698E8
:104E5000083006909DF818004007B0B1FFE70698AB
:104E600020F00700083006909DF81800400758B160
:104E7000FFE74FF0500080F31188BFF36F8FBFF34F
:104E80004F8F0990FFE7FEE700E0FFE700E0FFE754
:104E90000698002800F09A80FFE7069847F2C45170
:104EA000C2F200410968884200F29080FFE747F6AD
:104EB0009000C2F20040049000680590FFE705985A
:104EC0004168069A00209142019007D2FFE70598B9
:104ED0000068002818BF01200190FFE70198C00773
:104EE00030B1FFE705980490059800680590E6E763
:104EF000059843F2E011C2F200410968884263D08C
:104F0000FFE704980068083002900598006804994B
:104F10000860059840680699401A112821D3FFE7D8
:104F200005980699084403909DF80C00400758B175
:104F3000FFE74FF0500080F31188BFF36F8FBFF38E
:104F40004F8F0890FFE7FEE7059840680699401AE2
:104F500003994860069805994860039800F0B0F8F6
:104F600000E0FFE70598426847F2C450C2F20040F3
:104F70000168891A0160006847F62001C2F2004109
:104F8000096888420BD2FFE747F2C450C2F20040E2
:104F9000006847F62001C2F20041086000E0FFE728
:104FA00047F29850C2F200400268059948681043E1
:104FB000486005990020086047F62C01C2F20041C4
:104FC00008680130086000E0FFE700E0FFE700E06C
:104FD000FFE7FCF711FC9DF80800400758B1FFE718
:104FE0004FF0500080F31188BFF36F8FBFF34F8FE6
:104FF0000790FFE7FEE702980AB080BD00BF00BF40
:1050000084B04FF47050009043F26870C2F20040D8
:1050100001909DF80400400788B1FFE70198073030
:105020000190019820F007000190019A43F2687105
:10503000C2F200410098891A08440090FFE70198E5
:105040000290029947F69000C2F2004001600021F0
:1050500041600298009A104401900198083801902C
:10506000019820F007000190019A43F2E010C2F28B
:105070000040026002685160026811600299039169
:105080000199039A891A516000680399086003988E
:10509000406847F62001C2F200410860039840686A
:1050A00047F2C451C2F20041086047F29851C2F27F
:1050B00000414FF00040086004B0704700BF00BFDF
:1050C00083B0029047F69000C2F200400190FFE7E3
:1050D000019800680299884205D2FFE7FFE701982E
:1050E00000680190F4E701980090009801994968E0
:1050F00008440299884209D1FFE702984268019961
:105100004868104448600198029000E0FFE7029868
:1051100000900098029949680844019909688842FA
:1051200020D1FFE70198006843F2E011C2F200418C
:10513000096888420DD0FFE701980068426802992B
:105140004868104448600198006800680299086047
:1051500007E043F2E010C2F20040006802990860E4
:10516000FFE704E00198006802990860FFE70198F2
:105170000299884204D0FFE702980199086000E094
:10518000FFE703B0704700BF80B586B00390039877
:105190000290039800285CD0FFE70298083802903C
:1051A000029801900198406847F29851C2F200417C
:1051B000096808420BD1FFE74FF0500080F31188D7
:1051C000BFF36F8FBFF34F8F0590FFE7FEE70198A6
:1051D000006858B1FFE74FF0500080F31188BFF32B
:1051E0006F8FBFF34F8F0490FFE7FEE70198406891
:1051F00047F29851C2F200410968084227D0FFE700
:105200000198006808BBFFE747F29850C2F20040DF
:1052100002680199486890434860FCF769FA019870
:10522000426847F2C451C2F2004108681044086065
:105230000198FFF745FF47F63001C2F200410868C8
:1052400001300860FCF7D8FA00E0FFE700E0FFE774
:10525000FFE706B080BD00BF47F2C450C2F2004075
:105260000068704700BF00BF47F62000C2F2004050
:105270000068704700BF00BF704700BF00BF00BF9D
:1052800080B586B005900020039002904FF0FF306B
:105290000190FCF72DFA47F69000C2F2004000683A
:1052A0000490049830B3FFE7FFE7039801300390C0
:1052B000049840680299884204D9FFE7049840683E
:1052C0000290FFE7049840680199884204D2FFE702
:1052D000049840680190FFE7049800680490FFE795
:1052E000049843F2E011C2F2004109688842DCD11F
:1052F000FFE7FFE7FCF780FA0298059948600198FC
:105300000599886003980599C86000F091F947F203
:10531000C450C2F2004000680599086047F62C00AE
:10532000C2F2004000680599486147F63000C2F2B9
:10533000004000680599886147F62000C2F20040ED
:1053400000680599086100F09FF906B080BD000073
:1053500083B0029001910092029804380290029961
:105360004FF080700860029804380290019820F095
:10537000010002990860029804380290029945F2EF
:10538000B130C0F60300086002981438029000980B
:105390000299086002980438029002996FF00200A6
:1053A0000860029820380290029803B0704700BF4E
:1053B00083B00020009040F24010C2F2004000682C
:1053C000013058B1FFE74FF0500080F31188BFF370
:1053D0006F8FBFF34F8F0290FFE7FEE74FF0500053
:1053E00080F31188BFF36F8FBFF34F8F0190FFE7FA
:1053F000009808B9FFE7FBE703B0704700BF00BFA4
:10540000074B19680868B0E8F04F80F30988BFF3CC
:105410006F8F4FF0000080F31188704700BF00BF0E
:10542000D431002400BF00BF80B588B04EF60050D4
:10543000CEF2000000684CF27121C4F20F118842D4
:105440000BD1FFE74FF0500080F31188BFF36F8F4F
:10545000BFF34F8F0790FFE7FEE74EF60050CEF206
:10546000000000684CF27021C4F20F1188420BD189
:10547000FFE74FF0500080F31188BFF36F8FBFF349
:105480004F8F0690FFE7FEE74EF20040CEF200009D
:10549000039001780491FF21017000788DF80B00D2
:1054A0009DF80B0000F0500047F26831C2F2004155
:1054B000087047F26C31C2F2004107200860FFE734
:1054C0009DF80B00000600280DD5FFE747F26C3170
:1054D000C2F200410868013808609DF80B004000E6
:1054E0008DF80B00ECE747F26C30C2F20040006828
:1054F00003280BD0FFE74FF0500080F31188BFF373
:105500006F8FBFF34F8F0590FFE7FEE747F26C31D7
:10551000C2F20041086800020860086800F4E06018
:10552000086004984EF20041CEF2000108704EF679
:105530002051CEF20001086840F47000086008684D
:1055400040F07040086000F01BF840F24011C2F2D9
:10555000004100200190086000F036F84EF63471EA
:10556000CEF20001086840F04040086000F034F8D6
:10557000FCF7EEFBFFF71CFF019808B080BD00BFF1
:105580004EF21001CEF20001002008604EF2180227
:10559000CEF20002106040F22C00C2F2004000681F
:1055A00044F6D352C1F26202A0FB02024FF0FF3078
:1055B00000EB92104EF21402CEF2000210600720AF
:1055C0000860704700BF00BFDFF84002016841F487
:1055D00070010160704700BF8D480068006880F36B
:1055E00008884FF0000080F3148862B661B6BFF3FC
:1055F0004F8FBFF36F8F00DF00BF00BF00BF00BF42
:1056000081B040F24010C2F200400068B0F57A7FED
:105610000BD0FFE74FF0500080F31188BFF36F8F7E
:10562000BFF34F8F0090FFE7FEE701B0704700BF68
:1056300082B04FF0500080F31188BFF36F8FBFF33B
:105640004F8F019040F24010C2F2004001680131DA
:1056500001600068012814D1FFE74EF60450CEF235
:1056600000000068000658B1FFE74FF0500080F3DB
:105670001188BFF36F8FBFF34F8F0090FFE7FEE7F6
:10568000FFE702B0704700BF82B040F24010C2F2A4
:105690000040006858B9FFE74FF0500080F31188D0
:1056A000BFF36F8FBFF34F8F0090FFE7FEE740F22D
:1056B0004010C2F20040016801390160006830B951
:1056C000FFE700200190019880F31188FFE702B006
:1056D000704700BF00BF00BFEFF30980BFF36F8FBB
:1056E000174B1A681EF0100F08BF20ED108A20E932
:1056F000F04F10602DE909004FF0500080F3118841
:10570000BFF34F8FBFF36F8FFCF722FB4FF000000A
:1057100080F31188BDE8090019680868B0E8F04F07
:105720001EF0100F08BFB0EC108A80F30988BFF399
:105730006F8F704700BF00BF00BF00BF00BF00BF3A
:10574000D431002400BF00BF80B582B04FF05000BC
:1057500080F31188BFF36F8FBFF34F8F0090FCF77A
:10576000F7FC40B1FFE74EF60451CEF200014FF0D6
:1057700080500860FFE700200190019880F31188B5
:1057800002B080BD00BF00BF84B0EFF30580019080
:10579000019810281ED3FFE701984EF2F031CEF2A7
:1057A0000001405C8DF803009DF8030047F268316A
:1057B000C2F20041097888420BDAFFE74FF050004F
:1057C00080F31188BFF36F8FBFF34F8F0390FFE714
:1057D000FEE7FFE74EF60C50CEF20000006800F442
:1057E000E06047F26C31C2F20041096888420BD98F
:1057F000FFE74FF0500080F31188BFF36F8FBFF3C6
:105800004F8F0290FFE7FEE704B0704788ED00E09D
:1058100008ED00E00000000080B584B00290019126
:105820008DF80320029820B9FFE703208DF80F00C0
:1058300023E002990020C1F8B8020299C1F8C4021D
:105840000299C1F8D002019828B1FFE701980299A6
:10585000C1F8B402FFE70299012081F89C029DF88B
:105860000300029908700298CDF712F98DF8020032
:105870009DF802008DF80F00FFE79DF80F0004B0BF
:1058800080BD00BF00BF00BF80B582B0019001980D
:10589000CDF7A6F90199012081F89C020198D0F872
:1058A000B80238B1FFE70198D0F8B8124A68017918
:1058B0009047FFE701990020C1F8C4020199C1F89F
:1058C000B4020199C1F8D0020198CDF725F98DF8FD
:1058D00003009DF8030002B080BD00BF00BF00BF01
:1058E00080B584B0029001910020ADF802000198CB
:1058F00020B9FFE703208DF80F0026E001980299F8
:10590000C1F8B8020298D0F8D41200EB8100D0F8A8
:10591000B802C06A78B1FFE70298D0F8D41200EB61
:105920008100D0F8B802C16A0DF1020088470299DF
:10593000C1F8D002FFE70299D1F8D8020130C1F8CE
:10594000D80200208DF80F00FFE79DF80F0004B08B
:1059500080BD00BF00BF00BF80B582B0019001983C
:10596000CDF722F902B080BD80B582B001900198D8
:10597000CDF736F90198D0F8B80238B1FFE70198B1
:10598000D0F8B8124A6801799047FFE7002002B0CA
:1059900080BD00BF00BF00BF81B00090002001B0FB
:1059A000704700BF00BF00BF80B582B001908DF886
:1059B000031000208DF802000198D0F8B80250B111
:1059C000FFE70198D0F8B8120A689DF803109047D5
:1059D0008DF80200FFE79DF8020002B080BD00BF15
:1059E00080B582B001908DF8031000208DF8020080
:1059F0000198D0F8B8124A689DF80310904720B17A
:105A0000FFE703208DF80200FFE79DF8020002B0D7
:105A100080BD00BF00BF00BF80B584B0039002917D
:105A2000039800F2AA20029901F09AF90399012043
:105A3000C1F894020399B1F8B002C1F89802039832
:105A400090F8AA0200F01F000146009140B1FFE764
:105A5000009801280CD0FFE70098022810D017E02A
:105A6000039800F2AA2100F067FB8DF8070019E007
:105A7000039800F2AA2100F01FFF8DF8070011E043
:105A8000039800F2AA2100F093FF8DF8070009E0C7
:105A9000039890F8AA1201F08001CDF725F98DF84E
:105AA0000700FFE79DF8070004B080BD00BF00BFFE
:105AB00080B58AB008908DF81F10069200208DF8EE
:105AC00013009DF81F00002840F08280FFE708982F
:105AD00000F5AA7005900898D0F89402032876D1B2
:105AE000FFE705998868C96888421DD9FFE70599CD
:105AF0008868CA68801A886008980290069803909F
:105B000005998868C968884204D2FFE705988068CB
:105B1000019003E00598C0680190FFE7039902989F
:105B2000019A01F031FA51E0089890F8AA0200F0C9
:105B30001F000146009140B1FFE70098012808D0FE
:105B4000FFE7009802280CD013E000208DF8120027
:105B500013E0089890F8AE1200F086F88DF8120065
:105B60000BE0089890F8AE1200F086F88DF812005D
:105B700003E000208DF81200FFE79DF8120008BB3B
:105B8000FFE7089890F89C0203281AD1FFE70898CD
:105B90009DF8121000EB8100D0F8B802006978B1CE
:105BA000FFE79DF812000899C1F8D40208989DF803
:105BB000121000EB8101D1F8B81209698847FFE79C
:105BC000FFE7FFE7089801F0EFF9FFE7FFE740E0A4
:105BD00008989DF81F1001F07F0100F04DF88DF836
:105BE00012009DF81200FF2832D0FFE79DF8120046
:105BF00070BBFFE7089890F89C0203281ED1FFE7CE
:105C000008989DF8121000EB8100D0F8B802806966
:105C100098B1FFE79DF812000899C1F8D4020898DE
:105C20009DF8121000EB8101D1F8B8128A699DF835
:105C30001F1090478DF81300FFE7FFE79DF8130052
:105C400028B1FFE79DF813008DF8270005E0FFE776
:105C5000FFE700208DF82700FFE79DF827000AB036
:105C600080BD00BF00BF00BF82B001908DF803105F
:105C7000002002B0704700BF82B001908DF8031081
:105C8000002002B0704700BF80B588B006908DF844
:105C9000171004929DF81700002874D1FFE70698AA
:105CA000143003900698D0F8940202285DD1FFE7E3
:105CB00003998868C968884212D9FFE70399886800
:105CC000CA68801A886006980499039A926801F05D
:105CD0002FF90698002319461A46CDF7B9F843E084
:105CE00003988168C06888421ED1FFE7039948681D
:105CF000C968884218D3FFE7039840680699D1F82D
:105D00009812884210D2FFE70698002201921146AD
:105D100001F00EF9019B0698C0F8983206981946D2
:105D20001A46CDF795F81EE0069890F89C020328D5
:105D300011D1FFE70698D0F8B802C06850B1FFE76C
:105D400006990020C1F8D4020698D0F8B812C968A4
:105D50008847FFE7FFE706988021CCF7C5FF069844
:105D600001F036F9FFE7FFE7FFE7069890F8A00299
:105D700040B1FFE70698FFF70FFE0699002081F873
:105D8000A002FFE740E006989DF8171041F080015F
:105D9000FFF772FF8DF80A009DF80A00FF2832D045
:105DA000FFE79DF80A0070BBFFE7069890F89C0299
:105DB000032827D1FFE706989DF80A1000EB810021
:105DC000D0F8B8024069E0B1FFE79DF80A000699F3
:105DD000C1F8D40206989DF80A1000EB8101D1F8B1
:105DE000B8124A699DF8171090478DF80B009DF87E
:105DF0000B0028B1FFE79DF80B008DF81F0007E0AE
:105E0000FFE7FFE7FFE7FFE700208DF81F00FFE750
:105E10009DF81F0008B080BD80B586B005900020B9
:105E20008DF81300059A012182F89C120599C1F89A
:105E30009402059948600599C1F8A402059981F872
:105E4000A0020598D0F8B802A0B1FFE70598D0F8F5
:105E5000B802406868B1FFE70598D0F8B8124A6800
:105E60000179904720B1FFE703208DF81300FFE789
:105E7000FFE7FFE7059800220192402303931146B4
:105E8000CCF7CAFE019A039B059901200290A1F864
:105E900064010598C0F8603105988021CCF7BCFEFC
:105EA00002990398059A9184059908629DF8130058
:105EB00006B080BD00BF00BF82B001908DF8031016
:105EC0009DF8030001990874002002B0704700BFDC
:105ED00081B00090009890F89C02042807D0FFE75A
:105EE000009890F89C02009981F89D02FFE70099C4
:105EF000042081F89C02002001B0704700BF00BF61
:105F000081B00090009890F89C02042807D1FFE728
:105F1000009890F89D02009981F89C02FFE700200C
:105F200001B0704700BF00BF80B582B001900198FA
:105F300090F89C02032813D1FFE70198D0F8B8022B
:105F400068B1FFE70198D0F8B802C06930B1FFE747
:105F50000198D0F8B812C9698847FFE7FFE7FFE763
:105F6000002002B080BD00BF80B584B002908DF8E3
:105F700007100298D0F8D41200EB8100D0F8B802D4
:105F800020B9FFE703208DF80F0020E0029890F879
:105F90009C02032817D1FFE70298D0F8D41200EB37
:105FA0008100D0F8B802006A60B1FFE70298D0F82B
:105FB000D41200EB8101D1F8B8120A6A9DF80710DB
:105FC0009047FFE7FFE700208DF80F00FFE79DF8FF
:105FD0000F0004B080BD00BF80B584B002908DF882
:105FE00007100298D0F8D41200EB8100D0F8B80264
:105FF00020B9FFE703208DF80F0020E0029890F809
:106000009C02032817D1FFE70298D0F8D41200EBC6
:106010008100D0F8B802406A60B1FFE70298D0F87A
:10602000D41200EB8101D1F8B8124A6A9DF807102A
:106030009047FFE7FFE700208DF80F00FFE79DF88E
:106040000F0004B080BD00BF81B00090002001B0FF
:10605000704700BF00BF00BF80B582B00190002034
:106060008DF803000199012081F89C020198D0F875
:10607000B80268B1FFE70198D0F8B8124A68017910
:10608000904720B1FFE703208DF80300FFE7FFE70B
:106090009DF8030002B080BD80B586B005908DF8F4
:1060A0001310059803900598029000200190029922
:1060B00048880978884227DDFFE702980078ADF824
:1060C0000200FFE7BDF802000299498888421ADA07
:1060D000FFE703980DF1020100F01AF8039003980E
:1060E000407805280ED1FFE7039801900198807849
:1060F0009DF81310884201D1FFE704E000200190D1
:10610000FFE7FFE7DEE7FFE7019806B080BD00BFCD
:1061100083B0029001910298009000980278019952
:106120000888104408800298009909780844009073
:10613000009803B07047000080B586B005900491C8
:1061400000208DF80F000498007800F060000146F0
:106150000291A8B1FFE70298202804D0FFE7029837
:10616000402846D1FFE70598D0F8D41200EB810112
:10617000D1F8B8128A68049990478DF80F003DE075
:10618000049840780146019109282CD80199DFE84C
:1061900001F01B252A202A0A052A160F05980499C2
:1061A00000F032F824E00598049900F0BDF91FE0F2
:1061B0000598049900F000FA8DF80F0018E0059892
:1061C000049900F0B9FA13E00598049900F0E8FA90
:1061D0000EE00598049900F017FB09E00598049972
:1061E00000F03AFB04E00598049900F055FBFFE746
:1061F00004E00598049900F04FFBFFE79DF80F00BD
:1062000006B080BD00BF00BF80B588B00790069182
:106210000020ADF8160004908DF80F000698C078A5
:106220000138014602910E2800F241810299DFE80F
:1062300011F02A00340051003E013E010B01230100
:106240003E013E013E013E013E013E013E010F0086
:106250000798D0F8B402C06950B1FFE70798D0F8AA
:10626000B412CA69007C0DF116019047049009E050
:106270000798069900F010FB9DF80F0001308DF88B
:106280000F00FFE71DE10798D0F8B4120A68007C00
:106290000DF116019047049013E10798007C60B956
:1062A000FFE70798D0F8B802816A0DF11600884719
:1062B00004900499022048700BE00798D0F8B802C7
:1062C000C16A0DF1160088470490049902204870B5
:1062D000FFE7F6E00698807801460191052800F274
:1062E000A8800199DFE801F0031E39546F8A0798EE
:1062F000D0F8B402406850B1FFE70798D0F8B41264
:106300004A68007C0DF116019047049009E0079857
:10631000069900F0C1FA9DF80F0001308DF80F00CA
:10632000FFE790E00798D0F8B402806850B1FFE72B
:106330000798D0F8B4128A68007C0DF116019047D6
:10634000049009E00798069900F0A6FA9DF80F005E
:1063500001308DF80F00FFE775E00798D0F8B40220
:10636000C06850B1FFE70798D0F8B412CA68007C43
:106370000DF116019047049009E00798069900F086
:106380008BFA9DF80F0001308DF80F00FFE75AE0FF
:106390000798D0F8B402006950B1FFE70798D0F829
:1063A000B4120A69007C0DF116019047049009E0CF
:1063B0000798069900F070FA9DF80F0001308DF8EB
:1063C0000F00FFE73FE00798D0F8B402406950B1F2
:1063D000FFE70798D0F8B4124A69007C0DF1160166
:1063E0009047049009E00798069900F055FA9DF847
:1063F0000F0001308DF80F00FFE724E00798D0F878
:10640000B402806950B1FFE70798D0F8B4128A69E6
:10641000007C0DF116019047049009E00798069959
:1064200000F03AFA9DF80F0001308DF80F00FFE7F9
:1064300009E00798069900F02FFA9DF80F00013047
:106440008DF80F00FFE73CE00798007C48B9FFE7B4
:106450000798D0F8B802416B0DF1160088470490F8
:1064600009E00798069900F017FA9DF80F0001302F
:106470008DF80F00FFE724E00798007C60B9FFE784
:106480000798D0F8B802016B0DF116008847049008
:1064900004990720487009E00798069900F0FCF974
:1064A0009DF80F0001308DF80F00FFE709E0079815
:1064B000069900F0F1F99DF80F0001308DF80F00FA
:1064C000FFE79DF80F0008B1FFE72AE00698C088B3
:1064D00018B3FFE7BDF81600C8B1FFE7BDF8160016
:1064E0000699C988884204DAFFE7BDF816000090D3
:1064F00003E00698C0880090FFE70098ADF816000A
:1065000007980499BDF8162000F0F6FC04E00798FF
:10651000069900F0C1F9FFE703E0079800F044FD99
:10652000FFE708B080BD00BF80B584B00390029142
:1065300002988088B8BBFFE70298C08898BBFFE745
:10654000029840887F282ED8FFE70298807800F0D4
:106550007F008DF80700039890F89C02032805D16E
:10656000FFE70398029900F097F91BE09DF80700F8
:10657000039981F89E0203989DF80710CCF724FC3C
:10658000039800F011FD9DF8070028B1FFE703997B
:10659000022081F89C0204E00399012081F89C020A
:1065A000FFE7FFE704E00398029900F075F9FFE7C1
:1065B00004B080BD00BF00BF80B586B004900391D9
:1065C00000208DF80B000398817840F26C10C2F225
:1065D000004001700078022808D3FFE7049803996F
:1065E00000F05AF903208DF81700A0E0049890F805
:1065F0009C0201460191022804D0FFE7019803287C
:106600002FD07FE040F26C10C2F20040007818B347
:10661000FFE740F26C11C2F200410878049A506022
:1066200004980978FFF7C0F98DF80B009DF80B006E
:1066300048B1FFE70498039900F02EF9049902206D
:1066400081F89C0207E0049800F0AEFC0499032056
:1066500081F89C02FFE703E0049800F0A5FCFFE747
:1066600060E040F26C10C2F20040007898B9FFE799
:106670000499022081F89C0240F26C11C2F20041A0
:106680000878049A506004980978FFF7A9F90498EB
:1066900000F08AFC35E040F26C10C2F20040007855
:1066A00004994968884227D0FFE704980179FFF7E9
:1066B00097F940F26C11C2F200410878049A5060D8
:1066C00004980978FFF770F98DF80B009DF80B001E
:1066D00068B1FFE70498039900F0DEF804980179A7
:1066E000FFF77EF90499022081F89C0203E00498E8
:1066F00000F05AFCFFE703E0049800F055FCFFE7C8
:10670000FFE70FE00498039900F0C6F8049840F200
:106710006C11C2F200410978FFF762F903208DF88D
:106720000B00FFE79DF80B008DF81700FFE79DF8C1
:10673000170006B080BD00BF80B584B00390029101
:106740000298C088012805D0FFE70398029900F05D
:10675000A3F821E0039890F89C12481E01910228AA
:1067600004D3FFE7019803280AD00FE00399002023
:106770008860039800F10801012200F0BDFB0AE0E7
:106780000398011D012200F0B7FB04E00398029971
:1067900000F082F8FFE7FFE704B080BD00BF00BF54
:1067A00080B582B001900091019890F89C02013868
:1067B00002281FD8FFE70098C088022805D0FFE70D
:1067C0000198009900F068F819E001990120C8606B
:1067D0000198D0F8A40230B1FFE70199C86840F0F1
:1067E0000200C860FFE7019800F10C01022200F0EE
:1067F00083FB04E00198009900F04EF8FFE702B037
:1068000080BD00BF00BF00BF80B582B00190009185
:1068100000984088012808D1FFE701990120C1F8BC
:10682000A402019800F0C0FB13E000984088022801
:1068300009D1FFE700984079019981F8A0020198F9
:1068400000F0B2FB04E00198009900F025F8FFE7A2
:10685000FFE702B080BD00BF80B582B0019000911B
:10686000019890F89C02013802280ED8FFE70098A2
:106870004088012808D1FFE701990020C1F8A4024F
:10688000019800F091FBFFE704E00198009900F007
:1068900003F8FFE702B080BD80B582B0019000919F
:1068A00001988021CCF720FA01980021CCF71CFA3E
:1068B00002B080BD00BF00BF80B584B003900291DC
:1068C00000208DF807000298007800F06000014673
:1068D000009140B1FFE70098202804D0FFE700981E
:1068E00040285AD1FFE7039890F89C02013802280B
:1068F0004DD8FFE702980079012842D8FFE70398B6
:1069000002990979FFF7B0F98DF806009DF80600A5
:10691000FF2825D0FFE79DF8060008BBFFE7039896
:106920009DF8061000EB8100D0F8B802806890B1A5
:10693000FFE79DF806000399C1F8D40203989DF87B
:10694000061000EB8101D1F8B8128A6802999047CD
:106950008DF8070003E003208DF80700FFE703E050
:1069600003208DF80700FFE70298C08840B9FFE7D1
:106970009DF8070020B9FFE7039800F015FBFFE73B
:1069800004E003980299FFF787FFFFE704E003980C
:106990000299FFF781FFFFE704E003980299FFF7F0
:1069A0007BFFFFE79DF8070004B080BD00BF00BF7C
:1069B00080B58CB00B900A9100208DF821000A98C8
:1069C00080888DF823000A98007800F06000014666
:1069D0000791B8B3FFE70798202805D0FFE707988D
:1069E000402840F0B281FFE70B989DF82310FFF795
:1069F00043F98DF822009DF82200FF2821D0FFE7FF
:106A00009DF82200E8B9FFE79DF822000B99C1F834
:106A1000D4020B989DF8221000EB8100D0F8B80248
:106A2000806868B1FFE70B989DF8221000EB8101A8
:106A3000D1F8B8128A680A9990478DF82100FFE7CB
:106A4000FFE787E10A98407801460691002800F0A8
:106A5000BD80FFE7069801284CD0FFE70698032881
:106A600040F06D81FFE70B9890F89C02014605917C
:106A7000022804D0FFE70598032819D034E09DF8D8
:106A8000230078B1FFE79DF8230080280AD0FFE7B4
:106A90000B989DF82310CCF727F90B988021CCF7A1
:106AA00023F904E00B980A99FFF7F6FEFFE720E0D0
:106AB0000A984088A0B9FFE79DF8230078B1FFE766
:106AC0009DF8230080280AD0FFE70A98C08830B9D3
:106AD000FFE70B989DF82310CCF706F9FFE7FFE7D7
:106AE0000B9800F061FA04E00B980A99FFF7D4FEC6
:106AF000FFE729E10B9890F89C02014604910228D7
:106B000004D0FFE70498032819D059E09DF823002A
:106B100078B1FFE79DF8230080280AD0FFE70B98A3
:106B20009DF82310CCF7E0F80B988021CCF7DCF827
:106B300004E00B980A99FFF7AFFEFFE745E00A98DB
:106B40004088E0BBFFE79DF82300400630B1FFE737
:106B50000B989DF82310CCF7E7F8FFE70B9800F0AF
:106B600023FA0B989DF82310FFF786F88DF8220082
:106B70009DF82200FF2821D0FFE79DF82200E8B908
:106B8000FFE79DF822000B99C1F8D4020B989DF8FD
:106B9000221000EB8100D0F8B802806868B1FFE7EE
:106BA0000B989DF8221000EB8101D1F8B8128A6889
:106BB0000A9990478DF82100FFE7FFE7FFE704E01F
:106BC0000B980A99FFF768FEFFE7BDE00B9890F875
:106BD0009C0201460391022804D0FFE70398032892
:106BE00038D0A6E09DF8230050B1FFE79DF82300C0
:106BF000802805D0FFE70B980A99FFF74DFE9DE02E
:106C00009DF82300000600280CD5FFE70B989DF89F
:106C1000231001F07F0101EB810100EB81001430B2
:106C200002900CE00B989DF8231001F07F0101EB1E
:106C3000810100EB810000F5AA700290FFE7029845
:106C400009900999002008600B980999022200F028
:106C500053F973E09DF823000006002812D5FFE7E2
:106C60000B989DF8231001F00F0101EB810100EB5F
:106C70008100808C28B9FFE70B980A99FFF70CFE7A
:106C80005CE012E00B989DF8231001F00F0101EB7E
:106C9000810100EB8100B0F8640128B9FFE70B988F
:106CA0000A99FFF7F9FD49E0FFE79DF82300000688
:106CB00000280CD5FFE70B989DF8231001F07F0109
:106CC00001EB810100EB8100143001900CE00B9886
:106CD0009DF8231001F07F0101EB810100EB8100A1
:106CE00000F5AA700190FFE7019809909DF8230034
:106CF00028B1FFE79DF82300802804D1FFE7099918
:106D0000002008600FE00B989DF82310CCF72CF8BA
:106D100020B1FFE709990120086003E009990020EC
:106D20000860FFE7FFE70B980999022200F0E4F8FA
:106D300004E00B980A99FFF7AFFDFFE704E00B981A
:106D40000A99FFF7A9FDFFE704E00B980A99FFF7FE
:106D5000A3FDFFE79DF821000CB080BD00BF00BF80
:106D600080B584B003900291029801900198007858
:106D700003990870019801300190019800780399F7
:106D80004870019801300190019800F01DF80399B6
:106D900048800198013001900198013001900198DC
:106DA00000F012F803998880019801300190019851
:106DB00001300190019800F007F80399C88004B0F1
:106DC00080BD00BF00BF00BF84B003900398009057
:106DD00000980078ADF80800009801300090009805
:106DE0000078ADF80600BDF80610BDF8080040EACE
:106DF0000120ADF80A00BDF80A0004B0704700BFDA
:106E000080B586B005900491039200208DF80B00A8
:106E1000059808B9FFE74FE005980190019800F048
:106E20004FF80146022000EB4100B0F5007F04D985
:106E3000FFE74FF40070009008E0019800F040F880
:106E40000146022000EB41000090FFE70098039903
:106E500008800398007804999DF80B2088549DF8C9
:106E60000B0001308DF80B0004999DF80B200320D6
:106E700088549DF80B0001308DF80B00FFE7019856
:106E80000078C8B1FFE70198007804999DF80B20BD
:106E900088540198013001909DF80B0001308DF865
:106EA0000B0004999DF80B20002088549DF80B00DE
:106EB00001308DF80B00E2E706B080BD00BF00BFD7
:106EC00083B0029000208DF8070002980090FFE741
:106ED0000098007848B1FFE79DF8070001308DF871
:106EE0000700009801300090F2E79DF8070003B01A
:106EF000704700000000000080B584B0039002914C
:106F0000019203990220C1F89402019803998861C3
:106F100001980399C8610398029A019B002100918E
:106F2000CBF772FF009804B080BD00BF00BF00BF68
:106F300080B584B00390029101920398029A019B5C
:106F400000210091CBF760FF009804B080BD00BF26
:106F500080B584B003900291019203990320C1F897
:106F6000940201980399C1F8580101980399C1F856
:106F70005C010398029A019B00210091CBF768FF06
:106F8000009804B080BD00BF80B584B0039002912A
:106F900001920398029A019B00210091CBF758FFC0
:106FA000009804B080BD00BF80B582B00190019907
:106FB0000420C1F8940201980023009319461A4650
:106FC000CBF722FF009802B080BD00BF00BF00BF1A
:106FD00080B582B0019001990520C1F89402019812
:106FE0000023009319461A46CBF732FF009802B0EF
:106FF00080BD00BF00BF00BF80B582B001908DF89A
:10700000031001989DF80310CBF746FF02B080BD36
:1070100080B590B00E908DF837104FF40770CBF715
:107020004BFF0C900C9860B9FFE70E98D0F8D41283
:1070300000EB81010020C1F8C00202208DF83F0062
:10704000F0E00C984FF4077100F023FD0C980E99B6
:10705000D1F8D42201EB8201C1F8C0020E99D1F817
:10706000D40201EB8000D0F8C002C1F8BC020E9837
:10707000007C002840D1FFE70E9840F20501C2F2E3
:10708000004107910978022208924FF40073099396
:10709000CBF7C2FD0799089A099B0E98097801F071
:1070A0000F0101EB810100EB810101200B9088842D
:1070B0000E9840F20601C2F200410A910978CBF71E
:1070C000ABFD0A9A0B980E99127802F00F0202EBB0
:1070D000820201EB8201A1F864010E9840F20401E2
:1070E000C2F20041097801F00F0101EB810100EBD0
:1070F00081011020C8843EE00E9840F20501C2F2E2
:107100000041029109780222039240230493CBF7B5
:1071100083FD0299039A049B0E98097801F00F01F0
:1071200001EB810100EB81010120069088840E981B
:1071300040F20601C2F2004105910978CBF76CFDDF
:10714000059A06980E99127802F00F0202EB82025D
:1071500001EB8201A1F864010E9840F20401C2F231
:107160000041097801F00F0101EB810100EB810181
:107170001020C884FFE70E9840F20401C2F20041DB
:107180000091097803220823CBF746FD00990E9859
:10719000097801F00F0101EB810100EB8101012071
:1071A00088840C9900200190C1F804020E98D0F850
:1071B000D41200EB8100D0F8C40200688047019827
:1071C0000C99C1F814020C99C1F818020C98D0F867
:1071D000040220B9FFE702208DF83F0022E00E985C
:1071E000007C70B9FFE70E9840F20601C2F2004140
:1071F00009780C9AD2F804224FF40073CBF728FEDA
:107200000CE00E9840F20601C2F2004109780C9A97
:10721000D2F804224023CBF71BFEFFE700208DF8B5
:107220003F00FFE79DF83F0010B080BD00BF00BFEA
:1072300080B586B005908DF81310059840F20501D1
:10724000C2F2004100910978CBF70EFD0099059834
:10725000097801F00F0101EB810100EB81010020B1
:1072600003908884059840F20601C2F20041019122
:107270000978CBF7F9FC019A03980599127802F086
:107280000F0202EB820201EB8201A1F86401059872
:1072900040F20401C2F2004102910978CBF7E4FC0C
:1072A000029A03980599137803F00F0303EB830305
:1072B00001EB830188840599127802F00F0202EB3A
:1072C000820201EB8201C8840598D0F8D41200EB49
:1072D0008100D0F8C002F0B1FFE70598D0F8D412D1
:1072E00000EB8100D0F8C402406880470598D0F8D0
:1072F000D41200EB8100D0F8C002CBF7E5FD059871
:10730000D0F8D41200EB81010020C1F8C002059929
:10731000C1F8BC02FFE7002006B080BD00BF00BF7F
:1073200080B58AB0089007910898D0F8D41200EB85
:107330008100D0F8C002069000208DF81500ADF84D
:1073400012008DF81100069820B9FFE703208DF890
:107350002700C7E00798007800F06000014603911D
:1073600000285ED0FFE70398202840F0AE80FFE7BA
:107370000798C088002846D0FFE7079800780006E5
:10738000002823D5FFE70898D0F8D41200EB81003D
:10739000D0F8C4028368079A50780699D288984733
:1073A0000798C088082803D3FFE70720029003E06E
:1073B0000798C0880290FFE70298ADF81600089879
:1073C0000699BDF81620FFF797FD1BE00798407857
:1073D000069981F800020798C0883F2804D8FFE783
:1073E0000798C088019002E040200190FFE70198D3
:1073F000069981F801020898069991F80122FFF791
:10740000A7FDFFE70CE00898D0F8D41200EB81004C
:10741000D0F8C40283680799487800229847FFE7AC
:107420005BE007984078014600910B2844D800990A
:10743000DFE801F0064142424242424242421C32EF
:10744000089890F89C02032807D1FFE708980DF1EF
:1074500012010222FFF750FD07E008980799FFF795
:107460001BFA03208DF81100FFE72DE0089890F833
:107470009C02032807D1FFE708980DF115010122AE
:10748000FFF73AFD07E008980799FFF705FA032090
:107490008DF81100FFE717E0089890F89C02032888
:1074A00008D0FFE708980799FFF7F6F903208DF851
:1074B0001100FFE708E007E008980799FFF7ECF9EB
:1074C00003208DF81100FFE707E008980799FFF700
:1074D000E3F903208DF81100FFE79DF811008DF806
:1074E0002700FFE79DF827000AB080BD00BF00BF5E
:1074F00080B584B002900298D0F8D41200EB8100DD
:10750000D0F8C0020190019820B9FFE703208DF860
:107510000F0025E00298D0F8D41200EB8100D0F8DB
:10752000C402C8B1FFE7019890F80002FF2813D009
:10753000FFE70298D0F8D41200EB8100D0F8C40223
:107540008368019991F8000291F801229847019906
:10755000FF2081F80002FFE700208DF80F00FFE711
:107560009DF80F0004B080BD80B586B004908DF802
:107570000F100498D0F8C80201900498D0F8D412E3
:1075800000EB8100D0F8C00220B9FFE703208DF89E
:1075900017005FE00498D0F8D41200EB8100D0F817
:1075A000C002029004989DF80F1001F00F0101EB4A
:1075B000810100EB8100806940B3FFE704989DF8EA
:1075C0000F1001F00F0101EB810200EB82008269D4
:1075D000019801EBC10100EB8100C169B2FBF1F040
:1075E00000FB112090B9FFE704989DF80F1001F0FF
:1075F0000F0101EB810100EB8100002383610498FE
:107600009DF80F101A46CBF7FFFB1FE002990020F0
:10761000C1F814020498D0F8D41200EB8100D0F81D
:10762000C402006988B1FFE70498D0F8D41200EBD7
:107630008100D0F8C40203690299D1F8080201F56B
:1076400004719DF80F209847FFE7FFE700208DF8B1
:107650001700FFE79DF8170006B080BD00BF00BF10
:1076600080B584B002908DF807100298D0F8D4123B
:1076700000EB8100D0F8C00200900298D0F8D4123C
:1076800000EB8100D0F8C00220B9FFE703208DF89D
:107690000F0019E002989DF80710CBF7FDFB009949
:1076A000C1F80C020298D0F8D41200EB8100D0F897
:1076B000C402C2680099D1F8040201F50371904731
:1076C00000208DF80F00FFE79DF80F0004B080BD8B
:1076D00080B586B0059040F26C00C2F20040019087
:1076E0008221FEF7D9FC0146019804910121FEF7A1
:1076F000D3FC0146019803918121FEF7CDFC029055
:10770000049820B1FFE7049910208871FFE70398DF
:1077100028B1FFE703994FF400708880FFE70298D3
:1077200028B1FFE702994FF400708880FFE70599C0
:107730004320088040F26C00C2F2004006B080BDD9
:1077400080B586B0059040F26C00C2F20040019016
:107750008221FEF7A1FC0146019804910121FEF768
:107760009BFC0146019803918121FEF795FC029054
:10777000049820B1FFE7049910208871FFE703986F
:1077800020B1FFE7039940208880FFE7029820B1ED
:10779000FFE7029940208880FFE705994320088091
:1077A00040F26C00C2F2004006B080BD00BF00BFD6
:1077B00080B586B0059040F26C00C2F200400190A6
:1077C0008221FEF769FC0146019804910121FEF730
:1077D00063FC0146019803918121FEF75DFC029054
:1077E000049820B1FFE7049910208871FFE70398FF
:1077F00020B1FFE7039940208880FFE7029820B17D
:10780000FFE7029940208880FFE705994320088020
:1078100040F26C00C2F2004006B080BD00BF00BF65
:1078200081B0009000990A20088040F2B000C2F2B6
:10783000004001B0704700BF83B0019000910098F4
:1078400020B9FFE703208DF80B000BE000980199A9
:10785000D1F8D42201EB8201C1F8C40200208DF8D6
:107860000B00FFE79DF80B0003B0704700BF00BF9F
:1078700085B00390029101920398D0F8D41200EBE6
:107880008100D0F8C0020090009820B9FFE70320E3
:107890008DF813000BE002980099C1F808020198D6
:1078A0000099C1F8100200208DF81300FFE79DF841
:1078B000130005B0704700BF84B002900191029898
:1078C000D0F8D41200EB8100D0F8C00200900098EC
:1078D00020B9FFE703208DF80F0007E00198009919
:1078E000C1F8040200208DF80F00FFE79DF80F009B
:1078F00004B0704700BF00BF80B584B0029002980A
:10790000D0F8D41200EB8100D0F8C0020190012021
:107910008DF80300019820B9FFE703208DF80F00D0
:107920002AE00198D0F8140208BBFFE70199012072
:10793000C1F814020198D0F81002029A40F2050131
:10794000C2F200410B7803F00F0303EB830302EB59
:107950008302906102980978019BD3F80822D3F83A
:107960001032CBF751FA00208DF80300FFE79DF8A5
:1079700003008DF80F00FFE79DF80F0004B080BDF5
:1079800080B584B002900298D0F8D41200EB810048
:10799000D0F8C00201900298D0F8D41200EB810018
:1079A000D0F8C00220B9FFE703208DF80F0022E0D5
:1079B0000298007C70B9FFE7029840F20601C2F21B
:1079C00000410978019AD2F804224FF40073CBF7F2
:1079D0003FFA0CE0029840F20601C2F20041097839
:1079E000019AD2F804224023CBF732FAFFE70020B5
:1079F0008DF80F00FFE79DF80F0004B080BD2DE962
:107A0000F05F0546002092469B4688460646814622
:107A100040241BE0284641464746224600F069F8CC
:107A200053465A46C01A914110D311461846224671
:107A300000F050F82D1A67EB01084F46224601204E
:107A4000002100F047F817EB00094E41201EA4F179
:107A50000104DFDC484631462A464346BDE8F09F34
:107A600040EA01039B0703D009E008C9121F08C0C0
:107A7000042AFAD203E011F8013B00F8013B521E40
:107A8000F9D27047D2B201E000F8012B491EFBD2B7
:107A900070470022F6E710B513460A460446194619
:107AA000FFF7F0FF204610BD30B50B460146002021
:107AB0002022012409E021FA02F59D4205D303FAB0
:107AC00002F5491B04FA02F52844151EA2F1010231
:107AD000F1DC30BD202A04DB203A00FA02F100205C
:107AE00070479140C2F1200320FA03F319439040FC
:107AF0007047202A04DB203A21FA02F00021704767
:107B000021FA02F3D040C2F1200291400843194605
:107B100070472DE9FE4F804681EA0300C00F0C46F6
:107B2000009021F0004123F00045B8EB0200A9418C
:107B300005D24046214690461C460B46024623F09D
:107B40000040104347D0270DC7F30A00C3F30A5182
:107B50000290401A019040286BDAC3F3130040F4FE
:107B6000801B0098924620B10023D2EB030A63EBFE
:107B70000B0B01985946C0F140025046FFF7AAFF8F
:107B800006460D4650465946019A00F095F910EB0D
:107B900008006141002487EA115284EAE7731A431E
:107BA00040D0009A62B3019A012A4FEA075215DCCD
:107BB000001B61EB02014FF0004202EA0752CDE9DF
:107BC0000042001C41F5801132462B4600F095F929
:107BD00003B0BDE8F08F40462146F9E7001B61EB9A
:107BE0000201001C41F5801300185B412018A2F52A
:107BF000001747EB030140EAD570B6196D4111E05B
:107C00006D084FEA360645EAC0754FEA0752001B79
:107C100061EB0201001C41F5801149084FEA300078
:107C20000019514132462B4603B0BDE8F04F00F039
:107C300055B90098012240000023D0EB020263EB0B
:107C4000E073009821464FEAE074B8EB000061EB66
:107C50000401E9E783F000435BE781F0004158E766
:107C60002DE9FE4F81EA030404F0004421F00041B5
:107C700000944FF0000B23F0004350EA01045ED063
:107C800052EA03045BD0C3F30A54C1F30A552C44EF
:107C9000A4F2F3340194A0FB0254C1F3130141F4A4
:107CA0008011C3F3130343F4801301FB024400FB70
:107CB000034E840A970A44EA815447EA8357A4FB97
:107CC000076802958D0A05FB07854FEA932C04FB94
:107CD0000C542705029D4FEA065847EA1637B5EBC4
:107CE00008056EEB070C870E920E47EA811742EAF1
:107CF0008312A7FB0201B6EB0B0164EB00042B0D12
:107D000043EA0C335E1844EB1C50DA465146E7FB5D
:107D10000201C5F313044FEA0B3343EA14534FEA4D
:107D20000432019C43EA0603A4F10C040294009C73
:107D3000CDE900B400F0E1F803B0BDE8F08F002019
:107D40000146F9E72DE9F04D81EA030404F0004B08
:107D500021F0004514464FF0000A23F0004150EA9C
:107D6000050220D054EA01021DD0C5F30A5702468D
:107D7000C5F31303C1F31300C1F30A5640F4801591
:107D800043F48013A7EB0608101BD64608F2FD3813
:107D900073EB050002D308F1010801E092185B4182
:107DA000B8F1000F03DA00200146BDE8F08D002095
:107DB0004FF48011064684460EE0171B73EB05074F
:107DC00005D3121B63EB050306434CEA010C49087B
:107DD0004FEA300092185B4150EA0107EDD152EAB8
:107DE000030012D082EA040083EA0501084305D0AB
:107DF000101BAB4106D20122002306E000224FF007
:107E0000004302E06FF0010253101AEB06004CEB46
:107E1000085110EB0A0041EB0B01BDE8F04D00F0FA
:107E20005DB8C1F30A52C1F3130140F2FF3341F4CC
:107E300080119A4202DA00200146704740F2334333
:107E40009A42A2F2334202DC5242FFF752BEFFF7DF
:107E500041BE000030B5041E71F1000404DB4FF098
:107E60000044404264EB0101141E73F1000405DB81
:107E70001C464FF00043524263EB0403994208BF93
:107E8000904230BD002070471CB509480090094859
:107E900001900546009C06E0E06840F0010394E88C
:107EA000070098471034AC42F6D3C8F713FA000025
:107EB00040A2030860A20308202A06DBCB17203A61
:107EC00041FA02F043EAE07306E041FA02F3D040DF
:107ED000C2F12002914008431946704710B5141EA4
:107EE00073F1000408DA401C41F1000192185B4173
:107EF0001A4301D120F0010010BD2DE9F04D92464A
:107F00009B4611B1B1FA81F202E0B0FA80F2203260
:107F10009046FFF7DFFD04460F4640EA0A0041EABB
:107F20000B0153465A46084313D0114653EA010049
:107F300019D0C8F140025046FFF7DBFD05460E465A
:107F4000504659464246FFF7C5FD084305D001207B
:107F500004E020463946BDE8F08D0020054346EA9E
:107F6000E0762C4337430A986305E40AA0EB080047
:107F70000022FD0A44EA47540A3002D50020014697
:107F8000E9E7010510196941DDE908450019694172
:107F9000BDE8F04DA2E700009FED201AB5EE002AE3
:107FA00000EE012A9FED1E1ABDEEC20AB5EEC02AF0
:107FB000F1EE10FA10EE100AB8BF013800EE100A08
:107FC0000020B8EEC00A32EE400A9FED162A20EEDD
:107FD000010ABCEEC01A11EE101A30EE021AB0EB14
:107FE000512F18BF002102EE101A49F69C1000FE16
:107FF000010AC0F60300B8EE422A00EB810090EDC2
:10800000011A30EE420AB7EE002A32EE402A20EE84
:10801000010A90ED001A02EE010A704783F9223E30
:1080200000000044000000C47CB50C001D4616464C
:10803000014601D0601E00E00020CDE90010064B93
:108040006A462946304600F01DFD002C02D0009AF9
:10805000002111707CBD0000B391030841000802AB
:1080600018BF04200A0E18BF40F001004FF07F42F5
:1080700032EA010108BF40F00200012808BF0520D4
:108080007047000010B54FF00E412DED028BB0EEA1
:10809000408A18EE100A01EB4001B1F1145F5CD286
:1080A0004FF0FE41B1EB400F24BF9FED400AF0EED0
:1080B000400A12D210F0004F19BFDFED3D0A9FEDCC
:1080C0003D0ADFED3D0A9FED3D0AFFEE001A81EE0D
:1080D000881AB0EE418A18EE100A4FF0FC41B1EB5D
:1080E000400F1BD210F0004FDFED351A9FED352AFF
:1080F0001DBFBEEE001A70EEE10A30EE420AB6EE87
:10810000001A04BF70EEA10A30EE020A38EE412ACE
:10811000F7EE001A48EE011A82EE218ADFED2A1AE4
:108120009FED2A2A28EE081A01EE212ADFED281AEF
:1081300041EE021A9FED272A01EE212ADFED261AD1
:1081400041EE021A28EE011A01EE210A30EE080A69
:10815000BDEC028B30EE200A10BD4FF0E441B1EBD4
:10816000400F0CD918EE100AFFF778FF042808BF5B
:1081700000F0A8FBB0EE480ABDEC028B10BD4FF03A
:108180007F41B1EB400F07D2B0EE480ABDEC028B45
:10819000BDE8104000F080BB10F0004F14BF9FED11
:1081A0000F0A9FED0F0ABDEC028B10BD000000000E
:1081B0000000C9BF22AAFDB90000C93F22AAFD39AB
:1081C0000060ED3EC30ACE372DAD65BD8FB8D53DFD
:1081D0000FB511BE61C84C3EA8AAAABEDB0FC9BF2D
:1081E000DB0FC93F10B510EE100A2DED068BB7EE70
:1081F000001A10EE901AB0EE418A0022A0F5000C91
:10820000DFEDFE9A4FF00073BCF1FE4F4FF07F445C
:1082100003EB410C80F0B481BCF1804FC0F02082B0
:10822000F74901449FEDF73AB1F5005F40F2D4827F
:1082300000F58021CB0C03F00F0101EE901AC3F37F
:1082400007137F3BA0EBC350B8EEE12A00EE100A03
:108250001A44DFEDED2AF0EE411A42EE221AF0EE5A
:10826000613A70EE232A30EE632A12EE900A00F58E
:1082700000606FF30B0001EE900A73EEE13A33EE0B
:10828000804AC1EE223A22EE230A10EE100A00F5CF
:1082900000606FF30B0000EE100A00EE612A00EEA2
:1082A000442A62EE232A70EE221A21EEA12ADFED83
:1082B000D73A02EE233A23EE023A20EE012A22EECA
:1082C000811A03EE211A32EE010A10EE100A00F5AF
:1082D00000606FF30B0000EE100A72EE401A31EEF0
:1082E000812A9FEDCB1A60EE011A9FEDCA1A20EE8B
:1082F000011A9FEDC90A02EE001A31EE810A10EE52
:10830000100A00F500606FF30B0000EE100AC3487E
:1083100071EEC01A31EE812A784400EBC10090ED75
:10832000003AD0ED011A100101EE100AF8EEC12A50
:1083300032EE211A31EE001A31EE031A31EE221A12
:1083400011EE100A00F500606FF30B0009EE100A41
:1083500039EE621A31EE431A31EE400A30EE610A0C
:1083600032EE40AA10EE900A002100F500606FF393
:108370000B0008EE900A084670EEE8AAFFF782FDAF
:1083800029EE280A00F00C01F0EEC00A10EE900A67
:10839000B0F18B4F0DDD10EE900AB4EB400F08D317
:1083A00010EE100A4FF08B4262F31E0008EE900AA6
:1083B00013E069EE2A0A38EEAA1A4AEE010A30EEF4
:1083C000201A11EE100A00F500606FF30B0008EEA2
:1083D000900A30EE680A70EE209A0C20FFF752FDEA
:1083E00038EEA90AB5EEC00AF1EE10FA34BFFEEE7F
:1083F000000AF6EE000A30EE800ABDEEC00A10EE6A
:10840000100A011100EE101AF8EEC00A00EE100A70
:10841000B8EEC00A38EEC00A30EE290ADFED801A45
:108420009FED801A00EE211ADFED7F1A7F4900F0E0
:108430000F0040EE011A21EE800A794401EB800121
:1084400091ED001A7A49794401EB8001D1ED001ACF
:10845000784901EE801A794401EB8000764990ED6D
:10846000000A31EE001AB0EEE00A10EE100A88425F
:1084700015DA10EE100AB4EB400F10D39FED6F0A1F
:1084800030EE800ADFED6E0A20EE200A68EE010A67
:10849000BDEC068BBCEEC00A20EE200A10BD10EE2B
:1084A000100A6849884243DA10EE100AB4EB400F14
:1084B0003ED3BDEEE00A68EE010A10EE100A00EBB2
:1084C000D0725110C90501F17E5100EE101AA0EBD7
:1084D0006200C00560EE200A00F17E5000EE100A36
:1084E00060EE808A18EE900AB4EB400F0FD10220A4
:1084F00000F000FA00F0DEF910EE101A18EE100A83
:10850000BDEC068B61F31E0000EE100A10BD18EEE4
:10851000900A400011D018EE900AFFF79FFD042842
:1085200008BF00F0CFF9B0EE680ABDEC068B10BDB5
:10853000F5EEC00AF1EE10FA0FD2022000F0DAF9DF
:1085400000F0C0F910EE101A18EE100ABDEC068B00
:1085500061F31E0000EE100A10BD022000F0CAF9FF
:1085600000F0A8F910EE101AB0EE480A10EE100A4A
:10857000BDEC068B61F31E0000EE100A10BD00BFBB
:10858000BCF1804F6CD300BF00F1FF43B3F1FE4F4D
:1085900024D200BFB0EEC00A10EE100AC1F3C753D8
:1085A0007F2B0DDB972BBFF63BAEC3F196034FF04D
:1085B000010C0CFA03F3A3F1010C1CEA010F08D023
:1085C000012000F097F9BDEC068BBDE8104000F0EB
:1085D00069B90B4218BFBFEE008A21E643001CBFF9
:1085E0004FF08073B3EB400F34D96FF01A02DFED18
:1085F000161A20EE210A10EE100A27E000000000F3
:10860000001080C0ABAAAA3E0000803D7EE24C3E36
:1086100000B03842D49AB8BB3BAA3842AC0E000036
:10862000FC596337C9FF753A1872313D4A0E000094
:108630007E0E0000EE0D00000000FC420000FE4235
:108640000000004B000040430000004D10F0004FC0
:10865000A0D1E5E5A0F50003B3F1FE4F21D2DFE59F
:1086600003EB4103B3F1007F11D3F5EEC00AF1EE45
:1086700010FA05D1430018BFB4EB400F76D883E75A
:1086800001F0004141F0FC5100EE901A7CE7B3F19B
:10869000807F06D210EE903AA3F5000300EE903AE8
:1086A00072E720F000426FF0FF4C604C02EB0C03CD
:1086B000A34210D321F000439C44A4450BD3B0F156
:1086C0007E5F18BF5FEA410C50D0B2F1FF4F98BFF8
:1086D000B3F1FF4F05D9BDEC068BBDE8104000F0AB
:1086E000DEB8B0F1FF4F0FD0C1F3C7527F2A09DBCC
:1086F000972A11DAC2F19602012303FA02F2531EFD
:108700000B4205D0002208E011F0004F55D128E0BF
:108710000A4218BF012200D1022210F5000F13D027
:1087200028B3B0F1004F26D010F1814F4FD04FF059
:10873000FE42B2EB400F94BF01200020012202EB69
:10874000E171884239D10CE011F0004F02D0012ACA
:1087500038D032E0012A02BF9FED350ABDEC068B0E
:1087600010BD9FED340ABDEC068B10BD2FE011F05B
:10877000004F0CD121E0B1F1FF4F1ED011F5000FD9
:1087800005D011F0004F15D00AB1012A08D00220FF
:1087900000F0B0F8BDEC068BBDE8104000F072B8F8
:1087A000022000F0A7F800F06DF8BDEC068BB1EEEA
:1087B000400A10BD0AB1012A04D0B0EE690ABDEC2E
:1087C000068B10BDBDEC068B9FED1B0A10BDBDECEA
:1087D000068BB7EE000A10BD30EE410AB5EE001A66
:1087E0009FED172A00EE413AB6EE001A60EE001A2D
:1087F00000EE431A61EEC11A9FED101A20EE011A25
:1088000020EE020A9FED0F2A01EE820A71EE001A95
:1088100011EE900A00F500606FF30B0009EE100AEC
:1088200031EE491A31EE00AA9CE50000FFFF3F003F
:10883000000080FF0000807F0000008000B0B84191
:10884000D49A38BB3BAAB84110B52DED028BB1EEDE
:10885000C08A18EE100A20F00040C0F1FF40C00F9F
:108860000AD010EE100A20F00040C0F1FF40C00F07
:1088700004BF012000F03EF8B0EE480ABDEC028BC8
:1088800010BD0000DFED030AB7EE001A81EE200AEA
:10889000704700000000000030EE000A704730EE24
:1088A000200A7047DFED020A80EEA00A7047000040
:1088B000000000009FED020A20EE000A7047000051
:1088C000000000709FED020A20EE000A70470000D1
:1088D0000000001002E008C8121F08C1002AFAD1E7
:1088E00070477047002001E001C1121F002AFBD130
:1088F0007047000001490860704700000000002434
:108900002DE9FF5F82B00021DDE90430020DDDF8C2
:1089100040B0034318D044F61050A2F2FF32424355
:108920001514119801281FD0A5EB0B00401C5FEA1D
:10893000000A4FF000064E4FDFF83891B04650461F
:1089400015D5CAF1000413E0119801244AA30128A7
:1089500001D16FEA0B010298119AC0E90031C0E918
:10896000024206B0BDE8F09FCBF10000DFE704460D
:108970000021404A491842EB0450CDE9001012E0B2
:10898000E00707D032463B4640464946FFF768F9C4
:108990008046894632463B4610461946FFF760F945
:1089A00006460F466410002CEAD1DDE90401DDE93A
:1089B0000023BAF1000F06DAFFF752F942464B46A0
:1089C000FFF74EF905E0FFF7BDF942464B46FFF7CA
:1089D000B9F904460E460022284BFFF73BFA03D8AC
:1089E0004FF0FF30014607E00022254B204631467C
:1089F000FFF78FF8FFF715FA102409E0002C0ADBC7
:108A00000A220023FEF7FBFF039B30321A55641E37
:108A100050EA0102F2D1641C039AC4F11103144418
:108A2000119A012A03D0012208430DD10AE008431C
:108A300004D000204FF0110B119072E7A3EB0B054F
:108A40006D1E0DE05B4504DD4FF0000205F10105F0
:108A500004E003DA4FF00002A5F10105002AECD092
:108A600002981199C0E90231C0E9004579E7000098
:108A7000000014400000F03F300000000000F04310
:108A80000000E03F2DE9FF4F95B09B468946064622
:108A900000250FE2252877D100242746F84A012136
:108AA000059400E0044316F8013F203B01FA03F06F
:108AB0001042F7D130782A2811D06FF02F03307888
:108AC000A0F13002092A16D8059A44F0020402EBFC
:108AD000820203EB42021044761C0590EFE759F83E
:108AE000042B0592002A03DA504244F40054059006
:108AF00044F00204761C30782E2816D116F8010FA7
:108B000044F004042A280DD06FF02F023078A0F131
:108B10003003092B09D807EB870302EB4303C7187F
:108B2000761CF3E759F8047B761C30786C280FD05C
:108B300006DC4C2817D068280DD06A2814D104E030
:108B4000742810D07A280FD10DE044F400140AE004
:108B500044F4801401E044F440147278824202D15B
:108B600004F58014761C761C307866280BD013DC54
:108B7000582877D009DC002875D04528F6D046283B
:108B8000F4D047281AD19DE118E0632835D0642835
:108B900079D0652812D195E1702873D008DC672858
:108BA000F1D069286FD06E280DD06F2806D1B5E0BE
:108BB00073282CD0752875D0782874D05A46179908
:108BC00090476D1C75E1C4F30250022809D00328B8
:108BD0000DD0D9F8001004280DD00D6009F104095A
:108BE00067E1D9F80010EA17C1E90052F6E7D9F8B1
:108BF00000100D80F2E70D70F0E719F8041B8DF8F6
:108C0000001000208DF80100EA46012003E059F829
:108C100004AB4FF0FF3061074FF0000102D40DE0CC
:108C200008F101018846B9420FDA8045F8DB1AF8ED
:108C300008100029F4D108E008F1010188468142BA
:108C4000FADB1AF808100029F6D105985B46A0EB6C
:108C5000080721463846179A00F094FA284400EB9A
:108C6000080507E04DE029E10DE01AF8010B5A462E
:108C700017999047B8F10108F7D25B46214638466C
:108C8000179A13E142E00A220092C4F302524FF015
:108C9000000A022A08D059F804CB032A4FEAEC71E3
:108CA0000AD00DE029E02AE009F1070121F00702CE
:108CB000F2E802C1914609E00FFA8CFC4FEAEC7130
:108CC000042A03D14FFA8CFC4FEAEC71002907DA31
:108CD0000A460021DCF1000C61EB02012D2202E0CA
:108CE000220504D52B228DF80420012203E0E2079F
:108CF00001D02022F7E7904659E00A2102E0102235
:108D00000DE010214FF0000A00910BE010224FF00F
:108D1000000A44F004040827009203E008224FF000
:108D2000000A0092C4F30252022A05D059F804CB7B
:108D30000021032A08D009E009F1070121F0070208
:108D4000F2E802C1914605E01FFA8CFC042A01D129
:108D50000CF0FF0C4FF00008220728D5702806D031
:108D6000009B83F0100353EA0A0305D00EE0402273
:108D70008DF80420012208E05CEA010206D03022CE
:108D80008DF804208DF8050002229046009B83F0A8
:108D9000080353EA0A030AD15CEA010201D162071F
:108DA00005D530228DF804204FF001087F1E582889
:108DB00004D034A003900EA802900DE036A0F9E78D
:108DC00053466046009AFEF71AFE84460398825C7A
:108DD0000298401E029002705CEA0100F0D10298F5
:108DE00006A9081A00F1200A600702D524F480348D
:108DF00000E00127574502DDA7EB0A0000E0002054
:108E000000EB0A01009005984144401A0590E003E8
:108E100006D45B462146179A059800F0B3F905443D
:108E2000002706E001A85A46C05D179990476D1CBF
:108E30007F1C4745F6DBE0030CD55B462146179ABD
:108E4000059800F09FF9054404E030205A46179930
:108E500090476D1C0099481E00900029F5DC08E041
:108E6000029802995A460078491C02911799904736
:108E70006D1CBAF10001AAF1010AF1DC65E1000004
:108E800009280100303132333435363738396162E0
:108E900063646566000000003031323334353637A4
:108EA00038394142434445460000000000F058F97B
:108EB0000544761C307800287FF4ECAD19B02846C4
:108EC000BDE8F08F620700D4062709F1070222F0FF
:108ED000070CFCE80223E14603F000485FEA080CB7
:108EE00002D00FF2702C0DE05FEA045C02D50FF2A5
:108EF000682C07E05FEAC47C02D00FF2602C01E02E
:108F0000AFF2700C4FF0FF3823F00043CDF850C0A3
:108F100065280CD006DC452809D046281DD04728F6
:108F20003DD13DE0662818D067287ED138E0002189
:108F3000112F01DB112000E0781CCDE9000106A90A
:108F40000EA8FFF7DDFCDDE90F010E9A0391002169
:108F5000009207F1010A04914DE04FF000400097A4
:108F6000CDE9011006A90EA8FFF7CAFCDDE90F0242
:108F700003920E9B11990022DDF80CA0009304923D
:108F800011B9791C00EB010AB7EB0A0004D4C0F157
:108F9000FF3007F1010A0490AAEB0700019044E0BA
:108FA000012F00DA01270021112F01DD112000E03F
:108FB0003846CDE9000106A90EA8FFF7A1FCDDE9BE
:108FC0000F010E9A0391002104910092BA462107E5
:108FD0000CD40399514500DA8A46BAF1010F05DD38
:108FE000009AAAF10101515C302908D0B84202DA96
:108FF00010F1040F06DA0121CDE9011015E0AAF104
:109000000101E9E7002805DC049901440491AAEB79
:10901000000102E0411C514500DD8A460499401AD6
:10902000401C01904FF000400290200704D40198AA
:10903000504501DBCDF8048000208DF84F000298E8
:109040000DF14F07B0F1004F25D02B200E90029864
:109050004FF0020800280CDA404202902D200E90BA
:1090600007E00A210298FEF71FFD3031029007F851
:10907000011DB8F10001A8F10108F2DC02980028F6
:10908000EFD1791E0E980870307800F0200040F083
:10909000450007F8020D12A8C01B00F1070814983C
:1090A000007800B1012000EB0A01019801EBE071AA
:1090B00005984144401A401E0590E00306D45B46E3
:1090C0002146179A059800F05DF805441498007839
:1090D00018B15A46179990476D1CE00324D55B469A
:1090E0002146179A059800F04DF805441CE00498B5
:1090F000002807DBDDE90301884203DD0098405CBE
:10910000179901E0179930205A469047049805F1C5
:109110000105401C04900198401E019004D12E20AE
:109120005A46179990476D1CBAF10001AAF1010A3D
:10913000DDDC05E017F8010B5A46179990476D1CC6
:10914000B8F10001A8F10108F4DC5B462146179A4A
:109150000598ABE62D0000002B0000002000000069
:109160002DE9F041044600251E461746880404D424
:1091700005E039462020B0476D1C641EF9D528460D
:10918000BDE8F0812DE9F041044600251E469046D9
:10919000C80301D5302700E02027880404D505E066
:1091A00041463846B0476D1C641EF9D52846BDE8D7
:1091B000F0814A68002A06D00A68531C0B601070C0
:1091C0004868401E48607047000000000000000032
:1091D0000000B33FB2BE7D3A00002E40DFCF5138D1
:1091E00000007E40BF51FABA00E0A44019DAC3BAC9
:1091F00000E0C840C2ED8AB90040EB40CD1F2CBA58
:10920000001006412AFFFABA00C01541DFCFD1375E
:1092100000D024419A97703A0050334189478E36E6
:1092200000404141E75B9D3800B04E41C00A98B90B
:1092300000A05B41558F943A00306841DA92C0BA81
:109240000040744162B3C63A0000803F00A0853FF1
:1092500000908B3F00C0913F0030983F00F09E3F50
:1092600000F0A53F0050AD3F0000B53F0000BD3FFE
:109270000060C53F0020CE3F0040D73F00C0E03F28
:1092800000C0EA3F0020F53F000000007D36AC3909
:109290007D3C3839EBDCF438320A7E39124C263901
:1092A0009B6AED39A4EE83397F661E39F6398A3917
:1092B0002B426539A48211395B991F39C3EECD3930
:1092C000DDE7C637A5A22F390000803FC3AA853F3E
:1092D000C2958B3FD3C3913FF037983F32F59E3F05
:1092E000D7FEA53F3F58AD3FF304B53FA408BD3FAF
:1092F0002A67C53F8C24CE3FFD44D73FDFCCE03FFB
:10930000C7C0EA3F7D25F53F0000000000000000D7
:10931000000000000000000000000000010000004C
:109320000200000003000000040000000000000034
:109330000500000000000000000000000000000028
:109340000600000000000000000000000000000017
:1093500007000000CFA10308F92F00080200000059
:1093600000000000000100000000000000000000FC
:10937000ABA10308C92F0008FEFF00000000000099
:10938000800000000000000000000000C4A10308ED
:10939000C9370008000000000000000000010000C4
:1093A0000000000000000000B5A10308E93000083B
:1093B000020000000000000080000000000000002B
:1093C00000000000A0A10308F9340008FEFF00001F
:1093D000000000008000000000000000000000000D
:1093E000D8A10308A9400008000000000000000008
:1093F000800000000000000000000000E2A103085F
:10940000410900080000000000000000800000008A
:109410000000000000000000000000000102030442
:1094200001020304060708090001020304050607F8
:10943000080C1014182030400006101600061016F4
:1094400008040204080101010101010307010000F1
:10945000010002000400060008000A000C001000D1
:109460002000400080000001C0F800008911122394
:109470009B322446AD573665BF74488CC19D5AAFA8
:10948000D3BE6CCAE5DB7EE9F7F88110080193339F
:109490001A22A5562C47B7753E64C99C408DDBBF88
:1094A00052AEEDDA64CBFFF976E802218B30100280
:1094B00099132667AF763444BD554AADC3BC588E68
:1094C000D19F6EEBE7FA7CC8F5D983310A2091125F
:1094D0001803A7772E66B5543C45CBBD42ACD99E48
:1094E000508FEFFB66EAFDD874C904428D531661B4
:1094F0009F702004A9153227BB364CCEC5DF5EED28
:10950000D7FC6888E1997AABF3BA85520C4397711E
:109510001E60A1142805B3373A26CDDE44CFDFFD07
:1095200056ECE9986089FBBB72AA06638F721440FF
:109530009D512225AB343006B9174EEFC7FE5CCCE7
:10954000D5DD6AA9E3B8788AF19B87730E629550DE
:109550001C41A3352A24B1163807CFFF46EEDDDCC7
:1095600054CDEBB962A8F99A708B088481951AA73B
:1095700093B62CC2A5D33EE1B7F04008C919522BCF
:10958000DB3A644EED5F766DFF7C899400859BB776
:1095900012A6ADD224C3BFF136E0C1184809D33BAF
:1095A0005A2AE55E6C4FF77D7E6C0AA583B4188657
:1095B00091972EE3A7F23CC0B5D14229CB38500A8F
:1095C000D91B666FEF7E744CFD5D8BB502A4999636
:1095D0001087AFF326E2BDD034C1C3394A28D11A6F
:1095E000580BE77F6E6EF55C7C4D0CC685D71EE58B
:1095F00097F42880A1913AA3B3B2444ACD5B56694F
:10960000DF78600CE91D722FFB3E8DD604C79FF5F5
:1096100016E4A9902081BBB332A2C55A4C4BD7792E
:109620005E68E11C680DF33F7A2E0EE787F61CC4D6
:1096300095D52AA1A3B03882B193466BCF7A54480E
:10964000DD59622DEB3C700EF91F8FF706E69DD4B5
:1096500014C5ABB122A0B9923083C77B4E6AD558EE
:109660005C49E33D6A2CF11E780F005EBCE2613F6D
:10967000DD83C29C7E20A3FD1F419DC3217FFCA2F0
:10968000401E5F01E3BD3E6082DC237D9FC1421C22
:10969000FEA0E1BF5D0380DE3C62BEE0025CDF81D4
:1096A000633D7C22C09E1D43A1FF4618FAA4277982
:1096B0009BC584DA3866E5BB5907DB856739BAE4B0
:1096C00006581947A5FB7826C49A653BD987045AE2
:1096D000B8E6A7F91B45C6987A24F8A6441A99C794
:1096E000257B3A6486D85B05E7B98CD2306EEDB342
:1096F000510F4E10F2AC2F7193CD114FADF3702E70
:10970000CC92D38D6F31B2EC0E50AFF1134DCE90A1
:10971000722C6D33D18F0C52B0EE326C8ED0530D53
:10972000EFB1F0AE4C1291CF2D73CA947628ABF501
:1097300017490856B4EA6937D58B5709EBB536682F
:109740008AD495CB2977F4AA4816E9B7550B88D661
:10975000346A2B7597C94A14F6A8742AC896154B13
:10976000A9F7B6E80A54D7896B350000891112238E
:109770009B322446AD573665BF74488CC19D5AAFA5
:10978000D3BE6CCAE5DB7EE9F7F88110080193339C
:109790001A22A5562C47B7753E64C99C408DDBBF85
:1097A00052AEEDDA64CBFFF976E802218B3010027D
:1097B00099132667AF763444BD554AADC3BC588E65
:1097C000D19F6EEBE7FA7CC8F5D983310A2091125C
:1097D0001803A7772E66B5543C45CBBD42ACD99E45
:1097E000508FEFFB66EAFDD874C904428D531661B1
:1097F0009F702004A9153227BB364CCEC5DF5EED25
:10980000D7FC6888E1997AABF3BA85520C4397711B
:109810001E60A1142805B3373A26CDDE44CFDFFD04
:1098200056ECE9986089FBBB72AA06638F721440FC
:109830009D512225AB343006B9174EEFC7FE5CCCE4
:10984000D5DD6AA9E3B8788AF19B87730E629550DB
:109850001C41A3352A24B1163807CFFF46EEDDDCC4
:1098600054CDEBB962A8F99A708B088481951AA738
:1098700093B62CC2A5D33EE1B7F04008C919522BCC
:10988000DB3A644EED5F766DFF7C899400859BB773
:1098900012A6ADD224C3BFF136E0C1184809D33BAC
:1098A0005A2AE55E6C4FF77D7E6C0AA583B4188654
:1098B00091972EE3A7F23CC0B5D14229CB38500A8C
:1098C000D91B666FEF7E744CFD5D8BB502A4999633
:1098D0001087AFF326E2BDD034C1C3394A28D11A6C
:1098E000580BE77F6E6EF55C7C4D0CC685D71EE588
:1098F00097F42880A1913AA3B3B2444ACD5B56694C
:10990000DF78600CE91D722FFB3E8DD604C79FF5F2
:1099100016E4A9902081BBB332A2C55A4C4BD7792B
:109920005E68E11C680DF33F7A2E0EE787F61CC4D3
:1099300095D52AA1A3B03882B193466BCF7A54480B
:10994000DD59622DEB3C700EF91F8FF706E69DD4B2
:1099500014C5ABB122A0B9923083C77B4E6AD558EB
:109960005C49E33D6A2CF11E780F000000401C4664
:1099700000002041EC51383E0000104200008046BB
:109980000000A0416DE77B3E9A9999410050C34683
:109990000000803F0000803F0000803F000000008A
:1099A000920E493CB10AC93C2BC3163D2EFB483DE3
:1099B000752B7B3D04A9963D80B6AF3D36BDC83DB5
:1099C0002FBCE13D73B2FA3D87CF093E8340163E7E
:1099D000B5AB223EA2102F3ECF6E3B3EC2C5473EE6
:1099E0000115543E135C603E7F9A6C3ECCCF783EAE
:1099F000C07D823E938E883E229A8E3E32A0943E57
:109A000086A09A3EE59AA03E128FA63ED47CAC3E3C
:109A1000EF63B23E2A44B83E491DBE3E15EFC33E39
:109A200053B9C93ECA7BCF3E4136D53E80E8DA3EC7
:109A30004F92E03E7533E63EBBCBEB3EEA5AF13E39
:109A4000CBE0F63E275DFC3EE4E7003F3D9C033F54
:109A5000824B063F9BF5083F6B9A0B3FDA390E3F6E
:109A6000CDD3103F2A68133FD9F6153FC07F183F6A
:109A7000C6021B3FD17F1D3FCBF61F3F9967223F98
:109A800025D2243F5636273F1594293F4AEB2B3FDA
:109A9000DE3B2E3FBB85303FC9C8323FF304353F24
:109AA000233A373F4268393F3B8F3B3FF9AE3D3F5A
:109AB00067C73F3F70D8413F01E2433F03E4453F62
:109AC00065DE473F12D1493FF8BB4B3F029F4D3FF8
:109AD000207A4F3F3D4D513F4918533F31DB543FB2
:109AE000E595563F5348583F6AF2593F1A945B3FF9
:109AF000532D5D3F05BE5E3F2146603F97C5613FE8
:109B00005A3C633F59AA643F880F663FD86B673F52
:109B10003CBF683FA7096A3F0C4B6B3F5E836C3FBD
:109B200093B26D3F9ED86E3F73F56F3F0809713F4A
:109B30005213723F4714733FDD0B743F0BFA743FAF
:109B4000C6DE753F07BA763FC58B773FF853783F3F
:109B50009812793F9DC7793F02737A3FBE147B3FCD
:109B6000CDAC7B3F283B7C3FC9BF7C3FAC3A7D3FBF
:109B7000CCAB7D3F23137E3FB0707E3F6DC47E3FF4
:109B8000580E7F3F6D4E7F3FAB847F3F0FB17F3FCD
:109B900097D37F3F43EC7F3F11FB7F3F0000803F27
:109BA00011FB7F3F43EC7F3F97D37F3F0FB17F3F58
:109BB000AB847F3F6D4E7F3F580E7F3F6DC47E3F2D
:109BC000B0707E3F23137E3FCCAB7D3FAC3A7D3FF0
:109BD000C9BF7C3F283B7C3FCDAC7B3FBE147B3F65
:109BE00002737A3F9DC7793F9812793FF853783FC7
:109BF000C58B773F07BA763FC6DE753F0BFA743FD9
:109C0000DD0B743F4714733F5213723F0809713FD5
:109C100073F56F3F9ED86E3F93B26D3F5E836C3F8E
:109C20000C4B6B3FA7096A3F3CBF683FD86B673F4F
:109C3000880F663F59AA643F5A3C633F97C5613F0E
:109C40002146603F05BE5E3F532D5D3F1A945B3F4A
:109C50006AF2593F5348583FE595563F31DB543F30
:109C60004918533F3D4D513F207A4F3F029F4D3F92
:109C7000F8BB4B3F12D1493F65DE473F03E4453F08
:109C800001E2433F70D8413F67C73F3FF9AE3D3FD8
:109C90003B8F3B3F4268393F233A373FF304353F20
:109CA000C9C8323FBB85303FDE3B2E3F4AEB2B3FDE
:109CB0001594293F5636273F25D2243F9967223FE6
:109CC000CBF61F3FD17F1D3FC6021B3FC07F183F11
:109CD000D9F6153F2A68133FCDD3103FDA390E3F2E
:109CE0006B9A0B3F9BF5083F824B063F3D9C033F21
:109CF000E4E7003F275DFC3ECBE0F63EEA5AF13E4A
:109D0000BBCBEB3E7533E63E4F92E03E80E8DA3E59
:109D10004136D53ECA7BCF3E53B9C93E15EFC33E4F
:109D2000491DBE3E2A44B83EEF63B23ED47CAC3EF1
:109D3000128FA63EE59AA03E86A09A3E32A0943E9F
:109D4000229A8E3E938E883EC07D823ECCCF783E56
:109D50007F9A6C3E135C603E0115543EC2C5473E7F
:109D6000CF6E3B3EA2102F3EB5AB223E8340163E47
:109D700087CF093E73B2FA3D2FBCE13D36BDC83DE9
:109D800080B6AF3D04A9963D752B7B3D2EFB483D2B
:109D90002BC3163DB10AC93C920E493C000000009D
:109DA000920E49BCB10AC9BC2BC316BD2EFB48BDDF
:109DB000752B7BBD04A996BD80B6AFBD36BDC8BDB1
:109DC0002FBCE1BD73B2FABD87CF09BE834016BE7A
:109DD000B5AB22BEA2102FBECF6E3BBEC2C547BEE2
:109DE000011554BE135C60BE7F9A6CBECCCF78BEAA
:109DF000C07D82BE938E88BE229A8EBE32A094BE53
:109E000086A09ABEE59AA0BE128FA6BED47CACBE38
:109E1000EF63B2BE2A44B8BE491DBEBE15EFC3BE35
:109E200053B9C9BECA7BCFBE4136D5BE80E8DABEC3
:109E30004F92E0BE7533E6BEBBCBEBBEEA5AF1BE35
:109E4000CBE0F6BE275DFCBEE4E700BF3D9C03BF50
:109E5000824B06BF9BF508BF6B9A0BBFDA390EBF6A
:109E6000CDD310BF2A6813BFD9F615BFC07F18BF66
:109E7000C6021BBFD17F1DBFCBF61FBF996722BF94
:109E800025D224BF563627BF159429BF4AEB2BBFD6
:109E9000DE3B2EBFBB8530BFC9C832BFF30435BF20
:109EA000233A37BF426839BF3B8F3BBFF9AE3DBF56
:109EB00067C73FBF70D841BF01E243BF03E445BF5E
:109EC00065DE47BF12D149BFF8BB4BBF029F4DBFF4
:109ED000207A4FBF3D4D51BF491853BF31DB54BFAE
:109EE000E59556BF534858BF6AF259BF1A945BBFF5
:109EF000532D5DBF05BE5EBF214660BF97C561BFE4
:109F00005A3C63BF59AA64BF880F66BFD86B67BF4E
:109F10003CBF68BFA7096ABF0C4B6BBF5E836CBFB9
:109F200093B26DBF9ED86EBF73F56FBF080971BF46
:109F3000521372BF471473BFDD0B74BF0BFA74BFAB
:109F4000C6DE75BF07BA76BFC58B77BFF85378BF3B
:109F5000981279BF9DC779BF02737ABFBE147BBFC9
:109F6000CDAC7BBF283B7CBFC9BF7CBFAC3A7DBFBB
:109F7000CCAB7DBF23137EBFB0707EBF6DC47EBFF0
:109F8000580E7FBF6D4E7FBFAB847FBF0FB17FBFC9
:109F900097D37FBF43EC7FBF11FB7FBF000080BF23
:109FA00011FB7FBF43EC7FBF97D37FBF0FB17FBF54
:109FB000AB847FBF6D4E7FBF580E7FBF6DC47EBF29
:109FC000B0707EBF23137EBFCCAB7DBFAC3A7DBFEC
:109FD000C9BF7CBF283B7CBFCDAC7BBFBE147BBF61
:109FE00002737ABF9DC779BF981279BFF85378BFC3
:109FF000C58B77BF07BA76BFC6DE75BF0BFA74BFD5
:10A00000DD0B74BF471473BF521372BF080971BFD1
:10A0100073F56FBF9ED86EBF93B26DBF5E836CBF8A
:10A020000C4B6BBFA7096ABF3CBF68BFD86B67BF4B
:10A03000880F66BF59AA64BF5A3C63BF97C561BF0A
:10A04000214660BF05BE5EBF532D5DBF1A945BBF46
:10A050006AF259BF534858BFE59556BF31DB54BF2C
:10A06000491853BF3D4D51BF207A4FBF029F4DBF8E
:10A07000F8BB4BBF12D149BF65DE47BF03E445BF04
:10A0800001E243BF70D841BF67C73FBFF9AE3DBFD4
:10A090003B8F3BBF426839BF233A37BFF30435BF1C
:10A0A000C9C832BFBB8530BFDE3B2EBF4AEB2BBFDA
:10A0B000159429BF563627BF25D224BF996722BFE2
:10A0C000CBF61FBFD17F1DBFC6021BBFC07F18BF0D
:10A0D000D9F615BF2A6813BFCDD310BFDA390EBF2A
:10A0E0006B9A0BBF9BF508BF824B06BF3D9C03BF1D
:10A0F000E4E700BF275DFCBECBE0F6BEEA5AF1BE46
:10A10000BBCBEBBE7533E6BE4F92E0BE80E8DABE55
:10A110004136D5BECA7BCFBE53B9C9BE15EFC3BE4B
:10A12000491DBEBE2A44B8BEEF63B2BED47CACBEED
:10A13000128FA6BEE59AA0BE86A09ABE32A094BE9B
:10A14000229A8EBE938E88BEC07D82BECCCF78BE52
:10A150007F9A6CBE135C60BE011554BEC2C547BE7B
:10A16000CF6E3BBEA2102FBEB5AB22BE834016BE43
:10A1700087CF09BE73B2FABD2FBCE1BD36BDC8BDE5
:10A1800080B6AFBD04A996BD752B7BBD2EFB48BD27
:10A190002BC316BDB10AC9BC920E49BC0000008099
:10A1A0005354415455535461736B00446562756751
:10A1B0005461736B004D6F646553776974636854C1
:10A1C00061736B0047696D62616C5461736B00432E
:10A1D0006F6D6D5461736B0053686F6F745461736E
:10A1E0006B0053746172745461736B004344432079
:10A1F000496E746572666163650043444320436F32
:10A200006E6669670053544D6963726F656C656370
:10A2100074726F6E6963730053544D333220566904
:10A22000727475616C20436F6D506F727400494495
:10A230004C4500546D725100546D7220537663008A
:10A2400060A203080000002448010000D48803082D
:10A25000A8A303084801002430AC0000E4880308E8
:10A2600000000000828101005124000871240008D0
:10A2700091240008B92400080925000829250008B0
:10A280007925000800000000000020420090D00363
:10A290000090D00311700308317203082173030882
:10A2A00000000000F1740308697503086176030873
:10A2B000000000000000000000000000D17603084C
:10A2C00041770308B17703082178030809024300A6
:10A2D000020100C03209040000010202010005244D
:10A2E00000100105240100010424020205240600D7
:10A2F000010705820308001009040100020A00009A
:10A30000000705010240000007058102400000002F
:10A310000A0600020000004001000000050F0C00CA
:10A3200001071002020000001201000202020040B8
:10A33000830440570002010203010000C9260008FF
:10A340000127000809270008692700089927000845
:10A35000040309041A0300000000000000000000CC
:10A3600000000000000000000000000000000200EB
:10A37000ACC5A7360000803F82A87B3782A8FB3798
:10A3800005006400030000002801002428010024C7
:10A390003001002430010024010100001000000001
:08A3A000AAAAAAAA000000000D
:04000005080002CD20
:00000001FF
