:020000040800F2
:1000000028F40124E102000849DA0008B1CC000814
:1000100041DA000861050008913F01080000000076
:1000200000000000000000000000000071E4000873
:10003000D91200080000000091DE0008D1E4000899
:10004000FB020008FB020008FB020008FB0200089C
:10005000FB020008FB020008FB020008FB0200088C
:10006000FB020008FB020008FB0200085106000822
:100070006106000871060008810600089106000864
:10008000A1060008B1060008FB020008F1120008F2
:1000900001130008FB020008FB020008FB02000835
:1000A000FB02000839E70008FB020008FB02000819
:1000B00049E70008FB020008FB020008FB020008F9
:1000C000FB020008FB020008FB020008E9E200084E
:1000D000FB020008B1040108D1040108F104010881
:1000E000FB020008FB02000800000000FB02000801
:1000F000FB020008FB020008FB020008C106000822
:10010000FB020008FB020008FB020008FB020008DB
:10011000F1F00008FB020008FB020008FB020008E7
:10012000D1060008E1060008F106000801070008F2
:1001300011070008FB020008FB020008FB02000890
:1001400000000000000000000000000000000000AF
:100150002107000831070008FB020008110501080B
:10016000FB020008FB020008D9DA0008C9DA00081F
:10017000FB020008E9DA0008FB02000800000000AA
:10018000FB020008FB020008FB020008FB0200085B
:10019000FB020008FB020008FB020008FB0200084B
:1001A000FB020008FB020008FB0200080000000040
:1001B000FB020008FB020008FB020008FB0200082B
:1001C000FB020008FB020008000000000000000025
:1001D0000000000000000000FB020008000000001A
:1001E000000000000000000000000000000000000F
:1001F0000000000000000000FB020008FB020008F5
:10020000FB020008FB02000800000000FB020008DF
:10021000FB020008FB020008FB020008FB020008CA
:10022000FB02000800000000FB02000800000000C4
:10023000FB020008FB02000800000000FB020008AF
:10024000FB020008FB020008FB020008FB0200089A
:10025000FB020008FB020008FB020008FB0200088A
:10026000FB020008FB020008FB020008FB0200087A
:10027000FB020008FB020008FB020008000000006F
:10028000FB020008FB020008FB020008FB0200085A
:1002900000000000FB020008FB0200080000000054
:1002A00000000000FB020008FB02000811F100083A
:1002B00091040108FB020008FB020008111300086A
:1002C000FB020008FB020008FB020008DFF80CD06C
:1002D00000F0F0F800480047D9A1010828F40124F3
:1002E0000648804706480047FEE7FEE7FEE7FEE7D0
:1002F000FEE7FEE7FEE7FEE7FEE7FEE7F1E50008C2
:10030000CD0200082DE9F05F0546002092469B468D
:1003100088460646814640241BE02846414647461B
:10032000224600F0B5F853465A46C01A914110D300
:1003300011461846224600F09CF82D1A67EB01087A
:100340004F4622460120002100F093F817EB0009E8
:100350004E41201EA4F10104DFDC484631462A4606
:100360004346BDE8F09F2DE9FE4399461546884671
:10037000074601AC022942D3002D40D00020029054
:10038000A8F101004FF0FF36009022E000FB05725B
:1003900001FB057011464A469047002805DC54F8D9
:1003A0002600304444F8260013E060682A4600FB2B
:1003B000057154F8040C00FB057007E00B7890F809
:1003C00000C001F801CB00F8013B521E002AF5D114
:1003D000764254F8040C61688842D7DC4B462A46C2
:1003E0003846FFF7C0FF54F8040C4B46A8EB000159
:1003F000401C00FB05702A46491EFFF7B4FFBDE80C
:10040000FE83002800DA4042704740EA01039B0760
:1004100003D009E008C9121F08C0042AFAD203E079
:1004200011F8013B00F8013B521EF9D27047D2B2DD
:1004300001E000F8012B491EFBD270470022F6E7CD
:1004400010B513460A4604461946FFF7F0FF20464A
:1004500010BD421C10F8011B0029FBD1801A704707
:10046000034611F8012B00F8012B002AF9D1184698
:100470007047202A04DB203A00FA02F1002070477E
:100480009140C2F1200320FA03F3194390407047D2
:10049000202A04DB203A21FA02F00021704721FAD9
:1004A00002F3D040C2F12002914008431946704740
:1004B00000207047064C074D06E0E06840F001035D
:1004C00094E8070098471034AC42F6D3FFF702FFD8
:1004D000581502088815020870B58C1810F8015BD1
:1004E00015F0070301D110F8013B2A1106D110F8CD
:1004F000012B03E010F8016B01F8016B5B1EF9D1D1
:100500002B0705D40023521E0DD401F8013BFAE756
:1005100010F8013BCB1A921C03E013F8015B01F8C1
:10052000015B521EF9D5A142D8D3002070BD000056
:1005300081B08DED000A9DED000A9FED072A80EE47
:10054000021A9FED063A31EE031ABBFE411A01EE84
:10055000420A01B0704700BFDB0FC94083F9A23DDA
:10056000FFE7FEE70000000084B08DF80F00029165
:10057000ADF806209DF80F000146009123281DD8F4
:100580000099DFE801F012131415161B1B1B1B1B2F
:100590001B1B1B1B1B1B1B1B1B1B1B1B1B1B1B1BAB
:1005A0001B1B1B1B1B1B1718191A08E007E006E092
:1005B00005E004E003E002E001E000E0FFE70020E6
:1005C00004B07047000000000020704700000000E9
:1005D00080B582B04DF64020C2F2004000904CF64B
:1005E0009831C2F200410022019210F049FB0098BC
:1005F0004CF29831C2F2004110F022FB019802B097
:1006000080BD00000000000080B584B0039002911E
:1006100003994DF64020C2F20040019010F010FB0B
:10062000019810F0B1FA03981CF0E2FE002004B02B
:1006300080BD00000000000083B0029001918DF8A1
:10064000032000208DF802009DF9020003B07047DE
:1006500080B54EF26810C2F2004002F099F880BDF9
:1006600080B54EF2E010C2F2004002F091F880BD79
:1006700080B54EF27800C2F2004002F089F880BDE9
:1006800080B54EF2F000C2F2004002F081F880BD69
:1006900080B54EF2C030C2F2004002F079F880BD61
:1006A00080B54EF25820C2F2004002F071F880BDD1
:1006B00080B54EF2D020C2F2004002F069F880BD51
:1006C00080B54EF24830C2F2004002F061F880BDC1
:1006D00080B54DF68870C2F2004002F059F880BD36
:1006E00080B54EF20000C2F2004002F051F880BD29
:1006F00080B54DF63050C2F2004002F049F880BD9E
:1007000080B54DF6A850C2F2004002F041F880BD1D
:1007100080B54DF62060C2F2004002F039F880BD8D
:1007200080B54DF69860C2F2004002F031F880BD0D
:1007300080B54DF61070C2F2004002F029F880BD7D
:1007400083B002900298016801201022C4F20202D4
:100750009142009000F0A380FFE702980168012019
:100760002822C4F202029142009000F09880FFE734
:100770000298016801204022C4F2020291420090D6
:1007800000F08D80FFE70298016801205822C4F232
:1007900002029142009000F08280FFE70298016817
:1007A00001207022C4F202029142009077D0FFE74C
:1007B0000298016801208822C4F20202914200904E
:1007C0006DD0FFE7029801680120A022C4F2020266
:1007D0009142009063D0FFE7029801680120B8229F
:1007E000C4F202029142009059D0FFE702980168DA
:1007F000012040F21042C4F20202914200904ED019
:10080000FFE702980168012040F22842C4F2020288
:100810009142009043D0FFE702980168012040F226
:100820004042C4F202029142009038D0FFE70298A1
:100830000168012040F25842C4F202029142009045
:100840002DD0FFE702980168012040F27042C4F207
:1008500002029142009022D0FFE702980168012035
:1008600040F28842C4F202029142009017D0FFE7A2
:1008700002980168012040F2A042C4F202029142B3
:1008800000900CD0FFE7029800684FF64831CBF695
:10089000FD710844B0FA80F040090090FFE700982D
:1008A000C00740B3FFE70298007810384AF6AB2142
:1008B000CAF6AA21A0FB011000090190019800F0DE
:1008C000070140F26850C0F60200405C0299C8651A
:1008D0000198042807D3FFE702990868042262F30D
:1008E0000900886506E00299086840F2FF329043EB
:1008F0008865FFE705E00299086820F0FF00886539
:10090000FFE70298806D03B0704700000000000010
:1009100084B0039003980068019003980168012057
:1009200045F20842C5F60202914200904ED0FFE720
:1009300003980168012045F21C42C5F6020291426B
:10094000009043D0FFE703980168012045F2304250
:10095000C5F602029142009038D0FFE70398016883
:10096000012045F24442C5F60202914200902DD08A
:10097000FFE703980168012045F25842C5F60202DC
:100980009142009022D0FFE703980168012045F2D0
:100990006C42C5F602029142009017D0FFE703981F
:1009A0000168012045F28042C5F6020291420090A2
:1009B0000CD0FFE7039800684AF66C31CAF2FD716B
:1009C0000844B0FA80F040090090FFE70098C007A3
:1009D00010B3FFE70398007808384CF6CD41CCF609
:1009E000CC41A0FB011000090290029945F60000DD
:1009F000C5F6020000EB810003990866039945F6ED
:100A00008000C5F602004866029800F01F01012030
:100A100088400399886635E00398007810384AF6D4
:100A2000AB21CAF6AA21A0FB01100009029001988F
:100A300040F2B841C4F2020188420CD8FFE70198A5
:100A400040F21041C4F20201884204D3FFE7029849
:100A500008300290FFE7029940F60000C4F202005D
:100A600000EB810003990866039940F68000C4F208
:100A700002004866029800F01F0101208840039997
:100A80008866FFE704B0704783B00290029800794F
:100A900001900198002800F08A80FFE7019808285B
:100AA00000F28580FFE702980168012045F20842C4
:100AB000C5F60202914200904ED0FFE7029801680D
:100AC000012045F21C42C5F602029142009043D03B
:100AD000FFE702980168012045F23042C5F60202A4
:100AE0009142009038D0FFE702980168012045F25A
:100AF0004442C5F60202914200902DD0FFE70298D1
:100B00000168012045F25842C5F602029142009068
:100B100022D0FFE702980168012045F26C42C5F639
:100B200002029142009017D0FFE70298016801206D
:100B300045F28042C5F60202914200900CD0FFE7D8
:100B4000029800684AF66C31CAF2FD710844B0FAA6
:100B500080F040090090FFE70098C00780B1FFE7F0
:100B6000019945F6FC00C5F6020000EB81000299F0
:100B7000C866029945F64010C5F6020008670FE006
:100B8000019940F6FC00C4F2020000EB81000299DA
:100B9000C866029940F64010C4F202000867FFE7F9
:100BA0000198411E0120884002994867FFE703B081
:100BB000704700000000000085B0049000208DF810
:100BC0000F000498806918BBFFE70498806A0290C0
:100BD00003281BD80299DFE801F0020D02180498DF
:100BE00090F82F00C00720B1FFE701208DF80F001B
:100BF000FFE70CE00498C06AB0F1C07F04D1FFE7C2
:100C000001208DF80F00FFE701E000E0FFE747E07B
:100C100004988069B0F5005F26D1FFE70498806AE8
:100C2000019003281ED80199DFE801F002060211A5
:100C300001208DF80F0016E0049890F82F00C007EF
:100C400020B1FFE701208DF80F00FFE70BE00498CB
:100C5000C06AB0F1C07F04D1FFE701208DF80F001A
:100C6000FFE700E0FFE71AE00498806A009003289D
:100C700004D3FFE70098032804D00EE001208DF88C
:100C80000F000BE0049890F82F00C00720B1FFE799
:100C900001208DF80F00FFE700E0FFE7FFE7FFE727
:100CA0009DF80F0005B0704789B008900791069233
:100CB00005930898806D04900898806D03900898BB
:100CC000016801201022C4F202029142029000F059
:100CD0000381FFE70898016801202822C4F202027C
:100CE0009142029000F0F880FFE708980168012027
:100CF0004022C4F202029142029000F0ED80FFE730
:100D00000898016801205822C4F202029142029020
:100D100000F0E280FFE70898016801207022C4F229
:100D200002029142029000F0D780FFE70898016824
:100D300001208822C4F202029142029000F0CC808D
:100D4000FFE7089801680120A022C4F20202914244
:100D5000029000F0C180FFE7089801680120B822E6
:100D6000C4F202029142029000F0B680FFE70898B8
:100D70000168012040F21042C4F202029142029046
:100D800000F0AA80FFE708980168012040F228429D
:100D9000C4F202029142029000F09E80FFE70898A0
:100DA0000168012040F24042C4F2020291420290E6
:100DB00000F09280FFE708980168012040F2584255
:100DC000C4F202029142029000F08680FFE7089888
:100DD0000168012040F27042C4F202029142029086
:100DE0007AD0FFE708980168012040F28842C4F2F7
:100DF0000202914202906FD0FFE70898016801203B
:100E000040F2A042C4F202029142029064D0FFE795
:100E100008980168012040F2B842C4F202029142EF
:100E2000029059D0FFE708980168012045F2084276
:100E3000C5F60202914202904ED0FFE70898016881
:100E4000012045F21C42C5F602029142029043D0B5
:100E5000FFE708980168012045F23042C5F602021A
:100E60009142029038D0FFE708980168012045F2CE
:100E70004442C5F60202914202902DD0FFE7089845
:100E80000168012045F25842C5F6020291420290E3
:100E900022D0FFE708980168012045F26C42C5F6B0
:100EA00002029142029017D0FFE7089801680120E2
:100EB00045F28042C5F60202914202900CD0FFE753
:100EC000089800684AF66C31CAF2FD710844B0FA1D
:100ED00080F040090290FFE70298C00770B1FFE779
:100EE0000898416E806E48600898C06E28B1FFE790
:100EF0000898016F406F4860FFE7FFE708980168B6
:100F000001201022C4F202029142019000F0A3805D
:100F1000FFE70898016801202822C4F202029142EA
:100F2000019000F09880FFE70898016801204022B6
:100F3000C4F202029142019000F08D80FFE7089810
:100F4000016801205822C4F202029142019000F08F
:100F50008280FFE70898016801207022C4F2020233
:100F60009142019077D0FFE708980168012088221C
:100F7000C4F20202914201906DD0FFE70898016827
:100F80000120A022C4F202029142019063D0FFE747
:100F9000089801680120B822C4F20202914201902F
:100FA00059D0FFE708980168012040F21042C4F2CE
:100FB0000202914201904ED0FFE70898016801209B
:100FC00040F22842C4F202029142019043D0FFE76E
:100FD00008980168012040F24042C4F202029142A6
:100FE000019038D0FFE708980168012040F258428C
:100FF000C4F20202914201902DD0FFE708980168E7
:10100000012040F27042C4F202029142019022D0CB
:10101000FFE708980168012040F28842C4F202020A
:101020009142019017D0FFE708980168012040F233
:10103000A042C4F20202914201900CD0FFE708984E
:1010400000684FF64831CBF6FD710844B0FA80F0E5
:1010500040090190FFE70198C00750B3FFE70898E7
:10106000C06D00F01F013F208840049988600898F7
:101070000168086820F480200860059808990968CC
:10108000486008988068402809D1FFE706980899C9
:1010900009688860079808990968C86008E0079897
:1010A000089909688860069808990968C860FFE788
:1010B00082E008980168012045F20842C5F6020264
:1010C000914200904ED0FFE708980168012045F258
:1010D0001C42C5F602029142009043D0FFE70898F7
:1010E0000168012045F23042C5F6020291420090AB
:1010F00038D0FFE708980168012045F24442C5F660
:101100000202914200902DD0FFE70898016801206B
:1011100045F25842C5F602029142009022D0FFE704
:1011200008980168012045F26C42C5F6020291421E
:10113000009017D0FFE708980168012045F280422F
:10114000C5F60202914200900CD0FFE708980068B3
:101150004AF66C31CAF2FD710844B0FA80F04009D9
:101160000090FFE70098C00720B3FFE70898C06D24
:1011700000F01F01012088400399486005980899F4
:101180000968486008988068402809D1FFE70698F8
:10119000089909688860079808990968C86008E094
:1011A0000798089909688860069808990968C860CE
:1011B000FFE700E0FFE7FFE709B07047000000002D
:1011C00081B041F20400CEF2000000680090009867
:1011D0004BF67061C2F200410968884208D2FFE70D
:1011E0004BF67461C2F20041086801300860FFE705
:1011F00000984BF67061C2F20041086001B0704780
:1012000080B584B0039041F20400CEF20000006883
:101210000290029803990968401A00EE100AB8EE8D
:10122000400A4BF66460C2F2004090ED001AB8EE3E
:10123000411A80EE010A8DED010A029803990860B7
:10124000FFF7BEFF9DED010A04B080BD0000000065
:1012500081B000904EF6FC51CEF20001086840F0DB
:101260008070086041F20401CEF2000100200860A5
:1012700041F20002CEF20002116841F0010111605A
:10128000009944F24022C0F20F024A434BF66461D7
:10129000C2F200410A600A6844F6D353C1F2620305
:1012A000A2FB033292094BF66863C2F200431A6054
:1012B00009684DF68362C4F21B32A1FB0221890C3E
:1012C0004BF66C62C2F2004211604BF67461C2F2DE
:1012D0000041086001B07047704700000000000046
:1012E00081B0EFF3108072B60090FFE7FEE70000D8
:1012F00080B54EF24C40C2F2004003F0BDFE80BD0E
:1013000080B54EF2EC40C2F2004003F0B5FE80BD65
:1013100080B54EF28C50C2F2004003F0ADFE80BDAD
:1013200084B002900298406B009002980068D0F858
:1013300084004FF6FC718843009940EA81000299CD
:101340000968C1F8840002980068D0F8840020F48D
:101350007F00029A1168926B40EA0240C1F8840053
:101360000298816B00980844009002980068D0F8B9
:1013700088006FF38F00009940EA810002990968A4
:10138000C1F8880002980068D0F8880020F4FE00B8
:10139000029A1168D26B40EA0240C1F888000298B4
:1013A000C16B009800EB4100009002980068D0F8F3
:1013B000A0006FF38F00009940EA8100029909684C
:1013C000C1F8A00002980068D0F8A00020F4FE0048
:1013D000029A1168126C40EA0240C1F8A00002991A
:1013E000086C496C009A00FB01200090029800688C
:1013F000D0F8B0006FF38F00009940EA81000299A5
:101400000968C1F8B00002980068D0F8B00020F474
:10141000FE00029A1168926C40EA0240C1F8B000E6
:101420000299886CC96C009A00FB01200090029818
:101430000068D0F8AC006FF38F00009940EA81009B
:1014400002990968C1F8AC000299086D496D009ACB
:1014500000FB0120009002980068D0F8F0006FF3C4
:101460008F00009940EA810002990968C1F8F000F4
:1014700002980068D0F8F00020F47C10029A1168FD
:10148000926D40EA0240C1F8F0000298816D009828
:1014900000EB4100009002980068D0F8C0006FF3A4
:1014A0008F00009940EA810002990968C1F8C000E4
:1014B00002980068D0F8C00020F47C10029A1168ED
:1014C000D26D40EA0240C1F8C00002980068D0F82E
:1014D000C00020F07C50029A1168126E40EA02604F
:1014E000C1F8C00002994A6B4AF60040C4F20000FD
:1014F00000EB8200C86602998A6BC86E00EB82001E
:1015000008670299CA6B086F00EBC200486702992E
:101510000A6C4B6C486F5A4300EB82008867029953
:101520008A6CCB6C886F5A4300EB8200C8670299C3
:101530000A6D4B6DC86F5A4300EB8200C1F8800002
:1015400002998A6DD1F8800000EBC200C1F88400D6
:101550000299CA6D8B6ED1F884005A4300EB820069
:10156000C1F8880002990A6E8B6ED1F888005A4340
:1015700000EB8200C1F890000298D0F890004DF284
:10158000FD31C4F2000188420FD3FFE70299D1F880
:101590009C0040F02000C1F89C000299032081F8D3
:1015A000980001208DF80F0017E00298C06E01909E
:1015B000FFE701980299D1F89010884208D2FFE71E
:1015C000019900200860FFE7019804300190F0E7DE
:1015D000FFE700208DF80F00FFE79DF80F0004B033
:1015E000704700000000000088B007900691059247
:1015F00004930698406848B9FFE706980168826836
:101600000069104340EA8140039009E006980168B0
:10161000826800691043084340F080400390FFE770
:101620000698D0F820C0C16842698369C06940EA61
:101630000C601843104340EA014002900798826E04
:10164000D0F884000499514300EB81000190039885
:10165000019908600198043001900298019908608E
:1016600001980430019000200090FFE7009806994F
:10167000CA6840F25851C0F60201895C88420DD216
:10168000FFE70598009940580199086001980430D7
:101690000190FFE7009804300090E7E708B070473A
:1016A00088B007908DED060ACDED050A8DED041A80
:1016B000CDED031A8DED022ACDED012A8DED003A14
:1016C0000698079908600799002048600599079ACD
:1016D00091600399079A11610499079AD160029960
:1016E000079A51610199079AD1610099079A11628D
:1016F0000799886108B0704780B584B04EF6000045
:10170000C1F6F170006803904EF60400C1F6F17066
:10171000006802904EF60800C1F6F1700068019072
:101720000199039808440390039888B1FFE7039850
:101730004BF65051C2F200410091023108220BF0E9
:10174000BBFA00990298123104220BF0B5FAFFE7B8
:1017500004B080BD0000000080B58AB0089004F09D
:101760000FFE0490089828B9FFE701208DF82700A4
:1017700000F0AABC089890F8350002280ED0FFE7C8
:10178000089980204865FFE70899002081F8340017
:10179000FFE701208DF8270000F096BC089801684B
:1017A00001201022C4F202029142039000F0A380B3
:1017B000FFE70898016801202822C4F20202914242
:1017C000039000F09880FFE708980168012040220C
:1017D000C4F202029142039000F08D80FFE7089866
:1017E000016801205822C4F202029142039000F0E5
:1017F0008280FFE70898016801207022C4F202028B
:101800009142039077D0FFE7089801680120882271
:10181000C4F20202914203906DD0FFE7089801687C
:101820000120A022C4F202029142039063D0FFE79C
:10183000089801680120B822C4F202029142039084
:1018400059D0FFE708980168012040F21042C4F225
:101850000202914203904ED0FFE7089801680120F0
:1018600040F22842C4F202029142039043D0FFE7C3
:1018700008980168012040F24042C4F202029142FD
:10188000039038D0FFE708980168012040F25842E1
:10189000C4F20202914203902DD0FFE7089801683C
:1018A000012040F27042C4F202029142039022D021
:1018B000FFE708980168012040F28842C4F2020262
:1018C0009142039017D0FFE708980168012040F289
:1018D000A042C4F20202914203900CD0FFE70898A4
:1018E00000684FF64831CBF6FD710844B0FA80F03D
:1018F00040090390FFE70398C00780B1FFE708980D
:101900000168086820F01E000860089801684869AE
:1019100020F08000486108980068059009E0089868
:101920000168086820F00E000860089800680590BB
:10193000FFE70898016801201022C4F202029142D8
:10194000029000F00381FFE7089801680120282237
:10195000C4F202029142029000F0F880FFE708987A
:10196000016801204022C4F202029142029000F07C
:10197000ED80FFE70898016801205822C4F20202B6
:101980009142029000F0E280FFE708980168012090
:101990007022C4F202029142029000F0D780FFE769
:1019A0000898016801208822C4F202029142029044
:1019B00000F0CC80FFE7089801680120A022C4F263
:1019C00002029142029000F0C180FFE7089801688E
:1019D0000120B822C4F202029142029000F0B680C7
:1019E000FFE708980168012040F21042C4F20202A9
:1019F0009142029000F0AA80FFE708980168012058
:101A000040F22842C4F202029142029000F09E800D
:101A1000FFE708980168012040F24042C4F2020248
:101A20009142029000F09280FFE70898016801203F
:101A300040F25842C4F202029142029000F08680C5
:101A4000FFE708980168012040F27042C4F20202E8
:101A5000914202907AD0FFE708980168012040F295
:101A60008842C4F20202914202906FD0FFE70898C8
:101A70000168012040F2A042C4F2020291420290A9
:101A800064D0FFE708980168012040F2B842C4F230
:101A900002029142029059D0FFE7089801680120A4
:101AA00045F20842C5F60202914202904ED0FFE78D
:101AB00008980168012045F21C42C5F602029142D5
:101AC000029043D0FFE708980168012045F23042B8
:101AD000C5F602029142029038D0FFE708980168EB
:101AE000012045F24442C5F60202914202902DD0F7
:101AF000FFE708980168012045F25842C5F6020246
:101B00009142029022D0FFE708980168012045F237
:101B10006C42C5F602029142029017D0FFE7089886
:101B20000168012045F28042C5F60202914202900E
:101B30000CD0FFE7089800684AF66C31CAF2FD71D4
:101B40000844B0FA80F040090290FFE70298C0070D
:101B500038B1FFE70898016E086820F480700860CB
:101B6000FFE7089800681021C4F20201884200F0E3
:101B70008180FFE7089800682821C4F202018842AA
:101B800078D0FFE7089800684021C4F2020188423B
:101B900070D0FFE7089800685821C4F2020188421B
:101BA00068D0FFE7089800687021C4F202018842FB
:101BB00060D0FFE7089800688821C4F202018842DB
:101BC00058D0FFE708980068A021C4F202018842BB
:101BD00050D0FFE708980068B821C4F2020188429B
:101BE00048D0FFE70898006840F21041C4F20201B3
:101BF00088423FD0FFE70898006840F22841C4F2CD
:101C00000201884236D0FFE70898006840F2404160
:101C1000C4F2020188422DD0FFE70898006840F224
:101C20005841C4F20201884224D0FFE708980068B6
:101C300040F27041C4F2020188421BD0FFE70898CD
:101C4000006840F28841C4F20201884212D0FFE7E6
:101C50000898006840F2A041C4F20201884209D00D
:101C6000FFE70898006840F2B841C4F202018842D8
:101C700007D1FFE708980168086820F001000860B4
:101C800006E008980168086820F001000860FFE796
:101C9000FFE705980068C007C8B1FFE704F070FBD4
:101CA0000499401A062811D3FFE7089920204865B7
:101CB0000899032081F83500FFE70899002081F892
:101CC0003400FFE701208DF82700FDE1E1E70898E7
:101CD000016801201022C4F202029142019000F03A
:101CE000A380FFE70898016801202822C4F20202BD
:101CF0009142019000F09880FFE708980168012068
:101D00004022C4F202029142019000F08D80FFE770
:101D10000898016801205822C4F202029142019001
:101D200000F08280FFE70898016801207022C4F269
:101D300002029142019077D0FFE7089801680120E4
:101D40008822C4F20202914201906DD0FFE7089808
:101D500001680120A022C4F202029142019063D0E6
:101D6000FFE7089801680120B822C4F202029142FC
:101D7000019059D0FFE708980168012040F2104215
:101D8000C4F20202914201904ED0FFE70898016828
:101D9000012040F22842C4F202029142019043D055
:101DA000FFE708980168012040F24042C4F20202B5
:101DB0009142019038D0FFE708980168012040F275
:101DC0005842C4F20202914201902DD0FFE70898D8
:101DD0000168012040F27042C4F202029142019077
:101DE00022D0FFE708980168012040F28842C4F23F
:101DF00002029142019017D0FFE708980168012084
:101E000040F2A042C4F20202914201900CD0FFE7DE
:101E1000089800684FF64831CBF6FD710844B0FAD7
:101E200080F040090190FFE70198C00760B1FFE72B
:101E30000898806D07900898C06D00F01F013F2042
:101E40008840079988600BE00898806D0690089894
:101E5000C06D00F01F010120884006994860FFE72F
:101E60000898016801201022C4F2020291420090F9
:101E700000F00381FFE70898016801202822C4F2DE
:101E800002029142009000F0F880FFE70898016894
:101E900001204022C4F202029142009000F0ED8045
:101EA000FFE70898016801205822C4F2020291421B
:101EB000009000F0E280FFE708980168012070229E
:101EC000C4F202029142009000F0D780FFE7089828
:101ED000016801208822C4F202029142009000F0C1
:101EE000CC80FFE7089801680120A022C4F202021A
:101EF0009142009000F0C180FFE70898016801203E
:101F0000B822C4F202029142009000F0B680FFE7CE
:101F100008980168012040F21042C4F20202914286
:101F2000009000F0AA80FFE708980168012040F2C5
:101F30002842C4F202029142009000F09E80FFE726
:101F400008980168012040F24042C4F20202914226
:101F5000009000F09280FFE708980168012040F2AD
:101F60005842C4F202029142009000F08680FFE7DE
:101F700008980168012040F27042C4F202029142C6
:101F800000907AD0FFE708980168012040F288426B
:101F9000C4F20202914200906FD0FFE708980168F6
:101FA000012040F2A042C4F202029142009064D0AB
:101FB000FFE708980168012040F2B842C4F202022B
:101FC0009142009059D0FFE708980168012045F23E
:101FD0000842C5F60202914200904ED0FFE70898F1
:101FE0000168012045F21C42C5F6020291420090B0
:101FF00043D0FFE708980168012045F23042C5F65A
:1020000002029142009038D0FFE708980168012051
:1020100045F24442C5F60202914200902DD0FFE7FE
:1020200008980168012045F25842C5F60202914223
:10203000009022D0FFE708980168012045F26C4229
:10204000C5F602029142009017D0FFE70898016898
:10205000012045F28042C5F60202914200900CD068
:10206000FFE7089800684AF66C31CAF2FD7108442F
:10207000B0FA80F040090090FFE70098C007A0B1D7
:10208000FFE70898416E806E48600898C06E58B1AE
:10209000FFE70898C16E086820F48070086008980F
:1020A000016F406F4860FFE7FFE70899012081F862
:1020B0003500FFE70899002081F83400FFE7FFE7CB
:1020C00000208DF82700FFE79DF827000AB080BDAB
:1020D00080B586B00490049820B9FFE701208DF800
:1020E000170046E3049890F83500022807D0FFE770
:1020F00004998020486501208DF8170039E3049881
:10210000016801201022C4F202029142029000F004
:10211000A380FFE70498016801202822C4F202028C
:102120009142029000F09880FFE704980168012036
:102130004022C4F202029142029000F08D80FFE73B
:102140000498016801205822C4F2020291420290D0
:1021500000F08280FFE70498016801207022C4F239
:1021600002029142029077D0FFE7049801680120B3
:102170008822C4F20202914202906DD0FFE70498D7
:1021800001680120A022C4F202029142029063D0B1
:10219000FFE7049801680120B822C4F202029142CC
:1021A000029059D0FFE704980168012040F21042E4
:1021B000C4F20202914202904ED0FFE704980168F7
:1021C000012040F22842C4F202029142029043D020
:1021D000FFE704980168012040F24042C4F2020285
:1021E0009142029038D0FFE704980168012040F244
:1021F0005842C4F20202914202902DD0FFE70498A7
:102200000168012040F27042C4F202029142029041
:1022100022D0FFE704980168012040F28842C4F20E
:1022200002029142029017D0FFE704980168012052
:1022300040F2A042C4F20202914202900CD0FFE7A9
:10224000049800684FF64831CBF6FD710844B0FAA7
:1022500080F040090290FFE70298C007002800F0D4
:102260009D80FFE70499042081F8350004980068F8
:102270001021C4F20201884200F08180FFE7049837
:1022800000682821C4F20201884278D0FFE7049850
:1022900000684021C4F20201884270D0FFE7049830
:1022A00000685821C4F20201884268D0FFE7049810
:1022B00000687021C4F20201884260D0FFE70498F0
:1022C00000688821C4F20201884258D0FFE70498D0
:1022D0000068A021C4F20201884250D0FFE70498B0
:1022E0000068B821C4F20201884248D0FFE7049890
:1022F000006840F21041C4F2020188423FD0FFE77B
:102300000498006840F22841C4F20201884236D0A5
:10231000FFE70498006840F24041C4F2020188429D
:102320002DD0FFE70498006840F25841C4F2020142
:10233000884224D0FFE70498006840F27041C4F25C
:10234000020188421BD0FFE70498006840F28841F0
:10235000C4F20201884212D0FFE70498006840F2FC
:10236000A041C4F20201884209D0FFE70498006846
:1023700040F2B841C4F20201884207D1FFE7049855
:102380000168086820F00100086006E00498016810
:10239000086820F001000860FFE7E5E104980168A3
:1023A000086820F00E000860049800681021C4F24C
:1023B0000201884200F08180FFE70498006828212C
:1023C000C4F20201884278D0FFE7049800684021F7
:1023D000C4F20201884270D0FFE7049800685821D7
:1023E000C4F20201884268D0FFE7049800687021B7
:1023F000C4F20201884260D0FFE704980068882197
:10240000C4F20201884258D0FFE704980068A02176
:10241000C4F20201884250D0FFE704980068B82156
:10242000C4F20201884248D0FFE70498006840F2F5
:102430001041C4F2020188423FD0FFE704980068CF
:1024400040F22841C4F20201884236D0FFE70498E6
:10245000006840F24041C4F2020188422DD0FFE7FB
:102460000498006840F25841C4F20201884224D026
:10247000FFE70498006840F27041C4F2020188420C
:102480001BD0FFE70498006840F28841C4F20201C3
:10249000884212D0FFE70498006840F2A041C4F2DD
:1024A0000201884209D0FFE70498006840F2B84171
:1024B000C4F20201884207D1FFE704980168086866
:1024C00020F00100086006E004980168086820F028
:1024D00001000860FFE70498016801201022C4F29F
:1024E00002029142019000F00381FFE70498016825
:1024F00001202822C4F202029142019000F0F880EB
:10250000FFE70498016801204022C4F202029142D0
:10251000019000F0ED80FFE7049801680120582247
:10252000C4F202029142019000F0E280FFE70498B9
:10253000016801207022C4F202029142019000F071
:10254000D780FFE70498016801208822C4F20202C4
:102550009142019000F0CC80FFE7049801680120CF
:10256000A022C4F202029142019000F0C180FFE774
:10257000049801680120B822C4F20202914201903D
:1025800000F0B680FFE704980168012040F2104295
:10259000C4F202029142019000F0AA80FFE7049881
:1025A0000168012040F22842C4F2020291420190E7
:1025B00000F09E80FFE704980168012040F240424D
:1025C000C4F202029142019000F09280FFE7049869
:1025D0000168012040F25842C4F202029142019087
:1025E00000F08680FFE704980168012040F2704205
:1025F000C4F20202914201907AD0FFE70498016888
:10260000012040F28842C4F20202914201906FD050
:10261000FFE704980168012040F2A042C4F20202E0
:102620009142019064D0FFE704980168012040F2D4
:10263000B842C4F202029142019059D0FFE70498D7
:102640000168012045F20842C5F60202914201905C
:102650004ED0FFE704980168012045F21C42C5F600
:1026600002029142019043D0FFE7049801680120E3
:1026700045F23042C5F602029142019038D0FFE7A0
:1026800004980168012045F24442C5F602029142D5
:1026900001902DD0FFE704980168012045F25842CF
:1026A000C5F602029142019022D0FFE7049801682A
:1026B000012045F26C42C5F602029142019017D00A
:1026C000FFE704980168012045F28042C5F6020246
:1026D000914201900CD0FFE7049800684AF66C31F3
:1026E000CAF2FD710844B0FA80F040090190FFE79A
:1026F0000198C00728B3FFE70498016E086820F42A
:10270000807008600498806D03900498C06D00F09C
:102710001F0101208840039948600498416E806E33
:1027200048600498C06E58B1FFE70498C16E08680D
:1027300020F4807008600498016F406F4860FFE7E4
:10274000FFE70499012081F83500FFE70499002094
:1027500081F83400FFE70498006D20B1FFE704988A
:10276000016D8847FFE7FFE7FFE700208DF81700BE
:10277000FFE79DF8170006B080BD000000000000D4
:1027800081B000900098406D01B0704700000000DB
:1027900080B590B00F9000200B904BF69440C2F2A1
:1027A0000040006848F2B511C1F64E31A0FB01109F
:1027B000800A0A900F98806D09900F98806D08909C
:1027C000099800680E90089800680D900F980168AD
:1027D00001201022C4F202029142079000F0A3806F
:1027E000FFE70F98016801202822C4F202029142FB
:1027F000079000F09880FFE70F98016801204022C1
:10280000C4F202029142079000F08D80FFE70F981A
:10281000016801205822C4F202029142079000F0A0
:102820008280FFE70F98016801207022C4F2020243
:102830009142079077D0FFE70F9801680120882226
:10284000C4F20202914207906DD0FFE70F98016831
:102850000120A022C4F202029142079063D0FFE758
:102860000F9801680120B822C4F202029142079039
:1028700059D0FFE70F980168012040F21042C4F2DE
:102880000202914207904ED0FFE70F9801680120A5
:1028900040F22842C4F202029142079043D0FFE77F
:1028A0000F980168012040F24042C4F202029142B6
:1028B000079038D0FFE70F980168012040F2584296
:1028C000C4F20202914207902DD0FFE70F980168F1
:1028D000012040F27042C4F202029142079022D0DD
:1028E000FFE70F980168012040F28842C4F202021B
:1028F0009142079017D0FFE70F980168012040F23E
:10290000A042C4F20202914207900CD0FFE70F9858
:1029100000684FF64831CBF6FD710844B0FA80F0FC
:1029200040090790FFE70798C007002800F01385CB
:10293000FFE70E980F99C96D01F01F01C84000070D
:10294000002840F1B080FFE70F9800681021C4F222
:102950000201884200F08180FFE70F98006828217B
:10296000C4F20201884278D0FFE70F980068402146
:10297000C4F20201884270D0FFE70F980068582126
:10298000C4F20201884268D0FFE70F980068702106
:10299000C4F20201884260D0FFE70F9800688821E6
:1029A000C4F20201884258D0FFE70F980068A021C6
:1029B000C4F20201884250D0FFE70F980068B821A6
:1029C000C4F20201884248D0FFE70F98006840F245
:1029D0001041C4F2020188423FD0FFE70F9800681F
:1029E00040F22841C4F20201884236D0FFE70F9836
:1029F000006840F24041C4F2020188422DD0FFE756
:102A00000F98006840F25841C4F20201884224D075
:102A1000FFE70F98006840F27041C4F2020188425B
:102A20001BD0FFE70F98006840F28841C4F2020112
:102A3000884212D0FFE70F98006840F2A041C4F22C
:102A40000201884209D0FFE70F98006840F2B841C0
:102A5000C4F20201884207D1FFE70F9800680068BE
:102A600000F00400069006E00F980068006800F08F
:102A700008000690FFE70698A0B1FFE70F980168ED
:102A8000086820F0040008600F98C06D00F01F0176
:102A900008208840099988600F99486D40F001002E
:102AA0004865FFE7FFE70E980F99C96D01F01F0118
:102AB000C840C007002800F0A980FFE70F98006811
:102AC0001021C4F20201884200F08180FFE70F98D4
:102AD00000682821C4F20201884278D0FFE70F98ED
:102AE00000684021C4F20201884270D0FFE70F98CD
:102AF00000685821C4F20201884268D0FFE70F98AD
:102B000000687021C4F20201884260D0FFE70F988C
:102B100000688821C4F20201884258D0FFE70F986C
:102B20000068A021C4F20201884250D0FFE70F984C
:102B30000068B821C4F20201884248D0FFE70F982C
:102B4000006840F21041C4F2020188423FD0FFE722
:102B50000F98006840F22841C4F20201884236D042
:102B6000FFE70F98006840F24041C4F2020188423A
:102B70002DD0FFE70F98006840F25841C4F20201DF
:102B8000884224D0FFE70F98006840F27041C4F2F9
:102B9000020188421BD0FFE70F98006840F288418D
:102BA000C4F20201884212D0FFE70F98006840F299
:102BB000A041C4F20201884209D0FFE70F980068E3
:102BC00040F2B841C4F20201884207D1FFE70F98F2
:102BD0000068406900F08000059005E00F980068EB
:102BE000006800200590FFE7059870B1FFE70F9897
:102BF000C06D00F01F0101208840099988600F997D
:102C0000486D40F002004865FFE7FFE70E980F9916
:102C1000C96D01F01F01C8404007002840F1A9809C
:102C2000FFE70F9800681021C4F20201884200F00B
:102C30008180FFE70F9800682821C4F202018842D2
:102C400078D0FFE70F9800684021C4F20201884263
:102C500070D0FFE70F9800685821C4F20201884243
:102C600068D0FFE70F9800687021C4F20201884223
:102C700060D0FFE70F9800688821C4F20201884203
:102C800058D0FFE70F980068A021C4F202018842E3
:102C900050D0FFE70F980068B821C4F202018842C3
:102CA00048D0FFE70F98006840F21041C4F20201DB
:102CB00088423FD0FFE70F98006840F22841C4F2F5
:102CC0000201884236D0FFE70F98006840F2404189
:102CD000C4F2020188422DD0FFE70F98006840F24D
:102CE0005841C4F20201884224D0FFE70F980068DF
:102CF00040F27041C4F2020188421BD0FFE70F98F6
:102D0000006840F28841C4F20201884212D0FFE715
:102D10000F98006840F2A041C4F20201884209D035
:102D2000FFE70F98006840F2B841C4F20201884200
:102D300007D1FFE70F980068006800F002000490D8
:102D400005E00F980068006800200490FFE70498F1
:102D500070B1FFE70F98C06D00F01F01042088409C
:102D6000099988600F99486D40F004004865FFE7B5
:102D7000FFE70E980F99C96D01F01F01C840C0060A
:102D8000002840F1DE80FFE70F9800681021C4F2B0
:102D90000201884200F08180FFE70F980068282137
:102DA000C4F20201884278D0FFE70F980068402102
:102DB000C4F20201884270D0FFE70F9800685821E2
:102DC000C4F20201884268D0FFE70F9800687021C2
:102DD000C4F20201884260D0FFE70F9800688821A2
:102DE000C4F20201884258D0FFE70F980068A02182
:102DF000C4F20201884250D0FFE70F980068B82162
:102E0000C4F20201884248D0FFE70F98006840F200
:102E10001041C4F2020188423FD0FFE70F980068DA
:102E200040F22841C4F20201884236D0FFE70F98F1
:102E3000006840F24041C4F2020188422DD0FFE711
:102E40000F98006840F25841C4F20201884224D031
:102E5000FFE70F98006840F27041C4F20201884217
:102E60001BD0FFE70F98006840F28841C4F20201CE
:102E7000884212D0FFE70F98006840F2A041C4F2E8
:102E80000201884209D0FFE70F98006840F2B8417C
:102E9000C4F20201884207D1FFE70F98006800687A
:102EA00000F00800039006E00F980068006800F04A
:102EB00004000390FFE70398002841D0FFE70F9834
:102EC000C06D00F01F0110208840099988600F989C
:102ED00000680068400300281AD5FFE70F980068D3
:102EE00000680003002809D4FFE70F98006C20B1A8
:102EF000FFE70F98016C8847FFE708E00F98806CA8
:102F000020B1FFE70F98816C8847FFE7FFE716E0E5
:102F10000F9800680068C005002807D4FFE70F98E5
:102F20000168086820F008000860FFE70F98006C4F
:102F300020B1FFE70F98016C8847FFE7FFE7FFE745
:102F4000FFE70E980F99C96D01F01F01C840800678
:102F5000002840F12681FFE70F9800681021C4F295
:102F60000201884200F08180FFE70F980068282165
:102F7000C4F20201884278D0FFE70F980068402130
:102F8000C4F20201884270D0FFE70F980068582110
:102F9000C4F20201884268D0FFE70F9800687021F0
:102FA000C4F20201884260D0FFE70F9800688821D0
:102FB000C4F20201884258D0FFE70F980068A021B0
:102FC000C4F20201884250D0FFE70F980068B82190
:102FD000C4F20201884248D0FFE70F98006840F22F
:102FE0001041C4F2020188423FD0FFE70F98006809
:102FF00040F22841C4F20201884236D0FFE70F9820
:10300000006840F24041C4F2020188422DD0FFE73F
:103010000F98006840F25841C4F20201884224D05F
:10302000FFE70F98006840F27041C4F20201884245
:103030001BD0FFE70F98006840F28841C4F20201FC
:10304000884212D0FFE70F98006840F2A041C4F216
:103050000201884209D0FFE70F98006840F2B841AA
:10306000C4F20201884207D1FFE70F9800680068A8
:1030700000F01000029006E00F980068006800F071
:1030800002000290FFE70298002800F08980FFE725
:103090000F98C06D00F01F012020884009998860BA
:1030A0000F9890F83500042837D1FFE70F98016892
:1030B000086820F0160008600F980168486920F041
:1030C000800048610F98006C20B9FFE70F98806C72
:1030D00038B1FFE70F980168086820F00800086021
:1030E000FFE70F98C06D00F01F013F20884009994D
:1030F00088600F99012081F83500FFE70F990020C3
:1031000081F83400FFE70F98006D20B1FFE70F98BA
:10311000016D8847FFE700F019BC0F980068006850
:10312000400300281AD5FFE70F98006800680003E5
:10313000002809D4FFE70F98406C20B1FFE70F98F3
:10314000416C8847FFE708E00F98C06B20B1FFE7AC
:103150000F98C16B8847FFE7FFE720E00F980068F2
:103160000068C005002811D4FFE70F9801680868BF
:1031700020F0100008600F99012081F83500FFE76A
:103180000F99002081F83400FFE7FFE70F98C06B2C
:1031900020B1FFE70F98C16B8847FFE7FFE7FFE724
:1031A000FFE70F98406D002800F0D480FFE70F98EC
:1031B000406DC007002800F0C480FFE70F9904208D
:1031C00081F835000F9800681021C4F2020188428E
:1031D00000F08180FFE70F9800682821C4F2020107
:1031E000884278D0FFE70F9800684021C4F20201BE
:1031F000884270D0FFE70F9800685821C4F202019E
:10320000884268D0FFE70F9800687021C4F202017D
:10321000884260D0FFE70F9800688821C4F202015D
:10322000884258D0FFE70F980068A021C4F202013D
:10323000884250D0FFE70F980068B821C4F202011D
:10324000884248D0FFE70F98006840F21041C4F26E
:10325000020188423FD0FFE70F98006840F2284102
:10326000C4F20201884236D0FFE70F98006840F2AE
:103270004041C4F2020188422DD0FFE70F98006858
:1032800040F25841C4F20201884224D0FFE70F986F
:10329000006840F27041C4F2020188421BD0FFE78F
:1032A0000F98006840F28841C4F20201884212D0AF
:1032B000FFE70F98006840F2A041C4F20201884283
:1032C00009D0FFE70F98006840F2B841C4F202014C
:1032D000884207D1FFE70F980168086820F00100D5
:1032E000086006E00F980168086820F00100086097
:1032F000FFE7FFE70B9801300B900A99884201D94C
:10330000FFE707E0FFE70F9800680068C0070028A4
:10331000F0D1FFE70F9800680068C00728B1FFE709
:103320000F99032081F8350004E00F99012081F8FE
:103330003500FFE7FFE70F99002081F83400FFE731
:10334000FFE70F98C06C20B1FFE70F98C16C88476A
:10335000FFE7FFE7FAE20F980168012045F2084213
:10336000C5F60202914201904ED0FFE70F98016826
:10337000012045F21C42C5F602029142019043D061
:10338000FFE70F980168012045F23042C5F60202BE
:103390009142019038D0FFE70F980168012045F273
:1033A0004442C5F60202914201902DD0FFE70F98EA
:1033B0000168012045F25842C5F60202914201908F
:1033C00022D0FFE70F980168012045F26C42C5F654
:1033D00002029142019017D0FFE70F980168012087
:1033E00045F28042C5F60202914201900CD0FFE7FF
:1033F0000F9800684AF66C31CAF2FD710844B0FAC1
:1034000080F040090190FFE70198C007002800F014
:103410009B82FFE70F98006800680C900D980F9949
:10342000C96D01F01F01C8404007002840F1D78056
:10343000FFE79DF830004007002840F1D080FFE70B
:103440000F98C06D00F01F01042088400899486063
:103450009DF831000006002818D5FFE79DF83200DE
:10346000C00748B9FFE70F98806C20B1FFE70F98BD
:10347000816C8847FFE708E00F98006C20B1FFE7F8
:103480000F98016C8847FFE7FFE7A7E09DF8300041
:103490008006002800F19980FFE70F98006810214E
:1034A000C4F20201884200F08180FFE70F980068B3
:1034B0002821C4F20201884278D0FFE70F98006803
:1034C0004021C4F20201884270D0FFE70F980068E3
:1034D0005821C4F20201884268D0FFE70F980068C3
:1034E0007021C4F20201884260D0FFE70F980068A3
:1034F0008821C4F20201884258D0FFE70F98006883
:10350000A021C4F20201884250D0FFE70F98006862
:10351000B821C4F20201884248D0FFE70F98006842
:1035200040F21041C4F2020188423FD0FFE70F98F9
:10353000006840F22841C4F20201884236D0FFE719
:103540000F98006840F24041C4F2020188422DD039
:10355000FFE70F98006840F25841C4F20201884228
:1035600024D0FFE70F98006840F27041C4F20201D6
:1035700088421BD0FFE70F98006840F28841C4F2F0
:103580000201884212D0FFE70F98006840F2A04184
:10359000C4F20201884209D0FFE70F98006840F2A8
:1035A000B841C4F20201884207D1FFE70F980168D1
:1035B000086820F00800086006E00F9801680868B5
:1035C00020F004000860FFE7FFE70F98006C20B1CF
:1035D000FFE70F98016C8847FFE7FFE7B3E10D981D
:1035E0000F99C96D01F01F01C8408007002840F104
:1035F000E180FFE79DF830008007002840F1DA8085
:10360000FFE70F98C06D00F01F0102208840089965
:1036100048609DF831000006002818D5FFE79DF8A6
:103620003200C00748B9FFE70F98406C20B1FFE7B0
:103630000F98416C8847FFE708E00F98C06B20B1F6
:10364000FFE70F98C16B8847FFE7FFE7B1E09DF800
:1036500030008006002800F1A380FFE70F98006883
:103660001021C4F20201884200F08180FFE70F9828
:1036700000682821C4F20201884278D0FFE70F9841
:1036800000684021C4F20201884270D0FFE70F9821
:1036900000685821C4F20201884268D0FFE70F9801
:1036A00000687021C4F20201884260D0FFE70F98E1
:1036B00000688821C4F20201884258D0FFE70F98C1
:1036C0000068A021C4F20201884250D0FFE70F98A1
:1036D0000068B821C4F20201884248D0FFE70F9881
:1036E000006840F21041C4F2020188423FD0FFE777
:1036F0000F98006840F22841C4F20201884236D097
:10370000FFE70F98006840F24041C4F2020188428E
:103710002DD0FFE70F98006840F25841C4F2020133
:10372000884224D0FFE70F98006840F27041C4F24D
:10373000020188421BD0FFE70F98006840F28841E1
:10374000C4F20201884212D0FFE70F98006840F2ED
:10375000A041C4F20201884209D0FFE70F98006837
:1037600040F2B841C4F20201884207D1FFE70F9846
:103770000168086820F01400086006E00F980168EE
:10378000086820F00A000860FFE70F99012081F81F
:103790003500FFE70F99002081F83400FFE7FFE7CD
:1037A0000F98C06B20B1FFE70F98C16B8847FFE708
:1037B000FFE7C7E00D980F99C96D01F01F01C840E0
:1037C0000007002840F1BC80FFE79DF830000007AB
:1037D000002840F1B580FFE70F9800681021C4F27F
:1037E0000201884200F08180FFE70F9800682821DD
:1037F000C4F20201884278D0FFE70F9800684021A8
:10380000C4F20201884270D0FFE70F980068582187
:10381000C4F20201884268D0FFE70F980068702167
:10382000C4F20201884260D0FFE70F980068882147
:10383000C4F20201884258D0FFE70F980068A02127
:10384000C4F20201884250D0FFE70F980068B82107
:10385000C4F20201884248D0FFE70F98006840F2A6
:103860001041C4F2020188423FD0FFE70F98006880
:1038700040F22841C4F20201884236D0FFE70F9897
:10388000006840F24041C4F2020188422DD0FFE7B7
:103890000F98006840F25841C4F20201884224D0D7
:1038A000FFE70F98006840F27041C4F202018842BD
:1038B0001BD0FFE70F98006840F28841C4F2020174
:1038C000884212D0FFE70F98006840F2A041C4F28E
:1038D0000201884209D0FFE70F98006840F2B84122
:1038E000C4F20201884207D1FFE70F980168086817
:1038F00020F01C00086006E00F980168086820F0BE
:103900000E000860FFE70F98C06D00F01F01012056
:1039100000FA01F1089A51600F9948650F9981F8F2
:103920003500FFE70F99002081F83400FFE70F987A
:10393000C06C20B1FFE70F98C16C8847FFE700E03B
:10394000FFE7FFE7FFE700E0FFE7FFE710B080BD1C
:1039500080B58EB00C9002F013FD0A900C9828B937
:10396000FFE701208DF8370000F09FBC0C9801683C
:1039700001201022C4F202029142079000F0A380BD
:10398000FFE70C98016801202822C4F2020291424C
:10399000079000F09880FFE70C9801680120402212
:1039A000C4F202029142079000F08D80FFE70C986C
:1039B000016801205822C4F202029142079000F0EF
:1039C0008280FFE70C98016801207022C4F2020295
:1039D0009142079077D0FFE70C9801680120882278
:1039E000C4F20202914207906DD0FFE70C98016883
:1039F0000120A022C4F202029142079063D0FFE7A7
:103A00000C9801680120B822C4F20202914207908A
:103A100059D0FFE70C980168012040F21042C4F22F
:103A20000202914207904ED0FFE70C9801680120F6
:103A300040F22842C4F202029142079043D0FFE7CD
:103A40000C980168012040F24042C4F20202914207
:103A5000079038D0FFE70C980168012040F25842E7
:103A6000C4F20202914207902DD0FFE70C98016842
:103A7000012040F27042C4F202029142079022D02B
:103A8000FFE70C980168012040F28842C4F202026C
:103A90009142079017D0FFE70C980168012040F28F
:103AA000A042C4F20202914207900CD0FFE70C98AA
:103AB00000684FF64831CBF6FD710844B0FA80F04B
:103AC00040090790FFE70798C007002800F07881B9
:103AD000FFE70C98406A08B1FFE7FFE70C99022066
:103AE00081F83500FFE70C99002081F83400FFE7EA
:103AF0000C9800681021C4F20201884200F0818015
:103B0000FFE70C9800682821C4F20201884278D0AF
:103B1000FFE70C9800684021C4F20201884270D08F
:103B2000FFE70C9800685821C4F20201884268D06F
:103B3000FFE70C9800687021C4F20201884260D04F
:103B4000FFE70C9800688821C4F20201884258D02F
:103B5000FFE70C980068A021C4F20201884250D00F
:103B6000FFE70C980068B821C4F20201884248D0EF
:103B7000FFE70C98006840F21041C4F2020188424D
:103B80003FD0FFE70C98006840F22841C4F20201E0
:103B9000884236D0FFE70C98006840F24041C4F2FA
:103BA000020188422DD0FFE70C98006840F258418E
:103BB000C4F20201884224D0FFE70C98006840F26A
:103BC0007041C4F2020188421BD0FFE70C980068E4
:103BD00040F28841C4F20201884212D0FFE70C98FB
:103BE000006840F2A041C4F20201884209D0FFE718
:103BF0000C98006840F2B841C4F20201884207D133
:103C0000FFE70C980168086820F00100086006E0F2
:103C10000C980168086820F001000860FFE7FFE7E2
:103C20000C9800680068C00798B1FFE702F0A8FB95
:103C30000A99401A06280BD3FFE70C992020486503
:103C40000C99032081F8350001208DF837002CE312
:103C5000E6E70C98006800680B900B9848F23F016B
:103C6000CFF6106108400B900C998868D1F80CC011
:103C70000B694A6940EA0C00184310438A691043F3
:103C8000CA691043096A01430B9808430B900C98CA
:103C9000406A042808D1FFE70C99C86A096B014300
:103CA0000B9808430B90FFE70C984068292807D32E
:103CB000FFE70C98416801202F29069036D3FFE7D3
:103CC0000C9840683F2807D3FFE70C984168012013
:103CD000432906902AD3FFE70C984068472807D36A
:103CE000FFE70C9841680120492906901ED3FFE7A1
:103CF0000C9840684F2807D3FFE70C9841680120D3
:103D00005329069012D3FFE70C98416800207429CC
:103D1000059008D3FFE70C9841680020782938BF48
:103D200001200590FFE705980690FFE70698C00779
:103D300028B1FFE70B9840F480100B90FFE70B9839
:103D40000C99096808600C98006840690B900B9802
:103D500020F007000B900C98416A0B9808430B90D9
:103D60000C98406A04281AD1FFE70C98816A0B98D6
:103D700008430B900C98C06A80B1FFE70C98FCF7E1
:103D80001BFF50B1FFE70C99402048650C990120BA
:103D900081F835008DF8370087E2FFE7FFE70B98E1
:103DA0000C99096848610C98FCF7CAFC09900C98BA
:103DB000C06D00F01F013F2088400999886027E10D
:103DC0000C980168012045F20842C5F602029142B2
:103DD00004904ED0FFE70C980168012045F21C4288
:103DE000C5F602029142049043D0FFE70C980168A7
:103DF000012045F23042C5F602029142049038D0CB
:103E0000FFE70C980168012045F24442C5F6020222
:103E1000914204902DD0FFE70C980168012045F2F3
:103E20005842C5F602029142049022D0FFE70C9856
:103E30000168012045F26C42C5F6020291420490ED
:103E400017D0FFE70C980168012045F28042C5F6C3
:103E50000202914204900CD0FFE70C9800684AF6E9
:103E60006C31CAF2FD710844B0FA80F04009049048
:103E7000FFE70498C007002800F0BE80FFE70C9819
:103E80000168012045F20842C5F602029142039002
:103E90004ED0FFE70C980168012045F21C42C5F6A0
:103EA00002029142039043D0FFE70C980168012081
:103EB00045F23042C5F602029142039038D0FFE746
:103EC0000C980168012045F24442C5F60202914275
:103ED00003902DD0FFE70C980168012045F258426D
:103EE000C5F602029142039022D0FFE70C980168C8
:103EF000012045F26C42C5F602029142039017D0B0
:103F0000FFE70C980168012045F28042C5F60202E5
:103F1000914203900CD0FFE70C9800684AF66C3190
:103F2000CAF2FD710844B0FA80F040090390FFE73F
:103F30000398C00708B1FFE7FFE70C99022081F85A
:103F40003500FFE70C99002081F83400FFE70C985A
:103F5000006800680B900B986FF310100B900C9892
:103F60008068402803D1FFE71020029008E00C98F9
:103F700080688038B0FA80F0400980030290FFE743
:103F800002980C99D1F80CE0D1F810C04B698A69FD
:103F900040EADE0040EADC0040EAD30040EAD2001A
:103FA000CA6940EAD200096A40EA11110B98084335
:103FB0000B900B980C99096808600C9908684AF6F0
:103FC000F832CAF2FD7210444CF6CD42CCF6CC4227
:103FD000A0FB02026FF0030000EA9200C8650C9893
:103FE000FCF7AEFB08900C98C06D00F01F0101209B
:103FF0008840089948600AE00C99402048650C996F
:10400000032081F8350001208DF837004DE1FFE7EE
:104010000C98016801201022C4F202029142019022
:1040200000F00381FFE70C98016801202822C4F208
:1040300002029142019000F0F880FFE70C980168BD
:1040400001204022C4F202029142019000F0ED8072
:10405000FFE70C98016801205822C4F20202914245
:10406000019000F0E280FFE70C98016801207022C7
:10407000C4F202029142019000F0D780FFE70C9851
:10408000016801208822C4F202029142019000F0EE
:10409000CC80FFE70C9801680120A022C4F2020244
:1040A0009142019000F0C180FFE70C980168012067
:1040B000B822C4F202029142019000F0B680FFE7FC
:1040C0000C980168012040F21042C4F202029142B1
:1040D000019000F0AA80FFE70C980168012040F2EF
:1040E0002842C4F202029142019000F09E80FFE754
:1040F0000C980168012040F24042C4F20202914251
:10410000019000F09280FFE70C980168012040F2D6
:104110005842C4F202029142019000F08680FFE70B
:104120000C980168012040F27042C4F202029142F0
:1041300001907AD0FFE70C980168012040F2884294
:10414000C4F20202914201906FD0FFE70C9801681F
:10415000012040F2A042C4F202029142019064D0D8
:10416000FFE70C980168012040F2B842C4F2020255
:104170009142019059D0FFE70C980168012045F267
:104180000842C5F60202914201904ED0FFE70C981A
:104190000168012045F21C42C5F6020291420190DD
:1041A00043D0FFE70C980168012045F23042C5F684
:1041B00002029142019038D0FFE70C98016801207B
:1041C00045F24442C5F60202914201902DD0FFE72C
:1041D0000C980168012045F25842C5F6020291424E
:1041E000019022D0FFE70C980168012045F26C4253
:1041F000C5F602029142019017D0FFE70C980168C2
:10420000012045F28042C5F60202914201900CD095
:10421000FFE70C9800684AF66C31CAF2FD71084459
:10422000B0FA80F040090190FFE70198C00790B311
:10423000FFE70C98FCF76CFB0C988068802804D191
:10424000FFE70C9900204860FFE70C990879096E98
:1042500008600C98416E806E48600C98406888B188
:10426000FFE70C98406808280CD8FFE70C98FCF78B
:104270000BFC0C98C16E002008600C98016F406F19
:10428000486007E00C990020C8660C9908670C99F3
:104290004867FFE7FFE70C99002048650C9A012169
:1042A00082F835108DF83700FFE79DF837000EB023
:1042B00080BD00000000000080B588B00690059128
:1042C0000492039300208DF80B00069820B9FFE7B5
:1042D00001208DF81F006CE3FFE7069890F834008A
:1042E000012804D1FFE702208DF81F0061E3069941
:1042F000012081F83400FFE7FFE7069890F83500C9
:10430000012840F04383FFE70699022081F8350039
:10431000069900204865069800681021C4F2020141
:10432000884200F08180FFE7069800682821C4F2E7
:104330000201884278D0FFE7069800684021C4F265
:104340000201884270D0FFE7069800685821C4F245
:104350000201884268D0FFE7069800687021C4F225
:104360000201884260D0FFE7069800688821C4F205
:104370000201884258D0FFE706980068A021C4F2E5
:104380000201884250D0FFE706980068B821C4F2C5
:104390000201884248D0FFE70698006840F21041C9
:1043A000C4F2020188423FD0FFE70698006840F25D
:1043B0002841C4F20201884236D0FFE7069800681F
:1043C00040F24041C4F2020188422DD0FFE7069836
:1043D000006840F25841C4F20201884224D0FFE74D
:1043E0000698006840F27041C4F2020188421BD076
:1043F000FFE70698006840F28841C4F20201884253
:1044000012D0FFE70698006840F2A041C4F2020112
:10441000884209D0FFE70698006840F2B841C4F22C
:104420000201884207D1FFE706980168086820F07A
:104430000100086006E006980168086820F00100A5
:104440000860FFE706980599049A039BFCF72CFC8B
:104450000698016801201022C4F2020291420190E4
:1044600000F0A380FFE70698016801202822C4F22B
:1044700002029142019000F09880FFE706980168DF
:1044800001204022C4F202029142019000F08D808E
:10449000FFE70698016801205822C4F20202914207
:1044A000019000F08280FFE70698016801207022E9
:1044B000C4F202029142019077D0FFE706980168AA
:1044C00001208822C4F20202914201906DD0FFE7E0
:1044D000069801680120A022C4F2020291420190D4
:1044E00063D0FFE7069801680120B822C4F20202F7
:1044F0009142019059D0FFE706980168012040F2EF
:104500001042C4F20202914201904ED0FFE7069899
:104510000168012040F22842C4F202029142019057
:1045200043D0FFE706980168012040F24042C4F200
:1045300002029142019038D0FFE7069801680120FD
:1045400040F25842C4F20202914201902DD0FFE79E
:1045500006980168012040F27042C4F202029142C2
:10456000019022D0FFE706980168012040F28842BE
:10457000C4F202029142019017D0FFE70698016849
:10458000012040F2A042C4F20202914201900CD0FC
:10459000FFE7069800684FF64831CBF6FD710844F6
:1045A000B0FA80F040090190FFE70198C007A8B178
:1045B000FFE70698006800680B2161F34400069944
:1045C000096808600698006C38B1FFE70698016832
:1045D000086840F008000860FFE714E006980068EB
:1045E0000068052161F34300069909680860069890
:1045F000006C38B1FFE706980168086840F00400D5
:104600000860FFE7FFE70698016801201022C4F266
:1046100002029142009000F00381FFE706980168D2
:1046200001202822C4F202029142009000F0F8809A
:10463000FFE70698016801204022C4F2020291427D
:10464000009000F0ED80FFE70698016801205822F5
:10465000C4F202029142009000F0E280FFE7069867
:10466000016801207022C4F202029142009000F021
:10467000D780FFE70698016801208822C4F2020271
:104680009142009000F0CC80FFE70698016801207D
:10469000A022C4F202029142009000F0C180FFE724
:1046A000069801680120B822C4F2020291420090EB
:1046B00000F0B680FFE706980168012040F2104242
:1046C000C4F202029142009000F0AA80FFE706982F
:1046D0000168012040F22842C4F202029142009097
:1046E00000F09E80FFE706980168012040F24042FA
:1046F000C4F202029142009000F09280FFE7069817
:104700000168012040F25842C4F202029142009036
:1047100000F08680FFE706980168012040F27042B1
:10472000C4F20202914200907AD0FFE70698016835
:10473000012040F28842C4F20202914200906FD000
:10474000FFE706980168012040F2A042C4F202028D
:104750009142009064D0FFE706980168012040F282
:10476000B842C4F202029142009059D0FFE7069885
:104770000168012045F20842C5F60202914200900C
:104780004ED0FFE706980168012045F21C42C5F6AD
:1047900002029142009043D0FFE706980168012091
:1047A00045F23042C5F602029142009038D0FFE750
:1047B00006980168012045F24442C5F60202914282
:1047C00000902DD0FFE706980168012045F258427D
:1047D000C5F602029142009022D0FFE706980168D8
:1047E000012045F26C42C5F602029142009017D0BA
:1047F000FFE706980168012045F28042C5F60202F3
:10480000914200900CD0FFE7069800684AF66C31A0
:10481000CAF2FD710844B0FA80F040090090FFE749
:104820000098C007D0B1FFE70698006E0068C0038B
:10483000002807D5FFE70698016E086840F48070ED
:104840000860FFE70698C06E38B1FFE70698C16EB2
:10485000086840F480700860FFE7FFE7069800688A
:104860001021C4F20201884200F08180FFE706981F
:1048700000682821C4F20201884278D0FFE7069838
:1048800000684021C4F20201884270D0FFE7069818
:1048900000685821C4F20201884268D0FFE70698F8
:1048A00000687021C4F20201884260D0FFE70698D8
:1048B00000688821C4F20201884258D0FFE70698B8
:1048C0000068A021C4F20201884250D0FFE7069898
:1048D0000068B821C4F20201884248D0FFE7069878
:1048E000006840F21041C4F2020188423FD0FFE765
:1048F0000698006840F22841C4F20201884236D08E
:10490000FFE70698006840F24041C4F20201884285
:104910002DD0FFE70698006840F25841C4F202012A
:10492000884224D0FFE70698006840F27041C4F244
:10493000020188421BD0FFE70698006840F28841D8
:10494000C4F20201884212D0FFE70698006840F2E4
:10495000A041C4F20201884209D0FFE7069800682E
:1049600040F2B841C4F20201884207D1FFE706983D
:104970000168086840F00100086006E006980168D8
:10498000086840F001000860FFE70DE006994FF469
:1049900000604865FFE70699002081F83400FFE7D2
:1049A00001208DF80B00FFE79DF80B008DF81F002C
:1049B000FFE79DF81F0008B080BD00000000000068
:1049C00080B584B0039001F0DBFC02900398019065
:1049D0000198013048B1FFE74BF64C60C2F200404D
:1049E0000178019808440190FFE7FFE701F0C8FC57
:1049F0000299401A0199884201D2FFE7F6E704B014
:104A000080BD00000000000085B00390029101927B
:104A1000039890F898008DF803009DF80300012892
:104A200005D0FFE79DF8030002285DD1FFE702985B
:104A300003990968896D084207D1FFE70398016867
:104A4000C86D40F00100C86515E002980399096837
:104A5000896D08400299884207D1FFE703980168F1
:104A6000C86D40F00200C86504E0039801680320A7
:104A7000C865FFE7FFE79DF809008007002809D512
:104A8000FFE7019A03980168D1F8E0001043C1F8EC
:104A9000E000FFE79DF809004007002809D5FFE77F
:104AA000019A03980168D1F8E4001043C1F8E400CA
:104AB000FFE7FFE702984FF6FF71C3F6CF7100EAF8
:104AC000010203980168486D10434865029A4AF64E
:104AD0001401C4F20001086840EA92700860FFE720
:104AE00000208DF813000AE00399D1F89C0040F0F3
:104AF0000200C1F89C0001208DF81300FFE79DF82B
:104B0000130005B07047000080B586B00490039193
:104B100002920398406808B9FFE700E0FFE70498B5
:104B200090F89800022845D1FFE704980068D0F873
:104B3000C00010F07C5F0BD1FFE70499D1F89C0016
:104B400040F02000C1F89C0001208DF817003CE0E7
:104B500004980068D0F8C400800200280BD5FFE755
:104B60000499D1F89C0040F40070C1F89C00012029
:104B70008DF8170029E004980068D0F8C400C0F34D
:104B80000440019004980399029A019BFCF72CFDC4
:104B90000199012000FA01F1049A1268C2F8D010BC
:104BA000019988400499C1F89400FFE700208DF82E
:104BB00017000AE00499D1F89C0040F00800C1F801
:104BC0009C0001208DF81700FFE79DF8170006B044
:104BD00080BD00000000000082B00190009102B092
:104BE000704700000000000087B005900491059810
:104BF00090F898008DF803009DF80300012805D077
:104C0000FFE79DF8030002286AD1FFE70498C06817
:104C1000072801D1FFE7FFE70498006878BBFFE7AA
:104C20000498C068072801D0FFE7FFE70498C06830
:104C300007280CD1FFE7049A10699169D269000432
:104C400040EA0220084340F0605003900CE00499D1
:104C50008868CB680A694969800740EAC36040EA0E
:104C6000024008430390FFE70598C06E0499496825
:104C700000EB810001900398019908602CE00498F2
:104C8000C068072801D0FFE7FFE70498C168006902
:104C900040EA417003900498C068072804D1FFE7F8
:104CA00004988069029006E004988168406940EAAF
:104CB00081700290FFE70598006F0499496800EB46
:104CC000C100019003980199086001980430019097
:104CD000029801990860FFE700208DF81B000AE0A8
:104CE0000599D1F89C0040F00200C1F89C00012019
:104CF0008DF81B00FFE79DF81B0007B07047000010
:104D000085B0DDF814C003900291019200930398DE
:104D100090F89800012812D1FFE70298000101994C
:104D200040EA8100009940EA41000599084303994F
:104D30000968C1F8800000208DF813000AE003998B
:104D4000D1F89C0040F00400C1F89C0001208DF8CF
:104D50001300FFE79DF8130005B070470000000046
:104D600081B0009001B0704782B00190009102B014
:104D700070470000000000008AB00890079106927A
:104D8000059300200190089890F898008DF8030092
:104D90009DF80300022840F05C81FFE70798402857
:104DA00051D1FFE708980068D0F8A00010F4FE0F7A
:104DB0000BD1FFE70899D1F89C0040F02000C1F822
:104DC0009C0001208DF827004EE108980068D0F87B
:104DD000A400400658B9FFE70899D1F89C0040F4B8
:104DE0008070C1F89C0001208DF827003CE10898F4
:104DF0000068D0F8A40000F080710120B0EB116FC2
:104E00000DD1FFE708980068D0F8A0100120B0EBA2
:104E1000D17F03D1FFE701200190FFE7FFE708986A
:104E20000068D0F8A40000F47C51019800EB112038
:104E300001900898426C406F0199514300EB81004A
:104E40000490FFE770E00798412851D1FFE70898E8
:104E50000068D0F8B00010F4FE0F0BD1FFE70899FE
:104E6000D1F89C0040F02000C1F89C0001208DF892
:104E70002700F9E008980068D0F8B400400658B957
:104E8000FFE70899D1F89C0040F48070C1F89C00BD
:104E900001208DF82700E7E008980068D0F8B400FA
:104EA00000F080710120B0EB116F0DD1FFE7089881
:104EB0000068D0F8B0100120B0EBD17F03D1FFE73C
:104EC00001200190FFE7FFE708980068D0F8B400E0
:104ED00000F47C51019800EB112001900898C26CFD
:104EE000806F0199514300EB81000490FFE71AE0C5
:104EF00007980899096D88420BD3FFE70899D1F804
:104F00009C0040F02000C1F89C0001208DF8270093
:104F1000AAE00898426DC06F0799514300EB8100E9
:104F20000490FFE7FFE7FFE70498006800F0804087
:104F3000069948600698406838B9FFE70498006809
:104F4000C0F38A400699086006E00498006820F0E3
:104F5000604006990860FFE70498006800F0005080
:104F6000069988600498006800F00040069908617E
:104F7000049804300490049800880699C861049845
:104F80000068C0F303400699C8600498006800F404
:104F90008010069948610498006800F40010069992
:104FA000886104980068C0F3066006990862049856
:104FB0000068C00F06994862049804300490049871
:104FC000039000200290FFE702980699CA6840F219
:104FD0005851C0F60201895C88420AD2FFE7039863
:104FE000029A805C05998854FFE70298013002908C
:104FF000EAE70798402806D1FFE701980899096871
:10500000C1F8A80021E00798412806D1FFE70198E0
:1050100008990968C1F8B80016E007981F2808D851
:10502000FFE707990120884008990968C1F89800AE
:1050300009E0079800F01F010120884008990968DD
:10504000C1F89C00FFE7FFE7FFE700208DF827008D
:105050000AE00899D1F89C0040F00800C1F89C00D3
:1050600001208DF82700FFE79DF827000AB0704760
:1050700081B0009001B0704780B594B013904AF6AB
:105080001000C4F200000068800712904AF6140075
:10509000C4F200000168129800EA8170129013981F
:1050A0000068006D00F47040119013980068416D25
:1050B00011980840119013980068006D00F00F00DF
:1050C000109013980068416D109808401090139844
:1050D0000068006D00F0F0000F9013980068416DBB
:1050E0000F9808400F9013980068006D00F0715001
:1050F0000E9013980068416D0E9808400E9013981A
:105100000068006D00F060700D9013980068416DAC
:105110000D9808400D9013980068406D0390139807
:105120000068006D01909DF80D00C007B8B1FFE761
:105130009DF80500C00788B1FFE7FFE713980168F5
:105140004FF4807008654AF61001C4F20001002097
:105150000860FFE71398FFF78BFFFFE7FFE79DF875
:105160000D0000F004010020B0EB910F28D0FFE704
:105170009DF8050000F004010020B0EB910F1ED057
:10518000FFE713980068D0F8DC000B9013980068D4
:10519000D0F8E4100B9808400B90FFE713980168D3
:1051A0004FF4806008654AF61001C4F20001002047
:1051B0000860FFE713980B9900F0DAFEFFE7FFE7BE
:1051C0001298B8B1FFE7FFE712984FF6FF71C3F6E8
:1051D000CF7108401399096808651298800F4AF644
:1051E0001001C4F200010860FFE713981299FFF75D
:1051F000F3FCFFE71198B8B1FFE7FFE711984FF60E
:10520000FF71C3F6CF7108401399096808651198BA
:10521000800F4AF61001C4F200010860FFE71398FE
:10522000119900F0B5FEFFE71098B8B1FFE7FFE76E
:1052300010984FF6FF71C3F6CF71084013990968B3
:1052400008651098800F4AF61001C4F2000108604A
:10525000FFE71398109900F0F3FCFFE70F98B8B13F
:10526000FFE7FFE70F984FF6FF71C3F6CF710840D5
:105270001399096808650F98800F4AF61001C4F267
:1052800000010860FFE713980F9900F069FDFFE740
:105290009DF80D0000F008010020B0EBD10F1BD0ED
:1052A000FFE79DF8050000F008010020B0EBD10FEA
:1052B00011D0FFE7FFE7139801684FF4006008651D
:1052C0004AF61001C4F2000100200860FFE71398BD
:1052D00000F066FEFFE7FFE79DF80D0000F0020119
:1052E0000020B0EB510F28D0FFE79DF8050000F03B
:1052F00002010020B0EB510F1ED0FFE713980068A9
:10530000D0F8D8000C9013980068D0F8E0100C98F2
:1053100008400C90FFE7139801684FF4007008658F
:105320004AF61001C4F2000100200860FFE713985C
:105330000C9900F025FEFFE7FFE79DF80E0000F056
:1053400008010020B0EBD10F1BD0FFE79DF806004D
:1053500000F008010020B0EBD10F11D0FFE7FFE70C
:10536000139801684FF4002008654AF61001C4F252
:10537000000100200860FFE7139800F05DFCFFE7E4
:10538000FFE79DF80E00C007B8B1FFE79DF80600E3
:10539000C00788B1FFE7FFE7139801684FF480303A
:1053A00008654AF61001C4F2000100200860FFE71A
:1053B000139800F0D9FDFFE7FFE79DF80E0000F01D
:1053C00004010020B0EB910F1BD0FFE79DF8060011
:1053D00000F004010020B0EB910F11D0FFE7FFE7D0
:1053E000139801684FF4802008654AF61001C4F252
:1053F000000100200860FFE7139800F0B1FDFFE70F
:10540000FFE79DF80E0000F002010020B0EB510F05
:105410001FD0FFE79DF8060000F002010020B0EB6E
:10542000510F15D0FFE7FFE7139801684FF40030E4
:1054300008654AF61001C4F2000100200860FFE789
:105440001399D1F89C0040F08000C1F89C00FFE760
:10545000FFE70D98B8B1FFE7FFE70D984FF6FF7132
:10546000C3F6CF7108401399096808650D98800F3D
:105470004AF61001C4F200010860FFE713980D9985
:10548000FFF772FCFFE70E98D0B1FFE7FFE70E9839
:105490004FF6FF71C3F6CF7108401399096808658C
:1054A0000E98800F4AF61001C4F200010860FFE771
:1054B0000E9A1399D1F89C001043C1F89C00FFE7A5
:1054C000139800684AF20001C4F20001884240F0DB
:1054D000B980FFE71398406880688007002800F0D3
:1054E000B080FFE713984068006A00F00F000A9050
:1054F00013984068416A0A9808400A9013984068D7
:10550000006A00F03000099013984068416A0998D9
:105510000840099013984068006A00F4C070089031
:1055200013984068416A08980840089013984068AA
:10553000006A00F4FC40079013984068416A07989D
:105540000840079013984068006A00F4F020069025
:1055500013984068416A069808400690139840687E
:10556000406A029013984068006A00900A9848B117
:10557000FFE70A9813994968086213980A9900F09E
:10558000D7FCFFE7099848B1FFE7099813994968E4
:1055900008621398099900F0DBFCFFE79DF808000A
:1055A00000F040010020B0EB911F1FD0FFE79DF8F5
:1055B000000000F040010020B0EB911F15D0FFE784
:1055C00013984068C06B000C059013984068C06B3E
:1055D00000F03F000490139841684020086213983F
:1055E0000599049A00F0ACFCFFE7FFE7089848B182
:1055F000FFE708981399496808621398089900F022
:105600008FFCFFE7079860B1FFE707981399496897
:105610000862079A1399D1F89C001043C1F89C00C6
:10562000FFE7069860B1FFE706981399496808629A
:10563000069A1399D1F89C001043C1F89C00FFE72B
:10564000FFE7FFE71398D0F89C0020B1FFE713981D
:10565000FFF786FBFFE714B080BD000000000000EC
:1056600080B598B0169040F2C821C0F6020101A89A
:105670004C22FAF7CAFE169820B9FFE701208DF8F0
:105680005F00D9E1169800684AF20001C4F20001F7
:10569000884206D1FFE71699086800F580704860D7
:1056A000FFE716988068B0F5407F01D1FFE7FFE77C
:1056B0001698006C08B1FFE7FFE71698806C08B1F8
:1056C000FFE7FFE71698006D08B1FFE7FFE71698C0
:1056D000006E08B1FFE7FFE71699C86D096E084430
:1056E00008B1FFE7FFE7169890F8980040B9FFE788
:1056F0001699002081F89900169800F0A1F9FFE7AB
:1057000016980168886920F01000886100F038FE62
:105710001590FFE71698006880690007002817D5E4
:10572000FFE700F02DFE1599401A0B280FD3FFE775
:105730001699D1F89C0040F00100C1F89C00169920
:10574000032081F8980001208DF85F0074E1E1E703
:1057500016980168886940F00100886100F010FE29
:105760001590FFE7169800688069C007B8B9FFE791
:1057700000F006FE1599401A0B280FD3FFE7169983
:10578000D1F89C0040F00100C1F89C00169903205C
:1057900081F8980001208DF85F004DE1E2E716984E
:1057A0000168886940F0020088611698007C012831
:1057B00007D1FFE716980168886920F040008861EA
:1057C00006E016980168886940F040008861FFE7AC
:1057D0001698407C012807D1FFE716980168886970
:1057E00040F48040886106E016980168886920F4DA
:1057F00080408861FFE71698807C012807D1FFE789
:1058000016980168886920F48050886106E016982F
:105810000168886940F480508861FFE71698006845
:10582000806920F44070169A11689268104388616C
:1058300016980168886920F0A400886116980168AC
:10584000086920F0100008611698C068012807D187
:10585000FFE716980168886940F0040088612BE032
:105860001698C06830B3FFE71698C068022819D0B0
:10587000FFE716980168886940F0800088611698F3
:105880000168086940F0100008611698C068032894
:1058900007D1FFE716980168886940F02000886109
:1058A000FFE706E016980168886940F020008861EB
:1058B000FFE700E0FFE7FFE7169A11685369906978
:1058C000D2F81CE0A0F1010C6FF0FF0000EB0E20FD
:1058D00040EA4C60126A013A10430022CFF6FF7290
:1058E00002EB03421043C86116988068B0F5407F10
:1058F0001CD1FFE7169A1168536A906AD2F82CE01F
:1059000001386FF0FF0C0CEB0E2C40EA0C00D2F8C3
:1059100030C06FF00F0202EB0C1210430022CFF6E2
:10592000FF7202EB03421043C860FFE71698006E57
:1059300048B1FFE716980168426ED1F8C0001043E5
:10594000C1F8C000FFE71699C86D096E084480B120
:10595000FFE716980068D0F8C80020F00700169AF4
:105960001168936E01AA52F823201043C1F8C800B1
:10597000FFE71698006C80B1FFE716980068D0F832
:10598000BC0020F00700169A1168536C01AA52F867
:1059900023201043C1F8BC00FFE71698806C88B143
:1059A000FFE716980068D0F8BC0020F07000169A47
:1059B0001168D36C01AA52F8232040EA0210C1F802
:1059C000BC00FFE71698006D88B1FFE716980068E5
:1059D000D0F8BC0020F4E060169A1168536D01AA5B
:1059E00052F8232040EA0220C1F8BC00FFE71698D5
:1059F00000684AF20001C4F20001884207D1FFE7C3
:105A000016984168886820F003008860FFE71699BF
:105A10000020C1F894001699C1F89C001699012045
:105A200081F898001698FBF77BFC8DF853009DF8E1
:105A300053008DF85F00FFE79DF85F0018B080BD50
:105A400080B594B0139000201290119010900F9098
:105A50000E90139800684AF20001C4F200018842D7
:105A600045D1FFE74BF6F060C2F20040016801311A
:105A700001600068012810D1FFE7FFE744F2EC4025
:105A8000C5F60200016841F480710160006800F40D
:105A900080700D900D98FFE7FFE7FFE744F2E040CC
:105AA000C5F60200016841F008010160006800F0DD
:105AB00008000C900C98FFE703200E9002200F9036
:105AC00000200690109011900920129040F600409E
:105AD000C5F602000EA900F067FA069A1320079097
:105AE000052100F03DFD079800F02EFDA0E0139881
:105AF00000684AF20041C4F20001884246D1FFE743
:105B00004BF6F060C2F200400168013101600068AC
:105B1000012810D1FFE7FFE744F2EC40C5F6020090
:105B2000016841F480710160006800F480700B909E
:105B30000B98FFE7FFE7FFE744F2E040C5F60200FD
:105B4000016841F002010160006800F002000A9063
:105B50000A98FFE74FF440500E9002200F9000206B
:105B60000490109011900920129040F20040C5F668
:105B700002000EA900F018FA049A142005900521DD
:105B800000F0EEFC059800F0DFFC50E01398006890
:105B90004DF20041C4F20001884247D1FFE74BF6C5
:105BA000F060C2F200400168013101600068012824
:105BB00010D1FFE7FFE744F2EC40C5F602000168B0
:105BC00041F480710160006800F4807009900998C8
:105BD000FFE7FFE7FFE744F2E040C5F60200016897
:105BE00041F008010160006800F008000890089882
:105BF000FFE74FF440500E9002200F9000200290DB
:105C00001090119005200190129040F60040C5F6CA
:105C100002000EA900F0C8F90199029A9F20039092
:105C200000F09EFC039800F08FFCFFE7FFE7FFE722
:105C300014B080BD0000000081B0009001B070473A
:105C400080B588B0079006919DF81800C00700281D
:105C500000F08480FFE7079800684AF20001C4F270
:105C60000001884214D1FFE7079840F22C72C2F27B
:105C70000142059240F2EB63C2F2014304934021DA
:105C8000FFF77AF804990598007811F085FC5FE039
:105C9000079800684AF20041C4F20001884237D1F7
:105CA000FFE707984DF26862C2F2004202924DF29D
:105CB0002863C2F200434021FFF75EF802980068B3
:105CC0000390152804D0FFE70398202810D01DE08A
:105CD0004DF26860C2F2004001684DF2FC30C2F241
:105CE00000404DF22862C2F2004212F071FB0EE059
:105CF0004DF22860C2F2004014F076FD40F2F851F7
:105D0000C2F2014108680130086000E0FFE71EE0D0
:105D1000079800684DF20041C4F20001884215D195
:105D2000FFE7079840F22C72C2F20142019240F262
:105D3000EB63C2F2014300934021FFF71DF8009A84
:105D400001980168022011F0B7F9FFE7FFE7FFE7CC
:105D5000079801210022FEF757FEFFE708B080BD3B
:105D600080B586B0059004919DF81000C00600280B
:105D700040F1AC80FFE7059800684AF20001C4F2E8
:105D80000001884214D1FFE7059840F29472C2F2F4
:105D90000142039240F25473C2F201430293412143
:105DA000FEF7EAFF02990398007811F0F5FB87E00F
:105DB000059800684AF20041C4F2000188422FD1E0
:105DC000FFE705984DF2D062C2F2004201924DF217
:105DD0009063C2F200434121FEF7CEFF01980068B4
:105DE000162810D1FFE74DF2D060C2F200400168E2
:105DF0004DF6F810C2F200404DF29062C2F200423D
:105E000012F0E6FA0BE04DF2D060C2F200400068FA
:105E10004DF29061C2F2004112F05AF9FFE74EE0F4
:105E2000059800684DF20041C4F20001884245D156
:105E3000FFE7059840F29472C2F20142009240F2EC
:105E40005473C2F201434121FEF796FF00980068A7
:105E5000B0F5A17F0BD1FFE740F62840C2F2014028
:105E600040F25471C2F2014113F0F2FF0CE040F233
:105E70009470C2F20140016840F25472C2F20142D1
:105E8000022011F019F9FFE740F29470C2F20140CC
:105E9000006840F2052188420FD1FFE740F25471BB
:105EA000C2F2014108684A684DF2A851C2F20041AD
:105EB000C1F87220C1F86E00FFE7FFE7FFE7FFE7D8
:105EC000059810210022FEF79FFDFFE706B080BD78
:105ED00082B00090009890F89800012811D1FFE757
:105EE0000099022081F8980000980168886920F0E4
:105EF0000100886100990020C1F89C008DF807001E
:105F00000AE00099D1F89C0040F00400C1F89C0020
:105F100001208DF80700FFE79DF8070002B07047E9
:105F200082B00190009102B07047000000000000B4
:105F300082B00190009102B07047000000000000A4
:105F400083B002900191009203B0704700000000FE
:105F500082B00190009102B0704700000000000084
:105F600081B0009001B0704781B0009001B07047DF
:105F700082B00190009102B0704700000000000064
:105F800082B00190009102B0704700000000000054
:105F900082B00190009102B0704700000000000044
:105FA00081B0009001B070478FB00E900D9100202D
:105FB0000C908020C5F600000990FFE70D9800685E
:105FC0000C99C840002800F0C181FFE70D980068D7
:105FD0000C9A0121914008400B900B98002800F08A
:105FE000B181FFE70D98406800F00300012807D059
:105FF000FFE70D98406800F0030002282FD1FFE76B
:106000000E9880680A900C984100032000FA01F174
:106010000A9888430A900D98C0680C99490000FAC4
:1060200001F10A9808430A900A980E9988600E9820
:1060300040680A900C99012000FA01F10A988843FF
:106040000A900D984068C0F300100C9900FA01F115
:106050000A9808430A900A980E994860FFE70D983D
:10606000406800F00300032818D0FFE70E98C068CE
:106070000A900C984100032000FA01F10A98884325
:106080000A900D9880680C99490000FA01F10A986D
:1060900008430A900A980E99C860FFE70D98406877
:1060A00000F00300022826D1FFE70E980C996FF04C
:1060B000030202EA51010844006A0A900C9800F0B9
:1060C000070081000F2000FA01F10A9888430A9026
:1060D0000D9800690C9901F00701890000FA01F19F
:1060E0000A9808430A900A980E990C9B02EA5302F8
:1060F00011440862FFE70E9800680A900C9841006E
:10610000032000FA01F10A9888430A900D9840682C
:1061100000F003000C99490000FA01F10A980843C5
:106120000A900A980E9908600D98807980070028D7
:1061300000F00781FFE7FFE744F2F440C5F60200F4
:10614000016841F002010160006800F0020008905F
:106150000898FFE70C9820F0030040F20841C5F6CC
:10616000000140580A900C9800F0030081000F20B5
:1061700000FA01F10A9888430A900E980021C5F6AA
:106180000201884203D1FFE7002007906CE00E98DF
:1061900040F20041C5F60201884203D1FFE7012029
:1061A00006905EE00E9840F60001C5F602018842B6
:1061B00003D1FFE70220059050E00E9840F6004121
:1061C000C5F60201884203D1FFE70320049042E0B4
:1061D0000E9841F20001C5F60201884203D1FFE7A3
:1061E0000420039034E00E9841F20041C5F602010C
:1061F000884203D1FFE70520029026E00E9841F681
:106200000001C5F60201884203D1FFE70620019094
:1062100018E00E9841F60041C5F60201884203D10C
:10622000FFE7072000900AE00E9942F20042C5F60F
:1062300002020A20914208BF09200090FFE700985F
:106240000190FFE701980290FFE702980390FFE7B3
:1062500003980490FFE704980590FFE705980690DF
:10626000FFE706980790FFE707980C9901F00301F4
:10627000890000FA01F10A9808430A900A980C99DB
:1062800021F0030140F20842C5F6000288504FF0A9
:10629000B04000680A900B990A9888430A900D98BC
:1062A0008079C006002805D5FFE70B990A980843B6
:1062B0000A90FFE70A984FF0B04108600420C5F645
:1062C000000000680A900B990A9888430A900D987C
:1062D00080798006002805D5FFE70B990A980843C6
:1062E0000A90FFE70A980421C5F6000108600998A2
:1062F00040680A900B990A9888430A900D98807913
:106300008007002805D5FFE70B990A9808430A90F3
:10631000FFE70A9809994860099800680A900B9964
:106320000A9888430A900D988079C00728B1FFE742
:106330000B990A9808430A90FFE70A9809990860A0
:10634000FFE7FFE70C9801300C9037E60FB070477D
:1063500082B00190ADF802108DF801209DF8010087
:1063600028B1FFE7BDF802000199886105E0BDF89A
:106370000200000401998861FFE702B07047000045
:1063800048F2D060C2F2014000687047000000008F
:1063900081B00090009801684AF6AA2008600020A9
:1063A00001B07047000000004BF64C60C2F20040A4
:1063B000027848F2D061C2F20141086810440860D6
:1063C000704700000000000080B582B0032000F09C
:1063D000DFF803F0BDF844F21842C5F60202116876
:1063E000C1F3032340F24851C0F60201CB5C03F035
:1063F0001F03D84000900098126802F00F02895CD9
:1064000001F01F01C8404BF69841C2F200410860FC
:1064100000984BF69441C2F200410860002000F061
:1064200013F820B1FFE701208DF8070005E000F028
:106430006FF800208DF80700FFE79DF8070002B015
:1064400080BD00000000000080B590B00E900E9856
:106450000F2810D8FFE70E9919200190002200F0B4
:106460007FF8019800F070F80E984BF65061C2F278
:106470000041086003E001208DF83F0043E0FFE7A2
:1064800044F2F040C5F60200016841F001010160EC
:10649000006800F0010002900298FFE706A803A937
:1064A00002F0BEFF03F040F84000059005984DF65D
:1064B0008361C4F21B31A0FB01014FF0FF3000EB00
:1064C000914004904EF6BC30C2F200400021C4F26C
:1064D0000101016040F2E731C1600499416000218F
:1064E0000161816004F054FC48B9FFE74EF6BC300E
:1064F000C2F2004004F0C4FC8DF83F0003E001202C
:106500008DF83F00FFE79DF83F0010B080BD000010
:1065100080B582B0FFE744F2F440C5F6020001689E
:1065200041F002010160006800F002000190019852
:10653000FFE76FF001000F21002200F011F802B018
:1065400080BD00000000000080B582B0ADF80600FC
:10655000BDF906000DF044FD02B080BD0000000052
:1065600080B586B0ADF81600049103920DF050FD91
:106570000290BDF91600019002980499039A07F061
:106580006BFA014601980DF04BFD06B080BD00008E
:1065900080B582B0019001980DF066FD02B080BD1B
:1065A00082B0019001980068009001990120C1F823
:1065B000D8040199002081F8CC04009A916941F037
:1065C00000619161009A516D0323C1F200031943E8
:1065D000516502B07047000082B001908DF8031041
:1065E00002B070470000000082B00190ADF80210C8
:1065F000BDF80200019909684862002002B07047A6
:1066000084B003908DF80B10ADF808200398006853
:10661000406A00909DF80B0048B9FFE7BDF80810EC
:10662000009840EA014003990968886233E00398C2
:106630000068816A009800EB1140009000208DF8FE
:106640000700FFE79DF807009DF80B10013988420D
:1066500013D2FFE7039800689DF8071000EB810054
:10666000D0F80411009800EB11400090FFE79DF86E
:10667000070001308DF80700E4E7BDF80810009826
:1066800040EA0140039909689DF80B2001EB820163
:10669000C1F80001FFE7002004B0704700000000CF
:1066A00080B582B001900198D0F8E0040BF098FA20
:1066B00002B080BD0000000080B582B001908DF86E
:1066C0000310019AD2F8E0049DF8031001EBC10316
:1066D00002EB8302126A0BF0DFF802B080BD00000B
:1066E00080B582B001908DF80310019AD2F8E004D1
:1066F0009DF8031001EBC10302EB8302D2F8602284
:106700000BF092F902B080BD80B582B00190019883
:10671000D0F8E0040BF06CFA02B080BD000000007D
:1067200080B584B003908DF80B109DF80B00000627
:1067300000280CD5FFE703989DF80B1001F00F011E
:1067400001EBC10100EB8100143001900CE00398D3
:106750009DF80B1001F00F0101EBC10100EB81006E
:1067600000F515700190FFE70398006801990CF09F
:10677000F3FF8DF80A009DF80A0004B080BD000008
:1067800080B584B002908DF807109DF807000006D0
:1067900000280FD5FFE702989DF8071001F00F01C0
:1067A00001EBC10100EB8100143000900099012041
:1067B00048700FE002989DF8071001F00F0101EBFF
:1067C000C10100EB810000F51570009000990020D8
:1067D0004870FFE79DF8070000F00F00009908706F
:1067E000FFE7029890F89404012804D1FFE7022003
:1067F0008DF80F0014E00299012081F89404FFE75E
:10680000FFE70298006800990CF096FAFFE70299FA
:10681000002081F89404FFE700208DF80F00FFE7C7
:106820009DF80F0004B080BD80B584B002908DF853
:1068300007109DF8070000F00F00029909798842BF
:1068400004D9FFE701208DF80F004DE09DF8070007
:10685000000600280FD5FFE702989DF8071001F009
:106860000F0101EBC10100EB810014300090009991
:10687000012048700FE002989DF8071001F00F0109
:1068800001EBC10100EB810000F51570009000994B
:1068900000204870FFE70099002088709DF80700ED
:1068A00000F00F0000990870FFE7029890F8940438
:1068B000012804D1FFE702208DF80F0014E00299AF
:1068C000012081F89404FFE7FFE70298006800992F
:1068D0000CF0AAFCFFE70299002081F89404FFE77E
:1068E00000208DF80F00FFE79DF80F0004B080BD79
:1068F00082B001908DF8031001989DF8031001F00B
:106900000F0101EBC10100EB8100D0F8680202B079
:10691000704700000000000080B586B004908DF83C
:106920000F10ADF80C208DF80B3000208DF80A0008
:106930009DF80F00000600280FD5FFE704989DF88A
:106940000F1001F00F0101EBC10100EB81001430C9
:1069500001900199012048700FE004989DF80F10F4
:1069600001F00F0101EBC10100EB810000F5157092
:106970000190019900204870FFE79DF80F0000F09A
:106980000F0001990870BDF80C00019988609DF80E
:106990000B00019908710198407820B1FFE7019937
:1069A00008784883FFE79DF80B00022804D1FFE731
:1069B000019900204871FFE7FFE7049890F89404DC
:1069C000012804D1FFE702208DF8170015E0049993
:1069D000012081F89404FFE7FFE70498006801991B
:1069E0000CF06EF8FFE70499002081F89404FFE7AB
:1069F0009DF80A008DF81700FFE79DF8170006B014
:106A000080BD00000000000080B586B005908DF8C4
:106A100013100392029305989DF8131001F00F01D3
:106A200001EBC10100EB810000F5157001900398A6
:106A30000199C86002980199086101990020486194
:106A4000019948709DF8130000F00F00019908703B
:106A500005988079012804D1FFE703980199C8615E
:106A6000FFE7059A1068019992790CF081FC0020EB
:106A700006B080BD0000000080B584B002908DF8A3
:106A800007109DF8070000F00F000299097988426D
:106A900004D9FFE701208DF80F0058E09DF80700AA
:106AA000000600280FD5FFE702989DF8071001F0B7
:106AB0000F0101EBC10100EB81001430009000993F
:106AC000012048700DE002989DF8071001EBC1010C
:106AD00000EB810000F515700090009900204870CF
:106AE000FFE70099012088709DF8070000F00F0073
:106AF00000990870FFE7029890F89404012804D1E7
:106B0000FFE702208DF80F0021E00299012081F8B3
:106B10009404FFE7FFE70298006800990CF0D4FBAB
:106B20009DF80700000740B9FFE7029A10689179C5
:106B300002F29C420CF028FBFFE7FFE702990020DD
:106B400081F89404FFE700208DF80F00FFE79DF81F
:106B50000F0004B080BD000080B586B005908DF8B0
:106B600013100392029305989DF8131001F00F0182
:106B700001EBC10100EB81001430019003980199F1
:106B8000C860029801990861019900204861019943
:106B9000012048709DF8130000F00F000199087063
:106BA00005988079012804D1FFE703980199C8610D
:106BB000FFE7059A1068019992790CF0D9FB002043
:106BC00006B080BD0000000080B58CB00B900B9823
:106BD00000680A900A9809900B9800680CF0FCFE77
:106BE000002840F03384FFE70B9800680CF064FF46
:106BF00010B9FFE700F02ABC0998D0F80808C0F3E4
:106C00000D200B99C1F8D4040B9800680CF054FFC8
:106C10008007002807D5FFE70B980168486900F056
:106C200002004861FFE70B9800680CF045FFC006C2
:106C3000002862D5FFE70B980168886920F01000F2
:106C400088610A98006A02900B98029901F00F017E
:106C500001EBC10100EB810000F51570089002986E
:106C600000F4F0110220B0EB514F23D1FFE7BDF843
:106C7000080047F6F07108421BD0FFE70A98089910
:106C8000C968029AC2F30A120CF026FF029847F66E
:106C9000F07100EA0103089AD06800EB1310D0608D
:106CA000029800EA01020899486900EB1210486155
:106CB000FFE71BE0029800F4F0110620B0EB514F03
:106CC00012D1FFE70A980B9901F29C4108220CF0BF
:106CD00003FF029847F6F07100EA0102089948693B
:106CE00000EB1210486100E0FFE7FFE70B98016836
:106CF000886940F010008861FFE70B9800680CF08D
:106D0000DBFE0003002840F1A680FFE7002004908E
:106D10000B9800680CF07CFE0690FFE706980028B0
:106D200000F09880FFE79DF81800C007002800F0E9
:106D30008A80FFE70B9800689DF810100CF0A4FE05
:106D400005909DF81400C00760B1FFE70998049909
:106D500000EB41110120C1F8080B0B98049906F0D3
:106D600013FFFFE79DF81400000700280CD5FFE78C
:106D70000998049900EB41110820C1F8080B0B9801
:106D8000049906F0B9FEFFE79DF81400C00600283C
:106D900008D5FFE70998049900EB41111020C1F8CC
:106DA000080BFFE79DF81400800700282DD5FFE7AA
:106DB0000A9840690006002808D5FFE70999D1F82C
:106DC000040840F48060C1F80408FFE70B980499B8
:106DD00001EBC10100EB810000F5157008900898E7
:106DE000C078012809D1FFE708990020C8700B98E6
:106DF0009DF8101000F03CFBFFE70998049900EBA8
:106E000041110220C1F8080BFFE79DF8140080062D
:106E1000002808D5FFE70998049900EB41112020CC
:106E2000C1F8080BFFE79DF815008006002809D57A
:106E3000FFE70998049900EB41114FF40050C1F8A5
:106E4000080BFFE7FFE7049801300490069840081C
:106E5000069063E7FFE70B9800680CF02DFE4003F7
:106E6000002840F1C680FFE70B9800680CF0BCFDDD
:106E7000069000200490FFE70698002800F0B880F4
:106E8000FFE79DF81800C007002800F0AA80FFE780
:106E90000B9800689DF810100CF0CEFD05909DF841
:106EA0001400C00700283ED0FFE7049800F00F014F
:106EB000012000FA01F10391039B099AD2F83418DA
:106EC0009943C2F834180999049A01EB4211C1F8A8
:106ED00008090B98807901281FD1FFE70B980499C6
:106EE00001EBC10100EB8101CA69086A1044086224
:106EF000049888B9FFE70B98049901EBC10100EBF6
:106F00008100406A40B9FFE70B99086801F29C4292
:106F100001210CF039F9FFE7FFE70B989DF81010FD
:106F2000FFF7CAFBFFE79DF814000007002808D50B
:106F3000FFE70998049900EB41110820C1F80809FE
:106F4000FFE79DF81400C006002808D5FFE7099860
:106F5000049900EB41111020C1F80809FFE79DF8E2
:106F600014004006002808D5FFE70998049900EBB3
:106F700041114020C1F80809FFE79DF8140080077F
:106F8000002822D5FFE70A9804990CF0BDFC0B9865
:106F9000049901EBC10100EB8100143008900898BE
:106FA000C078012809D1FFE708990020C8700B9824
:106FB0009DF8101000F04CFAFFE70998049900EBD7
:106FC00041110220C1F80809FFE79DF814000006EE
:106FD000002805D5FFE70B98049906F0B9FEFFE7F6
:106FE000FFE704980130049006984008069043E7B4
:106FF000FFE70B9800680CF05FFDC00F00B3FFE7E0
:107000000999D1F8040820F00100C1F804080B9890
:1070100090F8CC04012808D1FFE70B98002180F8F4
:10702000CC140B98FFF7D8FA03E00B9800F0CCFBD8
:10703000FFE70B980168486900F000404861FFE7EE
:107040000B9800680CF038FD0005002811D5FFE70B
:107050000998D0F80808C00720B1FFE70B9800F0A6
:1070600047FCFFE70B980168486900F4006048613D
:10707000FFE70B9800680CF01FFD0001002820D5E9
:10708000FFE70B980168486900F0006048610B98C1
:1070900090F8CC0480B9FFE70B98012180F8CC145C
:1070A0000B980068406DC0F383000B9AC2F8D004BF
:1070B0000B98FFF791FA03E00B9800F019FCFFE73B
:1070C000FFE70B9800680CF0F7FCC004002840F1C3
:1070D0008680FFE70999D1F8040820F00100C1F883
:1070E00004080B98006810210CF00EFC002007909B
:1070F000FFE707980B990979884231D2FFE7099891
:10710000079900EB41114FF67F30C1F80809099942
:10711000079A01EB4212D2F8001921F40011C2F8CB
:1071200000190999079A01EB4211C1F8080B099857
:10713000079900EB4111D1F8000B20F40010C1F8C1
:10714000000B0998079900EB4111D1F8000B40F0B2
:107150000060C1F8000BFFE7079801300790C8E70F
:107160000999D1F81C0840F00110C1F81C080B98CF
:10717000C07B78B1FFE70999D1F8840840F00B0093
:10718000C1F884080999D1F8440840F00B00C1F80F
:1071900044080FE00999D1F8140842F22B02104379
:1071A000C1F814080999D1F8100840F00B00C1F893
:1071B0001008FFE70999D1F8000820F4FE60C1F833
:1071C00000080B9A1068917902F29C420BF0DCFFE8
:1071D0000B980168486900F480504861FFE70B98FC
:1071E00000680CF069FC800400281FD5FFE70B98AD
:1071F00000680BF0D5FC0B9800680CF0C5FB0B99F0
:10720000C8710B980068019002F04EF90146019890
:107210000B9AD2790CF098FD0B9800F0A9FA0B9814
:107220000168486900F400504861FFE70B98006866
:107230000CF042FC000700280AD5FFE70B9800F08D
:10724000CFFA0B980168486900F008004861FFE731
:107250000B9800680CF030FC0006002825D5FFE7ED
:107260000A99886920F08000886101200490FFE776
:1072700004980B990979884216D2FFE70B98049974
:1072800001EBC10100EB810090F85702012806D103
:10729000FFE70B989DF81010FFF742FAFFE7FFE7B2
:1072A000049801300490E3E7FFE70B9800680CF0C6
:1072B00003FCC00200283CD5FFE701200490FFE753
:1072C00004980B99097988422CD2FFE70998049910
:1072D00000EB4110D0F8000902900B98049901EBE3
:1072E000C10100EB8100007E012816D1FFE79DF867
:1072F0000B000006002810D5FFE70B98049901EB5E
:10730000C10100EB81010120C8750B989DF8101098
:1073100041F08001FFF704FAFFE7FFE7049801302E
:107320000490CDE70B980168486900F4801048612B
:10733000FFE70B9800680CF0BFFB8002002855D5D2
:10734000FFE701200490FFE704980B990979884230
:1073500045D2FFE70998049900EB4110D0F8000BE3
:1073600002900B98049901EBC10100EB810090F8A9
:10737000580201282ED1FFE79DF80B0000060028D7
:1073800028D5FFE7029800F480300B99D1F8D41487
:1073900001F0010188421DD1FFE70B98049901EB30
:1073A000C10100EB8101012081F857020A99886927
:1073B00040F0800088610A9840690006002808D4DF
:1073C000FFE70999D1F8040840F40070C1F80408F7
:1073D00005E0FFE7FFE7049801300490B4E70B985D
:1073E0000168486900F400104861FFE70B980068E5
:1073F0000CF062FB400000280AD5FFE70B98FFF76E
:107400004FF90B980168486900F080404861FFE738
:107410000B9800680CF050FB4007002815D5FFE7DB
:107420000B980068406802909DF80800400700280B
:1074300004D5FFE70B98FFF767F9FFE7029A0B986F
:107440000168486810434860FFE7FFE70CB080BD63
:1074500080B582B001908DF803100198D0F8E00457
:107460009DF803100AF068FC02B080BD0000000027
:1074700080B582B001908DF803100198D0F8E00437
:107480009DF803100AF090FC02B080BD00000000DF
:1074900080B58CB00A900A9820B9FFE701208DF8DA
:1074A0002F000EE10A9890F8950440B9FFE70A9979
:1074B000002081F894040A9800F00AF9FFE70A997D
:1074C000032081F895040A9800680BF051FE0A9B8E
:1074D0001868197C8DF8201059689A68DB68079342
:1074E000069205910599069A079BDDF820C0EE46A5
:1074F000CEF800C00BF06CFB40B1FFE70A99022008
:1075000081F8950401208DF82F00DAE00A980068D0
:1075100000210CF079FB40B1FFE70A99022081F8C5
:10752000950401208DF82F00CBE000208DF8270076
:10753000FFE79DF827000A990979884241DAFFE7B9
:107540000A989DF8271001EBC10100EB8101012091
:1075500048759DF827000A9900EBC00201EB8201F3
:1075600008759DF827000A9900EBC00201EB820123
:10757000C8850A989DF8271001EBC10100EB810135
:10758000002008760A999DF8272002EBC20201EB41
:107590008201C8610A999DF8272002EBC20201EB23
:1075A000820108620A999DF8272002EBC20201EBD2
:1075B00082014862FFE79DF8270001308DF827001F
:1075C000B7E700208DF82700FFE79DF827000A990C
:1075D000097988423EDAFFE70A989DF8271001EB07
:1075E000C10100EB8101002081F855029DF82710B0
:1075F0000A9A01EBC10302EB830282F854120A9942
:107600009DF8272002EBC20201EB820181F85802AB
:107610000A999DF8272002EBC20201EB8201C1F812
:107620005C020A999DF8272002EBC20201EB82015D
:10763000C1F860020A999DF8272002EBC20201EB13
:107640008201C1F86402FFE79DF8270001308DF840
:107650002700BAE70A9B1868197C8DF81010596842
:107660009A68DB680393029201910199029A039B45
:10767000DDF810C0EE46CEF800C00BF031FC40B192
:10768000FFE70A99022081F8950401208DF82F0068
:1076900017E00A99002048740A99012081F895049E
:1076A0000A98007B012804D1FFE70A98FEF778FFCB
:1076B000FFE70A9800680BF0FBFB00208DF82F0015
:1076C000FFE79DF82F000CB080BD00000000000017
:1076D00080B5B6B0359006A8B821F8F7AFFE35985A
:1076E00000680021C4F2040188423FD1FFE7002076
:1076F00007904FF4802006904FF44010279006A882
:1077000000F03AFC18B1FFE7F9F7EAFDFFE700F0F7
:1077100063F9FFE744F2D840C5F60200016841F082
:1077200000710160006800F0007005900598FFE7A7
:107730004A2000900521029100220392FEF710FFDB
:107740000098FEF701FF0299039A4B200190FEF783
:1077500007FF0198FEF7F8FE0299039A4D20049066
:10776000FEF7FEFE0498FEF7EFFEFFE736B080BDA1
:1077700080B582B0019001208DF803000198C07996
:1077800020B9FFE700208DF803000CE00198C079D4
:10779000022804D1FFE701208DF8030002E0F9F789
:1077A0009FFDFFE7FFE70198D0F8E0049DF8031084
:1077B0000AF002FC0198D0F8E0040AF079FB02B06C
:1077C00080BD00000000000080B582B001900198EB
:1077D000D0F8E0040AF0BCFB02B080BD000000005D
:1077E00080B582B001900198D0F8E0040AF0C4FBA3
:1077F00002B080BD0000000080B584B002908DF81A
:107800000710FFE7029890F89404012804D1FFE7DD
:1078100002208DF80F0019E00299012081F89404EC
:10782000FFE7FFE79DF80700029948740298006897
:107830009DF807100CF058FAFFE70299002081F834
:107840009404FFE700208DF80F00FFE79DF80F007C
:1078500004B080BD0000000080B582B001900199A5
:10786000D1F8E00401F29C410AF0D2FB02B080BDE5
:1078700080B584B00290029800680190FFE70298FA
:1078800090F89404012804D1FFE702208DF80F003E
:1078900028E00299012081F89404FFE7FFE70198AE
:1078A000C068400600280BD5FFE70298407B0128FE
:1078B00006D1FFE70199886B40F480308863FFE7C9
:1078C000029800680BF0D8FF029800680BF0D8FA15
:1078D000FFE70299002081F89404FFE700208DF86B
:1078E0000F00FFE79DF80F0004B080BD000000000E
:1078F00080B582B001900198D0F8E0040AF010FC45
:1079000001980168D1F8000E40F00100C1F8000EA6
:107910000198C07A48B1FFE74EF61051CEF200014F
:10792000086840F006000860FFE702B080BD000074
:1079300080B584B0029044F60C00C5F602000068E1
:1079400000F004010020B0EB910F13D1FFE744F6E3
:107950000C00C5F60200006800F00700029988429A
:1079600004D0FFE701208DF80F002EE000208DF8F5
:107970000F002AE044F60C01C5F60201086820F069
:107980000700029A10430860FEF7FAFC0190FFE737
:1079900044F60400C5F60200006800F4005100201F
:1079A000B0EB513F0DD1FFE7FEF7EAFC0199401A19
:1079B000B0F57A7F04D9FFE701208DF80F0004E0CD
:1079C000E6E700208DF80F00FFE79DF80F0004B0F8
:1079D00080BD00000000000044F60C01C5F6020165
:1079E000086840F0807008607047000000000000E8
:1079F00080B501F059FD44F22041C5F60201096845
:107A0000C1F3021240F24851C0F60201895C01F054
:107A10001F01C84080BD000088B0079044F2284094
:107A2000C5F60200016801F0030106910068C0F389
:107A30000530059044F22C40C5F602000068C0F302
:107A400000100490049844F23C41C5F60201096814
:107A500089B2C908484300EE100AB8EE400A8DED1D
:107A6000020A0598002800F01B81FFE706980090A5
:107A700048B1FFE70098012869D0FFE70098022885
:107A800000F08980ABE044F20040C5F602000068D7
:107A900000F020010020B0EB511F33D0FFE744F28B
:107AA0000040C5F602000068C0F3C10149F20000C1
:107AB000C0F2D030C84003909DED030AB8EE400AF2
:107AC0009DED051AB8EE411A80EE010A44F23840E5
:107AD000C5F6020000686FF35F2001EE100AB8EEF1
:107AE000411A9DED022A9FED743A82EE032A31EE8F
:107AF000021AB7EE002A31EE021A20EE010A8DEDCD
:107B0000010A23E09DED050AB8EE401A9FED6C0ACC
:107B100080EE010A44F23840C5F6020000686FF3B7
:107B20005F2001EE100AB8EE411A9DED022A9FED8A
:107B3000623A82EE032A31EE021AB7EE002A31EEE3
:107B4000021A20EE010A8DED010AFFE76BE09DEDC0
:107B5000050AB8EE401A9FED590A80EE010A44F278
:107B60003840C5F6020000686FF35F2001EE100A8E
:107B7000B8EE411A9DED022A9FED4F3A82EE032A9C
:107B800031EE021AB7EE002A31EE021A20EE010A97
:107B90008DED010A47E09DED050AB8EE401A9FED14
:107BA000450A80EE010A44F23840C5F6020000683A
:107BB0006FF35F2001EE100AB8EE411A9DED022A24
:107BC0009FED3D3A82EE032A31EE021AB7EE002A0B
:107BD00031EE021A20EE010A8DED010A23E09DED3F
:107BE000050AB8EE401A9FED350A80EE010A44F20C
:107BF0003840C5F6020000686FF35F2001EE100AFE
:107C0000B8EE411A9DED022A9FED2B3A82EE032A2F
:107C100031EE021AB7EE002A31EE021A20EE010A06
:107C20008DED010AFFE79DED010A44F23840C5F6EB
:107C30000200016889B2490A01EE101AB8EE411A31
:107C4000B7EE002A31EE021A80EE010A0799BCEE67
:107C5000C00A81ED000A9DED010A0168C1F30641E9
:107C600001EE101AB8EE411A31EE021A80EE010A46
:107C70000799BCEEC00A81ED010A9DED010A00687A
:107C8000C0F3066001EE100AB8EE411A31EE021A96
:107C900080EE010A0798BCEEC00A80ED020A07E0F8
:107CA0000799002008600799486007998860FFE7F6
:107CB00008B070470024744B000000460024744A4A
:107CC0000024744C0000000088B0079044F2284063
:107CD000C5F60200016801F0030106910068C0F3D7
:107CE0000550059044F22C40C5F602000068C0F330
:107CF00000200490049844F24441C5F6020109684A
:107D000089B2C908484300EE100AB8EE400A8DED6A
:107D1000020A0598002800F01B81FFE706980090F2
:107D200048B1FFE70098012869D0FFE700980228D2
:107D300000F08980ABE044F20040C5F60200006824
:107D400000F020010020B0EB511F33D0FFE744F2D8
:107D50000040C5F602000068C0F3C10149F200000E
:107D6000C0F2D030C84003909DED030AB8EE400A3F
:107D70009DED051AB8EE411A80EE010A44F240402A
:107D8000C5F6020000686FF35F2001EE100AB8EE3E
:107D9000411A9DED022A9FED743A82EE032A31EEDC
:107DA000021AB7EE002A31EE021A20EE010A8DED1A
:107DB000010A23E09DED050AB8EE401A9FED6C0A1A
:107DC00080EE010A44F24040C5F6020000686FF3FD
:107DD0005F2001EE100AB8EE411A9DED022A9FEDD8
:107DE000623A82EE032A31EE021AB7EE002A31EE31
:107DF000021A20EE010A8DED010AFFE76BE09DED0E
:107E0000050AB8EE401A9FED590A80EE010A44F2C5
:107E10004040C5F6020000686FF35F2001EE100AD3
:107E2000B8EE411A9DED022A9FED4F3A82EE032AE9
:107E300031EE021AB7EE002A31EE021A20EE010AE4
:107E40008DED010A47E09DED050AB8EE401A9FED61
:107E5000450A80EE010A44F24040C5F6020000687F
:107E60006FF35F2001EE100AB8EE411A9DED022A71
:107E70009FED3D3A82EE032A31EE021AB7EE002A58
:107E800031EE021A20EE010A8DED010A23E09DED8C
:107E9000050AB8EE401A9FED350A80EE010A44F259
:107EA0004040C5F6020000686FF35F2001EE100A43
:107EB000B8EE411A9DED022A9FED2B3A82EE032A7D
:107EC00031EE021AB7EE002A31EE021A20EE010A54
:107ED0008DED010AFFE79DED010A44F24040C5F631
:107EE0000200016889B2490A01EE101AB8EE411A7F
:107EF000B7EE002A31EE021A80EE010A0799BCEEB5
:107F0000C00A81ED000A9DED010A0168C1F3064136
:107F100001EE101AB8EE411A31EE021A80EE010A93
:107F20000799BCEEC00A81ED010A9DED010A0068C7
:107F3000C0F3066001EE100AB8EE411A31EE021AE3
:107F400080EE010A0798BCEEC00A80ED020A07E045
:107F50000799002008600799486007998860FFE743
:107F600008B070470024744B000000460024744A97
:107F70000024744C0000000080B59AB018900020D6
:107F80008DF857008DF856001898C0780007002823
:107F900048D5FFE71898406E149078B1FFE7149821
:107FA000B0F5801F13D0FFE71498B0F5001F16D06E
:107FB000FFE71498B0F5401F19D019E044F22C41A6
:107FC000C5F60201086840F40030086014E0189813
:107FD0000830022105F0B8FF8DF857000CE0189822
:107FE0002830022106F098F88DF8570004E003E0ED
:107FF00001208DF85700FFE79DF8570060B9FFE7B3
:1080000044F25041C5F60201086820F44010189A65
:10801000526E1043086004E09DF857008DF856003A
:10802000FFE7FFE718984078C007002840D0FFE737
:108030001898806D1390042820D81399DFE801F078
:10804000030C141C1D0044F22C41C5F60201086803
:1080500040F40030086015E018980830002105F061
:1080600073FF8DF857000DE018982830002106F0B6
:1080700053F88DF8570005E004E003E001208DF887
:108080005700FFE79DF8570060B9FFE744F2504101
:10809000C5F60201086820F00700189A926D104397
:1080A000086004E09DF857008DF85600FFE7FFE7F1
:1080B000189840784007002856D5FFE71898D0F860
:1080C000A4001290C8B1FFE71298B0F5001F1DD0B0
:1080D000FFE71298B0F5800F20D0FFE71298B0F5B7
:1080E000C00F23D0FFE71298B0F5000F1FD0FFE7B5
:1080F0001298B0F5200F1BD01BE044F22C41C5F6BE
:108100000201086840F40030086016E01898083052
:10811000002105F019FF8DF857000EE0189828305F
:10812000002105F0F9FF8DF8570006E005E004E0B6
:1081300003E001208DF85700FFE79DF8570068B96C
:10814000FFE744F25841C5F60201086820F46000D8
:10815000189AD2F8A4201043086004E09DF8570054
:108160008DF85600FFE7FFE71898407800070028D1
:1081700056D5FFE71898D0F8A8001190C8B1FFE7CE
:108180001198B0F1807F1DD0FFE71198B0F1007F0A
:1081900020D0FFE71198B0F1407F23D0FFE711987E
:1081A000B0F1806F1FD0FFE71198B0F1A06F1BD026
:1081B0001BE044F22C41C5F60201086840F400308F
:1081C000086016E018980830002105F0BDFE8DF813
:1081D00057000EE018982830002105F09DFF8DF81B
:1081E000570006E005E004E003E001208DF85700A9
:1081F000FFE79DF8570068B9FFE744F25841C5F61C
:108200000201086820F0E060189AD2F8A820104314
:10821000086004E09DF857008DF85600FFE7FFE77F
:108220001898C078800700283ED5FFE71898C06CE2
:108230001090F0B1FFE71098102808D0FFE71098D1
:1082400020280DD0FFE71098302811D012E044F21A
:108250002C41C5F60201086840F4003008600DE0CA
:1082600018980830022105F06FFE8DF8570005E0E0
:1082700004E003E001208DF85700FFE79DF8570068
:1082800060B9FFE744F24C41C5F60201086820F0EE
:108290003000189AD26C1043086004E09DF8570033
:1082A0008DF85600FFE7FFE718984078C0060028D1
:1082B0004ED5FFE71898C06D0F90A0B1FFE70F985B
:1082C000B0F5805F18D0FFE70F98B0F5005F1BD0C6
:1082D000FFE70F98B0F5405F1ED0FFE70F98B0F5AD
:1082E000804F1AD01AE044F22C41C5F6020108680A
:1082F00040F40030086015E018980830002105F0BF
:1083000023FE8DF857000DE018982830002105F065
:1083100003FF8DF8570005E004E003E001208DF82D
:108320005700FFE79DF8570060B9FFE744F250415E
:10833000C5F60201086820F4E040189AD26D104397
:10834000086004E09DF857008DF85600FFE7FFE74E
:1083500018984078800600284CD5FFE71898006EE2
:108360000E90C8B1FFE70E98B0F5803F15D0FFE73B
:108370000E98B0F5003F18D0FFE70E98B0F5403FDB
:108380001BD0FFE70E98B0F5802F17D0FFE70E98AF
:10839000B0F5A02F13D013E016E018980830012193
:1083A00005F0D2FD8DF857000EE018982830012115
:1083B00005F0B2FE8DF8570006E005E004E003E0AA
:1083C00001208DF85700FFE79DF8570060B9FFE7DF
:1083D00044F25041C5F60201086820F4E020189AE2
:1083E000126E1043086004E09DF857008DF85600A7
:1083F000FFE7FFE718984078400600284ED5FFE7D2
:108400001898D0F8AC000D90C8B1FFE70D98B0F106
:10841000805F15D0FFE70D98B0F1005F18D0FFE73F
:108420000D98B0F1405F1BD0FFE70D98B0F1804F81
:1084300017D0FFE70D98B0F1A04F13D013E016E06E
:1084400018980830012105F07FFD8DF857000EE0E7
:1084500018982830012105F05FFE8DF8570006E0DE
:1084600005E004E003E001208DF85700FFE79DF8E8
:10847000570068B9FFE744F25841C5F602010868A1
:1084800020F0E040189AD2F8AC201043086004E0D5
:108490009DF857008DF85600FFE7FFE718984078E1
:1084A000000600283BD5FFE71898C06E0C90D8B1A5
:1084B000FFE70C98B0F1805F05D0FFE70C98B0F1B2
:1084C000005F09D011E044F22C41C5F602010868B2
:1084D00040F4003008600CE018980830012105F0E5
:1084E00033FD8DF8570004E003E001208DF85700BC
:1084F000FFE79DF8570060B9FFE744F25041C5F629
:108500000201086820F04050189AD26E10430860AB
:1085100004E09DF857008DF85600FFE7FFE7189834
:10852000C078C007002837D0FFE71898806C0B9000
:10853000032817D80B99DFE801F014020B1344F25B
:108540002C41C5F60201086840F4003008600DE0D7
:1085500018980830022105F0F7FC8DF8570005E067
:1085600004E003E001208DF85700FFE79DF8570075
:1085700060B9FFE744F24C41C5F60201086820F0FB
:108580000300189A926C1043086004E09DF85700AD
:108590008DF85600FFE7FFE718988078400600281E
:1085A00040F1B480FFE744F60001C5F60201086817
:1085B00040F480700860FDF7E3FE1690FFE744F694
:1085C0000000C5F602000068C00500280CD4FFE7D3
:1085D000FDF7D6FE1699401A652804D3FFE703205D
:1085E0008DF8570000E0EAE79DF85700002840F0BA
:1085F0008780FFE744F27040C5F60200006800F48F
:1086000040701899D1F8B01001F44071884213D02D
:10861000FFE744F27041C5F60201086820F440709B
:108620001790086840F480300860086820F48030B3
:10863000086017980860FFE71898D0F8B000B0F508
:10864000807F1FD1FFE7FDF79BFE1690FFE744F206
:108650007040C5F60200006800F002010020B0EB97
:10866000510F0ED1FFE7FDF78BFE1699401A41F22C
:108670008931884204D3FFE703208DF8570000E0DA
:10868000E5E7FFE79DF85700A0BBFFE7FFE7189875
:10869000D0F8B00000F44070B0F5407F13D1FFE790
:1086A00044F21041C5F60201086820F47C50189A83
:1086B000D2F8B0204FF6F043C0F6FF731A4040EAFC
:1086C0001210086008E044F21041C5F60201086883
:1086D00020F47C500860FFE71898D0F8B0206FF3C2
:1086E0001F3244F27041C5F6020108681043086069
:1086F000FFE704E09DF857008DF85600FFE704E01F
:108700009DF857008DF85600FFE7FFE718980068BE
:10871000C007002800F04C80FFE71898806F0A908F
:1087200028282BD80A99DFE801F0152929292929B9
:10873000292916292929292929291E2929292929C7
:10874000292926292929292929292729292929299E
:108750002929280016E018980830012105F0F4FBBB
:108760008DF857000EE018982830012105F0D4FC50
:108770008DF8570006E005E004E003E001208DF8E5
:108780005700FFE79DF8570060B9FFE744F25441F6
:10879000C5F60201086820F03800189A926F10435D
:1087A000086004E09DF857008DF85600FFE7FFE7EA
:1087B000189800788007002839D5FFE71898406F8F
:1087C0000990052819D80999DFE801F003040C1471
:1087D000151616E018980830012105F0B5FB8DF844
:1087E00057000EE018982830012105F095FC8DF80F
:1087F000570006E005E004E003E001208DF8570093
:10880000FFE79DF8570060B9FFE744F25441C5F611
:108810000201086820F00700189A526F10430860A0
:1088200004E09DF857008DF85600FFE7FFE7189821
:108830000078400700283BD5FFE71898D0F8900053
:108840000890052819D80899DFE801F003040C14F2
:10885000151616E018980830012105F075FB8DF803
:1088600057000EE018982830012105F055FC8DF8CE
:10887000570006E005E004E003E001208DF8570012
:10888000FFE79DF8570068B9FFE744F25841C5F685
:108890000201086820F00700189AD2F890201043CF
:1088A000086004E09DF857008DF85600FFE7FFE7E9
:1088B00018980078800600284ED5FFE71898D0F861
:1088C0008C000790C8B1FFE70798B0F1805F15D022
:1088D000FFE70798B0F1005F18D0FFE70798B0F105
:1088E000405F1BD0FFE70798B0F1804F17D0FFE73C
:1088F0000798B0F1A04F13D013E016E01898083095
:10890000002105F021FB8DF857000EE01898283063
:10891000022105F001FC8DF8570006E005E004E0B7
:1089200003E001208DF85700FFE79DF8570068B974
:10893000FFE744F25441C5F60201086820F0E04028
:10894000189AD2F88C201043086004E09DF8570074
:108950008DF85600FFE7FFE71898007840060028DA
:108960004ED5FFE71898D0F898000690C8B1FFE7F9
:108970000698B0F5806F15D0FFE70698B0F5006F48
:1089800018D0FFE70698B0F5406F1BD0FFE70698B8
:10899000B0F5805F17D0FFE70698B0F5A05F13D061
:1089A00013E016E018980830002105F0CDFA8DF894
:1089B00057000EE018982830022105F0ADFB8DF825
:1089C000570006E005E004E003E001208DF85700C1
:1089D000FFE79DF8570068B9FFE744F25841C5F634
:1089E0000201086820F4E050189AD2F89820104349
:1089F000086004E09DF857008DF85600FFE7FFE798
:108A000018980078000600284ED5FFE71898D0F88F
:108A10009C000590C8B1FFE70598B0F5005F15D040
:108A2000FFE70598B0F5804F18D0FFE70598B0F53F
:108A3000C04F1BD0FFE70598B0F5004F17D0FFE7F8
:108A40000598B0F5204F13D013E016E018980830C1
:108A5000002105F079FA8DF857000EE018982830BB
:108A6000022105F059FB8DF8570006E005E004E00F
:108A700003E001208DF85700FFE79DF8570068B923
:108A8000FFE744F25841C5F60201086820F460404F
:108A9000189AD2F89C201043086004E09DF8570013
:108AA0008DF85600FFE7FFE71898007800070028C8
:108AB00020D5FFE71898D0F88000B0F5805F0CD182
:108AC000FFE718982830022105F026FB20B1FFE7C8
:108AD00001208DF85600FFE7FFE744F25441C5F648
:108AE0000201086820F44050189AD2F88020104300
:108AF0000860FFE718980078C006002820D5FFE737
:108B00001898D0F89400B0F5807F0CD1FFE7189842
:108B10002830022105F000FB20B1FFE701208DF88D
:108B20005600FFE7FFE744F25841C5F60201086826
:108B300020F44070189AD2F8942010430860FFE7A0
:108B400018988078000700283CD5FFE71898D0F8DF
:108B5000A000049050B1FFE70498B0F5803F0DD01D
:108B6000FFE70498B0F5003F10D010E018980830E7
:108B7000002105F0E9F98DF857000CE0189828302D
:108B8000022105F0C9FA8DF8570004E003E0012046
:108B90008DF85700FFE79DF8570068B9FFE744F2EA
:108BA0005841C5F60201086820F44030189AD2F8FE
:108BB000A0201043086004E09DF857008DF856008F
:108BC000FFE7FFE718988078400700283FD5FFE7C8
:108BD0001898D0F884000390B0F5801F0AD0FFE702
:108BE0000398B0F5001F0ED0FFE70398B0F5401FC3
:108BF00011D011E044F22C41C5F60201086840F49E
:108C0000003008600CE018982830012105F084FA43
:108C10008DF8570004E003E001208DF85700FFE7CE
:108C20009DF8570068B9FFE744F25441C5F60201C8
:108C3000086820F44010189AD2F884201043086085
:108C400004E09DF857008DF85600FFE7FFE71898FD
:108C50008078C007A8B3FFE71898006D029028B18C
:108C6000FFE70298B0F5803F09D010E044F22C41B4
:108C7000C5F60201086840F4003008600BE018985F
:108C80000830022105F060F98DF8570003E001205B
:108C90008DF85700FFE79DF8570060B9FFE744F2F1
:108CA0004C41C5F60201086820F48030189A126D14
:108CB0001043086004E09DF857008DF85600FFE768
:108CC000FFE71898C078800600280CD5FFE71898B1
:108CD0002830022105F020FA20B1FFE701208DF8AD
:108CE0005600FFE7FFE718988078800700283AD5FC
:108CF000FFE71898C06F0190D0B1FFE70198B0F579
:108D0000807F0AD0FFE70198B0F5007F0ED0FFE723
:108D10000198B0F5407F0AD00BE044F22C41C5F633
:108D20000201086840F40030086006E005E004E055
:108D300003E001208DF85700FFE79DF8570060B968
:108D4000FFE744F25441C5F60201086820F4407080
:108D5000189AD26F1043086004E09DF857008DF810
:108D60005600FFE7FFE718988078C00600280CD56A
:108D7000FFE744F25041C5F60201086820F00040C8
:108D8000189A126F10430860FFE7189880788006E1
:108D900000280CD5FFE744F25041C5F602010868EF
:108DA00020F08070189A926E10430860FFE71898C0
:108DB000C0784006002811D5FFE7FFE744F21041D4
:108DC000C5F60201086820F4004008601898D0F841
:108DD000B420086810430860FFE7FFE71898C078E0
:108DE000000600280CD5FFE744F24C41C5F602010D
:108DF000086820F04050189A526D10430860FFE751
:108E000018988078000600280DD5FFE744F25441F9
:108E1000C5F60201086820F44000189AD2F88820AC
:108E200010430860FFE718980079C00790B1FFE78A
:108E300018980830002105F087F88DF857009DF844
:108E4000570008B9FFE704E09DF857008DF8560079
:108E5000FFE7FFE7189800798007002812D5FFE7A1
:108E600018980830012105F06FF88DF857009DF82B
:108E7000570008B9FFE704E09DF857008DF8560049
:108E8000FFE7FFE7189800794007002812D5FFE7B1
:108E900018980830022105F057F88DF857009DF812
:108EA000570008B9FFE704E09DF857008DF8560019
:108EB000FFE7FFE7189800790007002812D5FFE7C1
:108EC00018982830002105F027F98DF857009DF8F3
:108ED000570008B9FFE704E09DF857008DF85600E9
:108EE000FFE7FFE718980079C006002812D5FFE7D2
:108EF00018982830012105F00FF98DF857009DF8DA
:108F0000570008B9FFE704E09DF857008DF85600B8
:108F1000FFE7FFE7189800798006002812D5FFE7E1
:108F200018982830022105F0F7F88DF857009DF8C1
:108F3000570008B9FFE704E09DF857008DF8560088
:108F4000FFE7FFE79DF8560020B9FFE700208DF806
:108F5000670003E001208DF86700FFE79DF86700D8
:108F60001AB080BD00000000704700000000000043
:108F700080B586B004900391049820B9FFE70120E2
:108F80008DF817003CE2039842F20001C5F200217F
:108F9000096801F00F01884216D9FFE742F200008C
:108FA000C5F20020016821F00F01039A114301600E
:108FB000006800F00F000399884204D0FFE7012009
:108FC0008DF817001CE2FFE704980078400700289E
:108FD00019D5FFE70498006944F21841C5F602016B
:108FE000096801F0700188420CD9FFE744F218418A
:108FF000C5F60201086820F07000049A1269104357
:109000000860FFE7FFE7049800780007002819D5FB
:10901000FFE70498406944F21C41C5F60201096863
:1090200001F0700188420CD9FFE744F21C41C5F6FB
:109030000201086820F07000049A52691043086029
:10904000FFE7FFE704980078C006002819D5FFE77E
:109050000498806944F21C41C5F60201096801F4D4
:10906000E06188420CD9FFE744F21C41C5F60201D9
:10907000086820F4E060049A926910430860FFE7F2
:10908000FFE7049800788006002819D5FFE70498C8
:10909000C06944F22041C5F60201096801F070017F
:1090A00088420CD9FFE744F22041C5F60201086866
:1090B00020F07000049AD26910430860FFE7FFE7D0
:1090C000049800788007002819D5FFE70498C06845
:1090D00044F21841C5F60201096801F00F01884207
:1090E0000CD9FFE744F21841C5F60201086820F0E8
:1090F0000F00049AD26810430860FFE7FFE7049866
:109100000078C007002800F08C80FFE744F2184187
:10911000C5F60201086820F47060049A9268104352
:10912000086004984068022811D1FFE744F200402B
:10913000C5F60200006800F400310020B0EB514F8A
:1091400004D1FFE701208DF8170059E13EE00498B3
:109150004068032811D1FFE744F20040C5F6020041
:10916000006800F000710020B0EB516F04D1FFE700
:1091700001208DF8170043E127E00498406801289A
:1091800011D1FFE744F20040C5F60200006800F488
:1091900080710020B0EB112F04D1FFE701208DF882
:1091A00017002DE110E044F20040C5F6020000680F
:1091B00000F004010020B0EB910F04D1FFE7012083
:1091C0008DF817001CE1FFE7FFE7FFE744F21041CD
:1091D000C5F60201086820F00700049A526810439F
:1091E0000860FDF7CDF80190FFE744F21040C5F6A6
:1091F0000200006800F0380004994968B0EBC10F24
:109200000ED0FFE7FDF7BCF80199401A41F2893111
:10921000884204D3FFE703208DF81700F0E0E4E76D
:10922000FFE7049800788007002819D5FFE7049825
:10923000C06844F21841C5F60201096801F00F0147
:1092400088420CD2FFE744F21841C5F602010868D3
:1092500020F00F00049AD26810430860FFE7FFE790
:10926000039842F20001C5F20021096801F00F01E4
:10927000884216D2FFE742F20000C5F200200168E2
:1092800021F00F01039A11430160006800F00F0004
:109290000399884204D0FFE701208DF81700AFE062
:1092A000FFE7049800784007002819D5FFE70498E5
:1092B000006944F21841C5F60201096801F0700125
:1092C00088420CD2FFE744F21841C5F60201086853
:1092D00020F07000049A126910430860FFE7FFE76E
:1092E000049800780007002819D5FFE70498406922
:1092F00044F21C41C5F60201096801F07001884280
:109300000CD2FFE744F21C41C5F60201086820F0C8
:109310007000049A526910430860FFE7FFE7049861
:109320000078C006002819D5FFE70498806944F248
:109330001C41C5F60201096801F4E06188420CD2C3
:10934000FFE744F21C41C5F60201086820F4E06022
:10935000049A926910430860FFE7FFE704980078D9
:109360008006002819D5FFE70498C06944F220411F
:10937000C5F60201096801F0700188420CD2FFE7CE
:1093800044F22041C5F60201086820F07000049AFA
:10939000D26910430860FFE7FFE700F0D9F844F214
:1093A0001842C5F602021168C1F3032340F2485186
:1093B000C0F60201CB5C03F01F03D8400090009878
:1093C000126802F00F02895C01F01F01C8404BF6E1
:1093D0009841C2F20041086000984BF69441C2F2F5
:1093E000004108604BF65060C2F200400068FDF793
:1093F0002BF88DF80B009DF80B008DF81700FFE798
:109400009DF8170006B080BD44F20041C5F6020188
:10941000086840F400200860704700000000000069
:1094200082B00190009101993F20086044F2104001
:10943000C5F60200006800F007000199486044F298
:109440001840C5F60200016801F47061019A91604C
:10945000016801F00F01019AD160006800F070000E
:109460000199086144F21C40C5F60200016801F050
:109470007001019A5161006800F4E060019988610F
:1094800044F22040C5F60200006800F07000019927
:10949000C86142F20000C5F20020006800F00F0031
:1094A0000099086002B0704780B582B000F050F8B3
:1094B00044F21842C5F602021168C1F3032340F2D8
:1094C0004851C0F60201CB5C03F01F03D840019065
:1094D0000198126802F00F02895C01F01F0120FA66
:1094E00001F14BF69840C2F20040016001994BF641
:1094F0009442C2F200421160006802B080BD0000D8
:1095000080B5FFF7D1FF44F21C41C5F6020109689E
:10951000C1F3021240F24851C0F60201895C01F029
:109520001F01C84080BD000080B5FFF7BDFF44F2B9
:109530001C41C5F602010968C1F3022240F24851FC
:10954000C0F60201895C01F01F01C84080BD000027
:109550008AB044F21040C5F60200006800F03800FE
:1095600001460191182800F269810199DFE811F0A4
:109570001900660166016601660166016601660101
:109580003A006601660166016601660166016601D0
:1095900040006601660166016601660166016601BA
:1095A000460044F20040C5F60200006800F02001C9
:1095B0000020B0EB511F0ED0FFE744F20040C5F68B
:1095C00002000068C0F3C10149F20000C0F2D030CF
:1095D000C840029005E049F20000C0F2D03002908D
:1095E000FFE731E140F60010C0F23D0002902BE1B0
:1095F00042F20040C0F2F400029025E144F228401B
:10960000C5F60200016801F0030108910068C0F38B
:109610000510079044F22C40C5F60200006800F0E7
:1096200001000690069844F23441C5F6020109682B
:1096300089B2C908484300EE100AB8EE400A8DED21
:10964000040A0798002800F0F580FFE708980090CA
:1096500048B1FFE70098012869D0FFE70098022889
:1096600000F08980ABE044F20040C5F602000068DB
:1096700000F020010020B0EB511F33D0FFE744F28F
:109680000040C5F602000068C0F3C10149F20000C5
:10969000C0F2D030C84005909DED050AB8EE400AF2
:1096A0009DED071AB8EE411A80EE010A44F23040EF
:1096B000C5F6020000686FF35F2001EE100AB8EEF5
:1096C000411A9DED042A9FED633A82EE032A31EEA2
:1096D000021AB7EE002A31EE021A20EE010A8DEDD1
:1096E000030A23E09DED070AB8EE401A9FED5B0ADE
:1096F00080EE010A44F23040C5F6020000686FF3C4
:109700005F2001EE100AB8EE411A9DED042A9FED8C
:10971000513A82EE032A31EE021AB7EE002A31EEF8
:10972000021A20EE010A8DED030AFFE76BE09DEDC2
:10973000070AB8EE401A9FED480A80EE010A44F28B
:109740003040C5F6020000686FF35F2001EE100A9A
:10975000B8EE411A9DED042A9FED3E3A82EE032AAF
:1097600031EE021AB7EE002A31EE021A20EE010A9B
:109770008DED030A47E09DED070AB8EE401A9FED14
:10978000340A80EE010A44F23040C5F60200006857
:109790006FF35F2001EE100AB8EE411A9DED042A26
:1097A0009FED2C3A82EE032A31EE021AB7EE002A20
:1097B00031EE021A20EE010A8DED030A23E09DED41
:1097C000070AB8EE401A9FED240A80EE010A44F21F
:1097D0003040C5F6020000686FF35F2001EE100A0A
:1097E000B8EE411A9DED042A9FED1A3A82EE032A43
:1097F00031EE021AB7EE002A31EE021A20EE010A0B
:109800008DED030AFFE744F23040C5F60200006820
:1098100081B2012000EB512009909DED030A9DEDDE
:10982000091AB8EE411A80EE010ABCEEC00A8DEDAD
:10983000020A02E000200290FFE705E040F6001077
:10984000C0F23D000290FFE702980AB0704700BFE7
:109850000024744B000000460024744A0024744C19
:1098600080B544F26440C5F6020000684005002857
:109870000AD5FFE7FFF778FB44F26841C5F602011D
:109880004FF480600860FFE780BD0000000000002A
:1098900080B58CB00A900A9828B9FFE701208DF8AE
:1098A0002F0000F001BD0A980078C007002800F0E2
:1098B000B980FFE744F21040C5F60200006800F0EE
:1098C0003800069044F22840C5F602000068059072
:1098D000069810280AD0FFE7069818281CD1FFE741
:1098E000059800F00300022816D1FFE744F200407B
:1098F000C5F60200006800F400310020B0EB514FC3
:1099000009D0FFE70A98406828B9FFE701208DF8E1
:109910002F0000F0C9BC84E0FFE70A984068B0F56A
:10992000803F09D1FFE744F20041C5F60201086813
:1099300040F48030086032E00A98406868B9FFE778
:1099400044F20041C5F60201086820F48030086046
:10995000086820F48020086020E00A984068B0F58C
:10996000A02F0DD1FFE744F20041C5F602010868BF
:1099700040F480200860086840F4803008600CE003
:1099800044F20041C5F60201086820F48030086006
:10999000086820F480200860FFE7FFE7FFE7FFE7A3
:1099A0000A984068F0B1FFE7FCF7EAFC0990FFE78E
:1099B00044F20040C5F60200006800F400310020C7
:1099C000B0EB514F0DD1FFE7FCF7DAFC0999401AD3
:1099D000652805D3FFE703208DF82F0000F064BC55
:1099E000E6E71DE0FCF7CCFC0990FFE744F20040FD
:1099F000C5F60200006800F400310020B0EB514FC2
:109A00000DD0FFE7FCF7BCFC0999401A652805D387
:109A1000FFE703208DF82F0000F046BCE6E7FFE7E4
:109A2000FFE7FFE70A9800788007002840F1C5802B
:109A3000FFE744F21040C5F60200006800F038006D
:109A4000049044F22840C5F6020000680390049890
:109A500050B1FFE70498182850D1FFE79DF80C009B
:109A6000800700284AD1FFE744F20040C5F6020013
:109A7000006800F004010020B0EB910F09D0FFE76F
:109A80000A98C06828B9FFE701208DF82F0000F080
:109A90000BBC44F20041C5F60201086820F0190031
:109AA0000A9AD26810430860FCF76AFC0990FFE745
:109AB00044F20040C5F60200006800F004010020F6
:109AC000B0EB910F0CD1FFE7FCF75AFC0999401A53
:109AD000032804D3FFE703208DF82F00E4E3E7E732
:109AE00044F20441C5F60201086820F0FE400A9ADB
:109AF000126940EA02600860FFE75DE00A98C0680A
:109B0000A0B3FFE744F20041C5F60201086820F067
:109B100019000A9AD26810430860FCF731FC0990DA
:109B2000FFE744F20040C5F60200006800F00401BF
:109B30000020B0EB910F0CD1FFE7FCF721FC099955
:109B4000401A032804D3FFE703208DF82F00ABE36E
:109B5000E7E744F20441C5F60201086820F0FE4040
:109B60000A9A126940EA0260086024E044F2004167
:109B7000C5F60201086820F001000860FCF700FC4F
:109B80000990FFE744F20040C5F60200006800F0CB
:109B900004010020B0EB910F0CD0FFE7FCF7F0FBC5
:109BA0000999401A032804D3FFE703208DF82F00FA
:109BB0007AE3E7E7FFE7FFE7FFE70A980078C006E8
:109BC000002840F1A080FFE744F21040C5F60200F3
:109BD000006800F03800029044F22840C5F6020008
:109BE00000680190029808280AD0FFE70298182818
:109BF0002BD1FFE7019800F00300012825D1FFE7F2
:109C000044F20040C5F60200006800F480710020B4
:109C1000B0EB112F09D0FFE70A98C069802804D063
:109C2000FFE701208DF82F003EE3FFE744F20C41EF
:109C3000C5F60201086820F07C500A9A126A40EAD0
:109C400002600860FFE7FFE75CE00A98C06998B32C
:109C5000FFE744F20041C5F60201086840F08000C9
:109C60000860FCF78DFB0990FFE744F20040C5F661
:109C70000200006800F480710020B0EB112F0CD1BD
:109C8000FFE7FCF77DFB0999401A032804D3FFE79F
:109C900003208DF82F0007E3E7E7FFE744F20C41CC
:109CA000C5F60201086820F07C500A9A126A40EA60
:109CB00002600860FFE724E044F20041C5F60201BB
:109CC000086820F080000860FCF75AFB0990FFE765
:109CD00044F20040C5F60200006800F480710020E4
:109CE000B0EB112F0CD0FFE7FCF74AFB0999401AA3
:109CF000032804D3FFE703208DF82F00D4E2E7E721
:109D0000FFE7FFE7FFE70A980078000700284FD534
:109D1000FFE70A98406928B3FFE744F27441C5F6AB
:109D20000201086840F001000860FCF729FB099077
:109D3000FFE744F27440C5F60200006800F002013B
:109D40000020B0EB510F0CD1FFE7FCF719FB09998C
:109D5000401A032804D3FFE703208DF82F00A3E265
:109D6000E7E724E044F27441C5F60201086820F0F8
:109D700001000860FCF704FB0990FFE744F274401F
:109D8000C5F60200006800F002010020B0EB510FA0
:109D90000CD0FFE7FCF7F4FA0999401A032804D322
:109DA000FFE703208DF82F007EE2E7E7FFE7FFE7FC
:109DB0000A980078800600284FD5FFE70A98806946
:109DC00028B3FFE744F20041C5F60201086840F4F9
:109DD00080500860FCF7D4FA0990FFE744F2004095
:109DE000C5F60200006800F400510020B0EB513FBE
:109DF0000CD1FFE7FCF7C4FA0999401A032804D3F1
:109E0000FFE703208DF82F004EE2E7E724E044F25D
:109E10000041C5F60201086820F480500860FCF794
:109E2000AFFA0990FFE744F20040C5F6020000686F
:109E300000F400510020B0EB513F0CD0FFE7FCF7DD
:109E40009FFA0999401A032804D3FFE703208DF8ED
:109E50002F0029E2E7E7FFE7FFE70A9800784007CD
:109E6000002840F1A780FFE744F60001C5F6020193
:109E7000086840F480700860FCF782FA0990FFE7F8
:109E800044F60000C5F602000068C00500280CD4A6
:109E9000FFE7FCF775FA0999401A652804D3FFE734
:109EA00003208DF82F00FFE1EAE7FFE70A988068BA
:109EB000012809D1FFE744F27041C5F602010868A4
:109EC00040F00100086031E00A98806868B9FFE757
:109ED00044F27041C5F60201086820F001000860F4
:109EE000086820F0040008601FE00A9880680528D0
:109EF0000DD1FFE744F27041C5F60201086840F059
:109F000004000860086840F0010008600CE044F2BA
:109F10007041C5F60201086820F001000860086879
:109F200020F004000860FFE7FFE7FFE7FFE70A987B
:109F30008068F8B1FFE7FCF723FA0990FFE744F2E5
:109F40007040C5F60200006800F002010020B0EB8E
:109F5000510F0ED1FFE7FCF713FA0999401A41F2AD
:109F60008931884204D3FFE703208DF82F009BE15D
:109F7000E5E71EE0FCF704FA0990FFE744F27040C1
:109F8000C5F60200006800F002010020B0EB510F9E
:109F90000ED0FFE7FCF7F4F90999401A41F2893134
:109FA000884204D3FFE703208DF82F007CE1E5E72A
:109FB000FFE7FFE70A98406A002800F07181FFE799
:109FC00044F21040C5F60200006800F0380018287E
:109FD00000F0E080FFE70A98406A022840F0B48071
:109FE000FFE744F20041C5F60201086820F08070E6
:109FF0000860FCF7C5F90990FFE744F20040C5F698
:10A000000200006800F000710020B0EB516F0CD02E
:10A01000FFE7FCF7B5F90999401A032804D3FFE7D5
:10A0200003208DF82F003FE1E7E7FFE744F22841E6
:10A03000C5F60201086840F2F33290430A9B9A6A1F
:10A04000DB6A42EA0312104308600A99086BD1F8F0
:10A0500034C08B6BCA6B01386FF35F204FF6006121
:10A06000CFF6FF7101EB4C2189B208440021CFF6F5
:10A07000FF7101EB034101F4FE0108444FF07F4101
:10A0800001EB026101F0FE41084444F23041C5F6A3
:10A0900002010860FFE744F22C41C5F6020100917D
:10A0A000086820F00100086044F23442C5F602025C
:10A0B00010684FF6F87398430A9B9B6C40EAC30004
:10A0C0001060086820F00C000A9A126C10430860B7
:10A0D000086820F002000A9A526C10430860086871
:10A0E00040F480300860086840F400300860086878
:10A0F00040F480200860086840F00100086044F2E5
:10A100000041C5F60201086840F080700860FCF765
:10A1100037F90990FFE744F20040C5F602000068F5
:10A1200000F000710020B0EB516F0CD1FFE7FCF79D
:10A1300027F90999401A032804D3FFE703208DF873
:10A140002F00B1E0E7E724E044F20041C5F6020148
:10A15000086820F080700860FCF712F90990FFE7AA
:10A1600044F20040C5F60200006800F000710020D3
:10A17000B0EB516F0CD0FFE7FCF702F90999401AD8
:10A18000032804D3FFE703208DF82F008CE0E7E7D6
:10A19000FFE784E044F22840C5F60200006808901A
:10A1A00044F23040C5F60200006807900A98406A01
:10A1B000012837D0FFE7089800F003000A99896A60
:10A1C00088422FD1FFE7089800F47C710A98C06A92
:10A1D000B0EB111F26D1FFE707986FF35F200A99B4
:10A1E000096B013988421DD1FFE7BDF81C100A98A0
:10A1F000406B0138B0EB512F14D1FFE7079800F402
:10A20000FE010A98806B0138B0EB114F0AD1FFE7CD
:10A21000079800F0FE410A98C06B0138B0EB116F4F
:10A2200004D0FFE701208DF82F003DE044F23440D8
:10A23000C5F60200006880B2C00808900A98806CD9
:10A240000899884229D0FFE744F22C41C5F6020163
:10A25000086820F001000860FCF792F80990FFE719
:10A26000FCF78EF80999401A08B9FFE7F8E744F2BD
:10A270003441C5F6020108684FF6F87290430A9A15
:10A28000926C40EAC200086044F22C41C5F602011B
:10A29000086840F001000860FFE7FFE7FFE7FFE71D
:10A2A00000208DF82F00FFE79DF82F000CB080BD37
:10A2B00080B584B00290029820B9FFE701208DF8A4
:10A2C0000F00A0E00298407A38B9FFE70299002019
:10A2D0000872029800F09CF8FFE702990220487289
:10A2E00002980168086820F004000860029800687D
:10A2F000006820F02002029801684068104340F096
:10A30000804008600298016840F6BC20C1F2597094
:10A3100008610298016847F2742008610298016898
:10A32000086820F080400860FCF72AF80190FFE7F9
:10A330000298006800684000002819D5FFE7FCF784
:10A340001FF80199401A032811D3FFE7029800680B
:10A3500000684000002809D5FFE7029901204872F3
:10A36000029A0221D1608DF80F004CE0FFE7DFE791
:10A3700002980168086840F00400086002980068CC
:10A38000406800F040010020B0EB911F07D0FFE7CC
:10A3900002990420487201208DF80F0033E0FBF78A
:10A3A000EFFF0190FFE702980068406800F00401A9
:10A3B0000020B0EB910F1DD0FFE7FBF7E1FF019903
:10A3C000401A032815D3FFE702980068406800F0A0
:10A3D00004010020B0EB910F0AD0FFE7029904209E
:10A3E000487202990220C86001208DF80F000AE02F
:10A3F000FFE7D8E702990120487202990020C8605F
:10A400008DF80F00FFE79DF80F0004B080BD00003D
:10A4100080B5B2B0319002A8B821F6F70FF83198A4
:10A42000006841F60001C4F6020188421ED1FFE730
:10A43000002003904FF400310291219002A8FDF713
:10A440009BFD18B1FFE7F6F74BFFFFE7FFE744F28C
:10A45000DC40C5F60200016841F04001016000687F
:10A4600000F0400001900198FFE7FFE732B080BDA7
:10A4700081B0009001B0704780B588B00790079810
:10A480000068006906900798006840690590069882
:10A4900005990840049007980068806803900020A0
:10A4A0000290079890F881008DF8070007980068DF
:10A4B000303000909DF815000007002810D5FFE708
:10A4C0009DF81800000700280AD5FFE707980168E3
:10A4D000886940F400608861079800F081FB91E191
:10A4E0009DF810004006002815D4FFE79DF81000E5
:10A4F000800600280FD4FFE79DF8100040070028D1
:10A5000009D5FFE70798416F88470798016F88478B
:10A5100001200290FFE79DF810004006002811D4AA
:10A52000FFE79DF81000C00760B1FFE79DF810003D
:10A530004007002806D4FFE70798016F88470120ED
:10A540000290FFE79DF810008006002812D4FFE774
:10A550009DF81000800700280CD5FFE79DF810003B
:10A560004007002806D4FFE70798416F884701207D
:10A570000290FFE7029808B1FFE743E19DF8100061
:10A580000007002840F18980FFE707980168886983
:10A5900040F00800886107980168886940F0100061
:10A5A000886107980168886940F4006088610798AD
:10A5B0000168086920F00800086107980068806851
:10A5C00010F4404F3AD1FFE7FFE70798B0F86A0070
:10A5D00098B3FFE70798C06810280BD3FFE70798E8
:10A5E0000068006B0799496E08600799486E04304F
:10A5F00048661BE00798C06808280AD3FFE7009860
:10A6000000880799496E08800799486E02304866AD
:10A610000BE00798006890F830000799496E0870C1
:10A620000799486E01304866FFE7FFE70799B1F8E0
:10A630006A000138A1F86A00C7E7FFE7079803F04E
:10A640005BFE0799012081F881000798D0F884000B
:10A6500020B1FFE70798FFF70BFFD3E09DF8070055
:10A66000052804D1FFE7079800F0C2FA14E09DF82E
:10A670000700042804D1FFE7079800F0ADFA0AE0CC
:10A680009DF80700032804D1FFE7079800F0ACFA13
:10A6900000E0FFE7FFE7FFE7B4E0BDF8100010F4CB
:10A6A000587F00F0AF80FFE79DF8100040060028BB
:10A6B0000ED5FFE70799D1F8840040F00400C1F8F7
:10A6C000840007980168886940F040008861FFE7CE
:10A6D0009DF81100800700280ED5FFE70799D1F8F3
:10A6E000840040F00100C1F884000798016888697F
:10A6F00040F400708861FFE79DF81100C00770B159
:10A70000FFE70799D1F8840040F00800C1F8840001
:10A7100007980168886940F480708861FFE79DF8B8
:10A720001000800600280ED5FFE70799D1F88400B5
:10A7300040F08000C1F8840007980168886940F003
:10A7400020008861FFE70798D0F88400002858D0DF
:10A75000FFE707980168086820F001000860079883
:10A760000168086940F26B3290430861039800F475
:10A770004040B0F5404F3BD1FFE70798016888683B
:10A7800020F4404088600798C06FB0B1FFE7079899
:10A79000C16F4EF21140C0F6000008650798C06F07
:10A7A000F7F796FC40B1FFE70799D1F8840040F035
:10A7B0004000C1F88400FFE7FFE70798806FB0B161
:10A7C000FFE70798816F4EF21140C0F60000086560
:10A7D0000798806FF7F77CFC40B1FFE70799D1F845
:10A7E000840040F04000C1F88400FFE7FFE707E085
:10A7F0000799012081F881000798FFF739FEFFE7EC
:10A80000FFE7FFE708B080BD80B586B004900498EC
:10A8100020B9FFE701208DF817003AE10498406A5B
:10A8200008B9FFE7FFE704990020886204980068F0
:10A8300043F20001C4F2010188421BD0FFE70498F3
:10A84000006843F60001C4F20001884212D0FFE71D
:10A850000498006843F60041C4F20001884209D020
:10A86000FFE70498C068102804D3FFE701208DF8A3
:10A8700017000EE1049803F0E3FD029004980068CD
:10A8800043F20001C4F20101884216D0FFE70498A8
:10A89000006843F60001C4F2000188420DD0FFE7D2
:10A8A0000498006843F60041C4F20001884204D0D5
:10A8B000FFE7029808281FD8FFE70498006843F2D2
:10A8C0000001C4F20101884212D0FFE70498006839
:10A8D00043F60001C4F20001884209D0FFE7049862
:10A8E000006843F60041C4F20001884208D1FFE746
:10A8F0000298112804D3FFE701208DF81700C8E063
:10A90000049890F8810040B9FFE70499002081F88D
:10A910008000049800F0C4F8FFE70499022081F851
:10A92000810004980168086820F00100086004981C
:10A930000068806800F4F810039004988069B0F112
:10A94000806F1BD1FFE704984068B0F5800F04D1F9
:10A95000FFE70498806B50B1FFE70498406868B93E
:10A96000FFE70498806BB0F1805F07D1FFE70498A0
:10A970000168086840F480500860FFE70498807917
:10A980004006002810D5FFE70498C06807280BD3BD
:10A99000FFE704980068006820F48070049A11684A
:10A9A000126D1043086006E004980168086820F4FE
:10A9B00080700860FFE7049B1968DA68D869D3F8EB
:10A9C00028C040EA0C00DDF80CC040EA0C00DB6B4C
:10A9D000184310438860049A0192506B516A0843EF
:10A9E000916B0843916908431168D2F804C09368D9
:10A9F000D2F810E040EA0E00D2F814E040EA0E006F
:10AA0000D2F820E040EA0E0040EA0C00D2F84CC038
:10AA100040EA0C001843936C1843926D1043C860D1
:10AA20000498406898B9FFE704980068806801219D
:10AA300061F3CC20049909688860049800688068F4
:10AA4000022161F34A20049909688860FFE70498AD
:10AA50000168086D20F001000865049880794006BF
:10AA600000280BD5FFE704980068C06820F000407C
:10AA7000049A1168526D1043C860FFE704990020E2
:10AA8000C1F88400049A012182F881108DF8170022
:10AA9000FFE79DF8170006B080BD00000000000031
:10AAA00080B590B00F9000200E900D900C900B9000
:10AAB0000A900F98006843F20001C4F20101884235
:10AAC00040F08680FFE7FFE744F2F040C5F6020061
:10AAD000016841F480510160006800F480500990E1
:10AAE0000998FFE7FFE744F2E040C5F6020001687D
:10AAF00041F001010160006800F001000890089831
:10AB0000FFE7FFE744F2E040C5F60200016841F0CC
:10AB100008010160006800F0080007900798FFE74F
:10AB200020200A90022002900B90002005900C90AB
:10AB30000D90052003900E900020C5F602000AA992
:10AB40000491FBF731FA029B03980499059A4FF0A0
:10AB5000800CCDF828C00B930C920D920E9040F60D
:10AB60000040C5F60200FBF71FFA05994DF630507C
:10AB7000C2F20040069040F24042C4F2020202607B
:10AB80002622426040228260C1604FF480620261EE
:10AB900041618161C16101624162F8F7D9FE18B17A
:10ABA000FFE7F6F79DFBFFE7FFE70F984DF6305103
:10ABB000C2F2004181670F988863FFE7232001906C
:10ABC00005210022FBF7CCFC0198FBF7BDFCFFE759
:10ABD00010B080BD0000000081B0009001B070474F
:10ABE00081B0009001B0704781B0009001B0704713
:10ABF00081B0009001B0704781B0009001B0704703
:10AC000081B0009001B0704781B0009001B07047F2
:10AC100085B003900291FFE7039890F83C0001286B
:10AC200004D1FFE702208DF81300ABE00399012067
:10AC300081F83C00FFE7FFE70399022081F83D001F
:10AC4000039800684068019003980068806800904D
:10AC5000039800680021C4F20101884209D0FFE78F
:10AC60000398006840F20041C4F2010188420AD111
:10AC7000FFE7019820F47000019002984168019864
:10AC800008430190FFE7019820F0700001900298BE
:10AC90000168019808430190019803990968486088
:10ACA000039800680021C4F2010188424ED0FFE7FA
:10ACB00003980068B0F1804F48D0FFE70398006820
:10ACC00040F20041C4F2000188423FD0FFE7039800
:10ACD000006840F60001C4F20001884236D0FFE768
:10ACE0000398006840F60041C4F2000188422DD06C
:10ACF000FFE70398006840F20041C4F20101884276
:10AD000024D0FFE70398006841F60001C4F2000177
:10AD100088421BD0FFE70398006844F20001C4F2A8
:10AD20000101884212D0FFE7039800684EF200014B
:10AD3000C4F20001884209D0FFE7039800684EF290
:10AD40000041C4F2000188420ED1FFE7009820F0D4
:10AD50008000009002988168009808430090009855
:10AD6000039909688860FFE70399012081F83D0095
:10AD7000FFE70399002081F83C00FFE700208DF8F1
:10AD80001300FFE79DF8130005B0704700000000B6
:10AD900080B582B00090009820B9FFE701208DF8BF
:10ADA000070045E0009890F83D0040B9FFE70099A2
:10ADB000002081F83C00009800F03EF8FFE7009981
:10ADC000022081F83D00009951F8040B03F0C4FC07
:10ADD0000099012081F84800FFE70099012081F8DF
:10ADE0003E00009981F83F00009981F840000099E9
:10ADF00081F84100009981F84200009981F84300F0
:10AE0000FFE7FFE70099012081F84400009981F8ED
:10AE10004500009981F84600009981F84700FFE756
:10AE20000099012081F83D0000208DF80700FFE720
:10AE30009DF8070002B080BD80B584B003900398F0
:10AE40000068B0F1804F19D1FFE7FFE744F2E84016
:10AE5000C5F60200016841F001010160006800F0E0
:10AE6000010002900298FFE71C20019005210022BA
:10AE7000FBF776FB0198FBF767FBFFE704B080BDAB
:10AE800083B00190019890F83D00012804D0FFE7BD
:10AE900001208DF80B0083E00199022081F83D002C
:10AEA00001980168C86840F00100C8600198006816
:10AEB0000021C4F2010188424ED0FFE701980068EA
:10AEC000B0F1804F48D0FFE70198006840F20041A0
:10AED000C4F2000188423FD0FFE70198006840F6C5
:10AEE0000001C4F20001884236D0FFE701980068F3
:10AEF00040F60041C4F2000188422DD0FFE70198DE
:10AF0000006840F20041C4F20101884224D0FFE70A
:10AF10000198006841F60001C4F2000188421BD08C
:10AF2000FFE70198006844F20001C4F20101884281
:10AF300012D0FFE7019800684EF20001C4F2000150
:10AF4000884209D0FFE7019800684EF20041C4F240
:10AF50000001884219D1FFE7019800688068072145
:10AF6000C0F2010108400090009806280CD0FFE7CD
:10AF70000098B0F5803F07D0FFE7019801680868A6
:10AF800040F001000860FFE706E0019801680868EA
:10AF900040F001000860FFE700208DF80B00FFE79C
:10AFA0009DF80B0003B0704780B586B00490039104
:10AFB00000208DF80B00FFE7049890F83C00012872
:10AFC00004D1FFE702208DF81700D1E00499012099
:10AFD00081F83C00FFE7FFE70499022081F83D007B
:10AFE000049800688068019001984FF68871CFF648
:10AFF000CE7108400190019820F47F4001900198A3
:10B00000049909688860039800680090002800F09F
:10B010009580FFE70098102800F09080FFE70098E7
:10B02000202800F08B80FFE70098302800F0868011
:10B03000FFE70098402874D0FFE70098502856D0CA
:10B04000FFE7009860285FD0FFE7009870282AD0BB
:10B05000FFE70098B0F5805F24D0FFE70098B0F5D7
:10B06000005F35D0FFE70098B0F5801F66D0FFE79E
:10B070000098B0F1101F61D0FFE700982021C0F2C6
:10B08000100188425AD0FFE700983021C0F2100129
:10B09000884253D0FFE700984021C0F21001884257
:10B0A0004CD052E055E004980068039B5A689968B8
:10B0B000DB6803F039FC049800688068019001980F
:10B0C00040F077000190019804990968886040E099
:10B0D00004980068039B5A689968DB6803F024FCB5
:10B0E00004980168886840F48040886031E00498E2
:10B0F0000068039A5168D26803F0A6FF04980068BC
:10B10000502103F02DFC24E004980068039A516854
:10B11000D26803F0C1FF04980068602103F020FCAE
:10B1200017E004980068039A5168D26803F08CFF16
:10B1300004980068402103F013FC0AE004980068BA
:10B140000399096803F00CFC03E001208DF80B0063
:10B15000FFE70499012081F83D00FFE704990020F2
:10B1600081F83C00FFE79DF80B008DF81700FFE722
:10B170009DF8170006B080BD81B0009001B0704707
:10B1800080B584B0039003980068C068029003986B
:10B190000068006901909DF804008007002824D50C
:10B1A000FFE79DF80800800700281DD5FFE70398FA
:10B1B00001686FF002000861039901200877039885
:10B1C00000688069800720B1FFE70398FFF7D4FF8C
:10B1D00006E0039800F030F9039800F07DFAFFE7ED
:10B1E000039900200877FFE7FFE79DF80400400778
:10B1F000002825D5FFE79DF80800400700281ED548
:10B20000FFE7039801686FF00400086103990220CA
:10B21000087703980068806910F4407F04D0FFE746
:10B220000398FFF7A9FF06E0039800F005F90398DB
:10B2300000F052FAFFE7039900200877FFE7FFE7E5
:10B240009DF804000007002824D5FFE79DF80800BA
:10B25000000700281DD5FFE7039801686FF008007C
:10B26000086103990420087703980068C069800783
:10B2700020B1FFE70398FFF77FFF06E0039800F097
:10B28000DBF8039800F028FAFFE70399002008771D
:10B29000FFE7FFE79DF80400C006002825D5FFE77B
:10B2A0009DF80800C00600281ED5FFE70398016836
:10B2B0006FF0100008610399082008770398006870
:10B2C000C06910F4407F04D0FFE70398FFF754FFF4
:10B2D00006E0039800F0B0F8039800F0FDF9FFE7EE
:10B2E000039900200877FFE7FFE79DF80400C007F7
:10B2F00078B1FFE79DF80800C00748B1FFE7039861
:10B3000001686FF001000861039800F0E9F9FFE7B8
:10B31000FFE7019800F08000802806D0FFE79DF845
:10B3200005008006002810D5FFE79DF808000006FC
:10B33000002809D5FFE7039801686FF402500861FF
:10B340000398FFF75DFCFFE7FFE79DF80500C007E6
:10B3500080B1FFE79DF808000006002809D5FFE747
:10B36000039801686FF4807008610398FFF744FC4C
:10B37000FFE7FFE79DF804004006002810D5FFE72F
:10B380009DF808004006002809D5FFE703980168EA
:10B390006FF040000861039800F0C2F9FFE7FFE793
:10B3A0009DF804008006002810D5FFE79DF80800EE
:10B3B0008006002809D5FFE7039801686FF0200098
:10B3C00008610398FFF720FCFFE7FFE704B080BDAA
:10B3D00080B588B0079000200690059004900390F7
:10B3E00002900798006840F20041C4F200018842D0
:10B3F0001ED1FFE7FFE744F2E040C5F60200016816
:10B4000041F001010160006800F001000190019825
:10B41000FFE7C020029002200390002104910591D3
:10B4200006900020C5F6020002A9FAF7BDFDFFE76D
:10B4300008B080BD0000000081B0009001B07047EE
:10B4400080B586B004900391029200208DF8070029
:10B45000FFE7049890F83C00012804D1FFE70220A0
:10B460008DF81700C0E00499012081F83C00FFE747
:10B47000FFE702980090142800F2A7800099DFE807
:10B4800001F00BA4A4A424A4A4A43EA4A4A457A49F
:10B49000A4A471A4A4A48A0004980068039903F0EA
:10B4A00077FA04980168886940F008008861049878
:10B4B0000168886920F00400886103980269049893
:10B4C000016888691043886183E0049800680399E3
:10B4D00003F006FB04980168886940F40060886105
:10B4E00004980168886920F4806088610398026983
:10B4F00004980168886940EA0220886169E004983C
:10B500000068039903F0A4FB04980168C86940F03F
:10B510000800C86104980168C86920F00400C86187
:10B520000398026904980168C8691043C86150E033
:10B5300004980068039903F043FC04980168C86903
:10B5400040F40060C86104980168C86920F4806014
:10B55000C8610398026904980168C86940EA02203A
:10B56000C86136E004980068039903F099FC0498D8
:10B570000168486D40F00800486504980168486D0E
:10B5800020F0040048650398026904980168486D3A
:10B59000104348651DE004980068039903F0E8FC37
:10B5A00004980168486D40F400604865049801689B
:10B5B000486D20F48060486503980269049801682A
:10B5C000486D40EA0220486503E001208DF807003D
:10B5D000FFE7FFE70499002081F83C00FFE79DF8B2
:10B5E00007008DF81700FFE79DF8170006B080BD33
:10B5F00080B582B00090009820B9FFE701208DF857
:10B60000070045E0009890F83D0040B9FFE7009939
:10B61000002081F83C00009800F03EF8FFE7009918
:10B62000022081F83D00009951F8040B03F094F8D2
:10B630000099012081F84800FFE70099012081F876
:10B640003E00009981F83F00009981F84000009980
:10B6500081F84100009981F84200009981F8430087
:10B66000FFE7FFE70099012081F84400009981F885
:10B670004500009981F84600009981F84700FFE7EE
:10B680000099012081F83D0000208DF80700FFE7B8
:10B690009DF8070002B080BD82B00190019800685B
:10B6A00040F20041C4F20001884210D1FFE7FFE7F9
:10B6B00044F2E840C5F60200016841F00201016071
:10B6C000006800F0020000900098FFE7FFE702B07A
:10B6D000704700000000000081B0009001B070478A
:10B6E00080B582B00190019800680021C4F2010188
:10B6F000884203D1FFE7FAF757FEFFE70198006899
:10B70000B0F1804F08D1FFE740F24051C2F2014151
:10B71000486801304860FFE702B080BD00000000CB
:10B7200081B0009001B0704783B00190FFE70198AD
:10B7300090F88400012804D1FFE702208DF80B0067
:10B740002CE00199012081F88400FFE7FFE70199CF
:10B750002420C1F8880001980068006800900198D2
:10B760000168086820F001000860009820F000508F
:10B7700000900199002048660098019909680860C6
:10B7800001992020C1F88800FFE70199002081F885
:10B790008400FFE700208DF80B00FFE79DF80B0009
:10B7A00003B070470000000082B00190ADF80210B5
:10B7B00002B070470000000081B0009001B07047F7
:10B7C00080B584B002900191FFE7029890F8840060
:10B7D000012804D1FFE702208DF80F0032E0029922
:10B7E000012081F88400FFE7FFE702992420C1F8D7
:10B7F0008800029800680068009002980168086854
:10B8000020F00100086002980068806820F0606005
:10B8100001990843029909688860029803F088FC3E
:10B82000009802990968086002992020C1F88800F0
:10B83000FFE70299002081F88400FFE700208DF8DF
:10B840000F00FFE79DF80F0004B080BD000000006E
:10B8500080B584B002900191FFE7029890F88400CF
:10B86000012804D1FFE702208DF80F0032E0029991
:10B87000012081F88400FFE7FFE702992420C1F846
:10B8800088000298006800680090029801680868C3
:10B8900020F00100086002980068806820F0604095
:10B8A00001990843029909688860029803F040FCF6
:10B8B000009802990968086002992020C1F8880060
:10B8C000FFE70299002081F88400FFE700208DF84F
:10B8D0000F00FFE79DF80F0004B080BD00000000DE
:10B8E00081B0009001B0704781B0009001B0704706
:10B8F00080B586B00490FFE7FFE70498006850E841
:10B90000000F20F490700390FFE7039904980268F9
:10B9100042E800100028F0D1FFE7FFE7FFE7FFE76C
:10B920000498006850E8020F4FF6FE71CEF6FF71E2
:10B9300008400290FFE702990498026842E802106A
:10B940000028EDD1FFE7FFE70498C06E012814D16D
:10B95000FFE7FFE7FFE70498006850E8000F20F0DA
:10B9600010000190FFE701990498026842E8001076
:10B970000028F0D1FFE7FFE7FFE704980068806840
:10B980004006002837D5FFE7FFE7FFE70498006887
:10B9900050E8020F20F040000090FFE70099049863
:10B9A000026842E802100028F0D1FFE7FFE70498A0
:10B9B000D0F88000F0B1FFE70498D0F880100020A4
:10B9C00008650498D0F88000F5F7C6FE88B1FFE757
:10B9D0000498D0F88000F6F7D3FE202808D1FFE7BE
:10B9E00004991020C1F8900003208DF8170019E089
:10B9F000FFE7FFE7FFE704990020A1F85E00049944
:10BA00000A680F21116204990A68916941F00801DE
:10BA10009161049A2021C2F88C100499C8668DF8AF
:10BA20001700FFE79DF8170006B080BD000000007A
:10BA300081B0009001B0704780B592B0119011981C
:10BA40000068C06910901198006800680F90119804
:10BA5000006880680E90109840F60F0108400D9025
:10BA60000D98E0B9FFE79DF840008006002815D545
:10BA7000FFE79DF83C008006002806D4FFE79DF80C
:10BA80003B00C006002809D5FFE71198406F20B1A0
:10BA9000FFE71198416F8847FFE72FE3FFE70D9815
:10BAA000002800F00C81FFE70E980121C1F200018F
:10BAB000084209D1FFE70F9840F22011C0F200417F
:10BAC000084200F0FC80FFE79DF84000C00788B105
:10BAD000FFE79DF83D00C00760B1FFE711980168DE
:10BAE000012008621199D1F8900040F00100C1F8DE
:10BAF0009000FFE79DF840008007002811D5FFE780
:10BB00009DF83800C00760B1FFE711980168022076
:10BB100008621199D1F8900040F00400C1F890003B
:10BB2000FFE79DF840004007002811D5FFE79DF88A
:10BB30003800C00760B1FFE711980168042008626F
:10BB40001199D1F8900040F00200C1F89000FFE791
:10BB50009DF840000007002819D5FFE79DF83C003C
:10BB60008006002807D4FFE70E980121C1F20001EA
:10BB700008420CD0FFE7119801680820086211996B
:10BB8000D1F8900040F00800C1F89000FFE79DF860
:10BB900041000007002813D5FFE79DF83F0040074C
:10BBA00000280DD5FFE7119801684FF40060086286
:10BBB0001199D1F8900040F02000C1F89000FFE703
:10BBC0001198D0F89000002878D0FFE79DF8400049
:10BBD0008006002815D5FFE79DF83C008006002868
:10BBE00006D4FFE79DF83B00C006002809D5FFE713
:10BBF0001198406F20B1FFE71198416F8847FFE728
:10BC0000FFE71198D0F890000C90119800688068B8
:10BC100000F04000402806D0FFE79DF8300010F00B
:10BC2000280F42D0FFE7119803F046FD11980068F5
:10BC300080684006002833D5FFE7FFE7FFE711984B
:10BC4000006850E8020F20F040000B90FFE70B99CE
:10BC50001198026842E802100028F0D1FFE7FFE7E0
:10BC60001198D0F88000B0B1FFE71198D0F880109B
:10BC70004FF24940C0F6000008651198D0F88000E6
:10BC8000F6F726FA30B1FFE71198D0F88000016D81
:10BC90008847FFE703E01198FFF7CAFEFFE703E0DC
:10BCA0001198FFF7C5FEFFE707E01198FFF7C0FE08
:10BCB00011990020C1F89000FFE7FFE71EE21198FC
:10BCC000C06E012840F0BB81FFE79DF84000C00630
:10BCD000002840F1B481FFE79DF83C00C006002831
:10BCE00040F1AD81FFE711980168102008621198BA
:10BCF000006880684006002840F13F81FFE7119806
:10BD0000D0F8800000681021C4F20201884200F0DF
:10BD1000A280FFE71198D0F8800000682821C4F2C3
:10BD20000201884200F09780FFE71198D0F8800068
:10BD300000684021C4F20201884200F08C80FFE7D5
:10BD40001198D0F8800000685821C4F2020188429E
:10BD500000F08180FFE71198D0F880000068702122
:10BD6000C4F20201884276D0FFE71198D0F8800033
:10BD700000688821C4F2020188426CD0FFE7119864
:10BD8000D0F880000068A021C4F20201884262D08D
:10BD9000FFE71198D0F880000068B821C4F20201D2
:10BDA000884258D0FFE71198D0F88000006840F230
:10BDB0001041C4F2020188424DD0FFE71198D0F83B
:10BDC0008000006840F22841C4F20201884242D05B
:10BDD000FFE71198D0F88000006840F24041C4F2BB
:10BDE0000201884237D0FFE71198D0F88000006840
:10BDF00040F25841C4F2020188422CD0FFE711986A
:10BE0000D0F88000006840F27041C4F2020188421C
:10BE100021D0FFE71198D0F88000006840F28841F7
:10BE2000C4F20201884216D0FFE71198D0F88000D2
:10BE3000006840F2A041C4F2020188420BD0FFE743
:10BE40001198D0F88000006840F2B841C4F20201B5
:10BE5000884207D1FFE71198D0F880000068406859
:10BE6000019006E01198D0F88000006840680190C9
:10BE7000FFE70198ADF82A00BDF82A0000287BD022
:10BE8000FFE7BDF82A001199B1F85C10884273DA17
:10BE9000FFE7BDF82A001199A1F85E001198D0F8CB
:10BEA0008000C069B0F5807F59D0FFE7FFE7FFE76A
:10BEB0001198006850E8000F20F480700990FFE7A7
:10BEC00009991198026842E800100028F0D1FFE7B4
:10BED000FFE7FFE7FFE71198006850E8020F20F046
:10BEE00001000890FFE708991198026842E80210E3
:10BEF0000028F0D1FFE7FFE7FFE7FFE711980068B0
:10BF000050E8020F20F040000790FFE707991198D2
:10BF1000026842E802100028F0D1FFE7FFE711991C
:10BF20002020C1F88C0011990020C866FFE7FFE7C8
:10BF30001198006850E8000F20F010000690FFE70D
:10BF400006991198026842E800100028F0D1FFE736
:10BF5000FFE71198D0F88000F5F7FEFBFFE7119995
:10BF6000022008671198B0F85C10B0F85E20891ABA
:10BF700089B2FFF719FCFFE7C0E01199B1F85C0046
:10BF8000B1F85E10401AADF816001198B0F85E00D6
:10BF9000002853D0FFE7BDF8160000284ED0FFE779
:10BFA000FFE7FFE71198006850E8000F20F4907059
:10BFB0000490FFE704991198026842E800100028F5
:10BFC000F0D1FFE7FFE7FFE7FFE71198006850E8CF
:10BFD000020F4FF6FE71CEF6FF7108400390FFE7A7
:10BFE00003991198026842E802100028EDD1FFE79A
:10BFF000FFE711992020C1F88C0011990020C86634
:10C0000011994867FFE7FFE71198006850E8000FB3
:10C0100020F010000290FFE702991198026842E8B0
:10C0200000100028F0D1FFE7FFE711990220086710
:10C030001198BDF81610FFF7B7FBFFE75EE09DF81B
:10C040004200C00600280FD5FFE79DF83A004006E1
:10C05000002809D5FFE7119801684FF480100862A5
:10C060001198FFF741FC49E09DF8400000060028C8
:10C0700015D5FFE79DF83C000006002806D4FFE731
:10C080009DF83A000006002809D5FFE71198806F57
:10C0900020B1FFE71198816F8847FFE72EE09DF8F8
:10C0A0004000400600280AD5FFE79DF83C00400606
:10C0B000002804D5FFE7119803F04EFB1EE09DF821
:10C0C0004200000600280AD5FFE79DF83F00400621
:10C0D000002804D5FFE71198FFF702FC0EE09DF859
:10C0E0004300C00750B1FFE79DF83F00000600285D
:10C0F00004D5FFE71198FFF75FFBFFE712B080BDA3
:10C1000080B582B00090009820B9FFE701208DF83B
:10C11000070046E00098806908B1FFE700E0FFE70C
:10C120000098D0F8880040B9FFE70099002081F816
:10C130008400009800F03CF8FFE700992420C1F843
:10C14000880000980168086820F0010008600098E5
:10C15000806A20B1FFE7009803F02EF8FFE700980F
:10C1600003F04EFB012804D1FFE701208DF8070002
:10C1700017E000980168486820F4904048600098F3
:10C180000168886820F02A008860009801680868C3
:10C1900040F001000860009803F0B2F88DF8070045
:10C1A000FFE79DF8070002B080BD0000000000001E
:10C1B00080B5E2B06190002060905F905E905D90ED
:10C1C0005C902EA8B821F4F739F96198006844F61C
:10C1D0000041C4F20001884240F09B80FFE700204C
:10C1E0002F9002212E914B902EA8FBF7C5FE18B17F
:10C1F000FFE7F5F775F8FFE7FFE744F2E840C5F61B
:10C200000200016841F400210160006800F4002090
:10C210002D902D98FFE7FFE744F2E040C5F60200BD
:10C22000016841F002010160006800F002002C90FA
:10C230002C98FFE74FF440705C9002205D90002046
:10C240001E905E905F900820609040F20040C5F61E
:10C2500002005CA9F9F7A8FE1E994DF6A850C2F29B
:10C2600000401F9040F25842C4F2020202603F2296
:10C2700042608160C1604FF480620261416181610E
:10C280004FF48072C26101624162F7F761FB18B13D
:10C29000FFE7F5F725F8FFE7FFE761984DF6A851AE
:10C2A000C2F20041C0F8801061988863FFE74DF644
:10C2B0002060C2F200401D9040F27041C4F20201C1
:10C2C00001604021416081600021C1604FF48062C3
:10C2D000026141618161C16101624162F7F738FB2E
:10C2E00018B1FFE7F4F7FCFFFFE7FFE761984DF6B1
:10C2F0002061C2F20041C16761988863FFE7342082
:10C300001C9005210022FAF72BF91C98FAF71CF96A
:10C31000E5E36198006841F60001C4F2010188423A
:10C3200040F09A80FFE700202F9001212E914C9041
:10C330002EA8FBF721FE18B1FFE7F4F7D1FFFFE7C6
:10C34000FFE744F2F040C5F60200016841F0400109
:10C350000160006800F040002B902B98FFE7FFE79A
:10C3600044F2E040C5F60200016841F008010160B6
:10C37000006800F008002A902A98FFE74FF4404038
:10C380005C9002205D9000201A905E905F900B20E0
:10C39000609040F60040C5F602005CA9F9F704FE83
:10C3A0001A994DF69860C2F200401B9040F2884204
:10C3B000C4F202020260742242608160C1604FF4E4
:10C3C0008062026141618161C16101624162F7F78E
:10C3D000BFFA18B1FFE7F4F783FFFFE7FFE76198C3
:10C3E0004DF69861C2F20041C0F8801061988863F0
:10C3F000FFE74DF61070C2F20040199040F2A041E4
:10C40000C4F2020101607521416040218160002178
:10C41000C1604FF48062026141618161C16101626A
:10C420004162F7F795FA18B1FFE7F4F759FFFFE714
:10C43000FFE761984DF61071C2F20041C167619843
:10C440008863FFE79B20189005210022FAF788F8FF
:10C450001898FAF779F841E36198006841F2000111
:10C46000C4F20101884240F09980FFE700202F903C
:10C4700001212E914C902EA8FBF77EFD18B1FFE70D
:10C48000F4F72EFFFFE7FFE744F2F040C5F60200A5
:10C49000016841F010010160006800F0100029906F
:10C4A0002998FFE7FFE744F2E040C5F60200016883
:10C4B00041F001010160006800F001002890289817
:10C4C000FFE74FF4C0605C9002205D900020169062
:10C4D0005E905F90072060900020C5F602005CA986
:10C4E000F9F762FD16994EF27800C2F200401790FB
:10C4F0004022C4F202020260292242608160C160CF
:10C500004FF480620261416181614FF48072C261C7
:10C5100001624162F7F71CFA18B1FFE7F4F7E0FE99
:10C52000FFE7FFE761984EF27801C2F20041C0F8E0
:10C53000801061988863FFE74EF2F000C2F200407D
:10C5400015905821C4F2020101602A214160402166
:10C5500081600021C1604FF48062026141618161AC
:10C56000C16101624162F7F7F3F918B1FFE7F4F72F
:10C57000B7FEFFE7FFE761984EF2F001C2F200411B
:10C58000C16761988863FFE7252014900521002288
:10C59000F9F7E6FF1498F9F7D7FF9EE26198006873
:10C5A00044F20041C4F20001884240F09880FFE765
:10C5B00000202F9002212E914B902EA8FBF7DCFC3F
:10C5C00018B1FFE7F4F78CFEFFE7FFE744F2E8401D
:10C5D000C5F60200016841F400310160006800F412
:10C5E000003027902798FFE7FFE744F2E040C5F6C8
:10C5F0000200016841F001010160006800F00100E3
:10C6000026902698FFE70C205C9002205D90002089
:10C6100012905E905F90072060900020C5F60200A7
:10C620005CA9F9F7C1FC12994EF26810C2F2004001
:10C6300013901022C4F2020202602B224260816039
:10C64000C1604FF480620261416181614FF4807288
:10C65000C26101624162F7F77BF918B1FFE7F4F7B5
:10C660003FFEFFE7FFE761984EF26811C2F200411A
:10C67000C0F8801061988863FFE74EF2E010C2F2C4
:10C68000004011902821C4F2020101602C21416078
:10C69000402181600021C1604FF4806202614161EC
:10C6A0008161C16101624162F7F752F918B1FFE798
:10C6B000F4F716FEFFE7FFE761984EF2E011C2F2D1
:10C6C0000041C16761988863FFE72620109005212B
:10C6D0000022F9F745FF1098F9F736FFFCE1619861
:10C6E000006844F60001C4F20001884240F09A80DC
:10C6F000FFE700202F9002212E914B902EA8FBF7F0
:10C700003BFC18B1FFE7F4F7EBFDFFE7FFE744F26E
:10C71000E840C5F60200016841F48021016000682C
:10C7200000F4802025902598FFE7FFE744F2E040E1
:10C73000C5F60200016841F002010160006800F0E6
:10C74000020024902498FFE74FF440605C900220A0
:10C750005D9000200E905E905F900720609040F208
:10C760000040C5F602005CA9F9F71EFC0E994EF2D6
:10C770005820C2F200400F908822C4F202020260E8
:10C780002D2242608160C1604FF48062026141618C
:10C7900081614FF48072C26101624162F7F7D8F89B
:10C7A00018B1FFE7F4F79CFDFFE7FFE761984EF251
:10C7B0005821C2F20041C0F8801061988863FFE7F9
:10C7C0004EF2D020C2F200400D90A021C4F202012E
:10C7D00001602E214160402181600021C1604FF441
:10C7E0008062026141618161C16101624162F7F76A
:10C7F000AFF818B1FFE7F4F773FDFFE7FFE76198C3
:10C800004EF2D021C2F20041C16761988863FFE710
:10C8100027200C9005210022F9F7A2FE0C98F9F7C9
:10C8200093FE58E16198006841F20041C4F20101B1
:10C83000884240F09980FFE700202F9001212E913F
:10C840004C902EA8FBF798FB18B1FFE7F4F748FDD2
:10C85000FFE7FFE744F2F040C5F60200016841F04F
:10C8600020010160006800F0200023902398FFE77A
:10C87000FFE744F2E040C5F60200016841F0040120
:10C880000160006800F0040022902298FFE7C020B9
:10C890005C9002205D9000200A905E905F900720DF
:10C8A000609040F60000C5F602005CA9F9F77CFB39
:10C8B0000A994EF2C030C2F200400B907022C4F2CE
:10C8C000020202604822426040228260C1604FF44E
:10C8D0008062026141618161C16101624162F7F779
:10C8E00037F818B1FFE7F4F7FBFCFFE7FFE76198C3
:10C8F0004EF2C031C2F20041C16761988863FFE720
:10C900004EF24830C2F200400990B821C4F2020150
:10C9100001604721416000218160C1604FF4806265
:10C920000261416181614FF48072C26101624162C2
:10C93000F7F70EF818B1FFE7F4F7D2FCFFE7FFE7CF
:10C9400061984EF24831C2F20041C0F880106198FF
:10C950008863FFE74720089005210022F9F700FED1
:10C960000898F9F7F1FDB5E06198006841F60041DB
:10C97000C4F20101884240F0AC80FFE700202F9014
:10C9800001212E914C902EA8FBF7F6FA18B1FFE783
:10C99000F4F7A6FCFFE7FFE744F2F040C5F602001B
:10C9A000016841F080010160006800F08000219082
:10C9B0002198FFE7FFE744F2E040C5F60200016876
:10C9C00041F010010160006800F0100020902098F4
:10C9D000FFE704205C90022103915D910021069104
:10C9E0005E915F91609041F20000C5F602000490F4
:10C9F0005CA90591F9F7D8FA039B04980599069A62
:10CA00004FF0080CCDF870C15D935E925F920B22DF
:10CA10006092F9F7C9FA06994DF68870C2F20040A3
:10CA2000079040F21042C4F2020202607622426095
:10CA30008160C1604FF480620261416181614FF4A5
:10CA40008072C26101624162F6F782FF18B1FFE7AE
:10CA5000F4F746FCFFE7FFE761984DF68871C2F2F4
:10CA60000041C0F8801061988863FFE74EF2000033
:10CA7000C2F20040029040F22841C4F2020101607B
:10CA800077214160402181600021C1604FF48062C4
:10CA9000026141618161C16101624162F6F758FF43
:10CAA00018B1FFE7F4F71CFCFFE7FFE761984EF2CF
:10CAB0000001C2F20041C16761988863FFE79C20D2
:10CAC000019005210022F9F74BFD0198F9F73CFD93
:10CAD000FFE7FFE7FFE7FFE7FFE7FFE7FFE762B0FA
:10CAE00080BD00000000000080B586B00490039176
:10CAF000ADF80A200498D0F88C0020283CD1FFE73C
:10CB0000039820B1FFE7BDF80A0020B9FFE7012034
:10CB10008DF8170034E004990020C8660498006876
:10CB200040F60041C5F6000188421CD0FFE704989A
:10CB3000006840680002002814D5FFE7FFE7FFE720
:10CB40000498006850E8000F40F080600190FFE713
:10CB500001990498026842E800100028F0D1FFE72C
:10CB6000FFE7FFE7FFE704980399BDF80A2003F009
:10CB70006FFB8DF8170003E002208DF81700FFE728
:10CB80009DF8170006B080BD81B0009001B07047DD
:10CB900081B0009001B0704780B586B004900391D9
:10CBA000ADF80A200498D0F88800202870D1FFE75B
:10CBB000039820B1FFE7BDF80A0020B9FFE7012084
:10CBC0008DF8170068E0039804990865BDF80A001D
:10CBD0000499A1F85400BDF80A000499A1F8560080
:10CBE00004990020C1F8900004992120C1F8880020
:10CBF0000498C06F88B3FFE70498C16F4FF22160BB
:10CC0000C0F60000C8630498C16F4FF2A160C0F67F
:10CC1000000008640498C16F4FF27140C0F6000034
:10CC2000C8640498C16F0020086504980268016D0B
:10CC3000C06F2832BDF80A30F7F73EFB60B1FFE75E
:10CC400004991020C1F8900004992020C1F88800B0
:10CC500001208DF817001FE0FFE7049801684020CD
:10CC60000862FFE7FFE70498006850E8020F40F011
:10CC700080000190FFE701990498026842E80210E1
:10CC80000028F0D1FFE7FFE700208DF8170003E050
:10CC900002208DF81700FFE79DF8170006B080BD51
:10CCA00081B0009001B0704781B0009001B0704732
:10CCB000FFE7FEE70000000083B0029001918DF8CD
:10CCC000032000208DF80200FFE79DF802009DF888
:10CCD0000310884229DAFFE70298000F092809D8D3
:10CCE000FFE70298000F303001999DF8022001F80B
:10CCF000120009E00299372000EB117001999DF8AC
:10CD0000022001F81200FFE702980001029001984A
:10CD10009DF8021000EB410100204870FFE79DF8EC
:10CD2000020001308DF80200CFE703B07047000029
:10CD300080B594B0FFE744F2D840C5F60200016820
:10CD400041F001010160006800F0010013901398A8
:10CD5000FFE7FFE744F2D840C5F60200016841F062
:10CD600002010160006800F0020012901298FFE7D3
:10CD70000B20019005210F9100221092F9F7F0FB92
:10CD80000198F9F7E1FB0F99109A0C200290F9F73E
:10CD9000E7FB0298F9F7D8FB0F99109A0D20039042
:10CDA000F9F7DEFB0398F9F7CFFB0F99109A0E20E5
:10CDB0000490F9F7D5FB0498F9F7C6FB0F99109A80
:10CDC0000F200590F9F7CCFB0598F9F7BDFB0F99FB
:10CDD000109A10200690F9F7C3FB0698F9F7B4FBF8
:10CDE0000F99109A11200790F9F7BAFB0798F9F7F5
:10CDF000ABFB0F99109A2F200890F9F7B1FB089818
:10CE0000F9F7A2FB0F99109A38200990F9F7A8FBBF
:10CE10000998F9F799FB0F99109A39200A90F9F7B8
:10CE20009FFB0A98F9F790FB0F99109A3A200B9004
:10CE3000F9F796FB0B98F9F787FB0F99109A3B20AF
:10CE40000C90F9F78DFB0C98F9F77EFB0F99109A6F
:10CE50003C200D90F9F784FB0D98F9F775FB0F99BD
:10CE6000109A44200E90F9F77BFB0E98F9F76CFBB3
:10CE70000F99109A45201190F9F772FB1198F9F764
:10CE800063FB14B080BD000080B582B04EF24C4010
:10CE9000C2F2004000904AF20001C4F200010160B9
:10CEA000002201928260C260012101744274817487
:10CEB000082343618161C36103230362416281628C
:10CEC0000D21C16202210163426305218163C263B6
:10CED00040230364042141648364C16402654165A5
:10CEE0008265C2652023036642668166F8F7B8FB57
:10CEF00018B1FFE7F4F7F4F9FFE702B080BD0000D6
:10CF000080B582B04EF2EC40C2F2004001904AF28D
:10CF10000041C4F2000101604FF4407181600022C1
:10CF2000C2604FF0010E80F810E0427480F812E009
:10CF30004FF0080CC0F814C0C0F818E0C0F81CC0CE
:10CF40000321016204234362C0F828E0C0F82CC02A
:10CF5000016340F25231416305218163C263C0F82D
:10CF600040C012214164C0F848C0C16402654165F7
:10CF70008265C265036642668166F8F771FB18B187
:10CF8000FFE7F4F7ADF9FFE702B080BD0000000055
:10CF900080B582B04EF28C50C2F2004000904DF24B
:10CFA0000041C4F200010160002201928260C2606F
:10CFB000027442744FF0010E80F812E04FF0080C3A
:10CFC000C0F814C0C0F818E0C0F81CC00323036206
:10CFD00004214162C0F828E0C0F82CC0036340F28D
:10CFE000A463436305238363C263402303644164F2
:10CFF0008364C164026541658265C265202303665E
:10D0000042668166F8F72CFB18B1FFE7F4F768F980
:10D01000FFE702B080BD0000B0B5CEB040F21040D6
:10D02000C0F60200016842688368D0F80CC0D0F8EE
:10D0300010E044694C94CDF82CE1CDF828C1499317
:10D040004892479180694D9047A8002100910DF0CA
:10D0500003FA00994BF60472C2F20042106040F2EB
:10D06000D830C0F6020002684368D0F808C0D0F893
:10D070000CE00469456945954494CDF80CE1CDF880
:10D0800008C1419340928069469040A80DF0E4F9B0
:10D0900000994BF60872C2F20042106040F24C3028
:10D0A000C0F6020002684368D0F808C0D0F80CE06F
:10D0B000046945693E953D94CDF8F0E0CDF8ECC0AB
:10D0C0003A93399280693F9039A80DF0C5F90099DB
:10D0D0004BF67C62C2F20042106040F2BC30C0F6F7
:10D0E000020002684368D0F808C0D0F80CE0046978
:10D0F000456937953694CDF8D4E0CDF8D0C0339358
:10D1000032928069389032A80DF0A6F900994BF65A
:10D11000FC62C2F20042106040F23030C0F6020001
:10D1200002684368D0F808C0D0F80CE0046945698B
:10D1300030952F94CDF8B8E0CDF8B4C02C932B9255
:10D14000806931902BA80DF087F900994BF6786231
:10D15000C2F20042106040F2A030C0F60200026845
:10D160004368D0F808C0D0F80CE0046945692995F7
:10D170002894CDF89CE0CDF898C02593249280693E
:10D180002A9024A80DF068F900994BF6EC62C2F2DF
:10D190000042106040F2F430C0F6020002684368BA
:10D1A000D0F808C0D0F80CE00469456922952194B4
:10D1B000CDF880E0CDF87CC01E931D92806923904D
:10D1C0001DA80DF049F900994BF60072C2F2004219
:10D1D000106040F28430C0F6020002684368D0F864
:10D1E00008C0D0F80CE0046945691B951A94CDF885
:10D1F00064E0CDF860C01793169280691C9016A861
:10D200000DF02AF900994BF68462C2F200421060D8
:10D2100040F22C40C0F6020002684368D0F808C013
:10D22000D0F80CE00469456914951394CDF848E0F2
:10D23000CDF844C010930F92806915900FA80DF09F
:10D240000BF900994BF67072C2F20042106040F286
:10D250001430C0F6020002684368D0F808C0D0F865
:10D260000CE0046945690D950C94CDF82CE0CDF8DF
:10D2700028C00993089280690E9008A80DF0ECF878
:10D2800000994BF66062C2F20042106040F26830D2
:10D29000C0F6020002684368D0F808C0D0F80CE07D
:10D2A0000469456906950594CDF810E0CDF80CC0E9
:10D2B000029301928069079001A80DF0CDF84BF61A
:10D2C0008061C2F2004108604EB0B0BD00000000B5
:10D2D00080B590B000200F900E900D900C900B90A8
:10D2E000FFE744F2E040C5F60200016841F010019A
:10D2F0000160006800F010000A900A98FFE7FFE75D
:10D3000044F2E040C5F60200016841F0040101600A
:10D31000006800F0040009900998FFE7FFE744F275
:10D32000E040C5F60200016841F08001016000683C
:10D3300000F0800008900898FFE7FFE744F2E04023
:10D34000C5F60200016841F001010160006800F0CB
:10D35000010007900798FFE7FFE744F2E040C5F6B9
:10D360000200016841F002010160006800F0020063
:10D3700006900698FFE7FFE744F2E040C5F602009A
:10D38000016841F008010160006800F008000590A4
:10D390000598FFE740F60040C5F6020003904FF401
:10D3A000C06100220292F8F7D3FF02984FF6F371A2
:10D3B0000B91032100910C910D9041F20000C5F6F4
:10D3C00002000BA90491F8F7EFFD009A0298049966
:10D3D0004FF63F730B930C920D9040F60000C5F68C
:10D3E0000200F8F7E1FD009A0298049948F213133D
:10D3F0000B930C920D900020C5F60200F8F7D4FDB7
:10D40000009A029804994CF2FF030B930C920D9032
:10D4100040F20040C5F60200F8F7C6FD009B029AF4
:10D420000398049940F67C1CCDF82CC00C930D9207
:10D43000F8F7BAFD029A039804994FF400730B931E
:10D44000012301930C9302230D930E92F8F7ACFD88
:10D45000019B029A039804994FF4806CCDF82CC07C
:10D460000C930D920E92F8F79FFD10B080BD000056
:10D4700080B54EF62030C2F2004041F60001C4F6FD
:10D480000201016000214160FCF712FF18B1FFE7C3
:10D49000F3F726FFFFE780BD80B582B04EF634304B
:10D4A000C2F20040009043F20001C4F201010160A9
:10D4B0004FF4800141604FF4003181600721C16069
:10D4C0000021019101614FF0807242614FF0806252
:10D4D00082614FF04052C261016241628162C16269
:10D4E0004FF0804242638163C1630164416481649F
:10D4F000C164016541658165FDF786F918B1FFE7F3
:10D50000F3F7EEFEFFE702B080BD00000000000070
:10D5100080B588B000210091079106910591049192
:10D520000391029101914EF60840C2F200404FF083
:10D53000804202600A22426081604FF0FF32C26086
:10D5400001618161FDF724FC18B1FFE7F3F7C8FE24
:10D55000FFE74FF4805004904EF60840C2F20040BE
:10D5600004A9FDF721FD18B1FFE7F3F7B9FEFFE7C6
:10D570000020019003904EF60840C2F2004001A93D
:10D58000FDF746FB18B1FFE7F3F7AAFEFFE708B087
:10D5900080BD00000000000080B58CB0002101912A
:10D5A0000B910A91099108910791069105910491B7
:10D5B000039102914EF65440C2F2004040F2004204
:10D5C000C4F2000202604FF489724260816044F646
:10D5D0001F62C26001618161FEF70AF818B1FFE7BE
:10D5E000F3F77EFEFFE7002009900B904EF65440C3
:10D5F000C2F2004009A9FDF70BFB18B1FFE7F3F7F2
:10D600006FFEFFE7602002900022039204920692D0
:10D610004EF65440C2F2004002A9FDF711FF18B1C6
:10D62000FFE7F3F75DFEFFE74EF65440C2F200401D
:10D6300002A90422FDF704FF18B1FFE7F3F750FE3B
:10D64000FFE74EF65440C2F20040FDF7C1FE0CB0B9
:10D6500080BD00000000000080B582B04FF21800CD
:10D66000C2F20040009041F60001C4F201010160E5
:10D670004FF4E1314160002101918160C16001619D
:10D680000C2242618161C161016241628162FEF7E7
:10D6900037FD18B1FFE7F3F723FEFFE74FF218005D
:10D6A000C2F200400021FEF7D3F818B1FFE7F3F70C
:10D6B00017FEFFE74FF21800C2F200400021FEF70C
:10D6C0007FF818B1FFE7F3F70BFEFFE74FF2180002
:10D6D000C2F20040FEF728F818B1FFE7F3F700FEAA
:10D6E000FFE702B080BD000080B582B04EF6345036
:10D6F000C2F20040009041F60041C4F20101016015
:10D700004FF4E1314160002101918160C16001610C
:10D710000C2242618161C161016241628162FEF756
:10D72000EFFC18B1FFE7F3F7DBFDFFE74EF63450EF
:10D73000C2F200400021FEF78BF818B1FFE7F3F7C3
:10D74000CFFDFFE74EF63450C2F200400021FEF755
:10D7500037F818B1FFE7F3F7C3FDFFE74EF6345093
:10D76000C2F20040FDF7E0FF18B1FFE7F3F7B8FDA4
:10D77000FFE702B080BD000080B582B04EF6A04049
:10D78000C2F20040019041F20001C4F201010160C7
:10D7900048F2A061C0F2010141604FF48051816004
:10D7A0000021C1604FF4806202610C2242618161FC
:10D7B000C161016241628162FEF7A2FC18B1FFE71C
:10D7C000F3F78EFDFFE74EF6A040C2F200400021C5
:10D7D000FEF73EF818B1FFE7F3F782FDFFE74EF6DC
:10D7E000A040C2F200400021FDF7EAFF18B1FFE7B8
:10D7F000F3F776FDFFE74EF6A040C2F20040FDF7DA
:10D8000093FF18B1FFE7F3F76BFDFFE702B080BDB0
:10D8100080B582B04EF6C850C2F20040009044F28B
:10D820000041C4F2000101604FF4E1314160002188
:10D8300001918160C16001610C2242618161C1611D
:10D84000016241628162FEF75BFC18B1FFE7F3F70A
:10D8500047FDFFE74EF6C850C2F200400021FDF739
:10D86000F7FF18B1FFE7F3F73BFDFFE74EF6C850AF
:10D87000C2F200400021FDF7A3FF18B1FFE7F3F764
:10D880002FFDFFE74EF6C850C2F20040FDF74CFFF7
:10D8900018B1FFE7F3F724FDFFE702B080BD0000F9
:10D8A00080B582B04EF65C60C2F20040009044F653
:10D8B0000001C4F2000101604FF4E1314160002138
:10D8C00001918160C16001610C2242618161C1618D
:10D8D000016241628162FEF713FC18B1FFE7F3F7C2
:10D8E000FFFCFFE74EF65C60C2F200400021FDF74E
:10D8F000AFFF18B1FFE7F3F7F3FCFFE74EF65C600C
:10D90000C2F200400021FDF75BFF18B1FFE7F3F71B
:10D91000E7FCFFE74EF65C60C2F20040FDF704FF53
:10D9200018B1FFE7F3F7DCFCFFE702B080BD0000B1
:10D9300080B582B04EF68470C2F20040009041F291
:10D940000041C4F2010101604FF4E1314160002166
:10D9500001918160C16001610C2242618161C161FC
:10D96000016241628162FEF7CBFB18B1FFE7F3F77A
:10D97000B7FCFFE74EF68470C2F200400021FDF7CD
:10D9800067FF18B1FFE7F3F7ABFCFFE74EF68470D3
:10D99000C2F200400021FDF713FF18B1FFE7F3F7D3
:10D9A0009FFCFFE74EF68470C2F20040FDF7BCFE1C
:10D9B00018B1FFE7F3F794FCFFE702B080BD000069
:10D9C00080B54DF64020C2F200404BF22871C2F201
:10D9D0000041012203F0E8FE18B1FFE7F3F780FCF5
:10D9E000FFE74DF64020C2F200404BF69C41C2F2E8
:10D9F000004104F005FC18B1FFE7F3F771FCFFE705
:10DA00004DF64020C2F200404BF63851C2F20041C0
:10DA100003F0FAF818B1FFE7F3F762FCFFE74DF601
:10DA20004020C2F2004004F07BFD18B1FFE7F3F79D
:10DA300057FCFFE7F9F7D0FF80BD000000000000B1
:10DA4000FFE7FEE70000000080B5FBF709FFFFE7F6
:10DA5000FEE700000000000088B0079006910592E4
:10DA6000079800F0070004900498C0F1070005280B
:10DA700003D3FFE70420019004E00498C0F10700FD
:10DA80000190FFE70198039004980430062803D81A
:10DA9000FFE70020009003E0049803380090FFE7C0
:10DAA0000098029006980399012202FA01F10139C7
:10DAB0000840029B984005999A40013A114008435A
:10DAC00008B070470000000080B54EF23C60C2F222
:10DAD0000040F9F779F880BD80B54EF23C60C2F2A3
:10DAE0000040F9F771F880BD80B54EF23C60C2F29B
:10DAF0000040F9F769F880BD80B586B005900491C3
:10DB0000059800680390039802900398006C0190B8
:10DB10000298049900EB4110D0F8080B009001988E
:10DB200043F20B01C4F6547188420FD3FFE79DF80E
:10DB300001000006002809D5FFE70298049900EBD0
:10DB400041114FF40040C1F8080BFFE70598F9F7C1
:10DB500083FE019843F20B01C4F6547188420DD341
:10DB6000FFE705988079012808D1FFE70599086843
:10DB700001F29C42012105F007FBFFE7002006B0FF
:10DB800080BD00000000000080B588B007900691BD
:10DB9000079800680490049803900498006C029021
:10DBA0000398069900EB4110D0F8080B01900798F4
:10DBB0008079012840F08180FFE79DF8040000078C
:10DBC000002818D5FFE7029843F20B01C4F6547100
:10DBD00088420FD3FFE79DF805000006002809D50D
:10DBE000FFE70398069900EB41114FF40040C1F89C
:10DBF000080BFFE760E09DF804008006002808D5C8
:10DC0000FFE70398069900EB41112020C1F8080BAB
:10DC100051E09DF8040010F0280F4AD1FFE7029868
:10DC200043F20B01C4F6547188420FD3FFE79DF80D
:10DC300005000006002809D5FFE70398069900EBC8
:10DC400041114FF40040C1F8080B31E007980699E4
:10DC500001EBC10100EB810000F5157005900598FE
:10DC6000006A0399069A01EB4211D1F8101B6FF379
:10DC7000DF41401A05994861069898B9FFE7059871
:10DC8000006940B9FFE70799086801F29C42012149
:10DC900005F07AFA05E00599C8684A691044C86039
:10DCA000FFE7FFE707989DF81810F8F719FDFFE761
:10DCB00000E0FFE7FFE7FFE747E0029843F20A11C1
:10DCC000C4F65471884224D1FFE79DF80500000690
:10DCD000002809D5FFE70398069900EB41114FF49E
:10DCE0000040C1F8080B13E09DF8040080060028EE
:10DCF00008D5FFE70398069900EB41112020C1F8F1
:10DD0000080BFFE707989DF81810F8F7E9FCFFE704
:10DD10001AE0069890B9FFE70798069901EBC10150
:10DD200000EB8100D0F8640240B9FFE7079908686A
:10DD300001F29C42002105F027FAFFE707989DF8C1
:10DD40001810F8F7CDFCFFE7FFE7002008B080BD12
:10DD500080B58CB00A9009910A98006808900898DC
:10DD600007900A98099901EBC10100EB810014307A
:10DD70000690069801694069884204D9FFE70120AE
:10DD80008DF82F0079E0069908694969401A0590D5
:10DD9000059806998968884204D9FFE70698806843
:10DDA0000590FFE70598033080080490FFE7079887
:10DDB000099900EB4110D0F8180981B2049A0020AB
:10DDC000914202900FD3FFE7069802694169002053
:10DDD0009142029007D2FFE706980069002818BF19
:10DDE00001200290FFE70298C00770B3FFE7069991
:10DDF00008694969401A059005980699896888421A
:10DE000004D9FFE7069880680590FFE7059803307E
:10DE10008008049008980699C9689DF82420BDF8E8
:10DE20001430DDF828C09CF806C0EE46CEF800C0DD
:10DE300006F06AF8059A0699C8681044C860059A01
:10DE40000699486910444861B1E70699086949692B
:10DE500088420ED8FFE7099800F00F0101208840A2
:10DE60000390039A0799D1F834089043C1F8340815
:10DE7000FFE700208DF82F00FFE79DF82F000CB082
:10DE800080BD000000000000000000000000000055
:10DE9000EFF30980BFF36F8F154B1A681EF0100F58
:10DEA00008BF20ED108A20E9F04F10602DE909002D
:10DEB0004FF0500080F31188BFF34F8FBFF36F8F87
:10DEC0000FF0AAF94FF0000080F31188BDE80900B7
:10DED00019680868B0E8F04F1EF0100F08BFB0ECEA
:10DEE000108A80F30988BFF36F8F704700BF00BFAF
:10DEF000500501240000000080B5B0B002A80190D8
:10DF0000B821F2F79BFA0198002103914FF41042D7
:10DF10000292012204920C2205920222069207929A
:10DF20000892C02209920A910B914FF480511991E5
:10DF30004FF000511D91FAF71FF818B1FFE7F3F702
:10DF4000CFF9FFE730B080BD80B586B00490039173
:10DF500000208DF8070044F22840C5F60200006852
:10DF600000F00300032804D1FFE701208DF817001B
:10DF7000CBE044F20041C5F60201086820F0806061
:10DF80000860F8F7FDF90290FFE744F20040C5F69B
:10DF90000200006800F000610020B0EBD16F0CD0EF
:10DFA000FFE7F8F7EDF90299401A032804D3FFE7D9
:10DFB00003208DF81700A8E0E7E7FFE744F22841C7
:10DFC000C5F60201086820F47C30049A126840EA21
:10DFD0000230086004994868D1F808C0CB680A6923
:10DFE00001386FF35F204FF60061CFF6FF7101EB50
:10DFF0004C2189B208440021CFF6FF7101EB0341A7
:10E0000001F4FE0108444FF07F4101EB026101F091
:10E01000FE41084444F23841C5F602010860FFE7BA
:10E0200044F22C41C5F602010091086820F0C000BE
:10E03000049A526910430860086820F02000049A8E
:10E04000926910430860086820F01000086044F2EC
:10E050003C42C5F6020210684FF6F8739843049BE1
:10E06000DB6940EAC3001060086840F010000860F7
:10E07000039848B9FFE744F22C41C5F6020108684D
:10E0800040F40020086016E00398012809D1FFE75A
:10E0900044F22C41C5F60201086840F48010086083
:10E0A00008E044F22C41C5F60201086840F4001073
:10E0B0000860FFE7FFE744F20041C5F60201086887
:10E0C00040F080600860F8F75BF90290FFE744F2E7
:10E0D0000040C5F60200006800F000610020B0EBCF
:10E0E000D16F0CD1FFE7F8F74BF90299401A0328DA
:10E0F00004D3FFE703208DF8170006E0E7E7FFE70A
:10E100009DF807008DF81700FFE79DF8170006B08F
:10E1100080BD00000000000080B586B0049003912F
:10E1200000208DF8070044F22840C5F60200006880
:10E1300000F00300032804D1FFE701208DF8170049
:10E14000CBE044F20041C5F60201086820F080509F
:10E150000860F8F715F90290FFE744F20040C5F6B1
:10E160000200006800F000510020B0EB517F0CD09D
:10E17000FFE7F8F705F90299401A032804D3FFE7EF
:10E1800003208DF81700A8E0E7E7FFE744F22841F5
:10E19000C5F60201086820F07C70049A126840EA13
:10E1A0000250086004994868D1F808C0CB680A6931
:10E1B00001386FF35F204FF60061CFF6FF7101EB7E
:10E1C0004C2189B208440021CFF6FF7101EB0341D5
:10E1D00001F4FE0108444FF07F4101EB026101F0C0
:10E1E000FE41084444F24041C5F602010860FFE7E1
:10E1F00044F22C41C5F602010091086820F4406009
:10E20000049A526910430860086820F40070049A68
:10E21000926910430860086820F48070086044F236
:10E220004442C5F6020210684FF6F8739843049B07
:10E23000DB6940EAC3001060086840F48070086041
:10E24000039848B9FFE744F22C41C5F6020108687B
:10E2500040F48000086016E00398012809D1FFE728
:10E2600044F22C41C5F60201086840F40000086041
:10E2700008E044F22C41C5F60201086840F08070C5
:10E280000860FFE7FFE744F20041C5F602010868B5
:10E2900040F080500860F8F773F80290FFE744F20E
:10E2A0000040C5F60200006800F000510020B0EB0D
:10E2B000517F0CD1FFE7F8F763F80299401A032861
:10E2C00004D3FFE703208DF8170006E0E7E7FFE738
:10E2D0009DF807008DF81700FFE79DF8170006B0BE
:10E2E00080BD00000000000080B54EF63430C2F260
:10E2F0000040FCF7C1F880BD82B001900198006831
:10E300004069009001980168886940F008008861C0
:10E3100001980168886940F01000886101980168DF
:10E32000086820F00100086001980168086940F25F
:10E330006F329043086101980168886820F440407A
:10E340008860019890F88100042815D0FFE79DF8B7
:10E350000000800600280ED5FFE70199D1F884005F
:10E3600040F08000C1F8840001980168886940F09D
:10E3700020008861FFE7FFE7019890F881000328FB
:10E3800015D0FFE79DF80000400600280ED5FFE7F6
:10E390000199D1F8840040F00400C1F8840001988C
:10E3A0000168886940F040008861FFE7FFE79DF859
:10E3B0000100800700280ED5FFE70199D1F88400FD
:10E3C00040F00100C1F8840001980168886940F4B8
:10E3D00000708861FFE79DF80100C00770B1FFE79A
:10E3E0000199D1F8840040F00800C1F88400019838
:10E3F0000168886940F480708861FFE70199002016
:10E40000A1F862000199A1F86A0002B0704700000B
:10E4100080B582B001900198806B00900099002037
:10E42000A1F86A000099A1F862000099012081F822
:10E4300081000098FCF71CF802B080BD00000000CD
:10E4400083B002900298C16B012000EB5110019043
:10E450000298C0680130009000980730C008009012
:10E4600000980199484303B0704700000000000085
:10E47000074B19680868B0E8F04F80F30988BFF3CC
:10E480006F8F4FF0000080F31188704700BF00BF0E
:10E49000500501240000000084B003900398009010
:10E4A00000980078ADF808000098013000900098BE
:10E4B0000078ADF80600BDF80610BDF8080040EA87
:10E4C0000120ADF80A00BDF80A0004B07047000052
:10E4D00080B582B04FF0500080F31188BFF36F8F8A
:10E4E000BFF34F8F009010F0D7F840B1FFE74EF622
:10E4F0000451CEF200014FF080500860FFE7002089
:10E500000190019880F3118802B080BD00000000E6
:10E5100080B59EB00BA84C21F1F790FF0020019030
:10E520000A90099008900790069005900490039037
:10E530000220F9F7FDF9FFE70020029044F61800E9
:10E54000C5F60200016821F440410160006800F452
:10E55000404002900298FFE7FFE744F61800C5F636
:10E560000200006800F40050B0F5005F01D0FFE742
:10E57000F3E729200B904FF480300C90012010908D
:10E580001190022114911591169022211791189043
:10E59000372119911A900C201B9000201C904FF4E9
:10E5A00040601D900BA8FBF773F918B1FFE7F2F775
:10E5B00097FEFFE73F200390032104910020059080
:10E5C000082006904020079008904FF4806209923E
:10E5D0000A9003A8FAF7CCFC18B1FFE7F2F780FE27
:10E5E000FFE7FAF711FF1EB080BD00000000000039
:10E5F0004EF68851CEF20001086840F470000860C1
:10E6000042F20000C5F20020006800F00F0006286A
:10E610000AD8FFE742F20001C5F20021086807228C
:10E6200062F303000860FFE744F20041C5F602010F
:10E63000086840F00100086044F21042C5F602028A
:10E640000020106008684EF67F52CEF6F622104089
:10E65000086042F20000C5F20020006800F00F00E0
:10E6600008280AD3FFE742F20001C5F2002108683A
:10E67000072262F303000860FFE744F21841C5F681
:10E6800002010020086044F21C41C5F60201086046
:10E6900044F22041C5F60201086044F22842C5F662
:10E6A000020240F20021C0F20221116044F22C4229
:10E6B000C5F602020021C0F2FF11116044F230429F
:10E6C000C5F6020240F28021C0F20111116044F24D
:10E6D0003442C5F60202106044F23842C5F6020226
:10E6E000116044F23C42C5F60202106044F240421E
:10E6F000C5F60202116044F24441C5F60201086009
:10E7000044F20042C5F60202116821F48021116032
:10E7100044F26041C5F60201086044F20001C5F20E
:10E72000002143F2D20008604EF60851CEF20001FB
:10E730004FF000600860704780B54EF6BC30C2F202
:10E740000040FCF71DFD80BD80B54EF60840C2F2CA
:10E750000040FCF715FD80BD83B002900191029846
:10E760000068009002980021C4F20101884225D07F
:10E77000FFE70298B0F1804F20D0FFE7029840F207
:10E780000041C4F20001884218D0FFE7029840F629
:10E790000001C4F20001884210D0FFE7029840F661
:10E7A0000041C4F20001884208D0FFE7029840F21D
:10E7B0000041C4F2010188420AD1FFE7009820F02D
:10E7C0007000009001984168009808430090FFE7AE
:10E7D00002980021C4F2010188424DD0FFE702985F
:10E7E000B0F1804F48D0FFE7029840F20041C4F2F8
:10E7F0000001884240D0FFE7029840F60001C4F2D1
:10E800000001884238D0FFE7029840F60041C4F288
:10E810000001884230D0FFE7029840F20041C4F284
:10E820000101884228D0FFE7029844F20001C4F2B7
:10E830000101884220D0FFE7029844F20041C4F26F
:10E840000101884218D0FFE7029844F60001C4F2A3
:10E850000101884210D0FFE702984EF20001C4F295
:10E860000001884208D0FFE702984EF20041C4F24E
:10E87000000188420AD1FFE7009820F44070009020
:10E880000198C168009808430090FFE7009820F0C5
:10E890008000019949690843009000980299086036
:10E8A000019880680299C86201980068029988629C
:10E8B00002980021C4F20101884220D0FFE70298AB
:10E8C00040F20041C4F20101884218D0FFE70298EB
:10E8D00044F20001C4F20101884210D0FFE702981F
:10E8E00044F20041C4F20101884208D0FFE70298D7
:10E8F00044F60001C4F20101884205D1FFE7019806
:10E90000006902990863FFE70299012048610298B3
:10E910000069C00730B1FFE70299086920F00100E3
:10E920000861FFE703B0704785B00490039102923D
:10E930000193049880680090009820F47F40009034
:10E9400003980299019A41EA022101430098084381
:10E95000009000980499886005B07047000000009E
:10E9600083B00290019102988068009000984FF661
:10E970008F71CFF6CF71084000900198009908433D
:10E9800040F00700009000980299886003B070473B
:10E9900085B0049003910498006A01900499086A74
:10E9A00020F0010008620498406800900498806993
:10E9B000029002984FF68F71CFF6FE7108400290D8
:10E9C000029820F00300029003980168029808431F
:10E9D0000290019820F0020001900398816801984C
:10E9E0000843019004980021C4F20101884220D01C
:10E9F000FFE7049840F20041C4F20101884218D0B8
:10EA0000FFE7049844F20001C4F20101884210D0EB
:10EA1000FFE7049844F20041C4F20101884208D0A3
:10EA2000FFE7049844F60001C4F2010188420ED1C8
:10EA3000FFE7019820F0080001900398C168019851
:10EA400008430190019820F004000190FFE704982A
:10EA50000021C4F20101884220D0FFE7049840F26F
:10EA60000041C4F20101884218D0FFE7049844F243
:10EA70000001C4F20101884210D0FFE7049844F27B
:10EA80000041C4F20101884208D0FFE7049844F62F
:10EA90000001C4F20101884213D1FFE7009820F47D
:10EAA00080700090009820F40070009003984169F5
:10EAB00000980843009003988169009808430090EB
:10EAC000FFE70098049948600298049988610398C8
:10EAD00040680499486301980499086205B070473A
:10EAE00085B0049003910498006A01900499086A23
:10EAF00020F0100008620498406800900498806933
:10EB00000290029848F6FF71CFF6FF61084002902C
:10EB1000029820F44070029003980168029840EA3D
:10EB200001200290019820F0200001900398816854
:10EB3000019840EA0110019004980021C4F20101FB
:10EB4000884229D0FFE7049840F20041C4F2010155
:10EB5000884221D0FFE7049844F20001C4F2010189
:10EB6000884203D1FFE70020B0B9FFE7049844F2E0
:10EB70000041C4F20101884203D1FFE7002058B9E7
:10EB8000FFE7049844F60001C4F20101884212D163
:10EB9000FFE7012078B9FFE7019820F0800001909D
:10EBA0000398C168019840EA01100190019820F093
:10EBB00040000190FFE704980021C4F2010188425F
:10EBC00020D0FFE7049840F20041C4F201018842DE
:10EBD00018D0FFE7049844F20001C4F20101884212
:10EBE00010D0FFE7049844F20041C4F201018842CA
:10EBF00008D0FFE7049844F60001C4F201018842FE
:10EC000015D1FFE7009820F480600090009820F470
:10EC10000060009003984169009840EA81000090EC
:10EC200003988169009840EA81000090FFE700980E
:10EC3000049948600298049988610398406804998F
:10EC4000886301980499086205B0704700000000CD
:10EC500085B0049003910498006A01900499086AB1
:10EC600020F4807008620498406800900498C0699D
:10EC7000029002984FF68F71CFF6FE710840029015
:10EC8000029820F00300029003980168029808435C
:10EC90000290019820F40070019003988168019817
:10ECA00040EA0120019004980021C4F20101884249
:10ECB00029D0FFE7049840F20041C4F201018842E4
:10ECC00021D0FFE7049844F20001C4F20101884218
:10ECD00003D1FFE70020B0B9FFE7049844F20041F8
:10ECE000C4F20101884203D1FFE7002058B9FFE7D1
:10ECF000049844F60001C4F20101884212D1FFE7F2
:10ED0000012078B9FFE7019820F400600190039892
:10ED1000C168019840EA01200190019820F48060C8
:10ED20000190FFE704980021C4F20101884220D03D
:10ED3000FFE7049840F20041C4F20101884218D074
:10ED4000FFE7049844F20001C4F20101884210D0A8
:10ED5000FFE7049844F20041C4F20101884208D060
:10ED6000FFE7049844F60001C4F20101884215D17E
:10ED7000FFE7009820F480500090009820F40050A5
:10ED8000009003984169009840EA011000900398B0
:10ED90008169009840EA01100090FFE7009804990B
:10EDA000486002980499C861039840680499C86350
:10EDB00001980499086205B0704700000000000047
:10EDC00085B0049003910498006A01900499086A40
:10EDD00020F4805008620498406800900498C0694C
:10EDE0000290029848F6FF71CFF6FF61084002904A
:10EDF000029820F44070029003980168029840EA5B
:10EE000001200290019820F400500190039881683D
:10EE1000019840EA0130019004980021C4F20101F8
:10EE2000884220D0FFE7049840F20041C4F201017B
:10EE3000884218D0FFE7049844F20001C4F20101AF
:10EE4000884210D0FFE7049844F20041C4F2010167
:10EE5000884208D0FFE7049844F60001C4F201019B
:10EE600088420BD1FFE7009820F48040009003987F
:10EE70004169009840EA81100090FFE700980499EA
:10EE8000486002980499C86103984068049908642E
:10EE900001980499086205B0704700000000000066
:10EEA00085B0049003910498006A01900499086A5F
:10EEB00020F4803008620498406800900498406D07
:10EEC000029002984FF68F71CFF6FE7108400290C3
:10EED00003980168029808430290019820F40030DA
:10EEE000019003988168019840EA014001900498DC
:10EEF0000021C4F20101884220D0FFE7049840F2CB
:10EF00000041C4F20101884218D0FFE7049844F29E
:10EF10000001C4F20101884210D0FFE7049844F2D6
:10EF20000041C4F20101884208D0FFE7049844F68A
:10EF30000001C4F2010188420BD1FFE7009820F4E0
:10EF40008030009003984169009840EA01200090C9
:10EF5000FFE700980499486002980499486503986F
:10EF600040680499886501980499086205B0704763
:10EF700085B0049003910498006A01900499086A8E
:10EF800020F4801008620498406800900498406D56
:10EF90000290029848F6FF71CFF6FF610840029098
:10EFA00003980168029840EA01200290019820F439
:10EFB0000010019003988168019840EA0150019087
:10EFC00004980021C4F20101884220D0FFE7049890
:10EFD00040F20041C4F20101884218D0FFE70498D2
:10EFE00044F20001C4F20101884210D0FFE7049806
:10EFF00044F20041C4F20101884208D0FFE70498BE
:10F0000044F60001C4F2010188420BD1FFE70098E9
:10F0100020F48020009003984169009840EA812004
:10F020000090FFE7009804994860029804994865A9
:10F03000039840680499C86501980499086205B06E
:10F04000704700000000000085B004900391029218
:10F050000498006A00900499086A20F00100086290
:10F06000049880690190019820F0F00001900299C5
:10F07000019840EA01100190009820F00A000090E9
:10F0800003990098084300900198049988610098BA
:10F090000499086205B0704785B00490039102920C
:10F0A0000498006A00900499086A20F01000086231
:10F0B000049880690190019820F4704001900299B1
:10F0C000019840EA01300190009820F0A0000090E3
:10F0D0000399009840EA0110009001980499886112
:10F0E00000980499086205B0704700000000000015
:10F0F00080B582B04EF6F060C2F200400190FCF79D
:10F100009BFC01980DF048FB02B080BD00000000A0
:10F1100080B582B04FF21800C2F200400190FCF7B7
:10F120008BFC01980DF038FB02B080BD00000000A0
:10F1300082B001900198406E40B9FFE7019901202B
:10F14000A1F86A000199A1F8680032E010208DF85A
:10F1500003008DF80200019800688068C0F34260E7
:10F160008DF80100019800688068400F8DF800005C
:10F170009DF802009DF8002040F27853C0F602038B
:10F18000995C484340F27051C0F602018A5CB0FBC2
:10F19000F2F0019AA2F86A009DF803009DF80120A0
:10F1A0009B5C5843895CB0FBF1F00199A1F86800C1
:10F1B000FFE702B07047000081B00090009890F81F
:10F1C0002800000700280BD5FFE70098006840687A
:10F1D00020F40040009A1168926B10434860FFE7EA
:10F1E000009890F82800C00758B1FFE70098006821
:10F1F000406820F40030009A1168D26A10434860D9
:10F20000FFE7009890F82800800700280BD5FFE75B
:10F2100000980068406820F48030009A1168126BF2
:10F2200010434860FFE7009890F828004007002846
:10F230000BD5FFE700980068406820F48020009A12
:10F240001168526B10434860FFE7009890F828005F
:10F25000C00600280BD5FFE700980068806820F4FE
:10F260008050009A1168D26B10438860FFE70098C5
:10F2700090F82800800600280BD5FFE7009800686A
:10F28000806820F40050009A1168126C1043886066
:10F29000FFE7009890F82800400600281CD5FFE7FB
:10F2A00000980068406820F48010009A1168526C41
:10F2B000104348600098406CB0F5801F0BD1FFE709
:10F2C00000980068406820F4C000009A1168926CB1
:10F2D00010434860FFE7FFE7009890F82800000619
:10F2E00000280BD5FFE700980068406820F4002054
:10F2F000009A1168D26C10434860FFE701B0704774
:10F3000080B588B0069006990020C1F89000F7F704
:10F3100037F80590069800680068000700282FD588
:10F32000FFE70698059B6A466FF07E4111604FF437
:10F330000011002201F024F808B3FFE7FFE7FFE720
:10F340000698006850E8000F20F080000490FFE766
:10F3500004990698026842E800100028F0D1FFE7FF
:10F36000FFE706992020C1F88800FFE706990020F2
:10F3700081F88400FFE703208DF81F005FE0FFE7BE
:10F380000698006800684007002842D5FFE7069805
:10F39000059B6A466FF07E4111604FF480010022A8
:10F3A00000F0EEFFA0B3FFE7FFE7FFE70698006875
:10F3B00050E8000F20F490700390FFE7039906983F
:10F3C000026842E800100028F0D1FFE7FFE7FFE7FE
:10F3D000FFE70698006850E8020F20F00100029055
:10F3E000FFE702990698026842E802100028F0D16F
:10F3F000FFE7FFE706992020C1F88C00FFE7069998
:10F40000002081F88400FFE703208DF81F0016E03C
:10F41000FFE706992020C1F888000699C1F88C0002
:10F4200006990020C86606990867FFE7069900203C
:10F4300081F88400FFE700208DF81F00FFE79DF8AA
:10F440001F0008B080BD000080B582B00190019817
:10F45000806B009000990020A1F85E000099A1F84F
:10F4600056000098FCF7E4FA02B080BD00000000EE
:10F4700080B584B003900398806B02900298D0F816
:10F48000880001900298D0F88C00009002980068E3
:10F490008068000600280CD5FFE70198212808D1D4
:10F4A000FFE702990020A1F85600029800F078F9D1
:10F4B000FFE7029800688068400600280CD5FFE747
:10F4C0000098222808D1FFE702990020A1F85E00E9
:10F4D000029800F0F1F8FFE70299D1F8900040F0AF
:10F4E0001000C1F890000298FCF7A2FA04B080BDA9
:10F4F00080B586B005900598806B04900598C0692A
:10F50000B0F5807F5BD0FFE704990020A1F85E0092
:10F51000FFE7FFE70498006850E8000F20F48070D0
:10F520000390FFE703990498026842E8001000285E
:10F53000F0D1FFE7FFE7FFE7FFE70498006850E836
:10F54000020F20F001000290FFE702990498026880
:10F5500042E802100028F0D1FFE7FFE7FFE7FFE7EE
:10F560000498006850E8020F20F040000190FFE787
:10F5700001990498026842E802100028F0D1FFE7E0
:10F58000FFE704992020C1F88C000498C06E012880
:10F5900014D1FFE7FFE7FFE70498006850E8000F89
:10F5A00020F010000090FFE700990498026842E8FC
:10F5B00000100028F0D1FFE7FFE7FFE7FFE704991D
:10F5C000002008670498C06E012806D1FFE7049860
:10F5D000B0F85C10FCF7E8F803E00498FDF7D4FA03
:10F5E000FFE706B080BD000080B582B001900198B1
:10F5F000806B00900099012008670098C06E012878
:10F6000007D1FFE70098B0F85C104908FCF7CCF888
:10F6100003E00098FDF7BCFAFFE702B080BD0000F0
:10F6200080B584B003900398806B02900398C06902
:10F63000B0F5807F2BD0FFE702990020A1F856009B
:10F64000FFE7FFE70298006850E8020F20F0800013
:10F650000190FFE701990298026842E80210002831
:10F66000F0D1FFE7FFE7FFE7FFE70298006850E807
:10F67000000F40F040000090FFE7009902980268F8
:10F6800042E800100028F0D1FFE7FFE703E002980E
:10F69000FDF706FBFFE704B080BD0000000000009E
:10F6A00080B582B001900198806B00900098FDF7C2
:10F6B000FBFA02B080BD000084B00390FFE7FFE7D3
:10F6C0000398006850E8000F20F490700290FFE764
:10F6D00002990398026842E800100028F0D1FFE781
:10F6E000FFE7FFE7FFE70398006850E8020F4FF6D7
:10F6F000FE71CEF6FF7108400190FFE70199039873
:10F70000026842E802100028EDD1FFE7FFE7039806
:10F71000C06E012814D1FFE7FFE7FFE703980068F8
:10F7200050E8000F20F010000090FFE700990398C8
:10F73000026842E800100028F0D1FFE7FFE7FFE78A
:10F7400003992020C1F88C0003990020C866039912
:10F75000486704B07047000080B582B00190FFE7B1
:10F76000FFE70198006850E8000F20F0400000908B
:10F77000FFE700990198026842E800100028F0D1E4
:10F78000FFE7FFE701992020C1F8880001990020D8
:10F7900088670198FDF784FA02B080BD0000000080
:10F7A00083B00290FFE7FFE70298006850E8000F7F
:10F7B00020F0C0000190FFE701990298026842E83A
:10F7C00000100028F0D1FFE7FFE7FFE7FFE702980E
:10F7D000006850E8020F20F400000090FFE7009955
:10F7E0000298026842E802100028F0D1FFE7FFE724
:10F7F00002992020C1F8880003B070470000000083
:10F8000080B59EB01D9000208DF867001D9800689F
:10F8100040F60041C5F60001884201D1FFE700E053
:10F82000FFE71D9988680B694A69C9691843104345
:10F8300008431C901D980068006846F6F311CCF64A
:10F84000FF7108401C9908431D99096808601D98BC
:10F850000068406820F440501D9A1168D268104337
:10F8600048601D9880691C901D98006840F6004112
:10F87000C5F60001884206D0FFE71D98016A1C9872
:10F8800008431C90FFE71D98006880684FF2FF4115
:10F89000C1F2FF1108401C9908431D99096888604E
:10F8A0001D980068C06A20F00F001D9A1168526A06
:10F8B0001043C862FFE71D98006841F20001C4F2DE
:10F8C0000101884240F04180FFE744F25440C5F610
:10F8D0000200006800F038000146109128282FD857
:10F8E0001099DFE801F0152D2D2D2D2D2D2D192D21
:10F8F0002D2D2D2D2D2D1D2D2D2D2D2D2D2D212D54
:10F900002D2D2D2D2D2D252D2D2D2D2D2D2D290060
:10F9100001208DF86D0017E004208DF86D0013E0D4
:10F9200008208DF86D000FE010208DF86D000BE0C1
:10F9300020208DF86D0007E040208DF86D0003E079
:10F9400080208DF86D00FFE76CE21D98006844F29E
:10F950000041C4F2000188422ED1FFE744F2544036
:10F96000C5F60200006800F0070001460F91052867
:10F970001DD80F99DFE801F003070B0F13170020C4
:10F980008DF86D0017E004208DF86D0013E008205D
:10F990008DF86D000FE010208DF86D000BE0202039
:10F9A0008DF86D0007E040208DF86D0003E08020A9
:10F9B0008DF86D00FFE734E21D98006844F6000101
:10F9C000C4F2000188422ED1FFE744F25440C5F64C
:10F9D0000200006800F0070001460E9105281DD8BE
:10F9E0000E99DFE801F003070B0F131700208DF8C5
:10F9F0006D0017E004208DF86D0013E008208DF8ED
:10FA00006D000FE010208DF86D000BE020208DF8C8
:10FA10006D0007E040208DF86D0003E080208DF838
:10FA20006D00FFE7FCE11D98006844F60041C4F258
:10FA3000000188422ED1FFE744F25440C5F602008F
:10FA4000006800F0070001460D9105281DD80D99AA
:10FA5000DFE801F003070B0F131700208DF86D008E
:10FA600017E004208DF86D0013E008208DF86D007C
:10FA70000FE010208DF86D000BE020208DF86D0058
:10FA800007E040208DF86D0003E080208DF86D00C8
:10FA9000FFE7C4E11D98006845F20001C4F20001CF
:10FAA00088422ED1FFE744F25440C5F602000068B8
:10FAB00000F0070001460C9105281DD80C99DFE8DD
:10FAC00001F003070B0F131700208DF86D0017E0EE
:10FAD00004208DF86D0013E008208DF86D000FE014
:10FAE00010208DF86D000BE020208DF86D0007E0F0
:10FAF00040208DF86D0003E080208DF86D00FFE759
:10FB00008CE11D98006841F20041C4F20101884275
:10FB100040F04180FFE744F25440C5F6020000681F
:10FB200000F0380001460B9128282FD80B99DFE808
:10FB300001F0152D2D2D2D2D2D2D192D2D2D2D2D8A
:10FB40002D2D1D2D2D2D2D2D2D2D212D2D2D2D2D01
:10FB50002D2D252D2D2D2D2D2D2D290001208DF81C
:10FB60006D0017E004208DF86D0013E008208DF87B
:10FB70006D000FE010208DF86D000BE020208DF857
:10FB80006D0007E040208DF86D0003E080208DF8C7
:10FB90006D00FFE741E11D98006847F60001C4F2DF
:10FBA000000188422ED1FFE744F25440C5F602001E
:10FBB000006800F0070001460A9105281DD80A993F
:10FBC000DFE801F003070B0F131700208DF86D001D
:10FBD00017E004208DF86D0013E008208DF86D000B
:10FBE0000FE010208DF86D000BE020208DF86D00E7
:10FBF00007E040208DF86D0003E080208DF86D0057
:10FC0000FFE709E11D98006847F60041C4F20001D2
:10FC100088422ED1FFE744F25440C5F60200006846
:10FC200000F007000146099105281DD80999DFE871
:10FC300001F003070B0F131700208DF86D0017E07C
:10FC400004208DF86D0013E008208DF86D000FE0A2
:10FC500010208DF86D000BE020208DF86D0007E07E
:10FC600040208DF86D0003E080208DF86D00FFE7E7
:10FC7000D1E01D98006841F60001C4F201018842FC
:10FC800040F04180FFE744F25440C5F602000068AE
:10FC900000F038000146089128282FD80899DFE89D
:10FCA00001F0152D2D2D2D2D2D2D192D2D2D2D2D19
:10FCB0002D2D1D2D2D2D2D2D2D2D212D2D2D2D2D90
:10FCC0002D2D252D2D2D2D2D2D2D290001208DF8AB
:10FCD0006D0017E004208DF86D0013E008208DF80A
:10FCE0006D000FE010208DF86D000BE020208DF8E6
:10FCF0006D0007E040208DF86D0003E080208DF856
:10FD00006D00FFE786E01D98006841F60041C4F2EF
:10FD10000101884240F04180FFE744F25440C5F6BB
:10FD20000200006800F038000146079128282FD80B
:10FD30000799DFE801F0152D2D2D2D2D2D2D192DD5
:10FD40002D2D2D2D2D2D1D2D2D2D2D2D2D2D212DFF
:10FD50002D2D2D2D2D2D252D2D2D2D2D2D2D29000C
:10FD600001208DF86D0017E004208DF86D0013E080
:10FD700008208DF86D000FE010208DF86D000BE06D
:10FD800020208DF86D0007E040208DF86D0003E025
:10FD900080208DF86D00FFE73BE01D98006840F67D
:10FDA0000041C5F6000188422ED1FFE744F25840D9
:10FDB000C5F60200006800F007000146069105281C
:10FDC0001DD80699DFE801F003070B0F1317022077
:10FDD0008DF86D0017E004208DF86D0013E0082009
:10FDE0008DF86D000FE010208DF86D000BE02020E5
:10FDF0008DF86D0007E040208DF86D0003E0802055
:10FE00008DF86D00FFE703E080208DF86D00FFE7BF
:10FE1000FFE7FFE7FFE7FFE7FFE7FFE7FFE7FFE7B2
:10FE2000FFE7FFE7FFE71D98006840F60041C5F6D1
:10FE30000001884240F0B480FFE79DF86D00014664
:10FE40000591022814D0FFE70598042814D0FFE795
:10FE50000598082816D0FFE70598102818D0FFE766
:10FE60000598202835D0FFE70598402837D03AE09C
:10FE7000F7F7BEFD11903CE015A8F7F7CDFD1698F9
:10FE8000119036E012A8F7F71FFF1398119030E099
:10FE900044F20040C5F60200006800F02001002096
:10FEA000B0EB511F0ED0FFE744F20040C5F6020050
:10FEB0000068C0F3C10149F20000C0F2D030C84070
:10FEC000119005E049F20000C0F2D0301190FFE738
:10FED0000FE040F60010C0F23D00119009E04FF431
:10FEE0000040119005E00020119001208DF867007E
:10FEF000FFE71198002852D0FFE711981D994A6A30
:10FF000040F28051C0F6020131F81210B0FBF1F05E
:10FF1000189018981D99496801EB4101884207D350
:10FF2000FFE718981D994968B0EB013F04D9FFE736
:10FF300001208DF8670031E011981D994A680392FD
:10FF40004A6A40F28051C0F6020131F812200023C3
:10FF500004931946F0F7D6F9039A049B090241EA83
:10FF60001061000210EB520041F10001F0F7CAF9F4
:10FF70001A901A98B0F5407F0BD3FFE71A9900202A
:10FF8000B0EB115F05D1FFE71A981D990968C860A9
:10FF900003E001208DF86700FFE7FFE7FFE746E198
:10FFA0001D98C069B0F5004F40F0A880FFE79DF8AC
:10FFB0006D0001460291402800F263800299DFE85B
:10FFC00001F021256060296060602F6060606060E2
:10FFD000606035606060606060606060606060604C
:10FFE000606056606060606060606060606060601B
:10FFF0006060606060606060606060606060606001
:020000040801F1
:1000000060605C00F9F77CFA119040E0F9F78CFA37
:1000100011903CE015A8F7F7FFFC1698119036E018
:1000200012A8F7F751FE1398119030E044F2004007
:10003000C5F60200006800F020010020B0EB511F5F
:100040000ED0FFE744F20040C5F602000068C0F39E
:10005000C10149F20000C0F2D030C840119005E063
:1000600049F20000C0F2D0301190FFE70FE040F6F7
:100070000010C0F23D00119009E04FF400401190D3
:1000800005E00020119001208DF86700FFE711982E
:1000900098B3FFE711981D9A5168536A40F2805255
:1000A000C0F6020232F81320B0FBF2F0400000EB81
:1000B0005100B0FBF1F01A901A98102818D3FFE7FE
:1000C000BDF86A00A0B9FFE71A9820F00F00ADF85C
:1000D0006E001A9800F00E01BDF86E0040EA510063
:1000E000ADF86E00BDF86E001D990968C86003E0A8
:1000F00001208DF86700FFE7FFE797E09DF86D00AE
:1001000001460191402800F263800199DFE801F087
:1001100021256060296060602F60606060606060C1
:1001200035606060606060606060606060606060FA
:1001300056606060606060606060606060606060C9
:1001400060606060606060606060606060606060AF
:100150005C00F9F7D5F9119040E0F9F7E5F9119055
:100160003CE015A8F7F758FC1698119036E012A855
:10017000F7F7AAFD1398119030E044F20040C5F65D
:100180000200006800F020010020B0EB511F0ED0EB
:10019000FFE744F20040C5F602000068C0F3C10169
:1001A00049F20000C0F2D030C840119005E049F299
:1001B0000000C0F2D0301190FFE70FE040F60010D1
:1001C000C0F23D00119009E04FF40040119005E0AD
:1001D0000020119001208DF86700FFE7119820B3EF
:1001E000FFE711981D9A5168536A40F28052C0F699
:1001F000020232F81320B0FBF2F000EB5100B0FB2A
:10020000F1F01A901A9810280AD3FFE7BDF86A0097
:1002100030B9FFE7BDF868001D990968C86003E0C0
:1002200001208DF86700FFE7FFE7FFE7FFE71D9973
:100230000120A1F86A001D99A1F868001D9900200D
:1002400048671D9988679DF867001EB080BD000053
:1002500080B588B006900591ADF8122005980699F2
:100260008865BDF812000699A1F85C000699002087
:10027000C1F8900006992220C1F88C000698D0F8A9
:100280008000B0B3FFE70698D0F880104FF2F1403D
:10029000C0F60000C8630698D0F880104FF2E9500D
:1002A000C0F6000008640698D0F880104FF2714044
:1002B000C0F60000C8640698D0F8801000200865D9
:1002C00006980168826DD0F880002431BDF81230A4
:1002D000F3F7F2FF60B1FFE706991020C1F8900034
:1002E00006992020C1F88C0001208DF81F0042E003
:1002F000FFE706980069A0B1FFE7FFE7FFE7069870
:10030000006850E8000F40F480700390FFE7039905
:100310000698026842E800100028F0D1FFE7FFE7E6
:10032000FFE7FFE7FFE70698006850E8020F40F09C
:1003300001000290FFE702990698026842E8021065
:100340000028F0D1FFE7FFE7FFE7FFE70698006826
:1003500050E8020F40F040000190FFE70199069835
:10036000026842E802100028F0D1FFE7FFE7002012
:100370008DF81F00FFE79DF81F0008B080BD00004A
:1003800080B586B0DDF820C0049003918DF80B2075
:100390000193FFE704980068C06903990840401A78
:1003A000B0FA80F040099DF80B10884266D1FFE753
:1003B00008980130002860D0FFE7F5F7E1FF0199C8
:1003C000401A0899884203D8FFE7089820B9FFE748
:1003D00003208DF8170055E0049800680068400776
:1003E000002849D5FFE70398802845D0FFE7039808
:1003F000402841D0FFE704980068C06900F0080178
:100400000120B0EBD10F16D1FFE704980168082056
:10041000009008620498FFF74FF900980499C1F81A
:100420009000FFE70499002081F88400FFE7012095
:100430008DF8170026E004980068C06900F4006198
:100440000120B0EBD12F16D1FFE7049801684FF4DB
:10045000006008620498FFF72FF904992020C1F882
:100460009000FFE70499002081F88400FFE7032053
:100470008DF8170006E0FFE7FFE78BE700208DF817
:100480001700FFE79DF8170006B080BD00000000D0
:1004900080B582B04EF63450C2F200400190FBF7B6
:1004A000CBFA01980CF078F902B080BD0000000092
:1004B00080B582B04EF6A040C2F200400190FBF73A
:1004C000BBFA01980CF068F902B080BD0000000092
:1004D00080B582B04EF6C850C2F200400190FBF7E2
:1004E000ABFA01980CF058F902B080BD0000000092
:1004F00080B582B04EF65C60C2F200400190FBF71E
:100500009BFA01980CF048F902B080BD0000000091
:1005100080B582B04EF68470C2F200400190FBF7C5
:100520008BFA01980CF038F902B080BD0000000091
:1005300080B586B004908DF80F100498D0F8C802EA
:1005400001900498D0F8D41200EB8100D0F8C002DA
:1005500020B9FFE703208DF817005FE00498D0F87A
:10056000D41200EB8100D0F8C002029004989DF8EC
:100570000F1001F00F0101EB810100EB8100806998
:1005800040B3FFE704989DF80F1001F00F0101EB55
:10059000810200EB82008269019801EBC10100EB4E
:1005A0008100C169B2FBF1F000FB112090B9FFE7B7
:1005B00004989DF80F1001F00F0101EB810100EB91
:1005C00081000023836104989DF80F101A4601F002
:1005D000BFFD1FE002990020C1F814020498D0F872
:1005E000D41200EB8100D0F8C402006988B1FFE7A3
:1005F0000498D0F8D41200EB8100D0F8C40203694B
:100600000299D1F8080201F504719DF80F2098476E
:10061000FFE7FFE700208DF81700FFE79DF81700C0
:1006200006B080BD0000000080B584B002908DF857
:1006300007100298D0F8D41200EB8100D0F8C00265
:1006400000900298D0F8D41200EB8100D0F8C002DC
:1006500020B9FFE703208DF80F0019E002989DF8FC
:10066000071001F0E5FA0099C1F80C020298D0F8E1
:10067000D41200EB8100D0F8C402C2680099D1F80E
:10068000040201F50371904700208DF80F00FFE789
:100690009DF80F0004B080BD80B586B005908DF840
:1006A000131005984BF22571C2F2004100910978B0
:1006B00001F0D2F800990598097801F00F0101EBDB
:1006C000810100EB810100200390888405984BF2A2
:1006D0002671C2F200410191097801F0BDF8019A3A
:1006E00003980599127802F00F0202EB820201EBE7
:1006F0008201A1F8640105984BF22471C2F2004115
:100700000291097801F0A8F8029A039805991378E4
:1007100003F00F0303EB830301EB83018884059946
:10072000127802F00F0202EB820201EB8201C88410
:100730000598D0F8D41200EB8100D0F8C002F0B1D7
:10074000FFE70598D0F8D41200EB8100D0F8C4027E
:10075000406880470598D0F8D41200EB8100D0F8AB
:10076000C00202F0A1F90598D0F8D41200EB810183
:100770000020C1F8C0020599C1F8BC02FFE70020C3
:1007800006B080BD0000000080B584B002900298E1
:10079000D0F8D41200EB8100D0F8C002019001988B
:1007A00020B9FFE703208DF80F0025E00298D0F86C
:1007B000D41200EB8100D0F8C402C8B1FFE7019861
:1007C00090F80002FF2813D0FFE70298D0F8D41267
:1007D00000EB8100D0F8C4028368019991F800020F
:1007E00091F8012298470199FF2081F80002FFE764
:1007F00000208DF80F00FFE79DF80F0004B080BDCA
:1008000081B0009000990A2008804BF61850C2F27F
:10081000004001B07047000080B586B005904BF6EF
:10082000D440C2F200400190822100F0D5FD014683
:1008300001980491012100F0CFFD01460198039138
:10084000812100F0C9FD0290049820B1FFE70499CE
:1008500010208871FFE7039820B1FFE7039940203B
:100860008880FFE7029820B1FFE702994020888046
:10087000FFE70599432008804BF6D440C2F20040C0
:1008800006B080BD0000000080B586B005904BF634
:10089000D440C2F200400190822100F09DFD01464B
:1008A00001980491012100F097FD01460198039100
:1008B000812100F091FD0290049820B1FFE7049996
:1008C00010208871FFE7039828B1FFE703994FF4E0
:1008D00000708880FFE7029828B1FFE702994FF483
:1008E00000708880FFE70599432008804BF6D440CC
:1008F000C2F2004006B080BD80B586B005904BF6D0
:10090000D440C2F200400190822100F065FD014612
:1009100001980491012100F05FFD014601980391C7
:10092000812100F059FD0290049820B1FFE704995D
:1009300010208871FFE7039820B1FFE7039940205A
:100940008880FFE7029820B1FFE702994020888065
:10095000FFE70599432008804BF6D440C2F20040DF
:1009600006B080BD0000000080B590B00E908DF8FC
:1009700037104FF4077002F09BF80C900C9860B998
:10098000FFE70E98D0F8D41200EB81010020C1F8E7
:10099000C00202208DF83F00F0E00C984FF4077180
:1009A000EFF74CFD0C980E99D1F8D42201EB82019F
:1009B000C1F8C0020E99D1F8D40201EB8000D0F842
:1009C000C002C1F8BC020E98007C002840D1FFE7AD
:1009D0000E984BF22571C2F200410791097802226C
:1009E00008924FF40073099301F016FA0799089AD8
:1009F000099B0E98097801F00F0101EB810100EBD2
:100A0000810101200B9088840E984BF22671C2F26E
:100A100000410A91097801F0FFF90A9A0B980E99A2
:100A2000127802F00F0202EB820201EB8201A1F8C0
:100A300064010E984BF22471C2F20041097801F072
:100A40000F0101EB810100EB81011020C8843EE021
:100A50000E984BF22571C2F20041029109780222F0
:100A600003924023049301F0D7F90299039A049B5F
:100A70000E98097801F00F0101EB810100EB810173
:100A80000120069088840E984BF22671C2F2004134
:100A90000591097801F0C0F9059A06980E99127827
:100AA00002F00F0202EB820201EB8201A1F8640165
:100AB0000E984BF22471C2F20041097801F00F0147
:100AC00001EB810100EB81011020C884FFE70E9843
:100AD0004BF22471C2F200410091097803220823ED
:100AE00001F09AF900990E98097801F00F0101EBD5
:100AF000810100EB8101012088840C990020019084
:100B0000C1F804020E98D0F8D41200EB8100D0F89E
:100B1000C4020068804701980C99C1F814020C992E
:100B2000C1F818020C98D0F8040220B9FFE702209F
:100B30008DF83F0022E00E98007C70B9FFE70E9818
:100B40004BF22671C2F2004109780C9AD2F80422C5
:100B50004FF4007301F088F90CE00E984BF2267107
:100B6000C2F2004109780C9AD2F80422402301F025
:100B70007BF9FFE700208DF83F00FFE79DF83F007D
:100B800010B080BD0000000080B584B002900298D3
:100B9000D0F8D41200EB8100D0F8C0020190029886
:100BA000D0F8D41200EB8100D0F8C00220B9FFE7E2
:100BB00003208DF80F0022E00298007C70B9FFE757
:100BC00002984BF22671C2F200410978019AD2F8DC
:100BD00004224FF4007301F047F90CE002984BF245
:100BE0002671C2F200410978019AD2F8042240230A
:100BF00001F03AF9FFE700208DF80F00FFE79DF8BC
:100C00000F0004B080BD000083B0019000910098F7
:100C100020B9FFE703208DF80B000BE00098019945
:100C2000D1F8D42201EB8201C1F8C40200208DF872
:100C30000B00FFE79DF80B0003B0704700000000B9
:100C400084B0029001910298D0F8D41200EB810098
:100C5000D0F8C0020090009820B9FFE703208DF87B
:100C60000F0007E001980099C1F8040200208DF8F8
:100C70000F00FFE79DF80F0004B070470000000070
:100C800085B00390029101920398D0F8D41200EB42
:100C90008100D0F8C0020090009820B9FFE703203F
:100CA0008DF813000BE002980099C1F80802019832
:100CB0000099C1F8100200208DF81300FFE79DF89D
:100CC000130005B07047000080B58AB00890079106
:100CD0000898D0F8D41200EB8100D0F8C00206903A
:100CE00000208DF81500ADF812008DF8110006985F
:100CF00020B9FFE703208DF82700C7E007980078A8
:100D000000F060000146039100285ED0FFE70398E1
:100D1000202840F0AE80FFE70798C088002846D022
:100D2000FFE7079800780006002823D5FFE708981A
:100D3000D0F8D41200EB8100D0F8C4028368079A7F
:100D400050780699D28898470798C088082803D316
:100D5000FFE70720029003E00798C0880290FFE7B2
:100D60000298ADF8160008980699BDF8162000F014
:100D70003FF91BE007984078069981F80002079830
:100D8000C0883F2804D8FFE70798C088019002E098
:100D900040200190FFE70198069981F80102089828
:100DA000069991F8012200F0F3F8FFE70CE00898AB
:100DB000D0F8D41200EB8100D0F8C4028368079900
:100DC000487800229847FFE75BE0079840780146A3
:100DD00000910B2844D80099DFE801F00641424217
:100DE0004242424242421C32089890F89C02032838
:100DF00007D1FFE708980DF11201022200F0F8F880
:100E000007E00898079900F0B3F803208DF8110067
:100E1000FFE72DE0089890F89C02032807D1FFE730
:100E200008980DF11501012200F0E2F807E008989A
:100E3000079900F09DF803208DF81100FFE717E0F7
:100E4000089890F89C02032808D0FFE708980799B3
:100E500000F08EF803208DF81100FFE708E007E0AE
:100E60000898079900F084F803208DF81100FFE737
:100E700007E00898079900F07BF803208DF811002F
:100E8000FFE79DF811008DF82700FFE79DF8270088
:100E90000AB080BD0000000080B582B001908DF8DE
:100EA000031000208DF802000198D0F8B8124A68AB
:100EB0009DF80310904720B1FFE703208DF8020052
:100EC000FFE79DF8020002B080BD000000000000B6
:100ED00080B582B001900091019890F89C02013891
:100EE00002280ED8FFE700984088012808D1FFE7C4
:100EF00001990020C1F8A402019800F095F8FFE7DD
:100F000004E00198009900F033F8FFE702B080BDDB
:100F100082B001908DF80310002002B070470000ED
:100F200082B001908DF80310002002B070470000DD
:100F300080B584B00390029101920398029A019BBC
:100F40000021009100F090FF009804B080BD0000E7
:100F500080B584B00390029101920398029A019B9C
:100F60000021009101F0F4F8009804B080BD000069
:100F700080B582B0019000910198802101F094F831
:100F80000198002101F090F802B080BD000000003F
:100F900080B584B003900291019203990320C1F8B7
:100FA000940201980399C1F8580101980399C1F876
:100FB0005C010398029A019B0021009100F054FF0C
:100FC000009804B080BD000080B582B00190019906
:100FD0000520C1F8940201980023009319461A468F
:100FE00000F042FF009802B080BD00000000000049
:100FF00080B584B003900291019203990220C1F858
:10100000940201980399886101980399C861039833
:10101000029A019B0021009101F09AF8009804B017
:1010200080BD00000000000080B582B001900199F1
:101030000420C1F8940201980023009319461A462F
:1010400001F086F8009802B080BD000000000000AA
:1010500080B584B0039002910298C088012805D021
:10106000FFE703980299FFF783FF21E0039890F8C8
:101070009C12481E0191022804D3FFE7019803281F
:101080000AD00FE0039900208860039800F108015E
:101090000122FFF7ADFF0AE00398011D0122FFF7CF
:1010A000A7FF04E003980299FFF762FFFFE7FFE75D
:1010B00004B080BD0000000080B588B007900691A4
:1010C0000020ADF8160004908DF80F000698C07847
:1010D0000138014602910E2800F241810299DFE8B1
:1010E00011F02A00340051003E013E010B012301A2
:1010F0003E013E013E013E013E013E013E010F0028
:101100000798D0F8B402C06950B1FFE70798D0F84B
:10111000B412CA69007C0DF116019047049009E0F1
:1011200007980699FFF724FF9DF80F0001308DF80E
:101130000F00FFE71DE10798D0F8B4120A68007CA1
:101140000DF116019047049013E10798007C60B9F7
:10115000FFE70798D0F8B802816A0DF116008847BA
:1011600004900499022048700BE00798D0F8B80268
:10117000C16A0DF116008847049004990220487056
:10118000FFE7F6E00698807801460191052800F215
:10119000A8800199DFE801F0031E39546F8A07988F
:1011A000D0F8B402406850B1FFE70798D0F8B41205
:1011B0004A68007C0DF116019047049009E00798F9
:1011C0000699FFF7D5FE9DF80F0001308DF80F004E
:1011D000FFE790E00798D0F8B402806850B1FFE7CD
:1011E0000798D0F8B4128A68007C0DF11601904778
:1011F000049009E007980699FFF7BAFE9DF80F00E2
:1012000001308DF80F00FFE775E00798D0F8B402C1
:10121000C06850B1FFE70798D0F8B412CA68007CE4
:101220000DF116019047049009E007980699FFF721
:101230009FFE9DF80F0001308DF80F00FFE75AE088
:101240000798D0F8B402006950B1FFE70798D0F8CA
:10125000B4120A69007C0DF116019047049009E070
:1012600007980699FFF784FE9DF80F0001308DF86E
:101270000F00FFE73FE00798D0F8B402406950B193
:10128000FFE70798D0F8B4124A69007C0DF1160107
:101290009047049009E007980699FFF769FE9DF8CA
:1012A0000F0001308DF80F00FFE724E00798D0F819
:1012B000B402806950B1FFE70798D0F8B4128A6988
:1012C000007C0DF116019047049009E007980699FB
:1012D000FFF74EFE9DF80F0001308DF80F00FFE77D
:1012E00009E007980699FFF743FE9DF80F000130CB
:1012F0008DF80F00FFE73CE00798007C48B9FFE756
:101300000798D0F8B802416B0DF116008847049099
:1013100009E007980699FFF72BFE9DF80F000130B2
:101320008DF80F00FFE724E00798007C60B9FFE725
:101330000798D0F8B802016B0DF1160088470490A9
:1013400004990720487009E007980699FFF710FEF6
:101350009DF80F0001308DF80F00FFE709E00798B6
:101360000699FFF705FE9DF80F0001308DF80F007C
:10137000FFE79DF80F0008B1FFE72AE00698C08854
:1013800018B3FFE7BDF81600C8B1FFE7BDF81600B7
:101390000699C988884204DAFFE7BDF81600009074
:1013A00003E00698C0880090FFE70098ADF81600AB
:1013B00007980499BDF81620FFF71AFE04E0079875
:1013C0000699FFF7D5FDFFE703E00798FFF72CFE2E
:1013D000FFE708B080BD000080B586B005908DF8AD
:1013E000131005980390059802900020019002992F
:1013F00048880978884227DDFFE702980078ADF831
:101400000200FFE7BDF802000299498888421ADA13
:10141000FFE703980DF1020100F036F803900398FE
:10142000407805280ED1FFE7039801900198807855
:101430009DF81310884201D1FFE704E000200190DD
:10144000FFE7FFE7DEE7FFE7019806B080BD000099
:1014500083B0029000208DF8070002980090FFE70B
:101460000098007848B1FFE79DF8070001308DF83B
:101470000700009801300090F2E79DF8070003B0E4
:10148000704700000000000083B0029001910298B4
:10149000009000980278019908881044088002980A
:1014A0000099097808440090009803B07047000044
:1014B00080B582B001900091019890F89C020138AB
:1014C00002281FD8FFE70098C088022805D0FFE750
:1014D00001980099FFF74CFD19E001990120C860BF
:1014E0000198D0F8A40230B1FFE70199C86840F034
:1014F0000200C860FFE7019800F10C010222FFF72B
:1015000077FD04E001980099FFF732FDFFE702B094
:1015100080BD00000000000080B586B005900491F9
:10152000039200208DF80B00059808B9FFE74FE003
:10153000059801900198FFF78BFF0146022000EB10
:101540004100B0F5007F04D9FFE74FF40070009030
:1015500008E00198FFF77CFF0146022000EB410004
:101560000090FFE700980399088003980078049999
:101570009DF80B2088549DF80B0001308DF80B006E
:1015800004999DF80B20032088549DF80B0001302E
:101590008DF80B00FFE701980078C8B1FFE70198CC
:1015A000007804999DF80B2088540198013001902F
:1015B0009DF80B0001308DF80B0004999DF80B206D
:1015C000002088549DF80B0001308DF80B00E2E7F5
:1015D00006B080BD0000000082B08DF8070000203A
:1015E0008DF806009DF8070001460091032814D8E5
:1015F0000099DFE801F002060A0E00208DF80600CF
:101600000FE003208DF806000BE001208DF80600A6
:1016100007E003208DF8060003E003208DF80600A4
:10162000FFE79DF8060002B07047000000000000D0
:1016300080B582B08DF8070000919DF8070060B971
:10164000FFE7009A41F25C20C0F602004BF6787189
:10165000C2F20041FFF760FF0BE0009A41F25C200C
:10166000C0F602004BF67871C2F20041FFF754FF5A
:10167000FFE74BF67870C2F2004002B080BD000078
:1016800082B08DF8070000910099122008804BF677
:101690002450C2F2004002B0704700000000000079
:1016A00080B582B08DF8070000919DF8070060B901
:1016B000FFE7009A41F24E20C0F602004BF6787127
:1016C000C2F20041FFF728FF0BE0009A41F24E20E2
:1016D000C0F602004BF67871C2F20041FFF71CFF22
:1016E000FFE74BF67870C2F2004002B080BD000008
:1016F00082B08DF8070000910099042008804BF615
:101700004C50C2F2004002B07047000000000000E0
:1017100080B584B08DF80F000291029A41F26720E3
:10172000C0F602004BF67871C2F200410191FFF75A
:10173000F3FE019804B080BD80B582B08DF807003B
:1017400000919DF8070060B9FFE7009A41F27A2006
:10175000C0F602004BF67871C2F20041FFF7DCFEE2
:101760000BE0009A41F27A20C0F602004BF6787145
:10177000C2F20041FFF7D0FEFFE74BF67870C2F2ED
:10178000004002B080BD000080B582B08DF8070037
:10179000009100991A200880EFF7AEFF4BF65050E9
:1017A000C2F2004002B080BD80B584B002900191C9
:1017B0008DF80320029820B9FFE703208DF80F0071
:1017C00023E002990020C1F8B8020299C1F8C402CE
:1017D0000299C1F8D002019828B1FFE70198029957
:1017E000C1F8B402FFE70299012081F89C029DF83C
:1017F000030002990870029800F02AFA8DF802009E
:101800009DF802008DF80F00FFE79DF80F0004B06F
:1018100080BD00000000000080B582B001908DF80E
:10182000031000208DF802008DF801000198D0F817
:10183000C8029DF80310F4F7F7FF8DF802009DF839
:101840000200FFF7C9FE8DF801009DF8010002B00B
:1018500080BD00000000000080B582B001908DF8CE
:10186000031000208DF802008DF801000198D0F8D7
:10187000C8029DF80310F4F783FF8DF802009DF86D
:101880000200FFF7A9FE8DF801009DF8010002B0EB
:1018900080BD00000000000080B588B006908DF883
:1018A000171004929DF81700002874D1FFE70698DE
:1018B000143003900698D0F8940202285DD1FFE717
:1018C00003998868C968884212D9FFE70399886834
:1018D000CA68801A886006980499039A9268FFF78C
:1018E00037FB0698002319461A4600F0BDFA43E07C
:1018F00003988168C06888421ED1FFE70399486851
:10190000C968884218D3FFE7039840680699D1F860
:101910009812884210D2FFE70698002201921146E1
:10192000FFF716FB019B0698C0F8983206981946F7
:101930001A4600F099FA1EE0069890F89C020328D7
:1019400011D1FFE70698D0F8B802C06850B1FFE7A0
:1019500006990020C1F8D4020698D0F8B812C968D8
:101960008847FFE7FFE70698802100F09DFB069877
:10197000FFF72AFBFFE7FFE7FFE7069890F8A002D2
:1019800040B1FFE7069800F077FC0699002081F847
:10199000A002FFE740E006989DF8171041F0800193
:1019A000FFF7B6FA8DF80A009DF80A00FF2832D03A
:1019B000FFE79DF80A0070BBFFE7069890F89C02CD
:1019C000032827D1FFE706989DF80A1000EB810055
:1019D000D0F8B8024069E0B1FFE79DF80A00069927
:1019E000C1F8D40206989DF80A1000EB8101D1F8E5
:1019F000B8124A699DF8171090478DF80B009DF8B2
:101A00000B0028B1FFE79DF80B008DF81F0007E0E1
:101A1000FFE7FFE7FFE7FFE700208DF81F00FFE784
:101A20009DF81F0008B080BD80B58AB008908DF881
:101A30001F10069200208DF813009DF81F0000284B
:101A400040F08280FFE7089800F5AA70059008989A
:101A5000D0F89402032876D1FFE705998868C96811
:101A600088421DD9FFE705998868CA68801A88608E
:101A7000089802900698039005998868C96888427A
:101A800004D2FFE705988068019003E00598C068DC
:101A90000190FFE703990298019AFFF749FA51E094
:101AA000089890F8AA0200F01F000146009140B18A
:101AB000FFE70098012808D0FFE7009802280CD023
:101AC00013E000208DF8120013E0089890F8AE1291
:101AD000FFF726FA8DF812000BE0089890F8AE1286
:101AE000FFF716FA8DF8120003E000208DF81200BF
:101AF000FFE79DF8120008BBFFE7089890F89C02EA
:101B000003281AD1FFE708989DF8121000EB810016
:101B1000D0F8B802006978B1FFE79DF81200089983
:101B2000C1F8D40208989DF8121000EB8101D1F899
:101B3000B81209698847FFE7FFE7FFE70898FFF752
:101B400073FAFFE7FFE740E008989DF81F1001F0E7
:101B50007F01FFF7DDF98DF812009DF81200FF28D4
:101B600032D0FFE79DF8120070BBFFE7089890F8AD
:101B70009C0203281ED1FFE708989DF8121000EB85
:101B80008100D0F8B802806998B1FFE79DF8120093
:101B90000899C1F8D40208989DF8121000EB810151
:101BA000D1F8B8128A699DF81F1090478DF813007C
:101BB000FFE7FFE79DF8130028B1FFE79DF813004A
:101BC0008DF8270005E0FFE7FFE700208DF82700EC
:101BD000FFE79DF827000AB080BD0000000000006C
:101BE00081B00090002001B07047000000000000AC
:101BF00080B582B0019000208DF80300019901208A
:101C000081F89C020198D0F8B80268B1FFE701980A
:101C1000D0F8B8124A680179904720B1FFE7032055
:101C20008DF80300FFE7FFE79DF8030002B080BDD9
:101C300080B582B001908DF803100198D0F8C802E9
:101C40009DF80310F4F754FE02B080BD00000000C0
:101C500080B584B0039003980078012839D1FFE75C
:101C600003994EF23C60C2F200400290C0F8E014CA
:101C70000399C1F8C8020021C4F2040101600921DE
:101C800001710221C17101228271417200218172B0
:101C9000C17201738173C1730174F5F7F9FB18B157
:101CA000FFE7EFF71DFBFFE74EF23C60C2F200409A
:101CB000019080210091F4F797FC009A019800218F
:101CC000F4F79EFC019801214FF4BA72F4F798FCE6
:101CD000FFE7002004B080BD84B002908DF80710AB
:101CE0000298D0F8C80200909DF80700000600286E
:101CF0000DD5FFE700989DF8071001F07F0101EB7B
:101D0000C10100EB8100807D8DF80F000DE000988F
:101D10009DF8071001F07F0101EBC10100EB81008C
:101D200090F856028DF80F00FFE79DF80F0004B001
:101D3000704700000000000080B584B002908DF86C
:101D400007100298D0F8D41200EB8100D0F8B80246
:101D500020B9FFE703208DF80F0020E0029890F8EB
:101D60009C02032817D1FFE70298D0F8D41200EBA9
:101D70008100D0F8B802006A60B1FFE70298D0F89D
:101D8000D41200EB8101D1F8B8120A6A9DF807104D
:101D90009047FFE7FFE700208DF80F00FFE79DF871
:101DA0000F0004B080BD000080B584B002908DF8B3
:101DB00007100298D0F8D41200EB8100D0F8B802D6
:101DC00020B9FFE703208DF80F0020E0029890F87B
:101DD0009C02032817D1FFE70298D0F8D41200EB39
:101DE0008100D0F8B802406A60B1FFE70298D0F8ED
:101DF000D41200EB8101D1F8B8124A6A9DF807109D
:101E00009047FFE7FFE700208DF80F00FFE79DF800
:101E10000F0004B080BD000080B584B003908DF841
:101E20000B108DF80A20ADF8083000208DF807005F
:101E30008DF806000398D0F8C8029DF80B10BDF885
:101E400008209DF80A30F4F767FD8DF807009DF82B
:101E50000700FFF7C1FB8DF806009DF8060004B0EF
:101E600080BD00000000000080B586B005908DF8B0
:101E700013100392029300208DF807008DF80600DE
:101E80000598D0F8C8029DF81310039A029BF4F746
:101E9000BBFD8DF807009DF80700FFF79DFB8DF84F
:101EA00006009DF8060006B080BD0000000000009E
:101EB00080B586B0059000208DF81300059A0121A9
:101EC00082F89C120599C1F8940205994860059919
:101ED000C1F8A402059981F8A0020598D0F8B802CB
:101EE000A0B1FFE70598D0F8B802406868B1FFE7F5
:101EF0000598D0F8B8124A680179904720B1FFE7F9
:101F000003208DF81300FFE7FFE7FFE705980022A5
:101F10000192402303931146FFF77EFF019A039B32
:101F2000059901200290A1F864010598C0F860317C
:101F300005988021FFF770FF02990398059A918414
:101F4000059908629DF8130006B080BD00000000EE
:101F500081B00090009890F89C02042807D1FFE718
:101F6000009890F89D02009981F89C02FFE70020FC
:101F700001B070470000000080B582B00190019868
:101F800090F89C02032813D1FFE70198D0F8B8021B
:101F900068B1FFE70198D0F8B802C06930B1FFE737
:101FA0000198D0F8B812C9698847FFE7FFE7FFE753
:101FB000002002B080BD000082B001908DF80310B7
:101FC0009DF8030001990874002002B070470000DA
:101FD00080B582B001908DF8031000208DF80200CA
:101FE0008DF801000198D0F8C8029DF80310F5F7AC
:101FF00003FC8DF802009DF80200FFF7EDFA8DF862
:1020000001009DF8010002B080BD0000000000004A
:1020100080B584B003900291039800F2AA2002993F
:1020200000F0BAF803990120C1F894020399B1F8BD
:10203000B002C1F89802039890F8AA0200F01F00BD
:102040000146009140B1FFE7009801280CD0FFE75E
:102050000098022810D017E0039800F2AA2100F09F
:1020600067FA8DF8070019E0039800F2AA2100F042
:102070009FFC8DF8070011E0039800F2AA2100F000
:10208000BFFA8DF8070009E0039890F8AA1201F052
:10209000800100F009F88DF80700FFE79DF80700C0
:1020A00004B080BD0000000080B582B001908DF8C2
:1020B000031000208DF802008DF801000198D0F87F
:1020C000C8029DF80310F4F7D7FC8DF802009DF8C4
:1020D0000200FFF781FA8DF801009DF8010002B0BF
:1020E00080BD00000000000080B582B0019000209B
:1020F0008DF803008DF802000198D0F8C802F5F7BA
:10210000B7FB8DF803009DF80300FFF765FA8DF823
:1021100002009DF8020002B080BD00000000000037
:1021200081B00090009890F89C02042807D0FFE747
:10213000009890F89C02009981F89D02FFE70099B1
:10214000042081F89C02002001B0704700000000CC
:1021500080B586B005908DF813100392029300208D
:102160008DF807008DF806000598D0F8C8029DF894
:102170001310039A029BF4F7EFFC8DF807009DF80B
:102180000700FFF729FA8DF806009DF8060006B053
:1021900080BD00000000000080B584B00390029173
:1021A0000298019001980078039908700198013015
:1021B00001900198007803994870019801300190CE
:1021C0000198FCF769F90399488001980130019062
:1021D0000198013001900198FCF75EF9039988801D
:1021E0000198013001900198013001900198FCF7AD
:1021F00053F90399C88004B080BD000000000000BE
:1022000080B584B0029001910020ADF802000198E1
:1022100020B9FFE703208DF80F0026E0019802990E
:10222000C1F8B8020298D0F8D41200EB8100D0F8BF
:10223000B802C06A78B1FFE70298D0F8D41200EB78
:102240008100D0F8B802C16A0DF1020088470299F6
:10225000C1F8D002FFE70299D1F8D8020130C1F8E5
:10226000D80200208DF80F00FFE79DF80F0004B0A2
:1022700080BD00000000000081B00090002001B08F
:10228000704700000000000080B584B00390029108
:1022900002988088B8BBFFE70298C08898BBFFE728
:1022A000029840887F282ED8FFE70298807800F0B7
:1022B0007F008DF80700039890F89C02032805D151
:1022C000FFE703980299FEF753FE1BE09DF8070015
:1022D000039981F89E0203989DF80710FFF778FE96
:1022E0000398FEF7A1FE9DF8070028B1FFE70399C8
:1022F000022081F89C0204E00399012081F89C02ED
:10230000FFE7FFE704E003980299FEF731FEFFE7DD
:1023100004B080BD0000000080B582B001908DF84F
:10232000031000208DF802000198D0F8B80250B1D7
:10233000FFE70198D0F8B8120A689DF8031090479B
:102340008DF80200FFE79DF8020002B080BD00009A
:1023500080B586B00490039100208DF80B0003989F
:1023600081784BF67470C2F2004001700078022848
:1023700008D3FFE704980399FEF7FAFD03208DF8D0
:102380001700A0E0049890F89C02014601910228F1
:1023900004D0FFE7019803282FD07FE04BF674703C
:1023A000C2F20040007818B3FFE74BF67471C2F236
:1023B00000410878049A506004980978FFF7ACFF50
:1023C0008DF80B009DF80B0048B1FFE704980399C6
:1023D000FEF7CEFD0499022081F89C0207E00498E4
:1023E000FEF722FE0499032081F89C02FFE703E038
:1023F0000498FEF719FEFFE760E04BF67470C2F236
:102400000040007898B9FFE70499022081F89C0207
:102410004BF67471C2F200410878049A5060049837
:102420000978FEF739FD0498FEF7FEFD35E04BF61E
:102430007470C2F20040007804994968884227D03D
:10244000FFE704980179FEF727FD4BF67471C2F29D
:1024500000410878049A506004980978FFF75CFFFF
:102460008DF80B009DF80B0068B1FFE70498039905
:10247000FEF77EFD04980179FEF70EFD0499022017
:1024800081F89C0203E00498FEF7CEFDFFE703E02D
:102490000498FEF7C9FDFFE7FFE70FE004980399F2
:1024A000FEF766FD04984BF67471C2F2004109789C
:1024B000FEF7F2FC03208DF80B00FFE79DF80B0000
:1024C0008DF81700FFE79DF8170006B080BD0000EB
:1024D00080B582B00190009100984088012808D111
:1024E000FFE701990120C1F8A4020198FEF79CFDC5
:1024F00013E000984088022809D1FFE7009840794E
:10250000019981F8A0020198FEF78EFD04E0019880
:102510000099FEF72DFDFFE7FFE702B080BD000048
:1025200080B582B001900198FFF7DEFD02B080BD5A
:1025300080B586B00590049100208DF80F000498B6
:10254000007800F0600001460291A8B1FFE7029810
:10255000202804D0FFE70298402846D1FFE70598DD
:10256000D0F8D41200EB8101D1F8B8128A6804992E
:1025700090478DF80F003DE00498407801460191A6
:1025800009282CD80199DFE801F01B252A202A0A06
:10259000052A160F05980499FEF78EFD24E005988C
:1025A0000499FFF771FE1FE005980499FFF7D0FE2C
:1025B0008DF80F0018E005980499FEF749FD13E027
:1025C00005980499FEF774FF0EE005980499FFF74B
:1025D0007FFF09E005980499FEF77AFC04E005986E
:1025E0000499FEF7C5FCFFE704E005980499FEF79F
:1025F000BFFCFFE79DF80F0006B080BD00000000A3
:1026000080B58CB00B900A9100208DF821000A98BB
:1026100080888DF823000A98007800F06000014659
:102620000791B8B3FFE70798202805D0FFE7079880
:10263000402840F0B281FFE70B989DF82310FEF789
:1026400067FC8DF822009DF82200FF2821D0FFE7CB
:102650009DF82200E8B9FFE79DF822000B99C1F828
:10266000D4020B989DF8221000EB8100D0F8B8023C
:10267000806868B1FFE70B989DF8221000EB81019C
:10268000D1F8B8128A680A9990478DF82100FFE7BF
:10269000FFE787E10A98407801460691002800F09C
:1026A000BD80FFE7069801284CD0FFE70698032875
:1026B00040F06D81FFE70B9890F89C020146059170
:1026C000022804D0FFE70598032819D034E09DF8CC
:1026D000230078B1FFE79DF8230080280AD0FFE7A8
:1026E0000B989DF82310FFF7DFFC0B988021FFF774
:1026F000DBFC04E00B980A99FEF73AFCFFE720E0C8
:102700000A984088A0B9FFE79DF8230078B1FFE759
:102710009DF8230080280AD0FFE70A98C08830B9C6
:10272000FFE70B989DF82310FFF7BEFCFFE7FFE7DC
:102730000B98FEF779FC04E00B980A99FEF718FC59
:10274000FFE729E10B9890F89C02014604910228CA
:1027500004D0FFE70498032819D059E09DF823001E
:1027600078B1FFE79DF8230080280AD0FFE70B9897
:102770009DF82310FFF798FC0B988021FFF794FC3D
:1027800004E00B980A99FEF7F3FBFFE745E00A988F
:102790004088E0BBFFE79DF82300400630B1FFE72B
:1027A0000B989DF82310FFF737F8FFE70B98FEF71B
:1027B0003BFC0B989DF82310FEF7AAFB8DF8220036
:1027C0009DF82200FF2821D0FFE79DF82200E8B9FC
:1027D000FFE79DF822000B99C1F8D4020B989DF8F1
:1027E000221000EB8100D0F8B802806868B1FFE7E2
:1027F0000B989DF8221000EB8101D1F8B8128A687D
:102800000A9990478DF82100FFE7FFE7FFE704E012
:102810000B980A99FEF7ACFBFFE7BDE00B9890F828
:102820009C0201460391022804D0FFE70398032885
:1028300038D0A6E09DF8230050B1FFE79DF82300B3
:10284000802805D0FFE70B980A99FEF791FB9DE0E1
:102850009DF82300000600280CD5FFE70B989DF893
:10286000231001F07F0101EB810100EB81001430A6
:1028700002900CE00B989DF8231001F07F0101EB12
:10288000810100EB810000F5AA700290FFE7029839
:1028900009900999002008600B9809990222FEF717
:1028A000A7FB73E09DF823000006002812D5FFE780
:1028B0000B989DF8231001F00F0101EB810100EB53
:1028C0008100808C28B9FFE70B980A99FEF750FB2E
:1028D0005CE012E00B989DF8231001F00F0101EB72
:1028E000810100EB8100B0F8640128B9FFE70B9883
:1028F0000A99FEF73DFB49E0FFE79DF8230000063B
:1029000000280CD5FFE70B989DF8231001F07F01FC
:1029100001EB810100EB8100143001900CE00B9879
:102920009DF8231001F07F0101EB810100EB810094
:1029300000F5AA700190FFE7019809909DF8230027
:1029400028B1FFE79DF82300802804D1FFE709990B
:10295000002008600FE00B989DF82310FFF7BCF9EA
:1029600020B1FFE709990120086003E009990020E0
:102970000860FFE7FFE70B9809990222FEF738FB92
:1029800004E00B980A99FEF7F3FAFFE704E00B98CE
:102990000A99FEF7EDFAFFE704E00B980A99FEF7B3
:1029A000E7FAFFE79DF821000CB080BD00000000B1
:1029B00080B584B00390029100208DF80700029842
:1029C000007800F060000146009140B1FFE70098F8
:1029D000202804D0FFE7009840285AD1FFE7039849
:1029E00090F89C02013802284DD8FFE70298007940
:1029F000012842D8FFE7039802990979FEF790FA77
:102A00008DF806009DF80600FF2825D0FFE79DF809
:102A1000060008BBFFE703989DF8061000EB810055
:102A2000D0F8B802806890B1FFE79DF806000399DE
:102A3000C1F8D40203989DF8061000EB8101D1F88B
:102A4000B8128A68029990478DF8070003E00320C6
:102A50008DF80700FFE703E003208DF80700FFE78C
:102A60000298C08840B9FFE79DF8070020B9FFE74A
:102A70000398FEF7D9FAFFE704E003980299FEF7FE
:102A800077FAFFE704E003980299FEF771FAFFE78F
:102A900004E003980299FEF76BFAFFE79DF8070040
:102AA00004B080BD0000000081B0009001B070470C
:102AB00081B000904CF27810C2F2004001B0704733
:102AC00084B00390029103980190029800780090DE
:102AD00002984078012830D1FFE70298007800F092
:102AE0000F010120884082B20199D1F81C081043DF
:102AF000C1F81C080198009900EB4110D0F80009BA
:102B00000004002818D4FFE7029988686FF3DF20DB
:102B1000097940EA8140009A40EA8250019901EB2C
:102B20004211D1F80029104348F20002C1F200021C
:102B30001043C1F80009FFE72EE00298007800F08A
:102B40000F01012000FA01F20199D1F81C0840EAB6
:102B50000240C1F81C080198009900EB4110D0F820
:102B6000000B0004002816D4FFE7029988686FF371
:102B7000DF20097940EA81400199009A01EB421176
:102B8000D1F8002B104348F20002C1F200021043BA
:102B9000C1F8000BFFE7FFE7002004B0704700001A
:102BA00082B00190019800900099D1F8000940F29C
:102BB000FF729043C1F800090099D1F8040840F46D
:102BC0008070C1F80408002002B0704700000000C7
:102BD00080B58AB0DDF830C0CDF814C004930392FC
:102BE00002919DF814108DF824100299039A049B09
:102BF00008930792069101909DF81D00012823D1AA
:102C0000FFE70199886B20F4803088630199C868D8
:102C10004FF6BF72CFF6BD721040C8600199C86808
:102C200020F44010C8609DF82400012806D1FFE779
:102C30000199C86840F48010C860FFE7019800F06F
:102C40003FF88DF803001AE00199C86840F0400091
:102C5000C860019800F034F88DF803009DF8210059
:102C600030B9FFE70199886B40F48030886305E054
:102C70000199886B20F480308863FFE7FFE79DF8B7
:102C80001A00012816D1FFE70199C86D80B2C86506
:102C90000199C86D0022C0F2EE321043C865019957
:102CA000886840F0060088600199886840F020003C
:102CB0008860FFE79DF803000AB080BD00000000B7
:102CC00083B0019000200090FFE700980130009051
:102CD0000098B0F1706F04D9FFE703208DF80B0066
:102CE00025E0FFE701980069C00F0028EDD0FFE75D
:102CF000002000900199086940F001000861FFE799
:102D00000098013000900098B0F1706F04D9FFE78F
:102D100003208DF80B000AE0FFE701980069C00767
:102D20000028EDD1FFE700208DF80B00FFE79DF8AC
:102D30000B0003B07047000084B003900291039829
:102D400001900298007800900298407801284CD1B8
:102D5000FFE70198009900EB4110D0F80009C00F7F
:102D6000A8B1FFE70198009900EB4111D1F80009E3
:102D700040F00060C1F800090198009900EB411192
:102D8000D1F8000940F08040C1F80009FFE702983F
:102D9000007800F00F00012101FA00F20020CFF6C8
:102DA000FF7060EA020C019BD3F83C2802EA0C0297
:102DB000C3F83C28029A127802F00F02914060EAB0
:102DC00001020199D1F81C081040C1F81C080198B3
:102DD000009900EB4111D1F8000947F60002CEF648
:102DE00033421040C1F8000946E00198009900EB19
:102DF0004110D0F8000BC00FA8B1FFE7019800996F
:102E000000EB4111D1F8000B40F00060C1F8000B5D
:102E10000198009900EB4111D1F8000B40F080407F
:102E2000C1F8000BFFE70298007800F00F010120C5
:102E300000FA01F3019AD2F83C1821EA0341C2F8E2
:102E40003C180299097801F00F0100FA01F201998A
:102E5000D1F81C0820EA0240C1F81C08019800992A
:102E600000EB4111D1F8000B47F60002CEF6F372E9
:102E70001040C1F8000BFFE7002004B070470000CD
:102E800082B00190019800900099D1F8000E20F0D6
:102E90000300C1F8000E0099D1F8040820F00200E8
:102EA000C1F80408002002B07047000000000000D4
:102EB00082B00190019800900099D1F8000E20F0A6
:102EC0000300C1F8000E0099D1F8040840F0020098
:102ED000C1F80408002002B07047000000000000A4
:102EE00080B58CB0DDF838C0CDF81CC006930592D3
:102EF00004919DF81C108DF82C100499059A069BDE
:102F00000A9309920891039000208DF80B00039911
:102F100001910090FFE700980E280CD8FFE7039876
:102F2000009900EB81010020C1F80401FFE700983F
:102F300001300090EFE79DF82A00B8B9FFE701994A
:102F4000D1F8040840F00200C1F804080399886B26
:102F500020F4001088630399086840F0400008607E
:102F60000399086840F08000086005E00399886BC9
:102F700040F400108863FFE701990020C1F8000EBB
:102F80009DF8250001280FD1FFE79DF8230028B9FF
:102F9000FFE70398002100F0C3FE04E0039801213D
:102FA00000F0BEFEFFE704E00398032100F0B8FE46
:102FB000FFE70398102100F0A7FC20B1FFE70120F4
:102FC0008DF80B00FFE7039800F062FC20B1FFE7EB
:102FD00001208DF80B00FFE701990020C1F81008CF
:102FE0000199C1F814080199C1F81C080090FFE785
:102FF00000989DF8201088423BD2FFE70198009985
:1030000000EB4110D0F80009C00FB0B1FFE7009805
:1030100048B9FFE70198009900EB41114FF00060BB
:10302000C1F8000908E00198009900EB41114FF048
:103030009040C1F80009FFE707E00198009900EB14
:1030400041110020C1F80009FFE70198009900EB49
:1030500041110020C1F810090198009900EB4111BD
:103060004FF67F30C1F80809FFE700980130009063
:10307000BEE700200090FFE700989DF820108842EE
:103080003BD2FFE70198009900EB4110D0F8000B0C
:10309000C00FB0B1FFE7009848B9FFE70198009969
:1030A00000EB41114FF00060C1F8000B08E00198FF
:1030B000009900EB41114FF09040C1F8000BFFE781
:1030C00007E00198009900EB41110020C1F8000BC6
:1030D000FFE70198009900EB41110020C1F8100BA7
:1030E0000198009900EB41114FF67F30C1F8080BB1
:1030F000FFE7009801300090BEE70199D1F8100871
:1031000020F48070C1F810080399002088610399A9
:103110006FF0804048619DF8220030B9FFE70399C5
:10312000886940F010008861FFE70399886943F6D9
:103130000002C8F23C02104388619DF8260030B1BD
:10314000FFE70399886940F008008861FFE79DF870
:103150002A00012808D1FFE7039988690422C4F2F4
:10316000000210438861FFE79DF80B000CB080BDA2
:1031700081B000900099886820F0010088600020EC
:1031800001B070470000000086B004908DF80F1069
:103190000292049801900498006C0090009843F209
:1031A0000B01C4F6547188420BD3FFE70198D0F8A5
:1031B000000BC00F20B1FFE700208DF817002EE0B4
:1031C000FFE701990020C1F8100B0199D1F8100B0D
:1031D00040F40020C1F8100B0199D1F8100B40F019
:1031E0001800C1F8100B0199D1F8100B40F0C04045
:1031F000C1F8100B9DF80F0001280CD1FFE70298D1
:103200000199C1F8140B0199D1F8000B40F080200E
:10321000C1F8000BFFE700208DF81700FFE79DF8CD
:10322000170006B07047000084B003900291039825
:10323000019002980078009002984078012820D1EF
:10324000FFE70198009900EB4111D1F8000920F443
:103250000010C1F8000902980079032805D0FFE7A3
:103260000298007902280BD1FFE70198009900EB42
:103270004111D1F8000940F08050C1F80009FFE782
:103280001FE00198009900EB4111D1F8000B20F4E8
:103290000010C1F8000B02980079032805D0FFE761
:1032A0000298007902280BD1FFE70198009900EB02
:1032B0004111D1F8000B40F08050C1F8000BFFE73E
:1032C000FFE7002004B0704784B003900291039898
:1032D000019002980078009002984078012822D14D
:1032E000FFE70198009900EB4110D0F80009C00FEA
:1032F00070B9FFE7009858B1FFE70198009900EB1B
:103300004111D1F8000920F08040C1F80009FFE721
:103310000198009900EB4111D1F8000940F4001028
:10332000C1F8000921E00198009900EB4110D0F8A4
:10333000000BC00F70B9FFE7009858B1FFE7019884
:10334000009900EB4111D1F8000B20F08040C1F84A
:10335000000BFFE70198009900EB4111D1F8000B39
:1033600040F40010C1F8000BFFE7002004B07047E4
:1033700080B588B0079006918DF8172007980490C3
:1033800006980078039006984078012840F01C8148
:10339000FFE706980069F8B9FFE70498039900EB86
:1033A0004111D1F810096FF3DC40C1F810090498FD
:1033B000039900EB4111D1F8100940F40020C1F845
:1033C00010090498039900EB4111D1F810096FF32B
:1033D0001200C1F8100969E00498039900EB41114B
:1033E000D1F810096FF31200C1F81009049803997D
:1033F00000EB4111D1F810096FF3DC40C1F810095E
:103400000398A8B9FFE7069881680069884204D943
:10341000FFE7069988680861FFE70498039900EBC5
:103420004111D1F8100940F40020C1F8100915E04D
:1034300006988168006908440138B0FBF1F100206A
:10344000C1F6F87000EAC1420498039900EB4111FB
:10345000D1F810091043C1F81009FFE70698026976
:103460006FF3DF420498039900EB4111D1F8100982
:103470001043C1F8100906980079012815D1FFE71B
:103480000498039900EB4111D1F8100920F0C040D5
:10349000C1F810090498039900EB4111D1F8100903
:1034A00040F00050C1F81009FFE7FFE79DF8170052
:1034B00001283BD1FFE70698C06948B1FFE70698AD
:1034C000C0690499039A01EB4211C1F81409FFE79E
:1034D0000698007901281ED1FFE70498D0F8080863
:1034E000C00500280BD4FFE70498039900EB4111B5
:1034F000D1F8000940F00050C1F800090AE0049832
:10350000039900EB4111D1F8000940F08050C1F857
:103510000009FFE7FFE70498039900EB4111D1F898
:10352000000940F00440C1F800094CE004980399F8
:1035300000EB4111D1F8000940F00440C1F8000946
:1035400006980079012813D0FFE70698006970B14A
:10355000FFE70698007800F00F01012000FA01F261
:103560000499D1F834081043C1F83408FFE729E082
:103570000498D0F80808C00500280BD4FFE7049889
:10358000039900EB4111D1F8000940F00050C1F857
:1035900000090AE00498039900EB4111D1F80009F1
:1035A00040F08050C1F80009FFE70798069BD968F2
:1035B0001A781B8A9DF817C0EE46CEF800C000F0BE
:1035C000A3FCFFE7FFE7C4E00498039900EB411177
:1035D000D1F8100B6FF31200C1F8100B0498039987
:1035E00000EB4111D1F8100B6FF3DC40C1F8100B68
:1035F000039818BBFFE70698006920B1FFE706991A
:1036000088680861FFE70699886808620698026A78
:103610006FF3DF420498039900EB4111D1F8100BCE
:103620001043C1F8100B0498039900EB4111D1F835
:10363000100B40F40020C1F8100B49E00698006917
:10364000C0B9FFE7069882686FF3DF4204980399D8
:1036500000EB4111D1F8100B1043C1F8100B049886
:10366000039900EB4111D1F8100B40F40020C1F890
:10367000100B2CE006988168006908440138B0FB03
:10368000F1F0ADF80A0006998868BDF80A205043A9
:103690000862BDF80A100020C1F6F87000EAC142C5
:1036A0000498039900EB4111D1F8100B1043C1F8B5
:1036B000100B0698026A6FF3DF420498039900EB3F
:1036C0004111D1F8100B1043C1F8100BFFE7FFE7D1
:1036D0009DF8170001280ED1FFE70698C06848B191
:1036E000FFE70698C0680499039A01EB4211C1F8FC
:1036F000140BFFE7FFE70698007901281ED1FFE7CA
:103700000498D0F80808C00500280BD4FFE70498F7
:10371000039900EB4111D1F8000B40F00050C1F8C3
:10372000000B0AE00498039900EB4111D1F8000B5B
:1037300040F08050C1F8000BFFE7FFE704980399C1
:1037400000EB4111D1F8000B40F00440C1F8000B30
:10375000FFE7002008B080BD85B0049003910020F1
:1037600002908DF807000498009003984078012893
:103770003ED1FFE700980399097800EB4110D0F89B
:103780000009C00F98B3FFE700980399097800EB90
:103790004111D1F8000940F00060C1F8000900981B
:1037A0000399097800EB4111D1F8000940F08040FD
:1037B000C1F80009FFE7029801300290029842F236
:1037C0001171884204D3FFE701208DF807000DE056
:1037D000FFE700980399097800EB4110D0F8000941
:1037E00000F00040B0F1004FE5D0FFE7FFE73DE01B
:1037F00000980399097800EB4110D0F8000BC00F36
:1038000098B3FFE700980399097800EB4111D1F8CC
:10381000000B40F00060C1F8000B00980399097894
:1038200000EB4111D1F8000B40F08040C1F8000BD3
:10383000FFE7029801300290029842F2117188422B
:1038400004D3FFE701208DF807000DE0FFE70098A3
:103850000399097800EB4110D0F8000B00F000400C
:10386000B0F1004FE5D0FFE7FFE7FFE79DF8070065
:1038700005B070470000000081B000900099886892
:1038800040F001008860002001B070470000000097
:1038900083B0019000200090FFE700980130009075
:1038A0000098B0F1706F04D9FFE703208DF80B008A
:1038B00024E0FFE701980069C00F0028EDD0FFE782
:1038C00000200090019910200861FFE70098013066
:1038D00000900098B0F1706F04D9FFE703208DF8D5
:1038E0000B000BE0FFE70198006900F010001028C2
:1038F000ECD0FFE700208DF80B00FFE79DF80B00F0
:1039000003B070470000000084B0029001910020D5
:103910000090FFE70098013000900098B0F1706FC0
:1039200004D9FFE703208DF80F0026E0FFE7029897
:103930000069C00F0028EDD0FFE70020009001983B
:103940008001203002990861FFE700980130009063
:103950000098B0F1706F04D9FFE703208DF80F00D5
:103960000BE0FFE70298006900F020002028ECD06F
:10397000FFE700208DF80F00FFE79DF80F0004B06F
:10398000704700000000000084B00390039802908C
:103990000298D0F8080800F006000090009820B9BE
:1039A000FFE700208DF8070010E00098022804D0FF
:1039B000FFE70098062804D1FFE702208DF80700F2
:1039C00003E00F208DF80700FFE7FFE79DF80700F1
:1039D00004B070470000000081B00090009840697A
:1039E00000F0010001B0704783B00290029801908E
:1039F0000198D0F8180800900198D0F81C18009889
:103A000008400090BDF8000003B0704700000000BF
:103A100083B00290029801900198D0F818080090A5
:103A20000198D0F81C18009808400090BDF80200DA
:103A300003B070470000000086B005908DF81310A9
:103A4000059803900398D0F8100801900398D0F8D7
:103A50003408009000989DF8131001F00F01C84041
:103A600000F00101019840EAC110019003989DF80F
:103A7000131000EB4110D0F808090199084002909A
:103A8000029806B07047000084B003908DF80B10C8
:103A90000398019001989DF80B1000EB4110D0F8AD
:103AA000080B00900198D0F8141800980840009076
:103AB000009804B07047000082B0019001984069FE
:103AC000009001988169009808400090009802B029
:103AD000704700000000000089B008900791ADF821
:103AE0001A200898059007980490BDF81A008008DD
:103AF0000190BDF81A0000F00300ADF802000020AC
:103B00000290FFE702980199884217D2FFE70598D3
:103B10004FF4805140580499086004980130049093
:103B20000498013004900498013004900498013006
:103B30000490FFE7029801300290E3E7BDF802002D
:103B400008B3FFE70020029005984FF480514058D9
:103B50000390FFE703989DF80810C900C840049936
:103B60000870029801300290049801300490BDF86A
:103B700002000138ADF80200FFE7BDF8020000289E
:103B8000E8D1FFE7FFE7049809B0704700000000A4
:103B900080B58AB0002009900890079006900590A3
:103BA000FFE744F2E040C5F60200016841F0010180
:103BB0000160006800F0010004900498FFE74FF4F2
:103BC00080500290059001200390069002200790FB
:103BD0000020009008900020C5F60200019005A981
:103BE000F2F7E2F9009A01980299F2F7B1FB64202A
:103BF000F0F7E6FE01980299039AF2F7A9FB0AB0E2
:103C000080BD00000000000080B586B004908DF8F3
:103C10000F10002002900499C86820F0C040C860CE
:103C20009DF80F00012823D1FFE70499C86840F0F0
:103C30000050C860FFE70A20F0F7C2FE02980A3081
:103C40000290FFE70498FFF7C7FE01460020012914
:103C5000019007D0FFE702990020C82938BF012052
:103C60000190FFE70198C0070028E4D1FFE72AE0B0
:103C70009DF80F0010BBFFE70499C86840F0804032
:103C8000C860FFE70A20F0F79BFE02980A30029016
:103C9000FFE70498FFF7A0FE01460020009039B12D
:103CA000FFE702990020C82938BF01200090FFE7F4
:103CB0000098C0070028E5D1FFE703E001208DF858
:103CC00017000CE0FFE70298C82804D1FFE70120A5
:103CD0008DF8170003E000208DF81700FFE79DF82E
:103CE000170006B080BD000083B002908DF8071069
:103CF000029800900099D1F8000820F4FE60C1F805
:103D000000089DF8070000F07F020099D1F8000834
:103D100040EA0210C1F80008002003B0704700001C
:103D200083B002908DF80710029800909DF807204C
:103D30000099D1F800081043C1F80008002003B032
:103D4000704700000000000084B0039002918DF8DD
:103D500007209DF80700022840F0B880FFE702988E
:103D60004AF6C041C0F2D80188420BD3FFE702985F
:103D70004EF2BF11C0F2E401884203D8FFE70F20E2
:103D80000090A2E002984EF2C011C0F2E401884215
:103D90000BD3FFE7029842F2FF31C0F2F4018842F0
:103DA00003D8FFE70E2000908EE0029842F2004117
:103DB000C0F2F40188420BD3FFE7029847F27F314B
:103DC000C0F20611884203D8FFE70D2000907AE088
:103DD000029847F28031C0F2061188420BD3FFE708
:103DE000029844F69F11C0F21A11884203D8FFE7E7
:103DF0000C20009066E0029844F6A011C0F21A115F
:103E000088420BD3FFE7029842F6FF41C0F231111E
:103E1000884203D8FFE70B20009052E0029842F658
:103E20000051C0F2311188420BD3FFE702984AF2E9
:103E30003F41C0F24C11884203D8FFE70A200090AE
:103E40003EE002984AF24041C0F24C1188420BD346
:103E5000FFE7029843F2FF51C0F26E11884203D887
:103E6000FFE7092000902AE0029843F20061C0F2C7
:103E70006E1188420BD3FFE702984AF61F31C0F259
:103E8000A611884203D8FFE70820009016E00298A8
:103E90004AF62031C0F2A61188420BD3FFE7029800
:103EA00044F2FF71C0F2E811884203D8FFE707200F
:103EB000009002E006200090FFE7FFE7FFE7FFE742
:103EC000FFE7FFE7FFE7FFE7FFE70AE09DF80700EE
:103ED00018B9FFE70920009002E009200090FFE7F1
:103EE000FFE70399C86820F47050C860009800F09C
:103EF0000F020399C86840EA8220C860002004B01D
:103F0000704700000000000080B588B084460A9821
:103F1000CDF81CC006918DF81720ADF814308DF83F
:103F2000130007980390069802909DF8130048BB71
:103F3000FFE7BDF8140003308008019000200090D6
:103F4000FFE70098019988421BD2FFE702980068BA
:103F500003999DF8172001EB02314FF480528850ED
:103F600002980130029002980130029002980130CC
:103F70000290029801300290FFE700980130009013
:103F8000DFE7FFE7002008B080BD00000000000070
:103F9000FFE7FEE70000000084B041EC100B8DED60
:103FA000020B029A039941F00100002A08BF08465B
:103FB0000190019820F000410020C7F6F070401AEF
:103FC000C00F04B07047000081B000EE100A0090EE
:103FD000009820F00040C0F1FF40C00F01B07047D2
:103FE00081B0ADF80200BDF9020000280ED4FFE751
:103FF000BDF9021001F01F02012090404A094EF263
:104000000011CEF2000141F82200FFE701B0704735
:104010004EF60C50CEF200000068C0F3022070474C
:1040200082B0ADF806000091BDF9060000280AD460
:10403000FFE700980001BDF906104EF20042CEF2F3
:10404000000288540BE000980001BDF8061001F052
:104050000F014EF61452CEF200028854FFE702B070
:10406000704700000000000083B00290029800F04A
:10407000070000904EF60C51CEF200010868019046
:1040800001984FF6FF02104001900198009A40EA13
:1040900002200022C0F2FA521043019001980860F9
:1040A00003B070470000000083B0029001910092BD
:1040B0000298009948600098029908600298019956
:1040C000086001980299486003B070470000000042
:1040D00083B0029001910092029800994860009884
:1040E0000299086002980199086001980299486055
:1040F00003B070470000000083B00290019100926D
:104100000298009948600098029908600298019905
:10411000086001980299486003B0704700000000F1
:104120002DE9F04184B000200390FFE703980628B2
:104130002DDCFFE70398C0EB001248F2C240C2F248
:1041400001400D3000218154039AC2EB0212024457
:1041500051700399C1EB0112024491700399C1EBB4
:1041600001110144D1F80320D1F80730D1F80B0038
:104170004FF0010C6CF30202C1F80730C1F80320C4
:10418000C1F80B00FFE7039801300390CEE707204A
:104190000290FFE70298062815DCFFE70298C0EBC3
:1041A000001148F2C240C2F2014001440A694B6961
:1041B000886922F007024B610A618861FFE7029873
:1041C00001300290E6E74BF60060C2F20040026860
:1041D000D2F80330D2F807C0D2F80B1023F038031E
:1041E000C2F807C0C2F80330C2F80B100268D2F858
:1041F0000330D2F807E0D2F80B104FF0010C6CF34B
:104200000203C2F807E0C2F80330C2F80B100268DC
:10421000D2F80330D2F807E0D2F80B1023F4707311
:10422000C2F807E0C2F80330C2F80B100268D2F8F7
:104230000330D2F807E0D2F80B10022565F38D2386
:10424000C2F807E0C2F80330C2F80B100268D2F8D7
:1042500003E0D2F80730D2F80B104FF4237464F364
:104260009423C2F803E0C2F80730C2F80B100268CA
:10427000D2F803E0D2F80730D2F80B104FF4DC7418
:1042800064F35F53C2F803E0C2F80730C2F80B10C2
:104290000268D2F80360D2F80730D2F80B104FF062
:1042A000050E6EF30903C2F80360C2F80730C2F8C6
:1042B0000B100268D2F80330D2F80760D2F80B1066
:1042C0004FF4077767F39421C2F80760C2F8033010
:1042D000C2F80B100168D1F80320D1F80730D1F8EB
:1042E0000B0064F35F50C1F80730C1F80320C1F838
:1042F0000B004BF60460C2F200400268D2F80330B3
:10430000D2F80760D2F80B1023F03803C2F8076028
:10431000C2F80330C2F80B100268D2F80330D2F8AA
:104320000760D2F80B106CF30203C2F80760C2F802
:104330000330C2F80B100268D2F80330D2F80760DD
:10434000D2F80B1023F47073C2F80760C2F8033080
:10435000C2F80B100268D2F80330D2F80760D2F826
:104360000B1065F38D23C2F80760C2F80330C2F862
:104370000B100268D2F80360D2F80730D2F80B10A5
:104380004FF4EA7868F39423C2F80360C2F8073068
:10439000C2F80B100268D2F80360D2F80730D2F8E6
:1043A0000B1040F26B1868F35F53C2F80360C2F859
:1043B0000730C2F80B100268D2F80360D2F8073059
:1043C000D2F80B106EF30903C2F80360C2F807308D
:1043D000C2F80B100268D2F80330D2F80760D2F8A6
:1043E0000B1067F39421C2F80760C2F80330C2F8DB
:1043F0000B100168D1F80320D1F80730D1F80B0079
:1044000064F35F50C1F80730C1F80320C1F80B0016
:104410004BF60860C2F200400268D2F80330D2F8CE
:104420000760D2F80B1023F03803C2F80760C2F817
:104430000330C2F80B100268D2F80330D2F80760DC
:10444000D2F80B106CF30203C2F80760C2F8033015
:10445000C2F80B100268D2F80330D2F80760D2F825
:104460000B1023F47073C2F80760C2F80330C2F86F
:104470000B100268D2F80330D2F80760D2F80B10A4
:1044800065F38D23C2F80760C2F80330C2F80B1041
:104490000268D2F80360D2F80730D2F80B1040F26D
:1044A000035767F39423C2F80360C2F80730C2F8D9
:1044B0000B100268D2F80360D2F80730D2F80B1064
:1044C00064F35F53C2F80360C2F80730C2F80B1000
:1044D0000268D2F80360D2F80730D2F80B106EF3FE
:1044E0000903C2F80360C2F80730C2F80B10026873
:1044F000D2F80330D2F80760D2F80B104FF4AE6751
:1045000067F39421C2F80760C2F80330C2F80B10B9
:104510000168D1F80320D1F80730D1F80B0064F31B
:104520005F50C1F80730C1F80320C1F80B004BF60B
:104530000C60C2F200400268D2F80330D2F80740A3
:10454000D2F80B1023F03803C2F80740C2F803304A
:10455000C2F80B100268D2F80330D2F80740D2F844
:104560000B106CF30203C2F80740C2F80330C2F824
:104570000B100268D2F80330D2F80740D2F80B10C3
:1045800023F47073C2F80740C2F80330C2F80B106E
:104590000268D2F80330D2F80740D2F80B1065F366
:1045A0008D23C2F80740C2F80330C2F80B1002682E
:1045B000D2F80340D2F80730D2F80B1040F2AA56D6
:1045C00066F39423C2F80340C2F80730C2F80B1018
:1045D0000268D2F80340D2F80730D2F80B104FF43B
:1045E000B27666F35F53C2F80340C2F80730C2F8F0
:1045F0000B100268D2F80340D2F80730D2F80B1043
:104600006EF30903C2F80340C2F80730C2F80B107A
:104610000268D2F80330D2F80740D2F80B1040F20B
:104620006B5666F39421C2F80740C2F80330C2F813
:104630000B100168D1F80320D1F80730D1F80B0036
:1046400040F2BB1464F35F50C1F80730C1F8032097
:10465000C1F80B004BF61460C2F200400268D2F8B9
:104660000330D2F80740D2F80B106CF3C503C2F840
:104670000740C2F80330C2F80B100268D2F80330CA
:10468000D2F80740D2F80B106CF30203C2F80740CF
:10469000C2F80330C2F80B100268D2F80330D2F827
:1046A0000740D2F80B1023F47073C2F80740C2F829
:1046B0000330C2F80B100268D2F80330D2F807407A
:1046C000D2F80B1065F38D23C2F80740C2F803300F
:1046D000C2F80B100268D2F80340D2F80730D2F8C3
:1046E0000B1040F2922565F39423C2F80340C2F800
:1046F0000730C2F80B100268D2F80340D2F8073036
:10470000D2F80B1040F2111565F35F53C2F8034065
:10471000C2F80730C2F80B100268D2F80340D2F892
:104720000730D2F80B106EF30903C2F80340C2F849
:104730000730C2F80B100268D2F80330D2F80740F5
:10474000D2F80B104FF49C6565F39421C2F8074032
:10475000C2F80330C2F80B100168D1F80320D1F879
:104760000730D1F80B0040F2251464F35F50C1F814
:104770000730C1F80320C1F80B004BF61860C2F2F5
:1047800000400268D2F80330D2F80740D2F80B108C
:104790006CF3C503C2F80740C2F80330C2F80B102F
:1047A0000268D2F80330D2F80740D2F80B106CF34D
:1047B0000203C2F80740C2F80330C2F80B100268C7
:1047C000D2F80330D2F80740D2F80B1023F47073FC
:1047D000C2F80740C2F80330C2F80B100268D2F8E2
:1047E0000330D2F80740D2F80B106EF38D23C2F8D5
:1047F0000740C2F80330C2F80B100268D2F8034039
:10480000D2F80730D2F80B1040F29A2565F39423C2
:10481000C2F80340C2F80730C2F80B100268D2F8A1
:104820000340D2F80730D2F80B104FF48D7565F3C2
:104830005F53C2F80340C2F80730C2F80B10026899
:10484000D2F80340D2F80730D2F80B100B2565F3ED
:104850000903C2F80340C2F80730C2F80B1002681F
:10486000D2F80330D2F80740D2F80B104FF49B6512
:1048700065F39421C2F80740C2F80330C2F80B1068
:104880000168D1F80320D1F80730D1F80B0040F2CD
:104890001B1464F35F50C1F80730C1F80320C1F85E
:1048A0000B004BF61060C2F200400268D2F8031011
:1048B000D2F807306EF3C501C2F80730C2F8031012
:1048C0000268D2F80310D2F807306CF30201C2F884
:1048D0000730C2F803100268D2F80310D2F807308C
:1048E00021F47071C2F80730C2F803100268D2F8E0
:1048F0000310D2F807304FF0060C6CF38D21C2F88C
:104900000730C2F803100268D2F80330D2F807105B
:1049100040F28F3C6CF39421C2F80330C2F80710C8
:104920000268D2F80330D2F807104FF0F90C6CF39C
:104930005F51C2F80330C2F807100268D2F80330A2
:10494000D2F807104FF0030C6CF30901C2F80330E2
:10495000C2F807100268D2F80310D2F807304FF0FF
:104960001E0C6CF39631C2F80730C2F803100168D0
:1049700047F29450C1F80B0048F2C240C2F2014025
:10498000019007F075FD0198782103F0E1FF04B074
:10499000BDE8F081000000002DE9F04784B0002060
:1049A0000390FFE7039806282EDCFFE70398C0EB8F
:1049B000001248F23A50C2F201400D3000218154F9
:1049C0000399C1EB011101444FF0010C81F801C0C2
:1049D0000399C1EB0112024491700399C1EB0111DB
:1049E0000144D1F80320D1F80730D1F80B006CF363
:1049F0000202C1F80730C1F80320C1F80B00FFE73D
:104A0000039801300390CDE707200290FFE702985A
:104A1000062815DCFFE70298C0EB001148F23A5077
:104A2000C2F2014001440A694B69886922F0070219
:104A30004B610A618861FFE7029801300290E6E766
:104A40004BF62060C2F200400268D2F80310D2F8A0
:104A500007304FF0050C6CF3C501C2F80730C2F8FF
:104A600003100268D2F80310D2F80730012565F36D
:104A70000201C2F80730C2F803100268D2F803102E
:104A8000D2F8073021F47071C2F80730C2F8031071
:104A90000268D2F80310D2F807304FF0060868F326
:104AA0008D21C2F80730C2F803100268D2F8033033
:104AB000D2F807104FF4387E6EF39421C2F8033019
:104AC000C2F807100268D2F80330D2F8071040F29B
:104AD000F12E6EF35F51C2F80330C2F8071002687E
:104AE000D2F80330D2F80710032464F30901C2F8A6
:104AF0000330C2F807100268D2F80310D2F807306A
:104B00004FF01E0E6EF39631C2F80730C2F8031054
:104B1000016840F6C410C1F80B004BF62861C2F2E0
:104B200000410B68D3F80320D3F807606CF3C5028B
:104B3000C3F80760C3F803200B68D3F80320D3F849
:104B4000076065F30202C3F80760C3F803200B682F
:104B5000D3F80320D3F8076022F47072C3F807601B
:104B6000C3F803200B68D3F80320D3F807600427A9
:104B700067F38D22C3F80760C3F803200B68D3F8EE
:104B80000360D3F8072040F2464969F39422C3F842
:104B90000360C3F807200B68D3F80360D3F807203D
:104BA00040F2F32969F35F52C3F80360C3F80720AA
:104BB0000B68D3F80360D3F8072064F30902C3F845
:104BC0000360C3F807200B68D3F80320D3F807600D
:104BD0006EF39632C3F80760C3F803200968C1F882
:104BE0000B004BF62460C2F200400268D2F803309A
:104BF000D2F80760D2F80B1067F3C503C2F807605C
:104C0000C2F80330C2F80B100268D2F80330D2F8B1
:104C10000760D2F80B1065F30203C2F80760C2F810
:104C20000330C2F80B100268D2F80330D2F80760E4
:104C3000D2F80B1023F47073C2F80760C2F8033087
:104C4000C2F80B100268D2F80330D2F80790D2F8FD
:104C50000B10022666F38D23C2F80790C2F80330CA
:104C6000C2F80B100268D2F80390D2F80730D2F8DD
:104C70000B104FF4707A6AF39423C2F80390C2F8D1
:104C80000730C2F80B100268D2F80390D2F8073050
:104C9000D2F80B104FF4077A6AF35F53C2F803900F
:104CA000C2F80730C2F80B100268D2F80390D2F8AD
:104CB0000730D2F80B106CF30903C2F80390C2F866
:104CC0000730C2F80B100268D2F80330D2F8079010
:104CD000D2F80B106FF39633C2F80790C2F8033086
:104CE000C2F80B100268D2F80330D2F80790D2F85D
:104CF0000B104FF03C0A6AF3DF53C2F80790C2F87A
:104D00000330C2F80B100268D2F80330D2F807A0C3
:104D1000D2F80B104FF0320969F39421C2F807A0C2
:104D2000C2F80330C2F80B100168D1F80320D1F8A3
:104D30000730D1F80B0069F35F50C1F80730C1F8B4
:104D40000320C1F80B004BF63460C2F20040026849
:104D5000D2F80310D2F8073068F3C501C2F8073063
:104D6000C2F803100268D2F80310D2F8073065F3D6
:104D70000201C2F80730C2F803100268D2F803102B
:104D8000D2F8073021F47071C2F80730C2F803106E
:104D90000268D2F80310D2F8073067F38D21C2F809
:104DA0000730C2F803100268D2F80330D2F80710B7
:104DB00040F2B13767F39421C2F80330C2F807100C
:104DC0000268D2F80330D2F807104FF42A7969F359
:104DD0005F51C2F80330C2F807100268D2F80330FE
:104DE000D2F8071064F30901C2F80330C2F80710C3
:104DF0000268D2F80310D2F807306EF39631C2F889
:104E00000730C2F803100068C0F80B504BF62C6056
:104E1000C2F200400268D2F80330D2F80790D2F80C
:104E20000B1065F3C503C2F80790C2F80330C2F84F
:104E30000B100268D2F80330D2F80790D2F80B10AA
:104E400065F30203C2F80790C2F80330C2F80B10F2
:104E50000268D2F80330D2F80790D2F80B1023F48E
:104E60007073C2F80790C2F80330C2F80B100268E2
:104E7000D2F80330D2F80790D2F80B104FF0080A9E
:104E80006AF38D23C2F80790C2F80330C2F80B1002
:104E90000268D2F80390D2F80730D2F80B1040F233
:104EA000B22A6AF39423C2F80390C2F80730C2F81A
:104EB0000B100268D2F80390D2F80730D2F80B102A
:104EC0004FF4BE7A6AF35F53C2F80390C2F807301A
:104ED000C2F80B100268D2F80390D2F80730D2F86B
:104EE0000B1064F30903C2F80390C2F80730C2F84C
:104EF0000B100268D2F80330D2F80790D2F80B10EA
:104F00004FF49B6A6AF39421C2F80790C2F8033009
:104F1000C2F80B100168D1F80320D1F80730D1F89E
:104F20000B004FF42F7969F35F50C1F80730C1F8D7
:104F30000320C1F80B004BF63060C2F2004002685B
:104F4000D2F80310D2F8073068F3C501C2F8073071
:104F5000C2F803100268D2F80310D2F8073065F3E4
:104F60000201C2F80730C2F803100268D2F8031039
:104F7000D2F8073021F47071C2F80730C2F803107C
:104F80000268D2F80310D2F8073064F38D21C2F81A
:104F90000730C2F803100268D2F80330D2F80710C5
:104FA00067F39421C2F80330C2F807100268D2F800
:104FB0000330D2F807104FF4D77767F35F51C2F888
:104FC0000330C2F807100268D2F80330D2F8071095
:104FD00064F30901C2F80330C2F807100268D2F87E
:104FE0000310D2F807306EF39631C2F80730C2F8DA
:104FF00003100068C0F80B504BF61C60C2F2004072
:105000000268D2F80330D2F807E0D2F80B1066F34A
:10501000C503C2F807E0C2F80330C2F80B100268FB
:10502000D2F80330D2F807E0D2F80B1065F3020390
:10503000C2F807E0C2F80330C2F80B100268D2F8D9
:105040000330D2F807E0D2F80B1023F47073C2F8E3
:1050500007E0C2F80330C2F80B100268D2F8033040
:10506000D2F807E0D2F80B1064F38D23C2F807E002
:10507000C2F80330C2F80B100268D2F803E0D2F88D
:105080000730D2F80B104FF4347464F39423C2F851
:1050900003E0C2F80730C2F80B100268D2F803E050
:1050A000D2F80730D2F80B1040F2A12464F35F531A
:1050B000C2F803E0C2F80730C2F80B100268D2F859
:1050C00003E0D2F80730D2F80B100A2464F3090386
:1050D000C2F803E0C2F80730C2F80B100168D1F83B
:1050E0000320D1F80730D1F80B006CF30900C1F8A8
:1050F0000730C1F80320C1F80B0048F23A50C2F261
:105100000140019007F0B4F90198782103F020FCE8
:1051100004B0BDE8F087000080B582B048F2B2511B
:10512000C2F2014101910020487302228A73C873C0
:1051300008694A694FF0010E6EF302004A61086186
:105140004BF63860C2F200400268D2F80330D2F861
:1051500007C0D2F80B1043F03803C2F807C0C2F8FA
:105160000330C2F80B100268D2F80330D2F807C03F
:10517000D2F80B106EF30203C2F807C0C2F8033076
:10518000C2F80B100268D2F80330D2F807C0D2F888
:105190000B1023F47073C2F807C0C2F80330C2F8D2
:1051A0000B100268D2F80330D2F807C0D2F80B1007
:1051B0006EF38D23C2F807C0C2F80330C2F80B109B
:1051C0000268D2F803C0D2F80730D2F80B104FF0C3
:1051D000650E6EF39423C2F803C0C2F80730C2F81C
:1051E0000B100268D2F803C0D2F80730D2F80B10C7
:1051F00040F2063E6EF35F53C2F803C0C2F80730B8
:10520000C2F80B100268D2F803C0D2F80730D2F807
:105210000B104FF0050E6EF30903C2F803C0C2F87D
:105220000730C2F80B100268D2F80330D2F807C07A
:10523000D2F80B104FF0320E6EF39633C2F807C05F
:10524000C2F80330C2F80B100268D2F80330D2F86B
:1052500007C0D2F80B104FF0030E6EF3DF53C2F805
:1052600007C0C2F80330C2F80B1000680F3041F2DB
:105270009421C0F60201EBF7F3F8019807F034F936
:1052800001983C2103F064FB02B080BD00000000E7
:1052900080B582B048F2EE51C2F201410191002086
:1052A000487303228A73C87308694A694FF0010E74
:1052B0006EF302004A6108614BF63C60C2F20040A6
:1052C0000268D2F80330D2F807C0D2F80B1043F0CE
:1052D0003803C2F807C0C2F80330C2F80B100268E6
:1052E000D2F80330D2F807C0D2F80B106EF30203E5
:1052F000C2F807C0C2F80330C2F80B100268D2F837
:105300000330D2F807C0D2F80B1023F47073C2F840
:1053100007C0C2F80330C2F80B100268D2F803309D
:10532000D2F807C0D2F80B104FF0060E6EF38D23A3
:10533000C2F807C0C2F80330C2F80B100268D2F8F6
:1053400003C0D2F80730D2F80B104FF45E7E6EF334
:105350009423C2F803C0C2F80730C2F80B100268E9
:10536000D2F803C0D2F80730D2F80B1040F2651E15
:105370006EF35F53C2F803C0C2F80730C2F80B10D7
:105380000268D2F803C0D2F80730D2F80B104FF001
:10539000020E6EF30903C2F803C0C2F80730C2F868
:1053A0000B100268D2F80330D2F807C0D2F80B1005
:1053B0004FF0140E6EF39633C2F807C0C2F80330F4
:1053C000C2F80B100268D2F80330D2F807C0D2F846
:1053D0000B104FF0080E6EF3DF53C2F807C0C2F88F
:1053E0000330C2F80B1000680F304BF2E061C2F2DC
:1053F0000041EBF735F8019807F076F801983C2169
:1054000003F0A6FA02B080BD80B582B048F22A61EE
:10541000C2F2014101910020487304228A73C873CB
:1054200008694A694FF0010E6EF302004A61086193
:105430004BF64060C2F200400268D2F80330D2F866
:1054400007C0D2F80B1043F03803C2F807C0C2F807
:105450000330C2F80B100268D2F80330D2F807C04C
:10546000D2F80B106EF30203C2F807C0C2F8033083
:10547000C2F80B100268D2F80330D2F807C0D2F895
:105480000B1023F47073C2F807C0C2F80330C2F8DF
:105490000B100268D2F80330D2F807C0D2F80B1014
:1054A0004FF0080E6EF38D23C2F807C0C2F8033028
:1054B000C2F80B100268D2F803C0D2F80730D2F855
:1054C0000B104FF4397E6EF39423C2F803C0C2F878
:1054D0000730C2F80B100268D2F803C0D2F80730C8
:1054E000D2F80B1040F2AD2E6EF35F53C2F803C03A
:1054F000C2F80730C2F80B100268D2F803C0D2F825
:105500000730D2F80B104FF0020E6EF30903C2F809
:1055100003C0C2F80730C2F80B100268D2F803309B
:10552000D2F807C0D2F80B104FF00F0E6EF396337F
:10553000C2F807C0C2F80330C2F80B100268D2F8F4
:105540000330D2F807C0D2F80B104FF0030E6EF301
:10555000DF53C2F807C0C2F80330C2F80B1000686E
:105560000F3041F29021C0F60201EAF779FF01986D
:1055700006F0BAFF01983C2103F0EAF902B080BDC1
:1055800080B582B048F26661C2F20141019100200B
:105590004873042088734FF0010E81F80FE008690A
:1055A0004A696EF302004A6108614BF64460C2F238
:1055B00000400268D2F80330D2F807C0D2F80B10CE
:1055C00043F03803C2F807C0C2F80330C2F80B102A
:1055D0000268D2F80330D2F807C0D2F80B106EF38D
:1055E0000203C2F807C0C2F80330C2F80B10026809
:1055F000D2F80330D2F807C0D2F80B1023F470733E
:10560000C2F807C0C2F80330C2F80B100268D2F823
:105610000330D2F807C0D2F80B104FF0080E6EF32B
:105620008D23C2F807C0C2F80330C2F80B1002681D
:10563000D2F803C0D2F80730D2F80B104FF4397EFD
:105640006EF39423C2F803C0C2F80730C2F80B10FF
:105650000268D2F803C0D2F80730D2F80B1040F23B
:105660008A2E6EF35F53C2F803C0C2F80730C2F847
:105670000B100268D2F803C0D2F80730D2F80B1032
:105680004FF0020E6EF30903C2F803C0C2F80730F0
:10569000C2F80B100268D2F80330D2F807C0D2F873
:1056A0000B104FF00F0E6EF39633C2F807C0C2F81E
:1056B0000330C2F80B100268D2F80330D2F807C0EA
:1056C000D2F80B104FF0060E6EF3DF53C2F807C08E
:1056D000C2F80330C2F80B1000680F3041F2982175
:1056E000C0F60201EAF7BCFE019806F0FDFE019843
:1056F0003C2103F02DF902B080BD00000000000045
:1057000080B582B000200190FFE70198062817DCE1
:10571000FFE70198C0EB001148F2C240C2F201401D
:1057200001440A694B6988694FF0020C6CF302026C
:105730004B610A618861FFE7019801300190E4E75D
:1057400048F2C240C2F20140009006F091FE00987B
:10575000782103F0FDF802B080BD000000000000D9
:1057600080B582B000200190FFE70198062817DC81
:10577000FFE70198C0EB001148F23A50C2F2014035
:1057800001440A694B6988694FF0020C6CF302020C
:105790004B610A618861FFE7019801300190E4E7FD
:1057A00048F23A50C2F20140009006F061FE0098C3
:1057B000782103F0CDF802B080BD000000000000A9
:1057C00080B582B048F2B250C2F201400190016946
:1057D0004269022363F302014261016106F084FE23
:1057E00001983C2103F0B4F802B080BD0000000035
:1057F00080B582B048F2EE50C2F2014001900169DA
:105800004269022363F302014261016106F06CFE0A
:1058100001983C2103F09CF802B080BD000000001C
:1058200087B0DDF81CC08DED060A0590CDED040AA9
:1058300003910292019300200090FFE700980199E4
:10584000079A514388421DD2FFE79DED061A05983D
:10585000009900EB810090ED002A9DED040A039869
:1058600000EB810090ED003A20EE030A01EE020AFF
:10587000029800EB810080ED000AFFE700980130FC
:105880000090DBE707B0704787B00690059104925F
:105890000393002002900190FFE702980499884248
:1058A00021D2FFE700200090FFE70098039988428B
:1058B00014D2FFE7059801994A1C019250F8210083
:1058C0000699029A039BDDF800C002FB03C241F86F
:1058D0002200FFE7009801300090E6E7FFE702981A
:1058E00001300290D9E707B07047000000000000C7
:1058F00088B0DDF824C0DDF820C00790069105923D
:10590000049300200390FFE703980499884243D250
:10591000FFE700200290FFE702980999884236D2FB
:10592000FFE7002001900090FFE700980899884267
:105930001ED2FFE70798039A089B009902FB031207
:1059400000EB820090ED001A0698099A029B01FB79
:10595000023100EB810090ED002A9DED010A01EE7D
:10596000020A8DED010AFFE7009801300090DCE7A4
:1059700001980599039A099BDDF808C002FB03C250
:1059800041F82200FFE7029801300290C4E7FFE7E8
:10599000039801300390B7E708B070479FED201AD5
:1059A000B5EE002A00EE012A9FED1E1ABDEEC20AD6
:1059B000B5EEC02AF1EE10FA10EE100AB8BF0138A9
:1059C00000EE100A0020B8EEC00A32EE400A9FED49
:1059D000162A20EE010ABCEEC01A11EE101A30EEA3
:1059E000021AB0EB512F18BF002102EE101A40F638
:1059F000C80000FE010AC0F60200B8EE422A00EB21
:105A0000810090ED011A30EE420AB7EE002A32EE24
:105A1000402A20EE010A90ED001A02EE010A7047BA
:105A200083F9223E00000044000000C4B0B50388A2
:105A30000D88AB4256D145884C88A54252D1148876
:105A4000A3424FD15488A5424CD105FB03FC4368C7
:105A500000254968B5EB9C0F506831D04FEA9C0295
:105A6000524200BF93ED000A91ED001A30EE010A98
:105A700003F1100E01F1100400F1100580ED000A91
:105A8000013293ED010A91ED011A30EE010A80ED29
:105A9000010A93ED020A91ED021A30EE010A80ED3F
:105AA000020A93ED030A91ED031A30EE010A7346E0
:105AB000214680ED030A2846D4D121462846734664
:105AC0001CF003020CD05242B3EC010AB1EC011AF3
:105AD00030EE010A051D013280ED000A2846F3D19F
:105AE000002000E0FD2040B2B0BD01804280436054
:105AF000704700002DE9F04F8BB0B0F800B0B0F85F
:105B000002E0F34540F051810B88FD229B4540F0B7
:105B10004D814F88BB4240F04981BBF1000F436883
:105B200000F029816FF003004C6800EB8B08CDF882
:105B30001CE0002700934FF07E5906945E462046F5
:105B4000BBEB060009D0B9002046EAF777FC00203D
:105B50000130874204F10404FAD104F1040AC4F8C4
:105B60000090751E10D0A8EB87015046EAF766FC3E
:105B7000012054460130864204F10404FAD1002D7C
:105B800007F101072E46DBD1BBF1000F009BDDF8CA
:105B90001CE000F0F0800420CDF814B000EB8E0083
:105BA00001901846ABF1010603EB8E044FEA8E021A
:105BB0001D1DCEF10001002308919FED800A77465C
:105BC000814600BF5B4580F0F58003FB0EF0B0EE30
:105BD000403A09EB80010A9191ED001A0699B0EE66
:105BE000414A01EB800009902146304606E000BFA3
:105BF00091ED004A0138B0EE423A1144B5EEC04A88
:105C0000F1EE10FA0ADDB4EEC34AB0EE442AF1EE2A
:105C100010FAD8BFB0EE432A09E000BFB1EE442A23
:105C2000B4EEC23AF1EE10FA01DBB0EE432A0028DE
:105C3000DED1B5EE402AF1EE10FA00F0BB80B0EEF6
:105C4000C13AB4EE423AF1EE10FA1CBFD84310EB61
:105C50000B0004D0002000BF01308642FCD1B5EE1D
:105C6000401AF1EE10FA00F0A580CDE90346AEEB44
:105C7000030C0A99BCF1010F4FF07E5008600AD066
:105C80000120294691ED002A82EE012A0130874247
:105C9000A1EC012AF6D1DDE9080100BF91ED002A4F
:105CA00082EE012A0C1D013081ED002A2146F5D13A
:105CB000ACF1010B05994FF00008DDF818A048463B
:105CC000CDF80890984505D100EB8C060AEB8E0ABA
:105CD00033E000BF90ED001A0A9CB0EE413ABBF1F0
:105CE000000F94ED002A01EE423A00F1040680ED27
:105CF000003A15D00120002406EB040905EB040E40
:105D000099ED002A9EED003A01EE432A01308742C8
:105D100004F1040489ED002AEED12644DDF81CE0EC
:105D2000DDE908049AED002A94ED003A01EE432AD9
:105D300004340130AAEC012AF4D106EB83000139C6
:105D400008F10108BED1DDF80890013F049E09F179
:105D50000409039C03F101030198A6F10106044420
:105D6000DDF814B005447FF42DAFB5EE401A009B6A
:105D7000F1EE10FA20D10EFB0BF1002000294FF0BC
:105D800000020BD093ED000AB5EE400AF1EE10FAD6
:105D900004D101328A4203F10403F3D38A4208BFDB
:105DA0006FF004000BB0BDE8F08FFD2250B20BB0D5
:105DB000BDE8F08FFB22F9E70022F7E700000000C2
:105DC0002DE9F04F88B0B0F802C00B889C4540F038
:105DD0008880B0F800E013889E4540F08280B1F8DA
:105DE0000290538899457CD14FEA9C04476804FB94
:105DF00009F049680CF00305029101EB00100190D5
:105E000000202CF00303A0EB9C0107EB8306079115
:105E10004FEA89035168C5F1000A00919FED330AEA
:105E2000CDE9039CCDE9050E0099CE4601EB800833
:105E3000DDE901BC002CB0EE401AE146384627D01F
:105E4000624607993846B0EE401A00BF92ED002A2C
:105E500090ED003A03EE021A1A4490ED014A92EDD9
:105E6000002A04EE021A1A4490ED025A92ED002A1A
:105E700005EE021A1A4490ED036A92ED002A06EE2E
:105E8000021A013100F110001A44DFD1D946304620
:105E900055B1514690ED002A99ED003A02EE031AF1
:105EA000043001319944F5D108F1040088ED001A5D
:105EB000BEF1010E0CF1040C0BF1040B8046B9D1BC
:105EC000DDF80C900598DDF810C04844DDF818E0C6
:105ED00007EB8C07BEF1010E06EB8C06A2D1002069
:105EE00000E0FD2040B208B0BDE8F08F00000000E7
:105EF000B0B503880D88AB4256D145884C88A54281
:105F000052D11488A3424FD15488A5424CD105FBED
:105F100003FC436800254968B5EB9C0F506831D0FD
:105F20004FEA9C02524200BF93ED000A91ED001A25
:105F300030EE410A03F1100E01F1100400F11005DA
:105F400080ED000A013293ED010A91ED011A30EE65
:105F5000410A80ED010A93ED020A91ED021A30EE3A
:105F6000410A80ED020A93ED030A91ED031A30EE27
:105F7000410A7346214680ED030A2846D4D12146C2
:105F8000284673461CF003020CD05242B3EC010ABF
:105F9000B1EC011A30EE410A051D013280ED000A14
:105FA0002846F3D1002000E0FD2040B2B0BD000043
:105FB0002DE9F04F83B002884B889A424DD1448836
:105FC0000B889C4249D10023D1F804804FEA940CFD
:105FD000416804F0030ECDF80080A3EB9404029412
:105FE000140196000194CEF1000B4046BCF1000F65
:105FF0001ED04746029C00BF08683D4638603744C3
:10600000486807EB0609A85101F11000D1F808A073
:10601000013447F806A009EB0607C968374449F878
:1060200006100146E8D101996C18014603E000BF53
:10603000009800EB8304BEF1000F07D05D4600BF5F
:1060400051F8040B013520603444F9D10133013A91
:1060500008F10408CAD1002000E0FD2040B203B0DE
:10606000BDE8F08F9FED1F1A20EE010A9FED1F2A59
:10607000BDEEC01AB5EEC00AF1EE10FA11EE100A2C
:10608000B8BF013801EE100A0020B8EEC11A30EE98
:10609000410A9FED151A20EE010ABCEEC01A11EE5E
:1060A000101A30EE021AB0EB512F18BF002102EE89
:1060B000101A40F6C80000FE010AC0F60200B8EE51
:1060C000422A00EB810090ED011A30EE420AB7EE51
:1060D000002A32EE402A20EE010A90ED001A02EE6C
:1060E000010A704783F9223E00000044000000C40A
:1060F00081B04DF2A130C2F20040007820B9FFE734
:1061000001208DF8030008E04DF2A131C2F20041F8
:10611000002008708DF80300FFE79DF8030001B030
:10612000704700000000000080B582B04DF2904141
:10613000C2F20041052008220423019300F08CFCE8
:10614000019B4DF28041C2F2004110200A2200F072
:1061500083FC019B4DF6EC11C2F20041202003228A
:10616000009200F079FC009A019B48F26071C2F243
:106170000141302000F070FC4DF2A850C2F2004006
:1061800000F140014FF480704022012300F064FCD4
:1061900002B080BD0000000084B0029001914FF673
:1061A000FF70ADF80200029828B9FFE74FF6FF70C4
:1061B000ADF80E0021E0FFE70198411E0191B8B152
:1061C000FFE70298411C029100788DF80100BDF8AC
:1061D00002109DF801004840C2B241F25630C0F6AC
:1061E000020030F8120080EA1120ADF80200E3E767
:1061F000BDF80200ADF80E00FFE7BDF80E0004B0D8
:10620000704700000000000083B002900191FF2061
:106210008DF80300FFE70198411E019198B1FFE757
:106220009DF8030002994A1C0292097848408DF8B3
:1062300002009DF8021040F24840C0F60200405CA7
:106240008DF80300E7E79DF8030003B070470000F6
:1062500010B59CB000200A901490159001200E906B
:10626000169011210B9118911221089119911790F4
:106270004EF24C40C2F20040019014A90391EEF797
:10628000B3FC03990A9B0E9A0198149315921692E7
:106290001422079218921322069219920222129245
:1062A0001792EEF7A1FC0E9B129A019869460B60BB
:1062B0001146EEF725FD0A9A0E990198EEF7A4FB18
:1062C0000A9A019810210491EEF79EFB0198EFF7CE
:1062D000FFFD03990A9A0E981492159216901522B2
:1062E00018922022199217904EF2EC40C2F2004010
:1062F0000290EEF779FC03990B9BDDF838C0129AF7
:10630000DDF828E00298CDF850E0CDF854C0CDF883
:1063100058C01893162319931792EEF765FC0E9B3D
:10632000129A029869460B601146EEF7E9FC0A9A48
:106330000E990298EEF768FB04990A9A0298EEF714
:1063400063FB0298EFF7C4FD03990A9A0E98149222
:10635000159216904FF401720C92189240F203229B
:106360000F92199217904EF28C50C2F20040059095
:10637000EEF73AFC0399DDF828C00E9B129A0598B7
:10638000CDF850C01593169340F20523119318933E
:106390004FF4A173139319931792EEF725FC0E9BFC
:1063A000129A059869460B601146EEF7A9FC0A9A05
:1063B0000E990598EEF728FB04990A9A0598EEF7CE
:1063C00023FB0598EFF784FD069B0A994DF2AC304C
:1063D000C2F20040416081600822C2604FF000427A
:1063E000026141618161C16101624DF2F860C2F2F6
:1063F0000040416081600F22C26001614FF4801251
:1064000042614FF400128261C16101624FF2E40007
:10641000C2F20040099003229FED260A01F068F9BC
:10642000079B09980A99503004229FED230A01F036
:106430005FF9089B09980A99129AA0309FED1F0AEC
:1064400001F056F909980A990B9B0E9AF0309FEDCE
:106450001C0A01F04DF90C9B0E99129A4DF2045052
:10646000C2F200400D909FED170A8DED100A00F06A
:1064700017FF0D980E990F9B9DED100A129A4C3044
:1064800000F00EFF119B129A49F2D830C2F201407F
:10649000B7EE000A114600F003FF1299139A40F676
:1064A0002840C2F201409FED080A03F08DFD1CB0A8
:1064B00010BD00BFAFEA8C4064AB7940BF57C1400C
:1064C00012FD1B40295C8341000000000000000019
:1064D00080B584B08DF80F00029101929DF80F00F5
:1064E00070B9FFE702984DF2AC31C2F2004108608A
:1064F000019A4EF24C40C2F20040EEF705FB27E055
:106500009DF80F0001280ED1FFE702984DF2F861C7
:10651000C2F200410860019A4EF2EC40C2F2004023
:10652000EEF7F2FA13E09DF80F0002280ED1FFE714
:1065300002984DF2AC31C2F200410860019A4EF26D
:106540008C50C2F20040EEF7DFFAFFE7FFE7FFE70B
:1065500004B080BD0000000081B04DF2DC70C2F2DA
:106560000040B0F9040040F2262188420FDBFFE72B
:106570004DF2DC70C2F20040B0F91C0040F225215F
:10658000884204DCFFE701208DF8030003E00020CF
:106590008DF80300FFE79DF8030001B0704700008D
:1065A00080B582B04DF2D870C2F20040006870B978
:1065B000FFE700F005FB4DF2D870C2F20040006822
:1065C00020B9FFE74FF0FF30019003E0FFE7002024
:1065D0000190FFE7019802B080BD000000000000BC
:1065E00081B0ADF800004DF2DC70C2F20040808A4C
:1065F000BDF8001008420ED0FFE74DF2DC70C2F289
:106600000040C08BBDF80010084204D1FFE7012014
:106610008DF8030003E000208DF80300FFE79DF8EC
:10662000030001B07047000084B08DED030ACDED8A
:10663000020A8DED011A9DED030A9DED021AB4EEDA
:10664000410AF1EE10FA29DDFFE79DED030A9DED09
:10665000021A30EE410A9DED011AB0EE002A81EED9
:10666000021AB4EE410AF1EE10FA0DDDFFE79DEDDE
:10667000030A9DED021A30EE410A9DED011A30EE3B
:10668000410A8DED000A08E09DED030A9DED021A16
:1066900030EE410A8DED000AFFE736E09DED030A7A
:1066A0009DED021AB4EE410AF1EE10FA29DAFFE785
:1066B0009DED030A9DED021A30EE410A9DED011A8F
:1066C000B8EE002A81EE021AB4EE410AF1EE10FA99
:1066D0000DDAFFE79DED030A9DED021A30EE410A47
:1066E0009DED011A30EE010A8DED000A08E09DEDE6
:1066F000030A9DED021A30EE410A8DED000AFFE714
:1067000002E000200090FFE7FFE79DED000A04B0E3
:10671000704700000000000085B0039002910398CC
:1067200000680190029800680090019800998842E2
:1067300004DAFFE74FF0FF3004900AE00198009977
:10674000884203DDFFE70120049002E0002004906E
:10675000FFE7049805B0704780B588B006900591B2
:10676000069818B1FFE7059820B9FFE74FF0FF3012
:1067700007904EE000200490FFE7049805998842B6
:1067800044D2FFE7182009F061FB0390039808B991
:10679000FFE737E00698049901EB410150F821002A
:1067A000039908600698049901EB410100EB810010
:1067B0004068039948600698049901EB410100EB99
:1067C000810080680399886003980068694600F03A
:1067D000EBF838B9FFE700980399C860019803996E
:1067E000086105E003990020C86003990861FFE78C
:1067F0004DF60401C2F200410868039A5061039803
:106800000860FFE7049801300490B6E70020079085
:10681000FFE7079808B080BD80B588B04DF604004A
:10682000C2F2004000680790FFE70798002848D0B0
:10683000FFE70798006804A900F0B6F8E8BBFFE797
:1068400004980799C968884218D9FFE704980799FE
:10685000C8600798406880B1FFE700230393029364
:106860000798006803A902AA00F02EF807990868A3
:106870004B680399029A9847FFE7FFE70598079945
:106880000969884218D9FFE70598079908610798B0
:10689000806880B1FFE700230193009307980068A8
:1068A00001A96A4600F010F8079908688B680199F9
:1068B000009A9847FFE7FFE7FFE7079840690790CE
:1068C000B3E708B080BD000080B588B006900591A0
:1068D00004920393FFF764FE20B1FFE74FF0FF300F
:1068E00007905BE0059820B9FFE74FF0FF30079075
:1068F00054E04DF2D870C2F20040006800694FF0D9
:10690000FF3107F065FC012804D0FFE74FF0FF30AE
:10691000079043E0069801F01BFC0290029878B9BA
:10692000FFE74DF2D870C2F2004000680069002312
:1069300019461A4607F0C0F94FF0FF3007902DE0D6
:106940004DF2D870C2F20040006840680299896830
:10695000084405990860049828B1FFE70298C068C8
:1069600004990860FFE7039828B1FFE702980079CF
:1069700003990870FFE702994869013048614DF2B8
:10698000D870C2F2004000680069002301931946E4
:106990001A4607F091F901980790FFE7079808B0A9
:1069A00080BD00000000000080B586B00490039117
:1069B000FFF7F6FD20B1FFE74FF0FF30059048E00C
:1069C000039820B9FFE74FF0FF30059041E04DF20A
:1069D000D870C2F20040006800694FF0FF3107F044
:1069E000F7FB012804D0FFE74FF0FF30059030E0BF
:1069F000049801F0ADFB0290029878B9FFE74DF2E0
:106A0000D870C2F2004000680069002319461A4697
:106A100007F052F94FF0FF3005901AE00298006934
:106A20000399086002984069039948600298C06819
:106A3000039988604DF2D870C2F200400068006986
:106A40000023019319461A4607F036F9019805907C
:106A5000FFE7059806B080BD80B58CB00A9009911B
:106A600008928DF81F30FFF79BFD20B1FFE74FF034
:106A7000FF300B90A1E0099818B1FFE7089820B902
:106A8000FFE74FF0FF300B9097E04DF2D870C2F265
:106A90000040006800694FF0FF3107F099FB0128C2
:106AA00004D0FFE74FF0FF300B9086E00A9801F02A
:106AB0004FFB06904DF2D870C2F200400068C068EB
:106AC00005900598033020F0030004900498059980
:106AD000401A03900398089908440290029801F024
:106AE000E7F970B1FFE74DF2D870C2F200400068DC
:106AF0000069002319461A4607F0DEF801200B90C2
:106B00005BE00698F0B1FFE708980699C9688842EB
:106B100003D9FFE700200B904FE04DF2D870C2F28E
:106B20000040006840680699896808440999089AF5
:106B3000E9F76BFC08980699C86006990869013066
:106B400008612BE01C2009F081F90190019820B325
:106B5000FFE70A98019908609DF81F0001990871E4
:106B600004980199886008980199C86001990120EA
:106B700008610199002048614DF2D871C2F20041CC
:106B800008680068019A906101980A68106004988A
:106B9000089A10440968C860FFE7FFE74DF2D87013
:106BA000C2F20040006800690023009319461A46AB
:106BB00007F082F800980B90FFE70B980CB080BDAF
:106BC00080B582B04DF2D870C2F20040006808B1C2
:106BD000FFE71EE0142009F039F901464DF2D870A4
:106BE000C2F200400160006898B1FFE74DF2D87032
:106BF000C2F200400190016800200861C86088600E
:106C000048600860012006F02BFF019909680861BF
:106C1000FFE702B080BD000084B002900191ADF8A2
:106C20000220029828B9FFE74FF6FF70ADF80E007A
:106C300021E0FFE70198411E0191B8B1FFE70298FA
:106C4000411C029100788DF80100BDF802109DF8FA
:106C500001004840C2B240F29850C0F6020030F83D
:106C6000120080EA1120ADF80200E3E7BDF802004F
:106C7000ADF80E00FFE7BDF80E0004B0704700004D
:106C800080B584B00290ADF806100020ADF8040085
:106C9000029828B1FFE7BDF80600022804DCFFE7F0
:106CA00000208DF80F002AE00298BDF80610023986
:106CB0004FF6FF72FFF7B0FFADF804009DF8041027
:106CC000029ABDF80600104410F8022C00209142F0
:106CD00000900ED1FFE79DF80500029ABDF806105E
:106CE000114411F8011C401AB0FA80F040090090DC
:106CF000FFE7009800F001008DF80F00FFE79DF816
:106D00000F0004B080BD000082B00190ADF8021009
:106D10008DF80120FFE7BDF80200411EADF802101A
:106D200098B1FFE79DF8010001994A1C019209788A
:106D300048408DF800009DF8001040F29870C0F6B1
:106D40000200405C8DF80100E5E79DF8010002B00B
:106D5000704700000000000080B584B00290ADF8DC
:106D6000061000208DF80500029828B1FFE7BDF855
:106D70000600022804DCFFE700208DF80F0018E071
:106D80000298BDF80610013989B2FF22FFF7BCFF57
:106D90008DF805009DF80500029ABDF80610114413
:106DA00011F8011C401AB0FA80F040098DF80F006C
:106DB000FFE79DF80F0004B080BD00000000000058
:106DC00083B002908DED010ACDED000A029890ED9E
:106DD000000A9DED001AB4EE410AF1EE10FA04DB50
:106DE000FFE70098029908600FE0029890ED000A12
:106DF0009DED011AB4EE410AF1EE10FA04DCFFE752
:106E0000019802990860FFE7FFE703B070470000B0
:106E100083B000208DF80A0001904BF68C50C2F22E
:106E2000004000680190FFE701984BF68C51C2F2D8
:106E30000041884221D0FFE7019800909DF80A00A8
:106E400001308DF80A000098007A08B9FFE710E0D9
:106E5000009890F82000012805D1FFE70099002054
:106E600081F8200004E09DF80A008DF80B0008E08E
:106E7000FFE7019800680190D6E700208DF80B002D
:106E8000FFE79DF80B0003B0704700000000000012
:106E900080B582B0002001904FF6FC60C2F2004045
:106EA0009021E9F7CBFA4BF68C50C2F20040006813
:106EB0000190FFE701984BF68C51C2F200418842E5
:106EC00000F0F580FFE7019800900098007A022812
:106ED00073D1FFE70098C068B0F5027F36D8FFE7AE
:106EE0000098407A00EB40004FF6FC61C2F200418E
:106EF00001EB001240F2FF109061009B93F83B0001
:106F00005A7A02EB420201EB0212DB6802EB430207
:106F10004FF61243CFF6FF73D054009A92F83A001E
:106F2000537A03EB430301EB0311D26801EB4201F7
:106F30006FF47B7288540098417A4FF68C70C2F2DD
:106F4000004000EB81010120887035E00098407A14
:106F500000EB40004FF6FC61C2F2004101EB001271
:106F600040F2FF205062009B93F83B005A7A02EBFC
:106F7000420201EB0212DB6802EB43024FF61643BA
:106F8000CFF6FF73D054009A92F83A00537A03EB8D
:106F9000430301EB0311D26801EB42016FF47A72F3
:106FA00088540098417A4FF68C70C2F2004000EB92
:106FB00081010120C870FFE770E00098C068B0F55B
:106FC000017F34D8FFE70098407A00EB40000201CF
:106FD0004FF6FC61C2F200414FF400708850009BF4
:106FE00093F83B005A7A02EB420201EB0212DB6893
:106FF00002EB43024FF60243CFF6FF73D054009AE0
:1070000092F83A00537A03EB430301EB0311D26881
:1070100001EB42016FF47F7288540098427A4FF678
:107020008C71C2F20041012001F8220035E0009885
:10703000407A00EB40004FF6FC61C2F2004101EBE8
:10704000001240F2FF10D060009B93F83B005A7A88
:1070500002EB420201EB0212DB6802EB43024FF645
:107060000643CFF6FF73D054009A92F83A00537A51
:1070700003EB430301EB0311D26801EB42016FF410
:107080007E7288540098417A4FF68C70C2F20040AC
:1070900000EB810101204870FFE7FFE70099486994
:1070A00001304861FFE701980068019002E702B0F3
:1070B00080BD00000000000080B586B08DF817008C
:1070C00004910392002002904BF68C50C2F20040D3
:1070D00000680290FFE702984BF68C51C2F2004123
:1070E000884219D0FFE7029801900198C06804997E
:1070F00088420CD1FFE70198407A9DF8171088422A
:1071000005D1FFE70198039900F00AF8FFE7FFE7D0
:10711000029800680290DEE706B080BD0000000023
:1071200082B00190009101998869013088610199CC
:10713000012081F82000019890ED051A90ED060AD3
:10714000B8EE411AB8EE400A31EE400A80EE010A6C
:1071500080ED070A0199888EA1F840000098017817
:10716000407840EA01200199888600988178C078AB
:1071700040EA01200199C88600980179407940EAE7
:1071800001200199088700988079019981F83C00D5
:107190000098C079019981F83D00019880693128F3
:1071A00007D8FFE70199888EC88701990020886475
:1071B000FFE70199888EB1F84010401AB0F5805F62
:1071C00005DBFFE70199886C013888640EE00199BE
:1071D000888EB1F84010401A10F5805F05DCFFE79B
:1071E0000199886C01308864FFE7FFE701998A6C98
:1071F000888E00EB4230CA8F801A4864019890ED67
:10720000042A90ED110AB8EEC00A9FED221A20EE72
:10721000010A9FED213A80EE030A80EE020A80ED1A
:107220000A0A0198B0F9361000EE101AB8EEC00A3A
:1072300020EE010A9FED191A80EE010A90ED041A62
:1072400080EE010A80ED0B0A0198B0F9381000EECB
:10725000101AB8EEC00A90ED041A20EE010A027A64
:1072600040F69801C0F6020101EB021191ED004ACF
:1072700091ED013A91ED022A91ED031A80EE040A94
:1072800020EE030A20EE020A80EE010A80ED0C0ACD
:1072900002B07047DB0FC94000000046000070429A
:1072A00080B584B003908DF80B108DF80A200193FF
:1072B0008DED000A9DF80B00039908729DF80A00F5
:1072C0000399487201980399C8600098039908616E
:1072D00003984BF68C51C2F2004102F095FD04B0C8
:1072E00080BD00000000000080B582B0FFF7D0FD37
:1072F00002208DF80700FFE79DF80700032854D00F
:10730000FFE700200090FFE70098032846DCFFE736
:107310009DF807104FF68C70C2F2004000EB810020
:107320000099405C012834D1FFE740F69010C2F28A
:1073300001400088C0F3C31002281ED0FFE740F6CA
:107340009010C2F201400088C0F3C310032814D08B
:10735000FFE79DF8070000EB40024FF6FC61C2F228
:10736000004101EB0211009A02EB420201EB8202A2
:1073700052F8041BFFF7ACF8FFE79DF807104FF633
:107380008C70C2F2004000EB8101009A002088540A
:10739000FFE7FFE7009801300090B5E7FFE79DF8B1
:1073A000070001308DF80700A6E702B080BD00009D
:1073B00084B003908DED020A029803994862039805
:1073C000007A022809D1FFE7039991ED090ABDEE81
:1073D000C00A10EE100A4887A4E002980399486298
:1073E000039890ED090A90ED041A017A40F698008E
:1073F000C0F6020000EB011090ED014A90ED023A58
:1074000090ED032A21EE441A21EE031A81EE021AAE
:10741000B4EE410AF1EE10FA19DCFFE7039890EDA3
:10742000040A017A40F69800C0F6020000EB011051
:1074300090ED013A90ED022A90ED031A20EE430AF6
:1074400020EE020A80EE010A8DED010A41E0039868
:1074500090ED090A90ED041A017A40F69800C0F602
:10746000020000EB011090ED014A90ED023A90ED20
:10747000032A21EE041A21EE031A81EE021AB4EE59
:10748000410AF1EE10FA19DBFFE7039890ED040AC8
:10749000017A40F69800C0F6020000EB011090ED72
:1074A000013A90ED022A90ED031A20EE030A20EE35
:1074B000020A80EE010A8DED000A05E0039890EDC6
:1074C000090A8DED000AFFE79DED000A8DED010A26
:1074D000FFE79DED010A039880ED090A039991EDFC
:1074E000090A91ED041A80EE010A0A7A40F6980022
:1074F000C0F6020000EB021090ED004A90ED013A58
:1075000090ED022A90ED031A20EE040A80EE030AA1
:1075100080EE020A20EE010ABDEEC00A10EE100A4B
:107520004887FFE704B0704783B000208DF80A0059
:1075300001904BF69450C2F2004000680190FFE7C2
:1075400001984BF69451C2F2004188421CD0FFE7EB
:10755000019800909DF80A0001308DF80A0000980B
:1075600090F82000012805D1FFE70099002081F85C
:10757000200004E09DF80A008DF80B0008E0FFE70A
:10758000019800680190DBE700208DF80B00FFE711
:107590009DF80B0003B0704780B584B08DF80F00E4
:1075A0000291002001904BF69450C2F20040006816
:1075B0000190FFE701984BF69451C2F200418842D6
:1075C00013D0FFE701980090009800699DF80F1014
:1075D000884205D1FFE70098029900F009F8FFE71B
:1075E000FFE7019800680190E4E704B080BD000067
:1075F00080B584B003900291039988690130886155
:107600000399012081F82000039890ED051A90ED70
:10761000060AB8EE411AB8EE400A31EE400A80EE92
:10762000010A80ED070A029800780009039981F8A1
:107630004000039890F84000022806DBFFE703991A
:1076400091F8400081F84100FFE702984178807886
:1076500040EA0120ADF80600BDF806009FED1E0AC5
:10766000DFED1E0A102104F09BFF039880ED110A44
:107670000299C8780979000140EA1110ADF80600B6
:10768000BDF806009FED160ADFED160A0C210091E9
:1076900004F086FF0099039880ED120A029802799F
:1076A000407902F00F0240EA0220ADF80600BDF872
:1076B00006009FED0D0ADFED0D0A04F071FF03983F
:1076C00080ED130A039890ED110AE8F731FF039853
:1076D00080ED110A04B080BDDA0FC9C1DA0FC941CB
:1076E000000034C200003442000058C2000058427A
:1076F00080B586B005908DF8131003928DED020AC7
:1077000001939DF813000599087203980599C860C4
:107710000298059948620198059908610020009037
:10772000FFE70098092809DCFFE70598022100F02F
:10773000B3F9FFE7009801300090F2E76420EDF71D
:107740003FF905989FED0D2AB0EE420AF0EE420A8D
:10775000B0EE421AF0EE421A00F0CEF9059800F0B1
:107760000FF80120EDF72CF905984BF69451C2F271
:10777000004102F055FB06B080BD00BF00000000D4
:1077800080B590B00F900F9890ED0A0A9FEDB91A4E
:10779000B4EE410AF1EE10FA05DCFFE79FEDB50A01
:1077A0008DED0B0A1AE00F9890ED0A0A9FEDB21AC0
:1077B000B4EE410AF1EE10FA05DBFFE79FEDAE0AE9
:1077C0008DED0A0A05E00F9890ED0A0A8DED0A0A80
:1077D000FFE79DED0A0A8DED0B0AFFE79DED0B0A11
:1077E0000F9880ED0A0A0F9890ED0B0A9FEDA31AEF
:1077F000B4EE410AF1EE10FA05DCFFE79FED9F0AB7
:107800008DED090A1AE00F9890ED0B0A9FED9C1A76
:10781000B4EE410AF1EE10FA05DBFFE79FED980A9E
:107820008DED080A05E00F9890ED0B0A8DED080A22
:10783000FFE79DED080A8DED090AFFE79DED090AB6
:107840000F9880ED0B0A0F9890ED0C0AB5EE400AE8
:10785000F1EE10FA05DCFFE79FED8B0A8DED070ACC
:107860001AE00F9890ED0C0A9FED861AB4EE410ACB
:10787000F1EE10FA05DBFFE79FED820A8DED060AB7
:1078800005E00F9890ED0C0A8DED060AFFE79DEDDF
:10789000060A8DED070AFFE79DED070A0F9880EDB8
:1078A0000C0A0F9890ED0D0AB5EE400AF1EE10FAB1
:1078B00005DCFFE79FED740A8DED050A1AE00F98CD
:1078C00090ED0D0AB1EE041AB4EE410AF1EE10FA91
:1078D00005DBFFE7B1EE040A8DED040A05E00F9821
:1078E00090ED0D0A8DED040AFFE79DED040A8DED84
:1078F000050AFFE79DED050A0F9880ED0D0A0F9828
:1079000090ED0E0A4BF68450C2F2004090ED001A42
:10791000B1EE411AB4EE410AF1EE10FA0BDCFFE7CA
:107920004BF68450C2F2004090ED000AB1EE400ADE
:107930008DED030A22E00F9890ED0E0A4BF684506D
:10794000C2F2004090ED001AB4EE410AF1EE10FAD6
:1079500009DBFFE74BF68450C2F2004090ED000ACD
:107960008DED020A05E00F9890ED0E0A8DED020AEA
:10797000FFE79DED020A8DED030AFFE79DED030A87
:107980000F9880ED0E0A0F99886BC8630F9890EDE1
:107990000A0ADFED380A9FED381A102000F01CFCAF
:1079A000ADF83A000F9890ED0B0ADFED340A9FED29
:1079B000341A0C20019000F00FFC01460198ADF83C
:1079C00038100F9991ED0C0ADFED2F0ACDED000A6A
:1079D0009FED2C1A00F000FCDDED000A0146019835
:1079E000ADF836100F9991ED0D0AB1EE041A00F0C2
:1079F000F3FB01460198ADF834100F9991ED0E0A92
:107A0000DFED220A9FED221A00F0E6FBADF832000E
:107A10009DF83B004DF2EA42C2F200421070BDF800
:107A20003A005070BDF8380000099070BDF8381069
:107A30009DF8370040EA0110D070BDF83600107193
:107A4000BDF8340000095071BDF834109DF83300C2
:107A500040EA01109071BDF83200D0710F99486969
:107A6000013048610F99087AC968FEF731FD10B0FE
:107A700080BD00BFDA0FC9C1DA0FC941000034C2AE
:107A8000000034420000FA4300000000000058C229
:107A9000000058420000000080B586B005908DF8C7
:107AA00013106FF07F4003904FF0FF3002909DF86D
:107AB000130001460191012808D0FFE70198022830
:107AC00008D0FFE70198032808D00BE0FA208DF8D2
:107AD0000F0008E0FB208DF80F0004E0FC208DF87B
:107AE0000F0000E006E00599087AC96802AAFEF7CF
:107AF000EFFCFFE706B080BD8EB00D908DED0C0A57
:107B0000CDED0B0A8DED0A1ACDED091A8DED082A7F
:107B10000C980D9988620B980D99C8620A980D9976
:107B2000086309980D99486308980D9988630D9822
:107B300090ED0A0A9FED5D1AB4EE410AF1EE10FADB
:107B400005DCFFE79FED590A8DED070A1AE00D9855
:107B500090ED0A0A9FED561AB4EE410AF1EE10FAC2
:107B600005DBFFE79FED520A8DED060A05E00D9853
:107B700090ED0A0A8DED060AFFE79DED060A8DEDF0
:107B8000070AFFE79DED070A0D9880ED0A0A0D9898
:107B900090ED0B0A9FED471AB4EE410AF1EE10FA90
:107BA00005DCFFE79FED430A8DED050A1AE00D980D
:107BB00090ED0B0A9FED401AB4EE410AF1EE10FA77
:107BC00005DBFFE79FED3C0A8DED040A05E00D980B
:107BD00090ED0B0A8DED040AFFE79DED040A8DED93
:107BE000050AFFE79DED050A0D9880ED0B0A0D983B
:107BF00090ED0C0AB5EE400AF1EE10FA05DCFFE755
:107C00009FED2F0A8DED030A1AE00D9890ED0C0AF6
:107C10009FED2A1AB4EE410AF1EE10FA05DBFFE7F8
:107C20009FED260A8DED020A05E00D9890ED0C0AF5
:107C30008DED020AFFE79DED020A8DED030AFFE7D5
:107C40009DED030A0D9880ED0C0A0D9890ED0D0A3C
:107C5000B5EE400AF1EE10FA05DCFFE79FED180AD9
:107C60008DED010A1AE00D9890ED0D0AB1EE041A9F
:107C7000B4EE410AF1EE10FA05DBFFE7B1EE040ABB
:107C80008DED000A05E00D9890ED0D0A8DED000ACE
:107C9000FFE79DED000A8DED010AFFE79DED010A6A
:107CA0000D9880ED0D0A0EB0704700BFDA0FC9C104
:107CB000DA0FC941000034C2000034420000FA4328
:107CC000000000000000000080B588B0069005911B
:107CD00005990878497840EA01206FF3DF2006997A
:107CE000088006990888A0F5806008800599487882
:107CF0008978C00840EA41106FF3DF200699488078
:107D000006994888A0F58060488005998878CA78E7
:107D10000979800940EA820040EA81206FF3DF2080
:107D20000699888006998888A0F5806088800599E2
:107D300008794979400840EAC1106FF3DF200699BD
:107D4000C8800699C888A0F58060C8800599087C1D
:107D5000497C40EA01206FF3DF20069908810699EB
:107D60000889A0F580600881059840798009069906
:107D7000887205984079C0F301100699C872069878
:107D8000B0F90000012805DBFFE70698B0F9000014
:107D9000049005E00698B0F9000040420490FFE727
:107DA0000498B0F5257F4ADCFFE70698B0F9020099
:107DB000012805DBFFE70698B0F90200039005E013
:107DC0000698B0F9020040420390FFE70398B0F52F
:107DD000257F34DCFFE70698B0F90400012805DBB5
:107DE000FFE70698B0F90400029005E00698B0F9A4
:107DF000040040420290FFE70298B0F5257F1EDCA8
:107E0000FFE70698B0F90600012805DBFFE70698B2
:107E1000B0F90600019005E00698B0F9060040426E
:107E20000190FFE70198B0F5257F08DCFFE7069891
:107E3000807A20B1FFE70698C07A40B9FFE706983C
:107E40004821E8F7FBFA01208DF81F002AE0059988
:107E50008879C97940EA0120069988810599087ACC
:107E6000497A40EA01200699C8810599887AC97A39
:107E700040EA0120069908820598007B06998874DB
:107E80000598407B0699C8740599887BC97B40EAB0
:107E900001200699888206990120C87500208DF876
:107EA0001F00FFE79DF81F0008B080BD0000000024
:107EB00080B588B006904DF2D870C2F200400168DB
:107EC000C968069A114405910068406878BBFFE7CD
:107ED0000698B0F5007F03D9FFE70698019003E00C
:107EE0004FF400700190FFE701980490049803306C
:107EF00020F003000490049807F0A8FF01464DF21B
:107F0000D870C2F20040026851600068406820B931
:107F1000FFE74FF0FF30079043E004984DF2D8712F
:107F2000C2F20041096888600020079039E0059896
:107F30004DF2D871C2F200410968896888422DD992
:107F4000FFE74DF2D870C2F20040006880680390ED
:107F5000FFE703980599884204D2FFE703984000A1
:107F60000390F6E74DF2D870C2F200400068406816
:107F7000039908F0A3F80290029820B9FFE74FF0A8
:107F8000FF3007900DE002984DF2D871C2F2004127
:107F90000A685060039809688860FFE7002007902E
:107FA000FFE7079808B080BD85B00490049890ED75
:107FB0000A0A90ED0D1A20EE010AB5EE400AF1EE24
:107FC00010FA40F38180FFE7049890ED0A0AB5EEBD
:107FD000400AF1EE10FA06DDFFE7049890ED0A0A78
:107FE0008DED030A07E0049890ED0A0AB1EE400A0D
:107FF0008DED030AFFE79DED030A049890ED031A47
:10800000B4EE410AF1EE10FA01DCFFE75CE00498FF
:1080100090ED0A0AB5EE400AF1EE10FA06DDFFE730
:10802000049890ED0A0A8DED020A07E0049890ED9D
:108030000A0AB1EE400A8DED020AFFE79DED020A41
:10804000049890ED031A90ED042A31EE021AB4EE72
:10805000410AF1EE10FA31DCFFE7049890ED040AD2
:108060008DED010A90ED0A0AB5EE400AF1EE10FA24
:1080700006DDFFE7049890ED0A0A8DED000A07E09F
:10808000049890ED0A0AB1EE400A8DED000AFFE770
:108090009DED010A9DED001A30EE411A049890ED15
:1080A000033A90ED042A90ED050A31EE031A81EEB1
:1080B000021A20EE010A80ED050A03E0049900206F
:1080C0004861FFE7FFE7FFE705B0704700000000E9
:1080D00080B584B0039002910398112834D1FFE752
:1080E00002994DF2A850C2F2004001904022E8F7F8
:1080F0008CF90198016843684DF29042C2F2004247
:1081000053601160018A4DF28042C2F20042118137
:108110008168C36853601160017D4DF6EC12C2F2B4
:1081200000429170418A1180C27D48F26071C2F2B2
:1081300001418A70B0F8150008804DF2A131C2F2F9
:10814000004101200870FFE704B080BD000000007E
:1081500083B001904DF2D870C2F200400068006810
:108160000090FFE7009868B1FFE700980068019968
:10817000884203D1FFE70098029006E000988069EA
:108180000090EFE700200290FFE7029803B07047ED
:1081900084B0039002918DF8072003980090009816
:1081A000007802999DF80720885400984078029A38
:1081B0009DF807101144487000988078029A9DF845
:1081C0000710114488700098C078029A9DF8071033
:1081D0001144C87004B0704786B08DED050ACDED2E
:1081E000040A8DED031A8DF80B009DED030A9DED39
:1081F000041A30EE410A8DED010A049800909DEDBD
:10820000050A9DED001A30EE410A9DF80B10012081
:108210008840013801EE100AB8EEC11A20EE010ABA
:108220009DED011A80EE010ABCEEC00A10EE100AA4
:1082300006B070470000000082B0019000910198E4
:1082400018B1FFE7009808B9FFE70DE00198006852
:108250000099884201D1FFE706E000980199486043
:10826000019901200872FFE702B07047000000008A
:1082700080B582B001900091019818B1FFE7009895
:1082800008B9FFE711E00098019908600199002002
:1082900048600199087201980068406828B1FFE7BA
:1082A0000198006840688047FFE702B080BD000089
:1082B00080B582B00190019808B9FFE73AE00198D3
:1082C000007A48B3FFE70198406828B3FFE70198B8
:1082D000006850B1FFE701980068C06828B1FFE767
:1082E00001980068C0688047FFE701994868086006
:1082F000019900204860019908720198006850B106
:10830000FFE701980068406828B1FFE7019800681E
:1083100040688047FFE7FFE70198006850B1FFE73A
:1083200001980068806828B1FFE7019800688068BC
:108330008047FFE702B080BD4DF2DC70C2F2004022
:10834000C17C0220002918BF0320704700000000F4
:10835000042070470000000081B04DF6F810C2F212
:10836000004090F8240058B9FFE74DF2FC31C2F20A
:108370000041002081F8240001208DF8030022E054
:108380004DF2FC30C2F2004090F8240058B9FFE7EB
:108390004DF6F811C2F20041002081F824000220BD
:1083A0008DF803000FE04DF6F811C2F200410020F5
:1083B00081F824004DF2FC31C2F2004181F8240022
:1083C0008DF80300FFE79DF8030001B0704700003F
:1083D00080B596B0159014911392149815280AD070
:1083E000FFE71498162806D0FFE713990868496834
:1083F0001291119005E0139901A84022E8F705F8C1
:10840000FFE71498113801460091052800F2B88062
:108410000099DFE801F00318293A457F9DED110A24
:108420009FED5D1A20EE010A9FED5A1A80EE010AB7
:10843000159880ED000A9DED120AB1EE400A1598DC
:1084400080ED030A9DE09DED110A9FED511A20EE8B
:10845000010A9FED501A80EE010A159880ED010A7D
:108460001298159908618CE09DED110A9FED481A4C
:1084700020EE010A9FED471A80EE010A159880ED63
:10848000020A1298159948617BE0119815990862C3
:108490009DED120AB1EE400A159880ED070A70E0D2
:1084A0009DED010A9FED3A2A20EE420A9FED391A0E
:1084B00080EE010A159880ED000A9DED020A20EE7B
:1084C000020A80EE010A159880ED010A9DED030A6B
:1084D00020EE020A80EE010A159880ED020A9DED59
:1084E000040AB1EE400A159880ED030A0598159923
:1084F00008610698159948610C98159988619DED59
:108500000E0AB1EE400A159880ED070A0A981599EF
:10851000086236E09DED030A9FED1D2A20EE420A17
:108520009FED1C1A80EE010A159880ED000A9DED62
:10853000020A20EE020A80EE010A159880ED010A77
:108540009DED010A20EE020A80EE010A159880EDE9
:10855000020A9DED060AB1EE400A159880ED030A65
:108560000598159908610498159948610A98159914
:1085700088610E981599C8610C981599086200E0F9
:10858000FFE71599012081F8240016B080BD00BFD7
:10859000DB0F494000003443DB0F49C000000000FE
:1085A00081B0EFF3058000900098002818BF0120EB
:1085B00001B070470000000081B04FF69870C2F221
:1085C0000040007820B9FFE701208DF8030008E0A3
:1085D0004FF69871C2F20041002008708DF8030038
:1085E000FFE79DF8030001B07047000000000000A5
:1085F00080B584B0039001208DF80B0003990A79AF
:108600004DF22170C2F200400271096801600078E9
:10861000A52840F08C81FFE74FF69871C2F2004127
:108620000120087003980521FEF796FB002800F052
:108630006581FFE74DF22170C2F20040B0F8010001
:108640000930ADF808000398BDF80810FEF718FBD4
:10865000002800F05281FFE700208DF80B000398FE
:10866000B0F80500019001980090012867D0FFE75D
:108670000098022873D0FFE70098032877D0FFE71F
:10868000009840F20111884200F08480FFE70098D2
:10869000B0F5827F00F08780FFE7009840F2051177
:1086A000884200F08B80FFE7009840F20121884269
:1086B00000F08F80FFE7009840F20221884200F02E
:1086C0009F80FFE7009840F20321884200F0AA80D3
:1086D000FFE70098B0F5017F00F0B380FFE7009856
:1086E00040F20621884200F0B880FFE7009840F28F
:1086F0000721884200F0B980FFE70098B0F5027FBB
:1087000000F0C080FFE7009840F20921884200F0A5
:10871000C580FFE7009840F20131884200F0C9802F
:10872000FFE7009840F20331884200F0CC80FFE779
:10873000009840F20531884200F0D480DCE00399D3
:10874000D1F80700D1F80B20D1F80E304DF62601F4
:10875000C2F20041C1F807304A600860CCE00398DB
:10876000C0794DF61401C2F200410870C4E00399CB
:10877000D1F80700D1F80B20D1F80F30D1F813C091
:108780004DF61601C2F20041C1F80CC08B604A6080
:108790000860B1E00398D0F807004DF2A451C2F28E
:1087A00000410860A8E00398427A40F24C61C2F2AE
:1087B00001418A70B0F8070008809DE00398427A72
:1087C0004DF27D41C2F200418A70B0F80700088086
:1087D00092E0039BD97C40F2D860C2F20140017361
:1087E000D3F80710D3F80B20D3F80F308360426022
:1087F000016000784BF64861C2F2004108607BE0FE
:10880000039BB3F8130040F26041C2F2014188813A
:10881000D3F80700D3F80B20D3F80F308B604A60F1
:10882000086069E00399D1F80700D1F80B20D1F86E
:108830000F3040F2CC61C2F201418B604A600860A7
:108840005AE00399D1F80700D1F80B204DF2A2317C
:10885000C2F200414A6008604EE00398C0794FF2CE
:10886000AC01C2F20041087046E00399D1F807005C
:10887000D1F80A2040F63011C2F20141C1F80320BC
:10888000086039E00398B0F80B2040F27241C2F260
:1088900001418A80D0F8070008602DE00398C27A71
:1088A00040F24F61C2F201410A71D0F8070008603E
:1088B00022E00398C11D40F25460C2F201407622CA
:1088C000E7F7A3FD18E00399D1F80700D1F80B20D2
:1088D000D1F80F304FF68461C2F200418B604A60DC
:1088E000086009E00398C11D4FF69060C2F2004095
:1088F0001822E7F78AFDFFE7FFE7FFE703984DF24D
:108900002171C2F20041B1F801100844407AA52853
:108910000CD1FFE703984DF22171C2F20041B1F88A
:10892000011008440930FFF763FEFFE7FFE79DF8F9
:108930000B0004B080BD000081B0009000984FF2A1
:10894000BC21C2F20041086001B070470000000085
:1089500080B582B001900091FFE74FF2BC20C2F2D7
:1089600000400068D0F88800202804D0FFE70120EC
:1089700001F02AFDF1E74FF2BC20C2F2004000688E
:108980000199BDF80020F4F707F902B080BD00009E
:1089900080B582B00190019890F8FA00002869D162
:1089A000FFE7019901F14C005431FDF701FB0199FA
:1089B000C8700199B1F84C00A1F87C000199C88DEC
:1089C000A1F87E00019A02F14C0002F12C017C32E8
:1089D000FDF7F6F90199C8700199B1F87C00A1F88A
:1089E00084000199B1F85600A1F88600019A02F1BD
:1089F0007C0002F154018432FDF7E2F90199C8705C
:108A00000199B1F86400A1F874000199B1F8660009
:108A1000A1F87600019A02F1840002F16401743237
:108A2000FDF704F80199C870019901F174008431CF
:108A3000FDF760F80199C8700199888DA1F87C0054
:108A40000199B1F85600A1F87E00019A02F12C00BC
:108A500002F154017C32FDF7B3F90199C870019A13
:108A600002F17C0002F184016C32FDF7A9F9019951
:108A7000C870FFE70198D0F80C0128B1FFE7019812
:108A8000D0F80C118847FFE702B080BD000000005D
:108A900080B582B00190019890F8FC0090BBFFE790
:108AA0000199B1F86C00A1F87C000199B1F84E0071
:108AB000A1F87E00019A02F16C0002F14C017C32B7
:108AC000FDF77EF90199C8700199B1F87C00A1F811
:108AD00084000199C88DA1F88600019A02F17C00FA
:108AE00002F12C018432FDF76BF90199C870019AEB
:108AF00002F12C0002F184012432FDF7F9F9019909
:108B0000C870FFE70198D0F8140128B1FFE7019879
:108B1000D0F814118847FFE702B080BD00000000C4
:108B200080B582B00190019890F8F90078BBFFE71A
:108B3000019901F134003C31FDF73AFA0199C8700E
:108B4000019A02F1340002F124012C32FDF738F9C8
:108B50000199C8700199888DA1F87C000199C88F8E
:108B6000A1F87E00019A02F12C0002F13C017C3256
:108B7000FDF726F90199C870019A02F17C0002F113
:108B80005C012C32FCF752FF0199C870FFE7019895
:108B9000D0F8080128B1FFE70198D0F808118847FC
:108BA000FFE702B080BD000080B58CB00B908DF85F
:108BB0002B108DF82A208DF829309DF82B000B9969
:108BC00008709DF82A000B9948709DF829000B99B0
:108BD00088704BF6FE50C2F20040099000889DF864
:108BE0002B10484307F032F909990B9AC2F8E800B4
:108BF0000B98D0F8E80009889DF82B205143E7F73F
:108C00001DFC9DF82A00C8B1FFE74BF6FE50C2F2EA
:108C10000040089000889DF82A10484307F016F994
:108C200008990B9AC2F8F0000B98D0F8F000098868
:108C30009DF82A205143E7F701FCFFE74BF6FE5071
:108C4000C2F20040069000889DF82910484307F0C2
:108C5000FDF806990B9AC2F8EC000B98D0F8EC00DE
:108C600009889DF829205143E7F7E8FB069800881A
:108C70009DF82B10484307F0E9F806990B9AC2F8C3
:108C8000F4000B98D0F8F40009889DF82B2051438C
:108C9000E7F7D4FB069800889DF82B10484307F0AF
:108CA000D5F806990B9AC2F89C000B98D0F89C0056
:108CB00009889DF82B205143E7F7C0FB0B9A101D44
:108CC0001178D2F89C3001220792FCF70EFF06982B
:108CD00000889DF82B10484307F0B8F806990B9AC6
:108CE000C2F8A0000B98D0F8A00009889DF82B20AE
:108CF0005143E7F7A3FB079A0B9B03F10C0019788C
:108D0000D3F8A030FCF7F1FE9DF82A0010B3FFE77E
:108D10004BF6FE50C2F20040059000889DF82A10E4
:108D2000484307F093F805990B9AC2F8A4000B98F2
:108D3000D0F8A40009889DF82A205143E7F77EFB6C
:108D40000B9A02F114005178D2F8A4300122FCF7FA
:108D5000CCFEFFE74BF6FE50C2F2004004900088C4
:108D60009DF82910484307F071F804990B9AC2F84E
:108D7000A8000B98D0F8A80009889DF82920514335
:108D8000E7F75CFB0B9A02F11C009178D2F8A8304F
:108D90000122FCF7AAFE049800889DF82B10484396
:108DA000484307F053F804990B9AC2F8AC000B98AB
:108DB000D0F8AC0009889DF82B2051435143E7F7C8
:108DC0003DFB0B9901F124000A78D1F8AC30114633
:108DD000FCF78BFE049800889DF82B10484348430D
:108DE00007F034F804990B9AC2F8B0000B98D0F849
:108DF000B00009889DF82B2051435143E7F71EFB33
:108E00000B9901F12C000A78D1F8B0301146FCF72B
:108E10006CFE049800889DF82B104843484307F0E7
:108E200015F804990B9AC2F8B4000B98D0F8B40066
:108E300009889DF82B2051435143E7F7FFFA0B991E
:108E400001F134000A78D1F8B4301146FCF74DFE38
:108E5000049800889DF82B104843484306F0F6FF1D
:108E600004990B9AC2F8B8000B98D0F8B80009889A
:108E70009DF82B2051435143E7F7E0FA0B9901F19C
:108E80003C000A78D1F8B8301146FCF72EFE9DF868
:108E90002A0040B3FFE74BF6FE50C2F200400390B9
:108EA00000889DF82B1048439DF82A10484306F08F
:108EB000CDFF03990B9AC2F8BC000B98D0F8BC0008
:108EC00009889DF82B2051439DF82A205143E7F74C
:108ED000B5FA0B9B03F1440019785A78D3F8BC30EB
:108EE000FCF703FEFFE74BF6FE50C2F20040019094
:108EF00000889DF8291048439DF82B10484306F040
:108F0000A5FF01990B9AC2F8C0000B98D0F8C000D9
:108F100009889DF8292051439DF82B205143E7F7FC
:108F20008DFA0B9B03F14C001A789978D3F8C03076
:108F3000FCF7DBFD019800889DF82B1048439DF855
:108F40002910484306F082FF01990B9AC2F8C40029
:108F50000B98D0F8C40009889DF82B2051439DF848
:108F600029205143E7F76AFA0B9B03F15400197863
:108F70009A78D3F8C430FCF7B8FD019800889DF8C2
:108F80002B104843484306F061FF01990B9AC2F841
:108F9000C8000B98D0F8C80009889DF82B205143D1
:108FA0005143E7F74BFA0B9901F15C000A78D1F8CD
:108FB000C8301146FCF799FD019800889DF82910EA
:108FC0004843484306F042FF01990B9AC2F8CC008F
:108FD0000B98D0F8CC0009889DF8292051435143C3
:108FE000E7F72CFA0B9901F164008A78D1F8CC30BC
:108FF0001146FCF77AFD019800889DF82B10484334
:109000009DF82910484306F021FF01990B9AC2F8F8
:10901000D0000B98D0F8D00009889DF82B20514340
:109020009DF829205143E7F709FA0B9B03F16C00E7
:1090300019789A78D3F8D030FCF757FD019800885A
:109040000B9909784843484306F000FF0146019810
:109050000B9AC2F8D41000880B990978484348430A
:1090600006F0F4FE014601980B9AC2F8D810008869
:109070000B9909784843484306F0E8FE01460198F9
:109080000B9AC2F8DC1000880B990978484306F067
:10909000DDFE014601980B9AC2F8E01000880B999A
:1090A0000978484306F0D2FE0B99C1F8E4000B9909
:1090B00001F174000A78D1F8D4301146FCF715FD9F
:1090C0000B9901F17C000A78D1F8D8301146FCF7F1
:1090D0000CFD0B9901F184000A78D1F8DC301146BF
:1090E000FCF703FD0B9A02F18C001178D2F8E03006
:1090F00001220292FCF7F9FC029A0B9B03F1940007
:109100001978D3F8E430FCF7F0FC0B99002081F8D3
:10911000F8000B9981F8F9000B9981F8FA000B9986
:1091200081F8FB000B9981F8FC000CB080BD0000B9
:1091300080B584B00390039BD3F8A800D3F8EC105B
:109140004BF6FE52C2F20042029212889B785A43BA
:10915000E7F75BF90299039AD2F8EC000988927854
:109160005143E7F76BF903984078C8B1FFE7039BD9
:10917000D3F8A400D3F8F0104BF6FE52C2F200422E
:10918000019212885B785A43E7F73FF90199039AF5
:10919000D2F8F000098852785143E7F74FF9FFE71A
:1091A00004B080BD0000000080B582B0019001983D
:1091B000FFF7BEFF019800F0BFF80198FFF7B0FC81
:1091C0000198FFF7E5FB019800F05AF80198FFF7C6
:1091D0005FFC00208DF80300FFE79DF80300019974
:1091E000097888422EDAFFE70198D0F8AC209DF884
:1091F0000310037811FB031302EB830292ED000AC4
:10920000D0F8F40000EB810090ED001AB4EE410AB2
:10921000F1EE10FA0FDAFFE7019BD3F8F4009DF8A6
:10922000032050F82200D3F8AC101B7812FB032265
:1092300041F82200FFE7FFE79DF8030001308DF8B9
:109240000300CAE70198D0F8180128B1FFE7019898
:10925000D0F818118847FFE7019BD3F8E800D3F84E
:109260009C104BF6FE52C2F2004212881B785A4301
:10927000E7F7CBF80198D0F8E80002B080BD000015
:1092800080B582B00190019890F8FB00002846D18B
:10929000FFE70199B1F84C00A1F88C000199012079
:1092A0000090A1F88E00019A02F14C0002F10C012D
:1092B0008C32FCF785FD01460098019AD170019A25
:1092C000918BA2F894100199A1F89600019A02F1ED
:1092D0001C0002F18C019432FCF70AFE0146009852
:1092E000019AD170019AB2F86C10A2F88C10019911
:1092F000A1F88E00019A02F16C0002F194018C3207
:10930000FCF75EFD0199C870019A02F10C0002F1B0
:109310008C010432FCF78AFB0199C870FFE70198C1
:10932000D0F8100128B1FFE70198D0F81011884754
:10933000FFE702B080BD000080B582B001900198C7
:1093400090F8F800002840D1FFE701984078012804
:1093500030DBFFE701990878A1F88C000199012022
:109360000090A1F88E00019A02F13400111D8C3298
:10937000FCF726FD01460098019AD170019A1178F8
:10938000A2F894100199A1F89600019A02F1440004
:1093900002F114019432FCF713FD0199C870019A8F
:1093A00002F18C0002F194010C32FCF73FFB0199B1
:1093B000C87009E0019A02F13400111D0C32FCF76B
:1093C000FFFC0199C870FFE7FFE70198D0F804019E
:1093D00028B1FFE70198D0F804118847FFE702B0F1
:1093E00080BD0000000000004DF2DC71C2F20041BF
:1093F0000720C8757047000080B582B04DF2DC715F
:10940000C2F2004101910720C875FEF795FF01994E
:109410000876FEF79DFF01460198417690F82600F8
:1094200058B1FFE74DF2C070C2F2004041F21C118A
:10943000C0F60201FEF700FF32E04FF40060FDF7D6
:10944000CFF858B1FFE74DF2C070C2F2004041F2D0
:109450001C11C0F60201FEF7EFFE21E04FF40050B0
:10946000FDF7BEF858B1FFE74DF2C070C2F2004000
:1094700041F20C11C0F60201FEF7DEFE10E04FF4DF
:109480000070FDF7ADF858B1FFE74DF2C070C2F2C1
:10949000004041F23C11C0F60201FEF7CDFEFFE7AD
:1094A00002B080BD000000004DF2DC71C2F200414C
:1094B0000820C8757047000080B582B04DF2DC719D
:1094C000C2F2004101910820C875FEF735FF0199ED
:1094D0000876FEF73DFF01460198417690F8250099
:1094E00098B1FFE74DF2DC70C2F2004090F8260020
:1094F00058B1FFE74DF2C070C2F2004041F21C11BA
:10950000C0F60201FEF798FE10E04FF48040FDF730
:1095100067F858B1FFE74DF2C070C2F2004041F267
:109520001C11C0F60201FEF787FEFFE702B080BD06
:109530004DF2DC71C2F200410920C875704700008D
:1095400080B582B04DF2DC71C2F200410191092078
:10955000C875FEF7F1FE01990876FEF7F9FE01994C
:1095600048764FF40040FDF73BF858B1FFE74DF265
:10957000C070C2F2004041F21C11C0F60201FEF7B9
:109580005BFEFFE702B080BD4DF2DC71C2F200412C
:109590000220C8757047000080B582B04DF2DC71C2
:1095A000C2F2004101910220C875087DC0F300108D
:1095B0008876FEF7C1FE01990876FEF7C9FE01998B
:1095C00048760120FDF70CF828B9FFE70220FDF7E7
:1095D00007F858B1FFE74DF2C070C2F2004041F207
:1095E0001C11C0F60201FEF727FE21E04FF4807047
:1095F000FCF7F6FF58B1FFE74DF2C070C2F2004031
:1096000041F22C11C0F60201FEF716FE10E04FF4F5
:109610000040FCF7E5FF58B1FFE74DF2C070C2F221
:10962000004041F2EC01C0F60201FEF705FEFFE743
:1096300002B080BD000000004DF2DC71C2F20041BA
:109640000420C8757047000080B582B04DF2DC710F
:10965000C2F2004101910420C875087DC0F30010DA
:109660008876FEF769FE01990876FEF771FE01998A
:1096700048764FF40050FCF7B3FF58B1FFE74DF2C6
:10968000C070C2F2004041F21C11C0F60201FEF7A8
:10969000D3FD47E04FF48070FCF7A2FF58B1FFE71D
:1096A0004DF2C070C2F2004041F22C11C0F602012E
:1096B000FEF7C2FD36E04FF40070FCF791FF58B1A1
:1096C000FFE74DF2C070C2F2004041F23C11C0F61B
:1096D0000201FEF7B1FD25E00420FCF781FF28B967
:1096E000FFE70820FCF77CFF58B1FFE74DF2C070A0
:1096F000C2F2004041F2FC01C0F60201FEF79CFDFF
:1097000010E04FF40060FCF76BFF58B1FFE74DF23B
:10971000C070C2F2004041F2CC01C0F60201FEF777
:109720008BFDFFE702B080BD4DF2DC71C2F200415B
:109730000120C8757047000080B582B04DF2DC7121
:10974000C2F2004101910120C875087DC0F30010EC
:109750008876FEF7F1FD01990876FEF7F9FD01998B
:1097600048760420FCF73CFF28B9FFE70820FCF707
:1097700037FF58B1FFE74DF2C070C2F2004041F22E
:10978000FC01C0F60201FEF757FD65E04FF4807062
:10979000FCF726FF58B1FFE74DF2C070C2F200405F
:1097A00041F22C11C0F60201FEF746FD54E04FF4E1
:1097B0000050FCF715FF58B1FFE74DF2C070C2F240
:1097C000004041F20C11C0F60201FEF735FD43E006
:1097D0004FF40070FCF704FF58B1FFE74DF2C07082
:1097E000C2F2004041F23C11C0F60201FEF724FD36
:1097F00032E04FF48040FCF7F3FE58B1FFE74DF242
:10980000C070C2F2004041F2DC01C0F60201FEF776
:1098100013FD21E04FF40060FCF7E2FE58B1FFE7D2
:109820004DF2C070C2F2004041F2CC01C0F602011C
:10983000FEF702FD10E04FF40040FCF7D1FE58B1F6
:10984000FFE74DF2C070C2F2004041F2EC01C0F6F9
:109850000201FEF7F1FCFFE702B080BD000000004E
:109860004DF2DC71C2F200410320C8757047000060
:1098700080B582B04DF2DC71C2F20041019103204B
:10988000C875087DC0F300108876FEF755FD019974
:109890000876FEF75DFD019948764FF48070FCF77D
:1098A0009FFE58B1FFE74DF2C070C2F2004041F296
:1098B0001C11C0F60201FEF7BFFC14E00420FCF707
:1098C0008FFE28B9FFE70820FCF78AFE58B1FFE7B2
:1098D0004DF2C070C2F2004041F2FC01C0F602013C
:1098E000FEF7AAFCFFE702B080BD00000000000008
:1098F0004DF2DC71C2F200410520C87500200862FB
:10990000704700000000000080B582B04DF2DC71AD
:10991000C2F2004101910520C875FEF70DFD0199C5
:109920000876FEF715FD019948764FF40070FCF7B4
:1099300057FE58B1FFE74DF2C070C2F2004041F24D
:109940001C11C0F60201FEF777FC34E04FF4005022
:10995000FCF746FE58B1FFE74DF2C070C2F200407E
:1099600041F20C11C0F60201FEF766FC23E04DF255
:10997000DC70C2F2004090F8240058B1FFE74DF2CD
:10998000C070C2F2004041F24C11C0F60201FEF775
:1099900053FC10E04FF40060FCF722FE58B1FFE7E3
:1099A0004DF2C070C2F2004041F2CC01C0F602019B
:1099B000FEF742FCFFE702B080BD0000000000009F
:1099C0004DF2DC71C2F200410620C87570470000FC
:1099D00080B582B04DF2DC71C2F2004101910620E7
:1099E000C875FEF7A9FC01990876FEF7B1FC01469F
:1099F0000198417690F8250058B1FFE74DF2C0700C
:109A0000C2F2004041F21C11C0F60201FEF714FC44
:109A100010E04FF40070FCF7E3FD58B1FFE74DF2A2
:109A2000C070C2F2004041F21C11C0F60201FEF704
:109A300003FCFFE702B080BD82B08DF807009DF8FF
:109A40000700014600910E2800F299800099DFE896
:109A500001F008121B252F39434D57616A747E8827
:109A6000920040F2FC50C2F20140007DC0F3801031
:109A7000ADF8040084E040F2FC50C2F20140007DE9
:109A8000C009ADF804007BE040F2FC50C2F2014096
:109A9000407D00F00100ADF8040071E040F2FC50A0
:109AA000C2F20140407DC0F34000ADF8040067E021
:109AB00040F2FC50C2F20140407DC0F38000ADF89E
:109AC00004005DE040F2FC50C2F20140407DC0F372
:109AD000C000ADF8040053E040F2FC50C2F2014077
:109AE000407DC0F30010ADF8040049E040F2FC50A6
:109AF000C2F20140407DC0F34010ADF804003FE0E9
:109B000040F2FC50C2F20140407DC0F38010ADF83D
:109B1000040035E040F2FC50C2F20140407DC00933
:109B2000ADF804002CE040F2FC50C2F20140007D90
:109B3000C0F34010ADF8040022E040F2FC50C2F245
:109B40000140007DC0F30010ADF8040018E040F2C1
:109B5000FC50C2F20140007DC0F38000ADF804006B
:109B60000EE040F2FC50C2F20140007DC0F3C000A4
:109B7000ADF8040004E00020ADF8040000E0FFE7C9
:109B8000BDF8040002B0704780B582B08DF80700C0
:109B90009DF80700FFF750FFADF80400BDF8040082
:109BA000F8B1FFE79DF807104FF60C50C2F20040E5
:109BB000405CB0B9FFE79DF807204FF60C51C2F2A8
:109BC0000041012088549DF807204FF6D041C2F291
:109BD000004151F82200B0FA80F0400941F822001B
:109BE0000DE0BDF8040048B9FFE79DF807204FF6E7
:109BF0000C51C2F2004100208854FFE7FFE79DF8B6
:109C000007104FF6D040C2F2004010F8210002B019
:109C100080BD00000000000080B582B08DF8070014
:109C200000208DF806009DF80700FFF7ADFF9DF8B6
:109C300007104FF6D040C2F2004050F82100012832
:109C40000DD1FFE79DF807204FF6D041C2F2004149
:109C5000002041F8220001208DF806000EE09DF85A
:109C600007104FF6D040C2F2004050F8210020B952
:109C7000FFE700208DF80600FFE7FFE79DF80600EC
:109C800002B080BD0000000080B54DF2DC71C2F270
:109C90000041022088754DF2C070C2F2004041F2CE
:109CA0001C11C0F60201FEF7E3FA80BD00000000BF
:109CB00080B54DF2DC70C2F2004002218175807ADD
:109CC00001280BD1FFE74DF60800C2F2004041F237
:109CD0006C11C0F60201FEF7AFFA21E04DF2DC7024
:109CE000C2F20040807A032813D1FFE74DF2DC7006
:109CF000C2F20040C07A01280BD1FFE74DF6080000
:109D0000C2F2004041F2CC11C0F60201FEF794FA13
:109D100006E04DF2C070C2F20040FEF7C9FAFFE75C
:109D200080BD00000000000083B002900191019806
:109D300090ED000AB7EEC00AB0EEC00BB3EE081B00
:109D400020EE010B9FED2E1B20EE010B4BF68850F1
:109D5000C2F2004090ED001AB7EEC11AB4EE410B0A
:109D6000F1EE10FA47DDFFE7029890ED000AB5EE3C
:109D7000400AF1EE10FA0DDDFFE74BF68850C2F213
:109D8000004090ED000AB3EE081A80EE010A8DED56
:109D9000000A0CE04BF68850C2F2004090ED000A39
:109DA000BBEE081A80EE010A8DED000AFFE79DED7B
:109DB000000A4FF62C50C2F2004080ED000A90EDF0
:109DC000000AB7EEC00AB0EEC00B029890ED001A80
:109DD000B7EEC11AB0EEC11BB4EE410BF1EE10FAB2
:109DE00008DAFFE74FF62C50C2F2004000680299F3
:109DF0000860FFE7FFE703B0704700BF00BF00BF88
:109E0000000000E051B8DE3F80B582B001900091C3
:109E1000019800990A68FAF747F902B080BD00007E
:109E200080B582B001900091019800990A68FAF714
:109E30004FF902B080BD000080B582B00190009162
:109E4000019800990A68FAF757F902B080BD00003E
:109E500083B00290019102994869013048610299EA
:109E6000012081F84500029890ED041A90ED050A52
:109E7000B8EE411AB8EE400A31EE400A80EE010A0F
:109E800080ED060A0299088D488501980078014600
:109E900000919A2800F08380FFE70098A12840F005
:109EA0008980FFE702984069312807D8FFE70299C7
:109EB000088D8885029900200863FFE701984078A3
:109EC000029981F8220001998878C97840EA012036
:109ED0000299888401990879497940EA0120029918
:109EE000C88401998879C97940EA012002990885D6
:109EF0000299088D498D401AB0F5004F05DBFFE748
:109F00000299086B013808630DE00299088D498DAC
:109F1000401A10F5004F05DCFFE70299086B01308D
:109F20000863FFE7FFE7029890ED0C0AB8EEC02A3D
:109F3000018D00EE101AB8EEC00A9FED201A02EE55
:109F4000010A818D02EE101AB8EEC22A30EE420AE2
:109F5000BDEEC00A80ED0D0A029890ED0D0AB8EE34
:109F6000C00A80EE010A30EE000A9FED151A20EEBD
:109F7000010AB2EE042A80EE020A80ED0E0A02986F
:109F8000B0F9261000EE101AB8EEC00A20EE010A51
:109F90009FED0C1A80EE010A80ED0F0A0BE001988C
:109FA0004078029981F822000198C079029981F8DD
:109FB000440000E0FFE703B0704700BF00008047A7
:109FC000DB0F49400000344380B584B003908DF826
:109FD0000B1001928DED000A9DF80B000399487259
:109FE00001980399C86000980399C8610398882173
:109FF00000F00AF803984BF69C51C2F20041FFF7BB
:10A000001BFF04B080BD000080B582B001908DF8C8
:10A0100003109DF803004FF63051C2F20041087062
:10A020009DF803009A280FD1FFE79DF803009B28B5
:10A030000AD1FFE79DF80300802805D1FFE79DF8CE
:10A040000300882801D0FFE709E00199487AC96830
:10A050004FF63052C2F20042FCF73AFAFFE702B084
:10A0600080BD00000000000080B582B001904FF676
:10A070003852C2F20042A1201070019890F82000DE
:10A080001071019890F8210050710199487AC968BF
:10A09000FCF71EFA01990869013008610199002056
:10A0A00081F8450002B080BD81B0009000984FF665
:10A0B0004451C2F20041086001B070470000000046
:10A0C00081B08DF802009DF8020020B9FFE7002062
:10A0D0008DF8030025E09DF80210042000EB8100BC
:10A0E0008DF801009DF802204DF29840C2F2004028
:10A0F000002100F822109DF8022000EB820251702E
:10A100009DF8021000EB8102802191709DF80210F1
:10A1100000EB81017F20C8709DF801008DF80300DD
:10A12000FFE79DF8030001B0704700000000000049
:10A1300080B582B004F034FE4DF29840C2F2004087
:10A14000019090F84500FFF7BBFF0146019880F8A9
:10A15000441090F8440070B1FFE74FF64450C2F24B
:10A16000004000684DF29841C2F2004191F844204D
:10A17000F2F712FDFFE74DF29841C2F200410020D4
:10A1800081F8450081F8440002B080BD0000000065
:10A1900080B582B08DED010A4DF29840C2F20040C8
:10A1A00090F84500102801DBFFE713E04DF29841DD
:10A1B000C2F2004191F84500013081F8450091F864
:10A1C00045206FF0030000EB8200C2B201A8FDF74A
:10A1D000DFFFFFE702B080BD80B582B000200190B4
:10A1E000ECF7F2F8F4F794F9F3F786FEF9F7D0FC00
:10A1F0006420EAF7E5FBF3F76BF8F2F799FDF3F764
:10A2000007FBF3F7B9FAF3F733F9F3F781F9F2F74C
:10A21000BFFEF3F721FAF3F743FBF3F789FBF3F7FC
:10A2200063FAF2F731FEF2F76BFEF3F7B5F9F3F7E5
:10A2300033F94FF496700090EAF7C2FB02F030FA5F
:10A2400002F03AFAFCF704F80098EAF7B9FBFCF7D9
:10A25000B7FCF2F7E1FE00F0E3F8FFE7FEE70000ED
:10A2600082B0ADF8060000200090BDF906008428F9
:10A2700007D0FFE7BDF906000099084403300090BD
:10A28000FFE7009802B0704780B590B00E904FF68F
:10A29000D060C2F20040006809280FDCFFE70E988A
:10A2A0004FF6D063C2F200431A68511C19604FF692
:10A2B000A861C2F2004141F822001CE000200D908C
:10A2C000FFE70D9808280FDCFFE70D9A4FF6A8610D
:10A2D000C2F2004101EB8200406841F82200FFE732
:10A2E0000D9801300D90ECE70E984FF6A861C2F280
:10A2F00000414862FFE74FF6D060C2F200400068BC
:10A30000092807DCFFE74FF6D060C2F20040006882
:10A31000009002E00A200090FFE700980C900020D7
:10A320000190FFE701980C9988420FDAFFE7019A44
:10A330004FF6A860C2F2004050F8220002A941F88E
:10A340002200FFE7019801300190EBE70C9946F2FB
:10A350001973C0F6010302A80422E6F704F80C986A
:10A3600000EBD07121F00101401AC0B9FFE70C9851
:10A3700000EBD0716FF0020000EA410202A98818D8
:10A3800050F8040C8958084400EE100AB8EEC00AD0
:10A39000B0EE001A80EE010A8DED0F0A0FE00C9866
:10A3A00000EBD0716FF0020000EA410102A80844FE
:10A3B00090ED000AB8EEC00A8DED0F0AFFE79DEDA3
:10A3C0000F0A10B080BD000080B584B003900398E0
:10A3D0000290029818B1FFE70298019002E0012074
:10A3E0000190FFE7019802F0CFFC002004B080BD8F
:10A3F00080B586B00590049104980390059802906A
:10A40000039818B1FFE70398019002E00120019042
:10A41000FFE70298019902F0EFFC002006B080BD32
:10A4200080B502F081FE002080BD00000000000029
:10A4300080B582B0FEF7B4F820B1FFE704F01CF954
:10A44000019003E004F00CF90190FFE7019802B0DD
:10A4500080BD000000000000B0B590B00E900D91DE
:10A460000E98406938B3FFE70E98806918B3FFE78C
:10A470000E980168089141680B91016909910D9945
:10A480000A91B0F90800FFF7EBFE0899099A0A9BB8
:10A4900084460B98DDF838E0DEF81440DEF81850FA
:10A4A000EE46CEF80850CEF80440CEF800C004F0D6
:10A4B00053F80C9020E00E980168049141680791D0
:10A4C000018A05910D990691B0F90800FFF7C8FEC1
:10A4D0000499059A069B84460798EE460CACCEF884
:10A4E0000440CEF800C003F0E7FF012803D0FFE7E7
:10A4F00000200F9003E0FFE70C980F90FFE70F9804
:10A5000010B0B0BD0000000080B588B007908DEDA0
:10A51000060ACDED050A069807990862059807997D
:10A5200048620799886AC862079890ED080A90ED1A
:10A53000091A30EE410A80ED0A0A079890ED000AE8
:10A5400090ED0A1A20EE010A80ED0C0A079890EDB2
:10A55000010A90ED0A1A90ED0B2A31EE021A20EE54
:10A56000010AB0EE001A80EE010A80ED050A079894
:10A5700090ED020A90ED0A1A90ED0B2A31EE421A84
:10A5800020EE010A80ED0E0A079890F84000C007FF
:10A5900020B1FFE70798FDF707FDFFE7079890ED6B
:10A5A000051A90ED0D0A30EE010A80ED0D0A0798AC
:10A5B00090ED061A90ED0D0AB1EE411AB4EE410A83
:10A5C000F1EE10FA08DCFFE7079890ED060AB1EE0D
:10A5D000400A8DED040A1BE0079890ED061A90EDF5
:10A5E0000D0AB4EE410AF1EE10FA06DBFFE7079818
:10A5F00090ED060A8DED030A05E0079890ED0D0A2F
:10A600008DED030AFFE79DED030A8DED040AFFE7D8
:10A610009DED040A079880ED0D0A079890ED0C0A4D
:10A6200090ED0D2A90ED0E1A30EE020A30EE010A7E
:10A6300080ED0F0A079890ED071A90ED0F0AB1EE22
:10A64000411AB4EE410AF1EE10FA08DCFFE7079870
:10A6500090ED070AB1EE400A8DED020A1BE0079863
:10A6600090ED071A90ED0F0AB4EE410AF1EE10FAE0
:10A6700006DBFFE7079890ED070A8DED010A05E07C
:10A68000079890ED0F0A8DED010AFFE79DED010A95
:10A690008DED020AFFE79DED020A079880ED0F0A93
:10A6A000079890ED0F0A08B080BD00000000000080
:10A6B00087B006908DF817108DED040ACDED030AD2
:10A6C0008DED021ACDED011A8DED002A9DF81700CF
:10A6D000069981F840000498069908600398069945
:10A6E00048600298069988600198069988610098E8
:10A6F0000699C86106990020486307B070470000BA
:10A7000081B040F22040C2F2014090F8380020B9F8
:10A71000FFE701208DF8030009E040F22041C2F27A
:10A720000141002081F838008DF80300FFE79DF813
:10A73000030001B07047000080B582B000F020F93E
:10A740004BF6A450C2F20040406840F25C41C2F2B5
:10A750000141086000208DF80700FFE79DF8070021
:10A760000A282CDCFFE740F22040C2F2014090EDC5
:10A77000040A9DF807104BF6A450C2F2004000EB0B
:10A78000C10090ED001AB4EE410AF1EE10FA0FD1BB
:10A79000FFE79DF807104BF6A450C2F2004000EB13
:10A7A000C100406840F25C41C2F20141086006E02D
:10A7B000FFE79DF8070001308DF80700CEE740F273
:10A7C0005C40C2F2014090ED000A8DED000A01F0FC
:10A7D00003FEB0EE401A9DED000A30EE010A02B011
:10A7E00080BD00000000000084B003900398006862
:10A7F000029003984068019040F22040C2F201406C
:10A80000012180F83810029940F69412C2F20142F8
:10A81000116092ED000A92ED022A92ED031A30EED9
:10A82000420A31EE421A80EE010A9FED351A20EEFF
:10A83000010ABCEEC00A10EE101A117490F838002C
:10A8400038B9FFE740F69411C2F2014100200874C4
:10A85000FFE7019840F69411C2F201414860039865
:10A86000007A8DF803009DF8030000F00102487C97
:10A8700000F0FE00104448749DF80320487C02F06C
:10A88000020200F0FD00104448749DF80320487C4B
:10A8900002F0040200F0FB00104448749DF803200D
:10A8A000487C02F0080200F0F700104448749DF85C
:10A8B0000320487C02F0100200F0EF0010444874BE
:10A8C0009DF80320487C02F0200200F0DF001044D5
:10A8D00048749DF80320487C02F0400200F0BF005D
:10A8E000104448749DF8030000F08002487C00F09A
:10A8F0007F00104448740398407A887404B070470D
:10A900000000C8420000000080B582B040F69411FB
:10A91000C2F20141019100200861C860886048606E
:10A92000086040F22040C2F2014000903C21E5F76F
:10A9300085FD009B01990020C4F27020D8600020A2
:10A94000C4F25C2018610020C4F2F01058614CF68B
:10A95000CD42C3F6CC629A610022CCF220121A607A
:10A960000022C4F2F0225A60C8600020C4F2201015
:10A970008860642008748868086002B080BD0000A8
:10A9800040F2D860C2F20140408980B1FFE740F256
:10A99000D860C2F20140408900EE100AB8EE400AC9
:10A9A00040F22040C2F2014080ED040AFFE740F28D
:10A9B0006040C2F20140008900EE100AB8EE400A81
:10A9C00040F22040C2F2014080ED030A4DF2DC70FB
:10A9D000C2F20040C07D03280DD1FFE740F22040C5
:10A9E000C2F2014090ED001A90ED040A30EE010A27
:10A9F00080ED070A0CE040F22040C2F2014090EDE9
:10AA0000011A90ED040A30EE010A80ED070AFFE713
:10AA100070470000000000004DF2DC71C2F20041FE
:10AA200000208875C87508764876704700000000D9
:10AA300080B54DF2DC70C2F2004000218175C17515
:10AA400001764176C07E80B3FFE74DF2DC70C2F242
:10AA50000040807A032813D1FFE74DF2DC70C2F288
:10AA60000040C07A01280BD1FFE74DF60800C2F282
:10AA7000004041F2CC11C0F60201FDF7DDFB13E00E
:10AA80004DF2DC70C2F20040807A02280BD1FFE761
:10AA90004DF60800C2F2004041F25C11C0F602011E
:10AAA000FDF7CAFBFFE7FFE7FFE780BD00000000FE
:10AAB00080B584B00390029148F67070C2F20140F4
:10AAC0000068009040F25050C2F20140006804302B
:10AAD00001F0FEFE88B9FFE740F25050C2F201409B
:10AAE0000068C16A012000FA01F248F2E461C2F292
:10AAF000014108689043086000E0FFE703980130D7
:10AB000080B9FFE7029868B1FFE740F25050C2F207
:10AB100001400068011D48F64870C2F2014001F092
:10AB200083FF3DE00098039908440190019840F2AA
:10AB30005051C2F201410968486001980099884269
:10AB40000ED2FFE740F26050C2F20140006840F2CE
:10AB50005051C2F201410968043101F02DFF1EE09D
:10AB600040F25850C2F20140006840F25051C2F227
:10AB700001410968043101F01FFF019848F6D461D2
:10AB8000C2F201410968884207D2FFE7019848F6FE
:10AB9000D461C2F20141086000E0FFE7FFE7FFE790
:10ABA00004B080BD0000000080B582B0019001F0CB
:10ABB00067FF48F2D461C2F20141086801300860C1
:10ABC00040F25050C2F20140006898B9FFE7019886
:10ABD00040F25051C2F20141086048F2D460C2F222
:10ABE00001400068012803D1FFE700F009FB00E005
:10ABF000FFE71CE048F63C70C2F201400068A0B9D3
:10AC0000FFE740F25050C2F201400068C06A01996B
:10AC1000C96A884207D8FFE7019840F25051C2F252
:10AC20000141086000E0FFE700E0FFE7FFE748F2CE
:10AC3000E061C2F201410868013008600198C16A10
:10AC4000012000FA01F248F2E461C2F20141086811
:10AC5000104308600199C86A00EB800240F2685016
:10AC6000C2F2014000EB8200043101F0DDFE01F090
:10AC700033FF48F63C70C2F20140006870B1FFE754
:10AC800040F25050C2F201400068C06A0199C96A9E
:10AC9000884201D2FFE700E0FFE700E0FFE702B0F3
:10ACA00080BD00000000000080B584B001F0E8FE27
:10ACB00048F67470C2F201400068002840D1FFE7F6
:10ACC00048F62040C2F20140029001F055FE48F6DD
:10ACD0003440C2F20140039001F04EFE0299039805
:10ACE00040F25452C2F20142116040F26451C2F289
:10ACF0000141086069460020086040F27A42C2F2D1
:10AD0000014240F2F443C2F201430A200C2102F056
:10AD1000F7FE014648F67470C2F201400160006817
:10AD200060B1FFE748F67470C2F20140006841F27A
:10AD3000A421C0F6020101F0C7FF00E0FFE700E038
:10AD4000FFE701F0C9FE04B080BD00000000000074
:10AD500080B582B0FFE748F2D860C2F201400068D7
:10AD600008B3FFE701F08CFE48F65C70C2F20140C8
:10AD7000C068C06801900198043001F0A9FD48F254
:10AD8000D461C2F2014108680138086048F2D86114
:10AD9000C2F2014108680138086001F09DFE019887
:10ADA00000F092F8D7E702B080BD0000000000007C
:10ADB00080B582B0019000910198006CB8B1FFE7B6
:10ADC0000199C8680A6C1044C86001988168C0681D
:10ADD000884204D3FFE701990868C86000E0FFE7F4
:10ADE0000098019AD168126CE5F70FFBFFE702B0FB
:10ADF00080BD00000000000080B586B00590049181
:10AE00000392002002900598806B01900598006CD9
:10AE100078B9FFE70598006848B9FFE705988068AA
:10AE200003F0EAFC029005990020886000E0FFE74B
:10AE300041E00398B8B9FFE7059A04995068126C8D
:10AE4000E5F7E3FA059948680A6C104448600599EB
:10AE500048688968884204D3FFE705990868486014
:10AE600000E0FFE726E0059A0499D068126CE5F748
:10AE7000CCFA0599C8680A6C801AC8600598016800
:10AE8000C068884206D2FFE7059988680A6C801A74
:10AE9000C86000E0FFE70398022809D1FFE70198A6
:10AEA00020B1FFE701980138019000E0FFE700E0E2
:10AEB000FFE7FFE7FFE701980130059988630298F3
:10AEC00006B080BD0000000080B582B00090009800
:10AED00090F8510040B9FFE70098006B01F024FEA4
:10AEE000009801F021FE1CE0009890F85100012824
:10AEF00004D1FFE7009801F017FE11E0009890F8E8
:10AF0000510002280BD0FFE74FF0500080F311886A
:10AF1000BFF36F8FBFF34F8F0190FFE7FEE7FFE7AF
:10AF2000FFE702B080BD000082B001900198406A46
:10AF300038B1FFE70198006B0068C0F1070000908E
:10AF400002E000200090FFE7009802B07047000088
:10AF500082B0019040F25450C2F201400068006893
:10AF6000B0FA80F04009019908600198006848B97A
:10AF7000FFE740F25450C2F201400068C068006828
:10AF8000009002E000200090FFE7009802B07047B8
:10AF900084B04FF4F040009040F6C040C2F201404F
:10AFA00001909DF80400400788B1FFE70198073041
:10AFB0000190019820F007000190019A40F6C041ED
:10AFC000C2F201410098891A08440090FFE70198F5
:10AFD0000290029948F64070C2F2014001600021DF
:10AFE00041600298009A104401900198083801903D
:10AFF000019820F007000190019A40F25C50C2F2E3
:10B000000140026002685160026811600299039178
:10B010000199039A891A516000680399086003989E
:10B02000406848F6D061C2F2014108600398406868
:10B0300048F67441C2F20141086048F64841C2F244
:10B0400001414FF00040086004B07047000000006C
:10B0500080B582B00190FFE7FFF77AFE4EF604510B
:10B06000CEF200014FF080500860BFF34F8FBFF366
:10B070006F8FF1E70000000080B582B00190019869
:10B0800068B1FFE70198002383600198036001988D
:10B09000C360019819461A4602F00EFE00E0FFE771
:10B0A00002B080BD0000000080B584B0DDF818C09B
:10B0B0000390029101928DF80330029818B9FFE7CE
:10B0C0000698006003E0019806990860FFE703987E
:10B0D0000699C8630298069908640698012102F04F
:10B0E00097FD04B080BD000080B588B0DDF834C0A5
:10B0F000DDF830C0DDF82CC0DDF828C006900591E1
:10B10000049203930C98006B049900EB81000438BF
:10B110000290029820F0070002909DF80800400776
:10B1200058B1FFE74FF0500080F31188BFF36F8FE5
:10B13000BFF34F8F0790FFE7FEE70598F8B1FFE7F1
:10B1400000200190FFE701980F2813D8FFE705982A
:10B15000019A805C0C99114481F83400059801999A
:10B16000405C08B9FFE705E0FFE7FFE70198013021
:10B170000190E8E70C99002081F8430004E00C9965
:10B18000002081F83400FFE70A98072803D3FFE77F
:10B1900006200A9000E0FFE70A980C99C8620A9816
:10B1A0000C9948640C990020009088640C98043035
:10B1B00001F0FAFB0C98183001F0F6FB00980C999E
:10B1C00009610A99C1F107010C9A91610C994962D0
:10B1D0000C99C8640C9981F8500002980699039A5A
:10B1E00000F0D6FC0C9908600B9820B1FFE70C9892
:10B1F0000B99086000E0FFE708B080BD0000000088
:10B2000080B584B000200390FFE70398062810D88B
:10B21000FFE7039800EB800140F26850C2F2014062
:10B2200000EB810001F0A8FBFFE7039801300390D9
:10B23000EBE748F64C40C2F20140019001F09CFB64
:10B2400048F66040C2F20140029001F095FB48F6DA
:10B25000E860C2F2014001F08FFB48F65C70C2F278
:10B26000014001F089FB48F64870C2F2014001F04C
:10B2700083FB0199029840F25852C2F201421160D8
:10B2800040F26051C2F20141086004B080BD00008C
:10B2900083B0029048F64070C2F201400190FFE78F
:10B2A000019800680299884205D2FFE7FFE70198FC
:10B2B00000680190F4E701980090009801994968AE
:10B2C00008440299884209D1FFE70298426801992F
:10B2D0004868104448600198029000E0FFE7029837
:10B2E00000900098029949680844019909688842C9
:10B2F00020D1FFE70198006840F25C51C2F20141A1
:10B30000096888420DD0FFE70198006842680299F9
:10B310004868104448600198006800680299086015
:10B3200007E040F25C50C2F20140006802990860F8
:10B33000FFE704E00198006802990860FFE70198C0
:10B340000299884204D0FFE702980199086000E062
:10B35000FFE703B07047000080B586B00590049108
:10B360000392029300200190049805994860059883
:10B37000006104980399884216D8FFE70398029960
:10B38000401A05998969884203D3FFE7012001909B
:10B3900009E040F26450C2F20140006805990431AE
:10B3A00001F00AFBFFE717E003980299884208D2F0
:10B3B000FFE704980299884203D3FFE70120019038
:10B3C00009E040F25450C2F201400068059904318E
:10B3D00001F0F2FAFFE7FFE7019806B080BD000038
:10B3E00080B582B0019001F04BFB0198806B18B9D9
:10B3F000FFE70120009002E000200090FFE701F04D
:10B400006BFB009802B080BD80B582B0019001F066
:10B4100037FB0198806B0199C96B884203D1FFE724
:10B420000120009002E000200090FFE701F054FBB3
:10B43000009802B080BD000008480068006880F3F2
:10B4400008884FF0000080F3148862B661B6BFF33D
:10B450004F8FBFF36F8F00DF00BF00BF08ED00E02C
:10B4600080B586B00490039140F25450C2F201407E
:10B470000068C068C06801900198043001F028FAA3
:10B48000019890F824004007002823D5FFE7019891
:10B49000049B81691944039AFFF75EFFC0B1FFE77F
:10B4A0000198049A694600230B60194603F020FCBA
:10B4B0000290029858B9FFE74FF0500080F31188CE
:10B4C000BFF36F8FBFF34F8F0590FFE7FEE700E0FC
:10B4D000FFE707E0019991F8240000F0FE0081F8F1
:10B4E0002400FFE70198016A884706B080BD00008C
:10B4F00080B58CB0FFE748F67470C2F20140006876
:10B5000007A9002202F080FD002800F09B80FFE7E1
:10B510000798002800F19580FFE7099806900698A3
:10B52000406928B1FFE70698043001F0D1F900E046
:10B53000FFE705A800F0FCF803900798029009289F
:10B5400000F27D800299DFE801F00505053D4566C2
:10B5500005053D45069991F8240040F0010081F869
:10B5600024000698089B81691944039AFFF7F4FEAA
:10B5700030B3FFE70698016A8847069890F82400E0
:10B58000400700281AD5FFE70698089982690A44FF
:10B59000694600230B60194603F0AAFB0490049847
:10B5A00058B9FFE74FF0500080F31188BFF36F8F59
:10B5B000BFF34F8F0A90FFE7FEE700E0FFE700E0F0
:10B5C000FFE73DE0069991F8240000F0FE0081F8C5
:10B5D000240035E0069991F8240040F0010081F83C
:10B5E00024000898069988610698806958B9FFE791
:10B5F0004FF0500080F31188BFF36F8FBFF34F8F70
:10B600000B90FFE7FEE70698039B816919441A46F1
:10B61000FFF7A2FE14E0069890F8240080070028A7
:10B6200004D4FFE7069801F07FFA07E0069991F845
:10B63000240000F0FE0081F82400FFE700E0FFE7AF
:10B64000FFE758E70CB080BD80B584B0039002914D
:10B6500001F0DAFD684600F06BF801900098D8BB65
:10B66000FFE7029860B9FFE703980199884207D87D
:10B67000FFE703F041FA03980199FFF7F1FE2AE092
:10B68000029858B1FFE740F26450C2F201400068EE
:10B690000068B0FA80F040090290FFE748F6747045
:10B6A000C2F2014000680399019A891A029A01F0D6
:10B6B00037FB03F021FA60B9FFE74EF60451CEF2F2
:10B6C00000014FF080500860BFF34F8FBFF36F8FC2
:10B6D00000E0FFE7FFE702E003F00EFAFFE704B047
:10B6E00080BD00000000000081B040F25850C2F25E
:10B6F00001400068006840B9FFE748F6D461C2F233
:10B7000001414FF0FF3008600FE040F25850C2F2A4
:10B7100001400068C068C06800900098406848F622
:10B72000D461C2F201410860FFE701B07047000038
:10B7300080B582B0019002F093FF0090009840F233
:10B740003C51C2F201410968884206D2FFE700F08D
:10B7500013F801990120086003E0019900200860B6
:10B76000FFE7009840F23C51C2F2014108600098A6
:10B7700002B080BD0000000080B588B0FFE740F255
:10B780005450C2F201400068006800284ED0FFE724
:10B7900040F25450C2F201400168C968096806913C
:10B7A0000068C068C06803900398043001F090F806
:10B7B0000398016A8847039890F8240040070028FE
:10B7C00032D5FFE7069803998969084405900598E2
:10B7D000069988420FD9FFE70598039948600398B6
:10B7E000006140F25450C2F20140006803990431F4
:10B7F00001F0E2F817E00398069A694600230B600F
:10B80000194603F075FA0290029858B9FFE74FF015
:10B81000500080F31188BFF36F8FBFF34F8F0790F5
:10B82000FFE7FEE7FFE700E0FFE7A8E740F254523A
:10B83000C2F201421068049040F26451C2F2014128
:10B84000086810600498086008B080BD000000001F
:10B8500083B0002000904BF65460C2F200400068B4
:10B86000013058B1FFE74FF0500080F31188BFF36B
:10B870006F8FBFF34F8F0190FFE7FEE74FF050004F
:10B8800080F31188BFF36F8FBFF34F8F0290FFE7F4
:10B89000009808B9FFE7FBE703B07047000000001D
:10B8A00080B584B00390FFE701A8FFF751FB029039
:10B8B00002980199FFF7C8FEFFF71AFEF4E70000AF
:10B8C00080B582B0019001F0DBF8019890F8450056
:10B8D0008DF80300FFE79DF90300012816DBFFE761
:10B8E0000198406A58B1FFE70198243003F0A0F8AE
:10B8F00018B1FFE701F020FB00E0FFE700E005E002
:10B900009DF8030001388DF80300E4E70199FF205A
:10B9100081F8450001F0E0F801F0B2F8019890F8E4
:10B9200044008DF80200FFE79DF90200012816DBB4
:10B93000FFE70198006980B1FFE70198103003F03C
:10B9400077F818B1FFE701F0F7FA00E0FFE79DF89C
:10B95000020001388DF8020000E000E0E4E7019900
:10B96000FF2081F8440001F0B7F802B080BD00006C
:10B9700080B58AB006900020029001F045FC40F2AC
:10B980005C50C2F20140006818B9FFE7FFF700FB06
:10B9900000E0FFE7069848F64841C2F20141096815
:10B9A000084240F0C580FFE7069800B3FFE706981D
:10B9B000083006909DF818004007B0B1FFE70698E0
:10B9C00020F00700083006909DF81800400758B195
:10B9D000FFE74FF0500080F31188BFF36F8FBFF384
:10B9E0004F8F0790FFE7FEE700E0FFE700E0FFE78B
:10B9F0000698002800F09A80FFE7069848F6744100
:10BA0000C2F201410968884200F29080FFE748F6DF
:10BA10004070C2F20140049000680590FFE705986D
:10BA20004168069A00209142019007D2FFE70598ED
:10BA30000068002818BF01200190FFE70198C007A7
:10BA400030B1FFE705980490059800680590E6E797
:10BA5000059840F25C51C2F201410968884263D006
:10BA6000FFE7049800680830029005980068049980
:10BA70000860059840680699401A112821D3FFE70D
:10BA800005980699084403909DF80C00400758B1AA
:10BA9000FFE74FF0500080F31188BFF36F8FBFF3C3
:10BAA0004F8F0890FFE7FEE7059840680699401A17
:10BAB000039948600698059948600398FFF7E8FBEA
:10BAC00000E0FFE70598426848F67440C2F2014082
:10BAD0000168891A0160006848F6D061C2F201412C
:10BAE000096888420BD2FFE748F67440C2F2014071
:10BAF000006848F6D061C2F20141086000E0FFE74B
:10BB000048F64840C2F2014002680599486810436F
:10BB1000486005990020086048F6DC61C2F20141E6
:10BB200008680130086000E0FFE700E0FFE700E0A0
:10BB3000FFE702F0E1FF9DF80800400758B1FFE77A
:10BB40004FF0500080F31188BFF36F8FBFF34F8F1A
:10BB50000990FFE7FEE702980AB080BD00000000F0
:10BB600040F25050C2F20140006848B1FFE740F295
:10BB70005050C2F201400168886C01308864FFE7D0
:10BB800040F25050C2F201400068704700000000CF
:10BB900083B00290019100920298043802900299B9
:10BBA0004FF080700860029804380290019820F0ED
:10BBB00001000299086002980438029002994BF63D
:10BBC0005100C0F6010008600298143802900098F5
:10BBD0000299086002980438029002996FF00200FE
:10BBE0000860029820380290029803B07047000065
:10BBF00080B582B001908DED000A0098019908602F
:10BC0000019890ED001A90ED010AB4EE410AF1EEB0
:10BC100010FA19DAFFE7019890ED010A90ED041A85
:10BC200030EE010A80ED010A019890ED001A90EDC6
:10BC3000010AB4EE410AF1EE10FA04DDFFE70098C4
:10BC400001994860FFE724E0019890ED001A90ED1B
:10BC5000010AB4EE410AF1EE10FA19DDFFE701988E
:10BC600090ED010A90ED041A30EE410A80ED010AD0
:10BC7000019890ED001A90ED010AB4EE410AF1EE40
:10BC800010FA04DAFFE7009801994860FFE7FFE740
:10BC9000FFE70199081D91ED020AD1ED030AFBF7B8
:10BCA0008FF8019890ED010A02B080BD00000000FD
:10BCB00084B003908DED020ACDED010A8DED001ADE
:10BCC0000298039908610198039988600098039984
:10BCD000C86003990020486004B07047000000006D
:10BCE00081B040F2FC50C2F20140C07D20B9FFE7B4
:10BCF00001208DF8030008E040F2FC51C2F201413E
:10BD00000020C8758DF80300FFE79DF8030001B01F
:10BD1000704700000000000081B08DF80300002093
:10BD20008DF8020040F2FC50C2F20140807D9DF887
:10BD30000310084204D0FFE701208DF80200FFE75E
:10BD40009DF8020001B0704781B08DF803009DF8A6
:10BD50000300012840F0F380FFE740F24460C2F2A4
:10BD600001400078002840F0EA80FFE740F2FC50F4
:10BD7000C2F20140B0F9040010F5FA7F13DAFFE7D0
:10BD800040F2FC50C2F20140B0F90600B0F5FA7F73
:10BD900009DDFFE740F24561C2F20141087840F059
:10BDA00001000870FFE740F2FC50C2F20140B0F918
:10BDB0000400B0F5FA7F13DDFFE740F2FC50C2F259
:10BDC0000140B0F90600B0F5FA7F09DDFFE740F267
:10BDD0004561C2F20141087840F002000870FFE7B7
:10BDE00040F2FC50C2F20140B0F90400B0F5FA7F15
:10BDF00013DDFFE740F2FC50C2F20140B0F906004B
:10BE000010F5FA7F09DAFFE740F24561C2F201411D
:10BE1000087840F004000870FFE740F2FC50C2F2DE
:10BE20000140B0F9040010F5FA7F13DAFFE740F2A1
:10BE3000FC50C2F20140B0F9060010F5FA7F09DAB1
:10BE4000FFE740F24561C2F20141087840F0080086
:10BE50000870FFE740F2FC50C2F20140B0F9020066
:10BE6000B0F5FA7F13DDFFE740F2FC50C2F201406B
:10BE7000B0F9000010F5FA7F09DAFFE740F24561FA
:10BE8000C2F20141087840F010000870FFE740F26C
:10BE9000FC50C2F20140B0F90200B0F5FA7F13DDA8
:10BEA000FFE740F2FC50C2F20140B0F90000B0F5EB
:10BEB000FA7F09DDFFE740F24561C2F201410878EF
:10BEC00040F020000870FFE740F2FC50C2F2014051
:10BED000B0F9020010F5FA7F13DAFFE740F2FC50E8
:10BEE000C2F20140B0F90000B0F5FA7F09DDFFE7CA
:10BEF00040F24561C2F20141087840F0400008700C
:10BF0000FFE740F2FC50C2F20140B0F9020010F528
:10BF1000FA7F13DAFFE740F2FC50C2F20140B0F9B9
:10BF2000000010F5FA7F09DAFFE740F24561C2F23E
:10BF30000141087840F080000870FFE713E09DF8A9
:10BF4000030078B9FFE740F24460C2F20140007894
:10BF5000012807D1FFE740F24561C2F2014100200C
:10BF60000870FFE7FFE79DF8030040F24461C2F26A
:10BF70000141087040F24560C2F20140007840F291
:10BF8000FC51C2F2014188759DF8030070B9FFE7CA
:10BF900040F24460C2F20140007838B1FFE740F25D
:10BFA000FC51C2F2014100208875FFE701B07047E3
:10BFB0004DF2DC71C2F200410720C87570470000E5
:10BFC00080B54DF2DC71C2F200410720C875012036
:10BFD000087648760820FFF79FFE70B1FFE7402003
:10BFE000FFF79AFE48B9FFE74DF2DC71C2F200415B
:10BFF000042048760020C87506E04DF2DC71C2F2DC
:10C00000004104204876FFE74DF2DC70C2F20040A8
:10C01000C07A01280BD1FFE74DF2CC70C2F200408C
:10C0200041F29C11C0F60201FCF706F912E04DF254
:10C03000DC70C2F20040C07A03280BD1FFE74DF25A
:10C04000CC70C2F2004041F28C11C0F60201FCF744
:10C05000F3F8FFE780BD00004DF2DC71C2F2004151
:10C060000420C8757047000080B54DF2DC70C2F244
:10C0700000400421C1750121017603214176C07A77
:10C0800001280BD1FFE74DF2CC70C2F2004041F223
:10C090009C11C0F60201FCF7CFF8FFE74DF2DC700F
:10C0A000C2F20040C07A02281CD1FFE70120FFF74E
:10C0B00033FE58B1FFE74DF2CC70C2F2004041F2BE
:10C0C000BC11C0F60201FCF7B7F80AE04DF2CC70E3
:10C0D000C2F2004041F27C11C0F60201FCF7ACF85C
:10C0E000FFE7FFE780BD00004DF2DC71C2F20041C6
:10C0F0000120C8757047000080B54DF2DC71C2F2B6
:10C1000000410120C87508764876FAF725FA58B13B
:10C11000FFE74DF2CC70C2F2004041F2AC11C0F624
:10C120000201FCF789F836E04DF2DC70C2F2004003
:10C13000C07A03280BD1FFE74DF2CC70C2F2004069
:10C1400041F28C11C0F60201FCF776F8FFE74DF2E0
:10C15000DC70C2F20040C07A02281CD1FFE7012047
:10C16000FFF7DAFD58B1FFE74DF2CC70C2F20040A4
:10C1700041F2BC11C0F60201FCF75EF80AE04DF294
:10C18000CC70C2F2004041F27C11C0F60201FCF713
:10C1900053F8FFE7FFE780BD4DF2DC71C2F20041CA
:10C1A0000320C8757047000080B54DF2DC71C2F203
:10C1B00000410320C875012008764876FAF7CCF9CB
:10C1C00058B1FFE74DF2CC70C2F2004041F29C1131
:10C1D000C0F60201FCF730F8FFE780BD0000000068
:10C1E0004DF2DC71C2F200410520C87570470000B5
:10C1F00080B54DF2DC71C2F200410520C875012006
:10C2000008760820FFF788FD48B1FFE74DF2DC71A2
:10C21000C2F20041042048760020C87506E04DF2C5
:10C22000DC71C2F2004103204876FFE74DF2DC707A
:10C23000C2F20040C07A01280BD1FFE74DF2CC706A
:10C24000C2F2004041F29C11C0F60201FBF7F4FF7C
:10C2500012E04DF2DC70C2F20040C07A03280BD12C
:10C26000FFE74DF2CC70C2F2004041F28C11C0F6F3
:10C270000201FBF7E1FFFFE780BD000000000000C6
:10C2800080B54DF2DC71C2F20041012088754DF29B
:10C29000CC70C2F2004041F29C11C0F60201FBF7E3
:10C2A000E7FF80BD0000000080B54DF2DC70C2F2F7
:10C2B000004001218175807A01280BD1FFE74DF6FE
:10C2C0000800C2F2004041F26C11C0F60201FBF717
:10C2D000B3FF24E04DF2DC70C2F20040807A022805
:10C2E0000BD1FFE74DF60800C2F2004041F25C11AD
:10C2F000C0F60201FBF7A0FF11E04DF2CC70C2F2D4
:10C300000040FBF7D5FF1020FFF706FD38B1FFE72F
:10C310004DF2DC71C2F2004100204876FFE780BD9B
:10C3200080B54DF2DC70C2F200402821E4F786F8B7
:10C330004DF60800C2F2004041F26C11C0F6020155
:10C34000FBF796FF80BD000080B582B00190019898
:10C3500068B1FFE701994DF2DC70C2F20040009035
:10C360001622E4F752F800990120C87610E04DF249
:10C37000DC71C2F200410020C8764DF60800C2F21E
:10C38000004041F26C11C0F60201FBF755FFFFE7D8
:10C390004DF60800C2F20040FBF78AFF019858B141
:10C3A000FFE7019880884DF2DC71C2F2004188837A
:10C3B0000198808AC883FFE702B080BD00000000BA
:10C3C00080B582B00190F1F7FBFAFFE76420FDF73A
:10C3D000FBFFFBE70000000081B040F69410C2F2C2
:10C3E0000140007C00EE100AB8EEC00A9FED121A60
:10C3F000B4EE410AF1EE10FA03DAFFE700200090F4
:10C4000015E040F69410C2F20140007C00EE100AE4
:10C41000B8EEC00A9FED081A30EE410A80EE010A1C
:10C420009FED061A20EE010A8DED000AFFE79DED53
:10C43000000A01B0704700BF00004842CDCCCC3E9E
:10C4400080B5F7F76DFE80BD80B5F8F7A5FA80BD21
:10C4500080B5F8F761FE80BD80B5F8F719FF80BDA3
:10C4600080B5F8F7D1FFF9F78BF880BD0000000028
:10C4700080B582B001900199A520087001996F20C4
:10C48000A1F8010040F2BC72C2F201421078411CD6
:10C4900011700199C87001980421F9F7B5FE01994E
:10C4A0000871019940F20130A1F8050001994FF49B
:10C4B0008270A1F807004BF64860C2F200400168A4
:10C4C000019AA2F80910006800F580700199A1F89E
:10C4D0000B0001987621F9F75FFE0199A1F876002B
:10C4E00002B080BD0000000080B582B001900199CB
:10C4F000A520087001993320A1F8010040F2BC7218
:10C50000C2F201421078411C11700199C870019863
:10C510000421F9F779FE01990871019940F201307F
:10C52000A1F8050001994FF48870A1F807004BF6B7
:10C530004860C2F200400168019AA2F80910006840
:10C5400000F580700199A1F80B0001981C30E3F709
:10C5500080FF844601990A694B6988696FF3DF524D
:10C5600042EACC524B610A61886101983A21F9F79D
:10C5700013FE0199488702B080BD00000000000052
:10C5800080B5F9F7BDF880BD80B5F9F7E9F880BD51
:10C5900080B5F9F715F980BD80B5F9F729F980BDA7
:10C5A00086B005908DED040ACDED030A02919DED54
:10C5B000030A9DED041A30EE410A8DED010A04983C
:10C5C00000909DED050AB8EEC00A9DED011A20EE1F
:10C5D000010A029901208840013801EE100AB8EEE4
:10C5E000C11A80EE010A9DED001A30EE010A06B074
:10C5F00070470000000000004EF60840C2F2004004
:10C600000068406A7047000080B582B001900198D0
:10C61000007D90B1FFE7FFF7EFFF0199486040F21E
:10C620004050C2F2014040680199C860019800F092
:10C6300023F801990020087505E001990020CBF648
:10C6400080700861FFE7019890ED040A02B080BD98
:10C6500080B582B00190FFF7CFFF0199086040F2EA
:10C660004050C2F201404068019988600199012060
:10C67000087502B080BD000081B00090009802688B
:10C680004168891A00EE101AB8EE400A9FED031AAD
:10C6900020EE010A80ED040A01B070470AD7233D5D
:10C6A00080B54EF60840C2F2004002684FF0FF31FC
:10C6B000D162EEF7E5FB80BD80B584B04EF6A040B8
:10C6C000C2F20040026810210291116202681168F2
:10C6D00041F0100111604DF2F241C2F2004112220C
:10C6E000F0F702FA02994EF6C850C2F200400090EC
:10C6F000026811620268116841F0100111604FF286
:10C700002421C2F200419622F0F7EEF90098FCF7DE
:10C7100013F902994EF68470C2F20040019002684B
:10C7200011620268116841F0100111604DF2DE41A2
:10C73000C2F200410A22F0F7D7F90198FDF7B4FCE4
:10C7400002994FF21800C2F20040026811620268BA
:10C75000116841F0100111604BF60C71C2F20041FA
:10C7600032220392F0F7C0F90299039A4EF6F06074
:10C77000C2F20040036819620368196841F01001B1
:10C7800019604BF63E71C2F20041F0F7ADF904B00A
:10C7900080BD00000000000080B588B007900798B9
:10C7A0000068C06900F010010020B0EB111F00F01C
:10C7B0008A80FFE707980168102008620798EFF762
:10C7C00097F807984EF6A041C2F20041884211D175
:10C7D000FFE740F2FC50C2F201404DF2F241C2F2DA
:10C7E00000410691FBF770FA069907981222F0F7BC
:10C7F0007BF967E007984EF6C851C2F200418842C3
:10C800000DD1FFE74FF22420C2F200400590FBF764
:10C81000EFFE059907989622F0F766F951E0079820
:10C820004EF68471C2F20041884211D1FFE740F216
:10C83000FC50C2F201404DF2DE41C2F200410491CF
:10C84000FBF742FA049907980A22F0F74DF937E00E
:10C8500007984FF21801C2F20041884213D1FFE756
:10C860004BF60C70C2F200400290002100F034FD43
:10C87000029832210391E3F7E1FD0299039A0798A8
:10C88000F0F732F91BE007984EF6F061C2F2004172
:10C89000884213D1FFE74BF63E70C2F20040009091
:10C8A000012100F019FD009832210191E3F7C6FD46
:10C8B0000099019A0798F0F717F9FFE7FFE7FFE7FC
:10C8C000FFE7FFE7FFE708B080BD000000000000C1
:10C8D00082B00190019800690090019841688068D9
:10C8E00088600199486889684860009840680199A3
:10C8F000884205D1FFE7019880680099486000E010
:10C90000FFE7019900200861009908680138086074
:10C910000098006802B0704783B0029001910092C5
:10C92000029948F67C60C2F201400860019948F61D
:10C930007840C2F20140086000998020086003B08E
:10C94000704700000000000083B002900191009247
:10C95000029949F27C30C2F201400860019948F620
:10C960007870C2F20140086000994FF4807008604E
:10C9700003B070470000000081B00090009901F101
:10C980000800486000994FF0FF308860009901F17D
:10C990000800C860009901F10800086100990020B2
:10C9A000086001B07047000081B00090009900203D
:10C9B000086101B07047000084B0039002910298B2
:10C9C000006800900098013020B9FFE703980069E3
:10C9D000019010E0039808300190FFE7019840684B
:10C9E00000680099884205D8FFE7FFE70198406892
:10C9F0000190F3E7FFE701984068029948600298C8
:10CA0000416888600198029988600298019948609D
:10CA1000039802990861039908680130086004B01E
:10CA2000704700000000000083B00290019102985E
:10CA300040680090009801994860009880680199CA
:10CA40008860019800998968486001980099886019
:10CA5000029801990861029908680130086003B0E2
:10CA60007047000000000000DFF80C00016841F48E
:10CA700070010160704700BF88ED00E00000000019
:10CA800082B04FF0500080F31188BFF36F8FBFF377
:10CA90004F8F00904BF65460C2F2004001680131A4
:10CAA00001600068012814D1FFE74EF60450CEF271
:10CAB00000000068000658B1FFE74FF0500080F317
:10CAC0001188BFF36F8FBFF34F8F0190FFE7FEE731
:10CAD000FFE702B07047000082B04BF65460C2F22C
:10CAE0000040006858B9FFE74FF0500080F311880C
:10CAF000BFF36F8FBFF34F8F0090FFE7FEE74BF65A
:10CB00005460C2F20040016801390160006830B928
:10CB1000FFE700200190019880F31188FFE702B041
:10CB2000704700000000000080B586B003900398B5
:10CB30000290039800285CD0FFE702980838029022
:10CB4000029801900198406848F64841C2F20141BC
:10CB5000096808420BD1FFE74FF0500080F31188BD
:10CB6000BFF36F8FBFF34F8F0490FFE7FEE701988D
:10CB7000006858B1FFE74FF0500080F31188BFF311
:10CB80006F8FBFF34F8F0590FFE7FEE70198406876
:10CB900048F64841C2F201410968084227D0FFE740
:10CBA0000198006808BBFFE748F64840C2F2014020
:10CBB0000268019948689043486000F025FB01989D
:10CBC000426848F67441C2F20141086810440860A6
:10CBD0000198FEF75DFB48F6E061C2F2014108688A
:10CBE0000130086001F088FF00E0FFE700E0FFE7A8
:10CBF000FFE706B080BD00004EF21001CEF200014A
:10CC0000002008604EF21802CEF2000210604BF6CF
:10CC10009440C2F20040006844F6D352C1F262026E
:10CC2000A0FB02024FF0FF3000EB92104EF2140214
:10CC3000CEF200021060072008607047000000007C
:10CC400084B0EFF305800190019810281ED3FFE710
:10CC500001984EF2F031CEF20001405C8DF80300F5
:10CC60009DF8030048F2C041C2F2014109788842B0
:10CC70000BDAFFE74FF0500080F31188BFF36F8F9E
:10CC8000BFF34F8F0290FFE7FEE7FFE74EF60C5031
:10CC9000CEF20000006800F4E06048F2C461C2F225
:10CCA0000141096888420BD9FFE74FF0500080F33B
:10CCB0001188BFF36F8FBFF34F8F0390FFE7FEE73D
:10CCC00004B070470000000083B002900191002082
:10CCD0000090FFE7009807281DD8FFE7009948F665
:10CCE000FC60C2F2014050F8310070B9FFE70198D2
:10CCF000009A48F6FC61C2F2014141F83200029804
:10CD0000009A01EBC201486005E0FFE7FFE70098E9
:10CD100001300090DEE703B0704700000000000023
:10CD200080B584B003900291019203980090FFF7C0
:10CD3000A7FE009890F94400013028B9FFE7009958
:10CD4000002081F84400FFE7009890F94500013089
:10CD500028B9FFE70099002081F84500FFE7FFF7B9
:10CD6000BBFE0098806B38B9FFE700982430029929
:10CD7000019A00F00DF900E0FFE70098FEF7A0FD32
:10CD800004B080BD0000000080B584B00290002097
:10CD900001900298E0B1FFE748F2DC60C2F2014086
:10CDA000006858B1FFE74FF0500080F31188BFF3DF
:10CDB0006F8FBFF34F8F0390FFE7FEE700F024FA79
:10CDC00002980021FDF774FE01F096FE019000E04C
:10CDD000FFE7019860B9FFE74EF60451CEF200017B
:10CDE0004FF080500860BFF34F8FBFF36F8F00E0AC
:10CDF000FFE704B080BD000080B58AB006900591C1
:10CE000000200290069858B9FFE74FF0500080F3D9
:10CE10001188BFF36F8FBFF34F8F0790FFE7FEE7D7
:10CE2000059858B9FFE74FF0500080F31188BFF321
:10CE30006F8FBFF34F8F0890FFE7FEE748F2DC608B
:10CE4000C2F20140006858B1FFE74FF0500080F394
:10CE50001188BFF36F8FBFF34F8F0990FFE7FEE795
:10CE600000F0D2F948F67070C2F2014000680190FB
:10CE70000698006805990844049001980699096885
:10CE8000884210D2FFE7049806990968884208D2C0
:10CE9000FFE704980199884203D9FFE70120029037
:10CEA00000E0FFE70FE0049806990968884205D37F
:10CEB000FFE704980199884203D9FFE70120029017
:10CEC00000E0FFE7FFE7049806990860029838B190
:10CED000FFE704980199401A0021FDF7E9FD00E001
:10CEE000FFE701F009FE0390039860B9FFE74EF6F3
:10CEF0000451CEF200014FF080500860BFF34F8F15
:10CF0000BFF36F8F00E0FFE70AB080BD00000000B4
:10CF100081B0009048F6D860C2F2014000680099E4
:10CF2000086048F67070C2F20140006800994860DD
:10CF300001B070470000000049F2D031C2F2014157
:10CF4000012008607047000080B584B00290019114
:10CF5000029858B9FFE74FF0500080F31188BFF3F3
:10CF60006F8FBFF34F8F0390FFE7FEE7029840F209
:10CF70005051C2F2014109681831FFF71DFD0198B7
:10CF80000121FDF795FD04B080BD00000000000008
:10CF900080B584B0029001910092029858B9FFE7E1
:10CFA0004FF0500080F31188BFF36F8FBFF34F8FA6
:10CFB0000390FFE7FEE7029840F25051C2F20141B0
:10CFC00009681831FFF730FD009820B1FFE74FF0F6
:10CFD000FF300190FFE701980099FDF769FD04B06B
:10CFE00080BD00000000000080B588B0059004916D
:10CFF00005980390012000900598002800F091808A
:10D00000FFE70398806C58B9FFE74FF0500080F3BA
:10D010001188BFF36F8FBFF34F8F0690FFE7FEE7D6
:10D020000398406C0499884203D2FFE7049801906A
:10D0300003E00398406C0190FFE70398C06A0199F0
:10D0400088426CD0FFE70398806C012865D1FFE728
:10D05000039840F25051C2F20141096888420BD155
:10D06000FFE74FF0500080F31188BFF36F8FBFF3DD
:10D070004F8F0790FFE7FEE70398C06A0290019880
:10D080000399C8620398C07E0006002806D4FFE713
:10D090000198C0F107000399886100E0FFE7039859
:10D0A0004069029901EB810240F26851C2F20141EC
:10D0B00001EB820188422ED1FFE703980430FFF78D
:10D0C00007FC68B9FFE70398C16A012000FA01F282
:10D0D00048F2E461C2F2014108689043086000E050
:10D0E000FFE70398C16A012000FA01F248F2E46107
:10D0F000C2F201410868104308600399C86A00EB56
:10D10000800240F26850C2F2014000EB820004311C
:10D11000FFF78AFC00E0FFE700E0FFE700E0FFE741
:10D1200000E0FFE708B080BD80B58AB00020039022
:10D130000690059006A805A904AAFFF7EDFB039B3E
:10D14000049A0599DDF818C06846C0F808C0416027
:10D1500003604BF25100C0F6010041F29F21C0F67E
:10D16000020101F0F9F9014648F67860C2F2014087
:10D170000160006818B1FFE70120079002E000207D
:10D180000790FFE70798012804D1FFE701F064FD4D
:10D19000079000E0FFE70798012823D1FFE74FF051
:10D1A000500080F31188BFF36F8FBFF34F8F08904B
:10D1B00048F6D461C2F201414FF0FF30086048F6F2
:10D1C0003C71C2F201410120086048F67071C2F260
:10D1D00001410020086000F097FB08B1FFE700E084
:10D1E000FFE70FE00798013058B9FFE74FF0500014
:10D1F00080F31188BFF36F8FBFF34F8F0990FFE764
:10D20000FEE7FFE70AB080BD48F2DC61C2F20141EF
:10D21000086801300860704785B048F2DC60C2F2EF
:10D220000140006838B1FFE749F2D031C2F2014154
:10D23000012008604DE049F2D031C2F201410020E6
:10D24000086048F2E460C2F201400068039003986D
:10D25000B0FA80F08DF80B009DF80B00C0F11F00B4
:10D260000190019800EB800140F26850C2F2014049
:10D2700050F8210058B9FFE74FF0500080F31188B3
:10D28000BFF36F8FBFF34F8F0490FFE7FEE7019866
:10D2900000EB800140F26850C2F2014000EB8100D7
:10D2A00000900099486840684860009948680831D3
:10D2B000884205D1FFE70099486840684860FFE769
:10D2C00000984068C06840F25051C2F201410860C5
:10D2D000FFE705B07047000083B002908DF807109B
:10D2E00002980078592861D1FFE7029840785928C0
:10D2F0005CD1FFE702998878C97840EA0120ADF84F
:10D30000040002990879497940EA0120ADF8020049
:10D31000BDF80200B0F5FA7F27DDFFE7BDF8020097
:10D320004FF6FF71884220D0FFE7BDF804009DF85A
:10D33000072040F6AA11C2F2014121F812009DF81F
:10D34000070031F8101000EE101AB8EEC00A9FED79
:10D35000181A20EE010A48F6CC22C2F201426421DA
:10D3600010FB012080ED310A1FE09DF8072040F6F8
:10D37000AA11C2F2014140F6FF7021F812009DF897
:10D38000070031F8101000EE101AB8EEC00A9FED39
:10D39000081A20EE010A48F6CC22C2F201426421AA
:10D3A00010FB012080ED310AFFE7FFE703B0704773
:10D3B0000AD7233C0000000081B048F2F060C2F2BE
:10D3C0000140807E20B9FFE701208DF8030008E0CE
:10D3D00048F2F061C2F20141002088768DF8030026
:10D3E000FFE79DF8030001B0704700000000000057
:10D3F00080B584B00390039948F2F060C2F2014016
:10D4000002901B301722E3F700F8029890F83100E1
:10D41000CC2807D0FFE748F2F061C2F201410120B9
:10D42000087143E248F2F061C2F2014191F8300024
:10D4300091F8471000F03F0001F03F01884212D1FF
:10D44000FFE748F2F061C2F201410868013008606C
:10D450000B2807D3FFE748F2F061C2F20141022036
:10D46000087123E2FFE7FFE748F2F061C2F20141F1
:10D470000120887600200871086091F8302091F82A
:10D48000470002F03F0200F0C000104481F847005E
:10D49000FFE7002050B9FFE748F2F060C2F2014018
:10D4A000D0F81B00F6F790FD80B918E048F2F06064
:10D4B000C2F20140D0F81B0000EE100AB7EEC00A1D
:10D4C00051EC100BF6F768FD48B1FFE748F2F06148
:10D4D000C2F20141D1F83200C1F81B0008E048F265
:10D4E000F061C2F20141D1F81B00C1F83200FFE740
:10D4F000FFE7FFE7002050B9FFE748F2F060C2F213
:10D500000140D0F81F00F6F75FFD80B918E048F23F
:10D51000F060C2F20140D0F81F0000EE100AB7EE32
:10D52000C00A51EC100BF6F737FD48B1FFE748F29F
:10D53000F061C2F20141D1F83600C1F81F0008E0E5
:10D5400048F2F061C2F20141D1F81F00C1F8360083
:10D55000FFE7FFE7FFE7002050B9FFE748F2F06080
:10D56000C2F20140D0F82300F6F72EFD80B918E092
:10D5700048F2F060C2F20140D0F8230000EE100A39
:10D58000B7EEC00A51EC100BF6F706FD48B1FFE705
:10D5900048F2F061C2F20141D1F83A00C1F823002B
:10D5A00008E048F2F061C2F20141D1F82300C1F86D
:10D5B0003A00FFE7FFE7FFE7002050B9FFE748F236
:10D5C000F060C2F20140D0F82700F6F7FDFC80B908
:10D5D00018E048F2F060C2F20140D0F8270000EEF7
:10D5E000100AB7EEC00A51EC100BF6F7D5FC48B1A3
:10D5F000FFE748F2F061C2F20141D1F83E00C1F804
:10D60000270008E048F2F061C2F20141D1F827009A
:10D61000C1F83E00FFE7FFE7FFE7002050B9FFE752
:10D6200048F2F060C2F20140D0F82B00F6F7CCFCD3
:10D6300080B918E048F2F060C2F20140D0F82B0047
:10D6400000EE100AB7EEC00A51EC100BF6F7A4FC7E
:10D6500048B1FFE748F2F061C2F20141D1F842005F
:10D66000C1F82B0008E048F2F061C2F20141D1F8A4
:10D670002B00C1F84200FFE7FFE748F2F060C2F27A
:10D68000014090F830100020B0EBD11F00F0E48092
:10D69000FFE748F2F060C2F2014001214171C0F899
:10D6A000061050F81B1F00EE101A9FED812A80EE25
:10D6B000020A9FED801A20EE010A10EE101A40F8BF
:10D6C000111C416881F0004100EE101A80EE020A40
:10D6D00020EE010A10EE101A40F80D1C816800EED1
:10D6E000101A80EE020A20EE010A10EE101A40F81D
:10D6F000091C4DF63401C2F2004191ED120A50F8B6
:10D70000110C01EE100A30EE410AB5EE400AF1EEBE
:10D7100010FA13DDFFE74DF63400C2F2004090ED41
:10D72000120A48F2F060C2F20140D0F80A0001EE9D
:10D73000100A30EE410A8DED010A12E04DF6340078
:10D74000C2F2004090ED121A48F2F060C2F20140BD
:10D75000D0F80A0000EE100A30EE410A8DED010A01
:10D76000FFE79DED010A48F2F060C2F20140D0F8F7
:10D77000120001EE100AB4EE410AF1EE10FA62DA7C
:10D78000FFE74DF63400C2F2004090ED380A48F24F
:10D79000F060C2F20140D0F80E0001EE100A30EE47
:10D7A000410AB5EE400AF1EE10FA13DDFFE74DF63F
:10D7B0003400C2F2004090ED380A48F2F060C2F244
:10D7C0000140D0F80E0001EE100A30EE410A8DED56
:10D7D000000A12E04DF63400C2F2004090ED381A13
:10D7E00048F2F060C2F20140D0F80E0000EE100ADC
:10D7F00030EE410A8DED000AFFE79DED000A48F288
:10D80000F060C2F20140D0F8120001EE100AB4EE4E
:10D81000410AF1EE10FA16DAFFE748F2F060C2F2C0
:10D820000140D0F8270000EE100AB5EE400AF1EEF4
:10D8300010FA08D0FFE748F2F061C2F2014101207E
:10D84000C1F8160007E048F2F061C2F20141002081
:10D85000C1F81600FFE708E048F2F061C2F20141AA
:10D8600000204871C1F81600FFE748F26370C2F269
:10D870000140007801280ED1FFE748F2F060C2F2C3
:10D880000140407938B9FFE748F2F061C2F2014146
:10D8900002204871FFE748F2F060C2F2014040798F
:10D8A00048F26371C2F201410870FFE704B080BD25
:10D8B00000003443DB0F494080B50620FCF764F9D3
:10D8C0004FF6D040C2F20040806968B1FFE748F2ED
:10D8D0006471C2F201410868013000F00300086081
:10D8E0000620FCF799F9FFE748F26470C2F20140A4
:10D8F00001684BF68050C2F20040405C4BF6F46188
:10D90000C2F20041087080BD80B588B04EF600506C
:10D91000CEF2000000684CF27121C4F20F1188426F
:10D920000BD1FFE74FF0500080F31188BFF36F8FEA
:10D93000BFF34F8F0590FFE7FEE74EF60050CEF2A3
:10D94000000000684CF27021C4F20F1188420BD124
:10D95000FFE74FF0500080F31188BFF36F8FBFF3E4
:10D960004F8F0690FFE7FEE74EF20040CEF2000038
:10D97000039001780491FF21017000788DF80B006D
:10D980009DF80B0000F0500048F2C041C2F2014186
:10D99000087048F2C461C2F2014107200860FFE745
:10D9A0009DF80B00000600280DD5FFE748F2C46182
:10D9B000C2F201410868013808609DF80B00400080
:10D9C0008DF80B00ECE748F2C460C2F20140006839
:10D9D00003280BD0FFE74FF0500080F31188BFF30E
:10D9E0006F8FBFF34F8F0790FFE7FEE748F2C461E8
:10D9F000C2F20141086800020860086800F4E060B3
:10DA0000086004984EF20041CEF2000108704EF614
:10DA10002051CEF20001086840F4700008600868E8
:10DA200040F070400860FFF7E7F84BF65461C2F22F
:10DA30000041002001900860FFF716F84EF634719F
:10DA4000CEF20001086840F040400860FDF7F4FCA9
:10DA5000FFF7E2FBFDF7FCFE019808B080BD000077
:10DA600080B584B08DF80F00012001900021009155
:10DA70009DF80F2000F008F802900298FDF7FCFADC
:10DA8000029804B080BD000080B588B00690059172
:10DA90008DF81320069858B9FFE74FF0500080F337
:10DAA0001188BFF36F8FBFF34F8F0790FFE7FEE73B
:10DAB000069805994843029002984830FDF758FFB0
:10DAC00003900398B0B1FFE70398019001984830A4
:10DAD00001900399002081F8460006980599019A63
:10DAE0009DF81330DDF80CC0EE46CEF800C0FDF70F
:10DAF000DBFA00E0FFE7039808B080BD00000000FB
:10DB000080B590B084461298CDF828C0099108924B
:10DB100007938DF81B000A9858B9FFE74FF05000A3
:10DB200080F31188BFF36F8FBFF34F8F0B90FFE728
:10DB3000FEE7079858B9FFE74FF0500080F31188CF
:10DB4000BFF36F8FBFF34F8F0C90FFE7FEE708998D
:10DB50000020039031B1FFE70998B0FA80F0400946
:10DB60000390FFE70398C00758B1FFE74FF050005C
:10DB700080F31188BFF36F8FBFF34F8F0D90FFE7D6
:10DB8000FEE708990020029031B9FFE709980028C4
:10DB900018BF01200290FFE70298C00758B1FFE7C5
:10DBA0004FF0500080F31188BFF36F8FBFF34F8F9A
:10DBB0000E90FFE7FEE748200490049848280BD019
:10DBC000FFE74FF0500080F31188BFF36F8FBFF372
:10DBD0004F8F0F90FFE7FEE7049807980590059890
:10DBE00088B1FFE70599012081F846000A98099954
:10DBF000089A9DF81B30DDF814C0EE46CEF800C040
:10DC0000FDF752FA00E0FFE7059810B080BD000074
:10DC100080B584B00290019102980090009858B9A4
:10DC2000FFE74FF0500080F31188BFF36F8FBFF311
:10DC30004F8F0390FFE7FEE7FEF722FF00990B6886
:10DC4000C86B0A6C00FB0230886000990020886372
:10DC500000990868486000990B68C86B0A6C013825
:10DC600000FB0230C8600099FF2081F84400009951
:10DC700081F84500019878B9FFE70098006948B13C
:10DC8000FFE70098103000F0D3FE08B1FFE700E096
:10DC9000FFE700E0FFE708E000981030FEF76CFEB9
:10DCA00000982430FEF768FEFFE7FEF715FF01201D
:10DCB00004B080BD0000000080B592B00C900B91C4
:10DCC0000A920993002008900C980490049858B97F
:10DCD000FFE74FF0500080F31188BFF36F8FBFF361
:10DCE0004F8F0E90FFE7FEE70B990020039039B9A4
:10DCF000FFE70498006C002818BF01200390FFE79D
:10DD00000398C00758B1FFE74FF0500080F3118827
:10DD1000BFF36F8FBFF34F8F0F90FFE7FEE70999B7
:10DD200000200229029007D1FFE70498C06B013858
:10DD300018BF01200290FFE70298C00758B1FFE723
:10DD40004FF0500080F31188BFF36F8FBFF34F8FF8
:10DD50001090FFE7FEE700F067FC0146002001900D
:10DD600031B9FFE70A98002818BF01200190FFE7AA
:10DD70000198C00758B1FFE74FF0500080F31188B9
:10DD8000BFF36F8FBFF34F8F1190FFE7FEE7FFE701
:10DD9000FEF776FE0498806B0499C96B884204D321
:10DDA000FFE7099802281ED1FFE704980B99099A0A
:10DDB000FDF722F807900498406A48B1FFE70498FD
:10DDC000243000F035FE08B1FFE700E0FFE705E092
:10DDD000079808B1FFE700E0FFE7FFE7FEF77CFEEA
:10DDE00001200D9065E00A9828B9FFE7FEF774FE60
:10DDF00000200D905DE0089830B9FFE705A8FFF717
:10DE000087F80120089000E0FFE7FFE7FFE7FEF753
:10DE100063FEFFF7F9F9FEF733FE049890F944002A
:10DE2000013028B9FFE70499002081F84400FFE79A
:10DE3000049890F94500013028B9FFE704990020C3
:10DE400081F84500FFE7FEF747FE05A80AA900F0A4
:10DE5000CBFA28BBFFE70498FDF7D6FAC8B1FFE775
:10DE6000049810300A99FFF76FF80498FDF728FD21
:10DE700000F042FE60B9FFE74EF60451CEF2000119
:10DE80004FF080500860BFF34F8FBFF36F8FFFE7F5
:10DE900005E00498FDF714FD00F02EFEFFE707E013
:10DEA0000498FDF70DFD00F027FE00200D9000E026
:10DEB0006EE70D9812B080BD80B592B00B900A91BC
:10DEC000099208930B980590059858B9FFE74FF011
:10DED000500080F31188BFF36F8FBFF34F8F0C900A
:10DEE000FFE7FEE70A990020029039B9FFE705989D
:10DEF000006C002818BF01200290FFE70298C007BD
:10DF000058B1FFE74FF0500080F31188BFF36F8FD7
:10DF1000BFF34F8F0D90FFE7FEE70899002002291D
:10DF2000019007D1FFE70598C06B013818BF0120A9
:10DF30000190FFE70198C00758B1FFE74FF050008C
:10DF400080F31188BFF36F8FBFF34F8F0E90FFE701
:10DF5000FEE7FEF775FEEFF311814FF0500080F3FE
:10DF60001188BFF36F8FBFF34F8F10910F901098F0
:10DF700006900598806B0599C96B884204D3FFE72A
:10DF80000898022833D1FFE7059890F845008DF8EE
:10DF900013000598806B039005980A99089AFCF77E
:10DFA0002BFF9DF913000130B8B9FFE70598406ACF
:10DFB00088B1FFE70598243000F03AFD48B1FFE74B
:10DFC000099820B1FFE709990120086000E0FFE708
:10DFD00000E0FFE700E0FFE706E09DF813000130F6
:10DFE000059981F84500FFE70120079002E0002035
:10DFF0000790FFE706981190119880F31188079811
:10E0000012B080BD0000000080B58EB0099008916C
:10E0100007920020069009980390039858B9FFE7EB
:10E020004FF0500080F31188BFF36F8FBFF34F8F15
:10E030000B90FFE7FEE708990020019039B9FFE750
:10E040000398006C002818BF01200190FFE7019899
:10E05000C00758B1FFE74FF0500080F31188BFF3BD
:10E060006F8FBFF34F8F0C90FFE7FEE700F0DCFAF5
:10E0700001460020009031B9FFE70798002818BF3B
:10E0800001200090FFE70098C00758B1FFE74FF06C
:10E09000500080F31188BFF36F8FBFF34F8F0D9047
:10E0A000FFE7FEE7FFE7FEF7EBFC0398806B0290CB
:10E0B0000298D8B1FFE703980899FCF779FE029817
:10E0C0000138039988630398006948B1FFE7039812
:10E0D000103000F0ADFC08B1FFE700E0FFE700E022
:10E0E000FFE7FEF7F9FC01200A906DE0079828B9D8
:10E0F000FFE7FEF7F1FC00200A9065E0069830B9D2
:10E10000FFE704A8FEF704FF0120069000E0FFE708
:10E11000FFE7FFE7FEF7E0FCFFF776F8FEF7B0FC5D
:10E12000039890F94400013028B9FFE703990020D3
:10E1300081F84400FFE7039890F94500013028B9C1
:10E14000FFE70399002081F84500FFE7FEF7C4FCD4
:10E1500004A807A900F048F930BBFFE70398FDF7D2
:10E160003FF9D0B1FFE7039824300799FEF7ECFEA2
:10E170000398FDF7A5FB00F0BFFC60B9FFE74EF682
:10E180000451CEF200014FF080500860BFF34F8F72
:10E19000BFF36F8F00E0FFE705E00398FDF790FB0A
:10E1A00000F0AAFCFFE70EE00398FDF789FB00F002
:10E1B000A3FC0398FDF714F918B1FFE700200A90BB
:10E1C00002E0FFE7FFE76EE70A980EB080BD0000AF
:10E1D00080B590B00A900991002008900A990591A5
:10E1E0000490059858B9FFE74FF0500080F311886C
:10E1F000BFF36F8FBFF34F8F0C90FFE7FEE70598DB
:10E20000006C58B1FFE74FF0500080F31188BFF366
:10E210006F8FBFF34F8F0D90FFE7FEE700F004FA1A
:10E2200001460020019031B9FFE70998002818BF86
:10E2300001200190FFE70198C00758B1FFE74FF0B8
:10E24000500080F31188BFF36F8FBFF34F8F0E9094
:10E25000FFE7FEE7FFE7FEF713FC0598806B0390EE
:10E26000039808B3FFE70398013805998863059878
:10E27000006828B9FFE7FDF773FC0599886000E0A6
:10E28000FFE70598006948B1FFE70598103000F0F6
:10E29000CFFB08B1FFE700E0FFE700E0FFE7FEF794
:10E2A0001BFC01200B909BE0099898B9FFE70498AC
:10E2B00058B1FFE74FF0500080F31188BFF36F8F24
:10E2C000BFF34F8F0F90FFE7FEE7FEF705FC00203E
:10E2D0000B9085E0089830B9FFE706A8FEF718FE16
:10E2E0000120089000E0FFE7FFE7FFE7FEF7F4FBFF
:10E2F000FEF78AFFFEF7C4FB059890F94400013051
:10E3000028B9FFE70599002081F84400FFE7059848
:10E3100090F94500013028B9FFE70599002081F800
:10E320004500FFE7FEF7D8FB06A809A900F05CF856
:10E33000A8BBFFE70598FDF753F848B3FFE705983A
:10E34000006850B9FFE7FEF79BFB0598806800F076
:10E35000DFFA0490FEF7C0FB00E0FFE705982430E9
:10E360000999FEF7F1FD0598FDF7AAFA00F0C4FB44
:10E3700060B9FFE74EF60451CEF200014FF0805035
:10E380000860BFF34F8FBFF36F8F00E0FFE705E03A
:10E390000598FDF795FA00F0AFFBFFE71FE0059841
:10E3A000FDF78EFA00F0A8FB0598FDF719F8A0B16B
:10E3B000FFE7049870B1FFE7FEF762FB0598FCF7F2
:10E3C000B3FD0290059880680299FEF70DFEFEF7F6
:10E3D00083FBFFE700200B9002E0FFE7FFE73AE74F
:10E3E0000B9810B080BD000080B588B005900491F6
:10E3F000059858B9FFE74FF0500080F31188BFF33C
:10E400006F8FBFF34F8F0690FFE7FEE7049858B970
:10E41000FFE74FF0500080F31188BFF36F8FBFF319
:10E420004F8F0790FFE7FEE7FEF72AFB48F6707074
:10E43000C2F2014000680290029805994968401AAA
:10E44000019004980068013018B9FFE7002003909C
:10E450002BE048F6D860C2F20140006805990968CF
:10E46000884209D0FFE7029805994968884203D39A
:10E47000FFE70120039017E001980499096888429A
:10E480000BD2FFE7019A04990868801A0860059882
:10E49000FEF73EFD0020039005E00499002008608F
:10E4A00001200390FFE7FFE7FFE7FEF715FB039866
:10E4B00008B080BD0000000070B58CB0DDF844C02D
:10E4C000DDF840C00B900A91ADF826200893BDF806
:10E4D00026008000FDF74CFA0590059880B1FFE713
:10E4E0005420FDF745FA0790079820B1FFE70598FB
:10E4F0000799086303E00598FEF716FBFFE702E0C3
:10E5000000200790FFE70798F0B1FFE70798002683
:10E5100080F851600B980A99BDF82620089BDDF819
:10E5200040C0119C079DEE46CEF80C60CEF8085016
:10E53000CEF80440CEF800C0FCF7D6FD0798FCF7F3
:10E5400033FB0120069003E04FF0FF300690FFE719
:10E5500006980CB070BD0000B0B58EB0DDF850C0AC
:10E56000DDF84CC0DDF848C00A9009910892079385
:10E57000139858B9FFE74FF0500080F31188BFF3AC
:10E580006F8FBFF34F8F0B90FFE7FEE7149858B9DA
:10E59000FFE74FF0500080F31188BFF36F8FBFF398
:10E5A0004F8F0C90FFE7FEE7542004900498542806
:10E5B0000BD0FFE74FF0500080F31188BFF36F8F4F
:10E5C000BFF34F8F0D90FFE7FEE70498149820B338
:10E5D000FFE7139808B3FFE714980690139806997D
:10E5E00008630699022081F851000A980999089A4F
:10E5F000079BDDF848C0069CEE460025CEF80C507F
:10E60000CEF8084005ACCEF80440CEF800C0FCF7C8
:10E610006BFD0698FCF7C8FA02E000200590FFE7C2
:10E6200005980EB0B0BD000081B048F63C70C2F253
:10E630000140006818B9FFE7012000900DE048F2A2
:10E64000DC60C2F20140006818B9FFE702200090C8
:10E6500002E000200090FFE7FFE7009801B070475C
:10E6600081B048F67070C2F20140006800900098D6
:10E6700001B070470000000080B582B0FEF7E0FAFC
:10E680000020009048F67070C2F2014000680190CE
:10E69000019802B080BD000080B586B000200290D5
:10E6A00048F2DC60C2F201400068002840F0968029
:10E6B000FFE748F67071C2F201410868013001902D
:10E6C00001980860019858BBFFE740F25850C2F229
:10E6D00001400068006858B1FFE74FF0500080F338
:10E6E0001188BFF36F8FBFF34F8F0590FFE7FEE7F1
:10E6F00040F25852C2F201421068009040F260515C
:10E70000C2F20141086810600098086048F6D861BC
:10E71000C2F20141086801300860FCF7E5FF00E043
:10E72000FFE7019848F6D461C2F2014109688842C6
:10E7300053D3FFE7FFE740F25850C2F201400068B0
:10E74000006840B9FFE748F6D461C2F201414FF0DA
:10E75000FF30086040E040F25850C2F201400068CB
:10E76000C068C068049004984068039001980399B9
:10E77000884207D2FFE7039848F6D461C2F201410C
:10E78000086029E0FFE704980430FEF7A1F8049838
:10E79000806A28B1FFE704981830FEF799F800E086
:10E7A000FFE70498C16A012000FA01F248F2E4612F
:10E7B000C2F201410868104308600499C86A00EB7E
:10E7C000800240F26850C2F2014000EB8200043146
:10E7D000FEF72AF9FFE7AEE7FFE707E048F6E46156
:10E7E000C2F20141086801300860FFE7029806B0F4
:10E7F00080BD00000000000080B586B00390039843
:10E800000290002001900398002800F07D80FFE72F
:10E81000029840F25051C2F20141096888420BD07F
:10E82000FFE74FF0500080F31188BFF36F8FBFF305
:10E830004F8F0490FFE7FEE70298806C58B9FFE71E
:10E840004FF0500080F31188BFF36F8FBFF34F8FED
:10E850000590FFE7FEE70299886C01388864029909
:10E86000C86A496C88424DD0FFE70298806C002846
:10E8700046D1FFE702980430FEF72AF8D0B9FFE747
:10E880000298C06A00EB800140F26850C2F2014079
:10E8900050F8210068B9FFE70298C16A012000FA28
:10E8A00001F248F2E461C2F2014108689043086055
:10E8B000FFE700E0FFE70299486CC8620299C86A66
:10E8C000C0F1070088610298C16A0120009000FA37
:10E8D00001F248F2E461C2F20141086810430860A5
:10E8E0000299C86A00EB800240F26850C2F201400F
:10E8F00000EB82000431FEF797F80098019000E0E9
:10E90000FFE700E0FFE700E0FFE7019806B080BD09
:10E9100080B584B003900398029000200190039882
:10E9200000287ED0FFE70298C06A40F25051C2F240
:10E9300001410968C96A884262D2FFE70298C07E35
:10E94000000600280BD4FFE740F25050C2F201400D
:10E950000068C06AC0F107000299886100E0FFE723
:10E9600002994869C96A01EB810240F26851C2F21A
:10E97000014101EB8201884236D1FFE70298043061
:10E98000FDF7A6FF68B9FFE70298C16A012000FA07
:10E9900001F248F2E461C2F2014108689043086064
:10E9A00000E0FFE740F25050C2F201400068C06A48
:10E9B0000299C8620298C16A012000FA01F248F285
:10E9C000E461C2F201410868104308600299C86A14
:10E9D00000EB800240F26850C2F2014000EB82007E
:10E9E0000431FEF721F808E040F25050C2F2014035
:10E9F0000068C06A0299C862FFE7012001900FE039
:10EA00000298406C40F25051C2F201410968C96A53
:10EA1000884203D2FFE70120019000E0FFE7FFE713
:10EA200000E0FFE7019804B080BD00000000000096
:10EA300080B584B002900298C068C06801900198C7
:10EA400058B9FFE74FF0500080F31188BFF36F8F84
:10EA5000BFF34F8F0390FFE7FEE701981830FDF7F3
:10EA600037FF48F2DC60C2F201400068F0B9FFE70E
:10EA700001980430FDF72CFF0198C16A012000FACB
:10EA800001F248F2E461C2F20141086810430860F3
:10EA90000199C86A00EB800240F26850C2F201405E
:10EAA00000EB82000431FDF7BFFF09E0019800F19F
:10EAB000180148F6E860C2F20140FDF7B5FFFFE734
:10EAC0000198C06A40F25051C2F201410968C96A16
:10EAD000884208D9FFE70120009049F2D031C2F204
:10EAE0000141086002E000200090FFE7009804B0B8
:10EAF00080BD00000000000080B584B000200290BE
:10EB0000019048F2DC60C2F20140006858B9FFE7AA
:10EB10004FF0500080F31188BFF36F8FBFF34F8F1A
:10EB20000390FFE7FEE7FDF7ABFF48F2DC60C2F2BF
:10EB300001400168013901600068002840F08480CC
:10EB4000FFE748F2D460C2F20140006800287AD0A2
:10EB5000FFE7FFE748F6E860C2F201400068E0B373
:10EB6000FFE748F6E860C2F20140C068C068029062
:10EB700002981830FDF7ACFE02980430FDF7A8FEAD
:10EB80000298C16A012000FA01F248F2E461C2F27F
:10EB900001410868104308600299C86A00EB8002CE
:10EBA00040F26850C2F2014000EB82000431FDF7F0
:10EBB0003BFF0298C06A40F25051C2F2014109681D
:10EBC000C96A884207D3FFE749F2D031C2F2014156
:10EBD0000120086000E0FFE7BCE7029818B1FFE7FA
:10EBE000FCF782FDFFE748F6E460C2F201400068EE
:10EBF00000900098E0B1FFE7FFE7FFF74DFD38B167
:10EC0000FFE749F2D031C2F201410120086000E083
:10EC1000FFE7009801380090FFE700980028ECD14A
:10EC2000FFE748F6E461C2F201410020086000E01D
:10EC3000FFE749F2D030C2F20140006808B1FFE7B7
:10EC400000E0FFE7FFE700E0FFE7FDF745FF019881
:10EC500004B080BD0000000080B58AB0002008909C
:10EC6000FCF722F848F67470C2F20140006858B30D
:10EC7000FFE7002004900790069007A806A905AAC0
:10EC8000FDF762FE049B059A0698DDF81CC06946F4
:10EC9000C1F808C04860022008604BF6A100C0F629
:10ECA000010041F2A921C0F60201FFF755FC01461F
:10ECB00049F27830C2F201400160006818B1FFE704
:10ECC00001200890FFE700E0FFE7089858B9FFE748
:10ECD0004FF0500080F31188BFF36F8FBFF34F8F59
:10ECE0000990FFE7FEE708980AB080BD0000000029
:10ECF00080B58AB0DDF830C0089007910692059380
:10ED000000200490089858B9FFE74FF0500080F3B6
:10ED10001188BFF36F8FBFF34F8F0990FFE7FEE7B6
:10ED200048F67470C2F201400068A8B3FFE7079884
:10ED300001900698029008980390079805281EDC19
:10ED4000FFE7FFF771FC02280CD1FFE748F674706B
:10ED5000C2F2014000680C9A01A90023FEF7ACFF43
:10ED600004900BE048F67470C2F20140006801A9FB
:10ED700000231A46FEF7A0FF0490FFE70BE048F6D9
:10ED80007470C2F201400068059A01A90023FFF7E0
:10ED900093F80490FFE700E0FFE704980AB080BD15
:10EDA00044F6016CC2F2004C60474100080218BFF3
:10EDB00004200A0E18BF40F001004FF07F4232EAF3
:10EDC000010108BF40F00200012808BF052070477C
:10EDD00030B528B1144C031F002021680A4605E015
:10EDE000084630BD9A4203D810465268002AF9D12D
:10EDF000002800D041680BD00468A3EB0005A542B1
:10EE000004D11B681C440346046002E0436000E038
:10EE100023603AB11C68D51AA54203D115682C4469
:10EE20001C6052685A6030BD18B7002410B510EE4F
:10EE3000104A4FF01A402DED028B00EB4400B0F168
:10EE4000C85F4AD84FF0FC40B0EB440F22D2B0EE7E
:10EE5000C00AF7EE000A30EEC00AF6EE000A20EE15
:10EE6000208A18EE100A01F05FF900EE100A14F083
:10EE7000004F1DBF9FED281ADFED280AB1EE400AB2
:10EE80009FED271A08BFF0EE410AF8EE001A20EEB7
:10EE9000210A05E020EE008A9FED221ADFED220A0A
:10EEA000DFED221A9FED222A70EEC00A20EE080A3A
:10EEB00008EE212ADFED1F1A48EE021A9FED1E2AE6
:10EEC00008EE212ADFED1D1A48EE021ABDEC028B76
:10EED00040EE610A30EE810A10BD4FF0CC40B0EB3D
:10EEE000440F82BF9FED160ABDEC028B10BD4FF0A0
:10EEF0007F40B0EB440F05D2BDEC028BBDE8104063
:10EF000000F0D6BF012001F0ABF8BDEC028BBDE8EC
:10EF1000104000F0D3BF00000000494022AA7D3A13
:10EF2000000000000000C93F22AAFD3924FE1C3D5C
:10EF3000C78AD83C1E67383D1B93993DAFAA2A3E2D
:10EF4000DB0FC93F70B54FF068422DED048BF0EE3A
:10EF5000408A18EE900AB0EE608A18EE101A02EBA2
:10EF60004003B3F1654F3CBF02EB4102B2F1654F84
:10EF70007DD200BFC0F3C753C1F3C7529A1A1B2AF0
:10EF800009DD10F0004F14BF9FED830A9FED830A47
:10EF9000BDEC048B70BD12F11A0F36DA11F0004F80
:10EFA00009D010F0004F0CBF9FED7D0A9FED7D0A48
:10EFB000BDEC048B70BD88EE889A19EE100AFFF73D
:10EFC000F4FE042808BF00F089FF18EE900AFFF74E
:10EFD000ECFE054618EE100AFFF7E7FE044619EEB0
:10EFE000100AFFF7E2FE042D18BF052D08D1042CEE
:10EFF00018BF052C04D1002804BF022001F030F80E
:10F00000B0EE490ABDEC048B70BD4200B2EB410F7B
:10F010003AD910F0004F19BFDFED630A9FED630A84
:10F02000DFED630A9FED630AB0EE481A0A46B1EEBF
:10F03000688A80F00041F0EE418A10460A1A5200B8
:10F04000B2F1807F34D2484010F0004FDFED5A1A01
:10F050009FED5A2A1DBFBEEE001A70EEE10A30EE97
:10F06000420AB6EE001A08BF70EEA10A00E040E0C6
:10F0700008BF30EE020AB0EE682A01EE482A08EE18
:10F08000818AC2EE081A15E011F0004F04BF9FED0F
:10F090004C0AF0EE400AD1D010F0004F19BFDFED5E
:10F0A000490A9FED490ADFED490A9FED490AC5E784
:10F0B000C8EE881A21EEA11A9FED462ADFED462AF6
:10F0C00041EE022A9FED452A01EE222ADFED442A75
:10F0D00041EE022A9FED432ABDEC048B01EE222A69
:10F0E00021EE811A01EE020A30EE210A30EE200AEA
:10F0F00070BD4FF07F42B2EB400F28BFB2EB410F23
:10F1000009D2F0EE480AB0EE680ABDEC048BBDE807
:10F11000704000F0D0BE40EA01035B0008BF41F040
:10F12000FF410BD0B2EB400F08BFB2EB410F08D14B
:10F1300020F0804008EE900A21F0804108EE101A7D
:10F1400018E7B2EB400F12BF5FEA410340F0FF4007
:10F1500001F000413FF40EAFB2EB410F12BF5FEA86
:10F16000400200F0004041F0FF413FF403AF4A008D
:10F1700092EA40033FF5FEAE002AACBF9FED1A0AAB
:10F180009FED1A0A68EE808A28EE008A18EE900A2F
:10F1900018EE101AEEE60000DB0FC9BFDB0FC93F07
:10F1A000DB0F4940DB0F49C00000C9BF22AAFDB9EF
:10F1B0000000C93F22AAFD390060ED3EC30ACE37E8
:10F1C00000000000000049C022AA7DBA00004940AA
:10F1D00022AA7D3A2DAD65BD8FB8D53D0FB511BEC4
:10F1E00061C84C3EA8AAAABE0000804F0000802F34
:10F1F00010B54FF00E412DED028BB0EE408A18EEA7
:10F20000100A01EB4001B1F1145F5CD24FF0FE41F6
:10F21000B1EB400F24BF9FED400AF0EE400A12D23E
:10F2200010F0004F19BFDFED3D0A9FED3D0ADFED05
:10F230003D0A9FED3D0AFFEE001A81EE881AB0EEFE
:10F24000418A18EE100A4FF0FC41B1EB400F1BD27F
:10F2500010F0004FDFED351A9FED352A1DBFBEEED1
:10F26000001A70EEE10A30EE420AB6EE001A04BF50
:10F2700070EEA10A30EE020A38EE412AF7EE001ACB
:10F2800048EE011A82EE218ADFED2A1A9FED2A2A22
:10F2900028EE081A01EE212ADFED281A41EE021AA3
:10F2A0009FED272A01EE212ADFED261A41EE021AF0
:10F2B00028EE011A01EE210A30EE080ABDEC028B9D
:10F2C00030EE200A10BD4FF0E441B1EB400F0CD9F5
:10F2D00018EE100AFFF769FD042808BF00F0FEFDD4
:10F2E000B0EE480ABDEC028B10BD4FF07F41B1EB90
:10F2F000400F07D2B0EE480ABDEC028BBDE81040CB
:10F3000000F0D6BD10F0004F14BF9FED0F0A9FED27
:10F310000F0ABDEC028B10BD000000000000C9BF49
:10F3200022AAFDB90000C93F22AAFD390060ED3EC6
:10F33000C30ACE372DAD65BD8FB8D53D0FB511BE13
:10F3400061C84C3EA8AAAABEDB0FC9BFDB0FC93FEC
:10F3500010EE101A08B5444A6846B2EB410F28D99E
:10F360004FF0E640B0EB410F94BF00204FF0FF306C
:10F3700000900098002861DB60EE000A10F0010F99
:10F3800045D010F0020FDFED391A9FED391A00EE6B
:10F39000A11ADFED381A40EE811A21EEA01AF0EE24
:10F3A000400A40EE010A08BFF1EE600AB0EE600AC2
:10F3B00008BD314B21F0004293423CD911F0004F7F
:10F3C000DFED2E0A20EE201ADFED2D0A19BF31EEF7
:10F3D000601A71EE200A31EE201A71EE600ABDEE5D
:10F3E000E01A11EE100A9FED271A00F0030000EE5C
:10F3F000C10A9FED251A009000EEC10A9FED231A65
:10F4000000EEC10A9FED221A00EEC10AB1E79FED9E
:10F41000211A9FED210A10F0020F00EE810A9FEDE4
:10F420001F1A00EE801AB7EE000A00EE810A18BF1C
:10F43000B1EE400A08BD00F059FD9AE710EE100A3F
:10F440004000B0F17F4F3CBFB7EE000A08BD07D1C6
:10F450004FF0010000F004FEBDE8084000F02EBDB2
:10F46000BDE8084000F024BDB61F927E336D4CB954
:10F47000DA82083CA0AA2ABE490E494683F9223FF7
:10F480000000004B0000C93F00A0FD390020A2335E
:10F490001A61342CB93AB2BACA9F2A3DDDFFFFBEC9
:10F4A00010B510EE100A2DED068BB7EE001A10EE17
:10F4B000901AB0EE418A0022A0F5000CDFEDFE9A12
:10F4C0004FF00073BCF1FE4F4FF07F4403EB410C53
:10F4D00080F0B481BCF1804FC0F02082F749014434
:10F4E0009FEDF73AB1F5005F40F2D48200F580213C
:10F4F000CB0C03F00F0101EE901AC3F307137F3B0F
:10F50000A0EBC350B8EEE12A00EE100A1A44DFED7A
:10F51000ED2AF0EE411A42EE221AF0EE613A70EE58
:10F52000232A30EE632A12EE900A00F500606FF392
:10F530000B0001EE900A73EEE13A33EE804AC1EE21
:10F54000223A22EE230A10EE100A00F500606FF353
:10F550000B0000EE100A00EE612A00EE442A62EE73
:10F56000232A70EE221A21EEA12ADFEDD73A02EE0D
:10F57000233A23EE023A20EE012A22EE811A03EE0C
:10F58000211A32EE010A10EE100A00F500606FF346
:10F590000B0000EE100A72EE401A31EE812A9FED48
:10F5A000CB1A60EE011A9FEDCA1A20EE011A9FEDE8
:10F5B000C90A02EE001A31EE810A10EE100A00F5B7
:10F5C00000606FF30B0000EE100AC34871EEC01A22
:10F5D00031EE812A784400EBC10090ED003AD0ED85
:10F5E000011A100101EE100AF8EEC12A32EE211ABA
:10F5F00031EE001A31EE031A31EE221A11EE100A22
:10F6000000F500606FF30B0009EE100A39EE621A84
:10F6100031EE431A31EE400A30EE610A32EE40AA72
:10F6200010EE900A002100F500606FF30B0008EE69
:10F63000900A084670EEE8AAE0F73AFF29EE280A99
:10F6400000F00C01F0EEC00A10EE900AB0F18B4F02
:10F650000DDD10EE900AB4EB400F08D310EE100A47
:10F660004FF08B4262F31E0008EE900A13E069EE41
:10F670002A0A38EEAA1A4AEE010A30EE201A11EED2
:10F68000100A00F500606FF30B0008EE900A30EEF0
:10F69000680A70EE209A0C20E0F70AFF38EEA90AFB
:10F6A000B5EEC00AF1EE10FA34BFFEEE000AF6EE37
:10F6B000000A30EE800ABDEEC00A10EE100A0111F9
:10F6C00000EE101AF8EEC00A00EE100AB8EEC00AFA
:10F6D00038EEC00A30EE290ADFED801A9FED801A5D
:10F6E00000EE211ADFED7F1A7F4900F00F0040EE97
:10F6F000011A21EE800A794401EB800191ED001A94
:10F700007A49794401EB8001D1ED001A784901EE84
:10F71000801A794401EB8000764990ED000A31EEC1
:10F72000001AB0EEE00A10EE100A884215DA10EE68
:10F73000100AB4EB400F10D39FED6F0A30EE800A31
:10F74000DFED6E0A20EE200A68EE010ABDEC068BA2
:10F75000BCEEC00A20EE200A10BD10EE100A684967
:10F76000884243DA10EE100AB4EB400F3ED3BDEEF0
:10F77000E00A68EE010A10EE100A00EBD072511098
:10F78000C90501F17E5100EE101AA0EB6200C00520
:10F7900060EE200A00F17E5000EE100A60EE808AD2
:10F7A00018EE900AB4EB400F0FD1022000F058FC85
:10F7B00000F08CFB10EE101A18EE100ABDEC068B50
:10F7C00061F31E0000EE100A10BD18EE900A400012
:10F7D00011D018EE900AFFF7E8FA042808BF00F0ED
:10F7E0007DFBB0EE680ABDEC068B10BDF5EEC00ADD
:10F7F000F1EE10FA0FD2022000F032FC00F06EFBA6
:10F8000010EE101A18EE100ABDEC068B61F31E0004
:10F8100000EE100A10BD022000F022FC00F056FBA2
:10F8200010EE101AB0EE480A10EE100ABDEC068B6E
:10F8300061F31E0000EE100A10BD00BFBCF1804F46
:10F840006CD300BF00F1FF43B3F1FE4F24D200BFE1
:10F85000B0EEC00A10EE100AC1F3C7537F2B0DDBC8
:10F86000972BBFF63BAEC3F196034FF0010C0CFA99
:10F8700003F3A3F1010C1CEA010F08D0012000F0F2
:10F88000EFFBBDEC068BBDE8104000F017BB0B4250
:10F8900018BFBFEE008A21E643001CBF4FF0807303
:10F8A000B3EB400F34D96FF01A02DFED161A20EED9
:10F8B000210A10EE100A27E000000000001080C0AE
:10F8C000ABAAAA3E0000803D7EE24C3E00B038422A
:10F8D000D49AB8BB3BAA3842900B0000FC5963375E
:10F8E000C9FF753A1872313D2E0B0000620B000003
:10F8F000D20A00000000FC420000FE420000004B63
:10F90000000040430000004D10F0004FA0D1E5E59D
:10F91000A0F50003B3F1FE4F21D2DFE503EB410375
:10F92000B3F1007F11D3F5EEC00AF1EE10FA05D164
:10F93000430018BFB4EB400F76D883E701F00041D5
:10F9400041F0FC5100EE901A7CE7B3F1807F06D2C3
:10F9500010EE903AA3F5000300EE903A72E720F023
:10F9600000426FF0FF4C604C02EB0C03A34210D33B
:10F9700021F000439C44A4450BD3B0F17E5F18BF37
:10F980005FEA410C50D0B2F1FF4F98BFB3F1FF4F87
:10F9900005D9BDEC068BBDE8104000F08CBAB0F183
:10F9A000FF4F0FD0C1F3C7527F2A09DB972A11DA24
:10F9B000C2F19602012303FA02F2531E0B4205D054
:10F9C000002208E011F0004F55D128E00A4218BF8C
:10F9D000012200D1022210F5000F13D028B3B0F19C
:10F9E000004F26D010F1814F4FD04FF0FE42B2EBC6
:10F9F000400F94BF01200020012202EBE1718842F8
:10FA000039D10CE011F0004F02D0012A38D032E099
:10FA1000012A02BF9FED350ABDEC068B10BD9FED9C
:10FA2000340ABDEC068B10BD2FE011F0004F0CD155
:10FA300021E0B1F1FF4F1ED011F5000F05D011F0FC
:10FA4000004F15D00AB1012A08D0022000F008FBAF
:10FA5000BDEC068BBDE8104000F020BA022000F09B
:10FA6000FFFA00F01BFABDEC068BB1EE400A10BDA8
:10FA70000AB1012A04D0B0EE690ABDEC068B10BDB4
:10FA8000BDEC068B9FED1B0A10BDBDEC068BB7EEDF
:10FA9000000A10BD30EE410AB5EE001A9FED172A9C
:10FAA00000EE413AB6EE001A60EE001A00EE431A7C
:10FAB00061EEC11A9FED101A20EE011A20EE020A23
:10FAC0009FED0F2A01EE820A71EE001A11EE900AE4
:10FAD00000F500606FF30B0009EE100A31EE491AD1
:10FAE00031EE00AA9CE50000FFFF3F00000080FF10
:10FAF0000000807F0000008000B0B841D49A38BB7D
:10FB00003BAAB84100B510EE101A2DED028B81B062
:10FB1000524A6846B2EB410F2ED94FF0E640B0EBA7
:10FB2000410F94BF00204FF0FF3000900098B0EEDE
:10FB3000408A00286ADB10F0010F4BD068EE080AFB
:10FB40009FED471A9FED470A00EE810A9FED461A86
:10FB500010F0020F00EE801AB7EE000A00EE810AE4
:10FB600002BF01B0BDEC028B00BD00BF01B0B1EE21
:10FB7000400ABDEC028B00BD3C4B21F00042934299
:10FB800041D911F0004FDFED3A0A20EE201ADFEDE7
:10FB9000390A19BF31EE601A71EE200A31EE201ACF
:10FBA00071EE600ABDEEE01A11EE100A9FED321AF6
:10FBB00000F0030000EEC10A9FED301A009000EE45
:10FBC000C10A9FED2F1A00EEC10A9FED2E1A00EE1A
:10FBD000C10AABE728EE080A9FED2B1ADFED2B0ACE
:10FBE00010F0020F40EE010A9FED291A00EE201AD4
:10FBF00061EE000AB0EE480A08EE200AB6D101B064
:10FC0000BDEC028B00BD00F071F98FE718EE100A11
:10FC10004000B0F17F4F0DD218EE100AFFF7C5F883
:10FC2000042808BF00F05AF9B0EE480A01B0BDEC54
:10FC3000028B00BD09D1012000F012FA01B0BDEC29
:10FC4000028B5DF804EB00F039B901B0B0EE480A60
:10FC5000BDEC028B5DF804EB00F02AB9B61F927E72
:10FC6000B93AB2BACA9F2A3DDDFFFFBE490E4946E6
:10FC700083F9223F0000004B0000C93F00A0FD397E
:10FC80000020A2331A61342C336D4CB9DA82083C5F
:10FC9000A0AA2ABE10B52DED028BB1EEC08A18EED7
:10FCA000100A20F00040C0F1FF40C00F0AD010EE53
:10FCB000100A20F00040C0F1FF40C00F04BF012037
:10FCC00000F0CEF9B0EE480ABDEC028B10BD00008A
:10FCD00000B510EE101A2DED028B81B04D4A68462A
:10FCE000B2EB410F3CD94FF0E640B0EB410F94BF6F
:10FCF00000204FF0FF3000900098B0EE408A0028BE
:10FD00005FDB28EE080ADFED440A9FED441A00EE9F
:10FD1000201ADFED430A40EE010A9FED421A00EE81
:10FD2000201ADFED410A10F0010F40EE010A9FEDAD
:10FD30003F1A00EE201A61EE000AB0EE480A08EE03
:10FD4000200A02BF01B0BDEC028B00BDBFEE001A5D
:10FD500001B0C1EE000ABDEC028BB0EE600A00BD3E
:10FD6000334B21F00042934228D911F0004FDFEDD0
:10FD7000310A20EE201ADFED300A19BF31EE601A89
:10FD800071EE200A31EE201A71EE600ABDEEE01A23
:10FD900011EE100A9FED291A00F0030000EEC10ACF
:10FDA0009FED271A009000EEC10A9FED261A00EE83
:10FDB000C10A9FED251A00EEC10A9DE700F096F8F2
:10FDC0009AE718EE100A4000B0F17F4F0DD218EEFE
:10FDD000100AFEF7EAFF042808BF00F07FF8B0EE33
:10FDE000480A01B0BDEC028B00BD09D1012000F032
:10FDF00037F901B0BDEC028B5DF804EB00F05EB8A2
:10FE000001B0B0EE480ABDEC028B5DF804EB00F0E7
:10FE10004FB80000B61F927EBCE9223C0B6D063B3A
:10FE20008A76CE3CACB5593D35A1083E29AAAA3EFA
:10FE3000490E494683F9223F0000004B0000C93FAC
:10FE400000A0FD390020A2331A61342C2DE9F047BF
:10FE500082460F4C10480D4E0E4F001B4FF000080D
:10FE600020F007054FF0010900221146504600F02E
:10FE7000FDF8002802D1306810B10020BDE8F087FD
:10FE80003C60C4E90058C6F80090EDE71CB70024B8
:10FE90002C94012418B7002428C40124DFED030AA0
:10FEA000B7EE001A81EE200A704700000000000043
:10FEB00030EE000A704730EE200A7047DFED020A8C
:10FEC00080EEA00A70470000000000009FED020ACB
:10FED00020EE000A70470000000000709FED020A4B
:10FEE00020EE000A70470000000000102DE9F0012C
:10FEF0004FF07F42B2EB410F9FBF4FF0FF310160E7
:10FF0000BDE8F00170474FF0004242EA0123C1F31F
:10FF1000C752783A551112F01F0C434CCCF1200611
:10FF20007C44C1F3C752A2F178024FEA621204EB9B
:10FF3000820254F8254008BFD2E9015612D0556814
:10FF400004FA0CF425FA06F73C43976805FA0CF519
:10FF500027FA06F8D26807FA0CFCF24045EA0805D1
:10FF60004CEA0206A4FB034CA5FB0352A6FB036369
:10FF70001D449D4234BF012600261319334416B197
:10FF8000934202D903E0934201D2012200E0002211
:10FF9000624402F1200C9206DC0C42EA443200EE8C
:10FFA000102A5B03DFED210AF8EEC01A00EE103ACA
:10FFB0004FEA9C1C11F0004FB8EE400AC0F800C098
:10FFC00020EE201A00EE105ADFED190AB8EE400AB2
:10FFD00020EE200A71EE810A70EE800A10EE902A5F
:10FFE00002F500626FF30B0200EE902A70EEE11A48
:10FFF00031EEC11ADFED101A30EE411A9FED0D0AF5
:020000040802F0
:1000000020EE800A01EE210A9FED0C1A00EE810A13
:1000100004BFBDE8F0017047CCF180510160BDE83C
:10002000F001B1EE400A7047840300000000003682
:100030000000802C22AAFD29DB0FC92F0000C92F48
:1000400002E008C8121F08C1002AFAD170477047A1
:10005000002001E001C1121F002AFBD170470000FF
:10006000014908607047000020B700242DE9F041E5
:100070000B3020F00706104D19E02068B04215D370
:10008000B0420AD9871B201DD4F80480E0F7BDF9DF
:10009000A019C0E90078286004E060682860201D8D
:1000A000E0F7B3F9201D2660BDE8F081251D2C681E
:1000B000002CE2D10020F7E718B700242DE9F04723
:1000C00004008A4616D054F8047CD4F800903E1FF1
:1000D000564500D956462046FEF77AFE0546884624
:1000E000324621465046FFF7C1FF40B1C0F80090AC
:1000F000BDE8F087BDE8F0470846FFF7A7BE44E932
:10010000017955B129686A18211F8A4202D9611BF9
:10011000091F2960C5F80480EAE7024AC2F8008096
:10012000E6E7000018B7002410B500EE100A2DED28
:10013000028BB1EEC08A18EE100A20F00040C0F128
:10014000FF40C00F0AD010EE100A20F00040C0F1AE
:10015000FF40C00F04BF0120FFF782FF18EE100A16
:10016000BDEC028B10BD000000000000000000008C
:100170000000B33FB2BE7D3A00002E40DFCF5138C1
:1001800000007E40BF51FABA00E0A44019DAC3BAB9
:1001900000E0C840C2ED8AB90040EB40CD1F2CBA48
:1001A000001006412AFFFABA00C01541DFCFD1374F
:1001B00000D024419A97703A0050334189478E36D7
:1001C00000404141E75B9D3800B04E41C00A98B9FC
:1001D00000A05B41558F943A00306841DA92C0BA72
:1001E0000040744162B3C63A0000803F00A0853FE2
:1001F00000908B3F00C0913F0030983F00F09E3F41
:1002000000F0A53F0050AD3F0000B53F0000BD3FEE
:100210000060C53F0020CE3F0040D73F00C0E03F18
:1002200000C0EA3F0020F53F000000007D36AC39F9
:100230007D3C3839EBDCF438320A7E39124C2639F1
:100240009B6AED39A4EE83397F661E39F6398A3907
:100250002B426539A48211395B991F39C3EECD3920
:10026000DDE7C637A5A22F390000803FC3AA853F2E
:10027000C2958B3FD3C3913FF037983F32F59E3FF5
:10028000D7FEA53F3F58AD3FF304B53FA408BD3F9F
:100290002A67C53F8C24CE3FFD44D73FDFCCE03FEB
:1002A000C7C0EA3F7D25F53F000000006E83F9A23C
:1002B0002915444ED15727FCC0DD34F5999562DBF2
:1002C0004190433CAB6351FE000000000000000081
:1002D000000000000000000000000000010000001D
:1002E0000200000003000000040000000000000005
:1002F00005000000000000000000000000000000F9
:1003000006000000000000000000000000000000E7
:10031000070000001212020821030024020000005E
:1003200000000000000100000000000000000000CC
:100330002E12020899360024000000000000000080
:100340000002000000000000000000001712020878
:10035000313A00240200000000000000000100000B
:10036000000000000000000020120208513B0024A1
:10037000FEFF00000000000000010000000000007F
:1003800000000000EE110208793B0024FEFF00008F
:1003900000000000800000000000000000000000DD
:1003A00007120208F14200240000000000000000D3
:1003B000000100000000000000000000F811020829
:1003C000A15D002402000000000000008000000089
:1003D0000000000000000000E311020899730024EF
:1003E000FEFF000000000000800000000000000090
:1003F000000000003A120208616F002400000000B3
:10040000000000008000000000000000000000006C
:1004100044120208C1C301080000000000000000EF
:10042000800000000000000000000000DC11020855
:10043000897A0024FEFF0000000000000002000096
:100440000000000000000000005EBCE2613FDD83B0
:10045000C29C7E20A3FD1F419DC3217FFCA2401EA4
:100460005F01E3BD3E6082DC237D9FC1421CFEA094
:10047000E1BF5D0380DE3C62BEE0025CDF81633D84
:100480007C22C09E1D43A1FF4618FAA427799BC574
:1004900084DA3866E5BB5907DB856739BAE4065864
:1004A0001947A5FB7826C49A653BD987045AB8E654
:1004B000A7F91B45C6987A24F8A6441A99C7257B44
:1004C0003A6486D85B05E7B98CD2306EEDB3510F34
:1004D0004E10F2AC2F7193CD114FADF3702ECC9224
:1004E000D38D6F31B2EC0E50AFF1134DCE90722C14
:1004F0006D33D18F0C52B0EE326C8ED0530DEFB104
:10050000F0AE4C1291CF2D73CA947628ABF51749F3
:100510000856B4EA6937D58B5709EBB536688AD4E3
:1005200095CB2977F4AA4816E9B7550B88D6346AD3
:100530002B7597C94A14F6A8742AC896154BA9F7C3
:10054000B6E80A54D7896B350000000001020304A5
:100550000102030406070809000102030405060757
:10056000080C101418203040000610160006101653
:100570000804020408010101010101030701000050
:10058000010002000400060008000A000C00100030
:1005900020004000800000010000891112239B32DE
:1005A0002446AD573665BF74488CC19D5AAFD3BE43
:1005B0006CCAE5DB7EE9F7F88110080193331A2253
:1005C000A5562C47B7753E64C99C408DDBBF52AE23
:1005D000EDDA64CBFFF976E802218B301002991333
:1005E0002667AF763444BD554AADC3BC588ED19F03
:1005F0006EEBE7FA7CC8F5D983310A209112180313
:10060000A7772E66B5543C45CBBD42ACD99E508FE2
:10061000EFFB66EAFDD874C904428D5316619F70E2
:100620002004A9153227BB364CCEC5DF5EEDD7FCC2
:100630006888E1997AABF3BA85520C4397711E60D2
:10064000A1142805B3373A26CDDE44CFDFFD56ECA2
:10065000E9986089FBBB72AA06638F7214409D51B2
:100660002225AB343006B9174EEFC7FE5CCCD5DD82
:100670006AA9E3B8788AF19B87730E6295501C4192
:10068000A3352A24B1163807CFFF46EEDDDC54CD62
:10069000EBB962A8F99A708B088481951AA793B672
:1006A0002CC2A5D33EE1B7F04008C919522BDB3A62
:1006B000644EED5F766DFF7C899400859BB712A632
:1006C000ADD224C3BFF136E0C1184809D33B5A2A42
:1006D000E55E6C4FF77D7E6C0AA583B41886919712
:1006E0002EE3A7F23CC0B5D14229CB38500AD91B22
:1006F000666FEF7E744CFD5D8BB502A499961087F2
:10070000AFF326E2BDD034C1C3394A28D11A580B01
:10071000E77F6E6EF55C7C4D0CC685D71EE597F4C1
:100720002880A1913AA3B3B2444ACD5B5669DF78E1
:10073000600CE91D722FFB3E8DD604C79FF516E4B1
:10074000A9902081BBB332A2C55A4C4BD7795E68C1
:10075000E11C680DF33F7A2E0EE787F61CC495D591
:100760002AA1A3B03882B193466BCF7A5448DD59A1
:10077000622DEB3C700EF91F8FF706E69DD414C571
:10078000ABB122A0B9923083C77B4E6AD5585C4981
:10079000E33D6A2CF11E780F005EBCE2613FDD8311
:1007A000C29C7E20A3FD1F419DC3217FFCA2401E51
:1007B0005F01E3BD3E6082DC237D9FC1421CFEA041
:1007C000E1BF5D0380DE3C62BEE0025CDF81633D31
:1007D0007C22C09E1D43A1FF4618FAA427799BC521
:1007E00084DA3866E5BB5907DB856739BAE4065811
:1007F0001947A5FB7826C49A653BD987045AB8E601
:10080000A7F91B45C6987A24F8A6441A99C7257BF0
:100810003A6486D85B05E7B98CD2306EEDB3510FE0
:100820004E10F2AC2F7193CD114FADF3702ECC92D0
:10083000D38D6F31B2EC0E50AFF1134DCE90722CC0
:100840006D33D18F0C52B0EE326C8ED0530DEFB1B0
:10085000F0AE4C1291CF2D73CA947628ABF51749A0
:100860000856B4EA6937D58B5709EBB536688AD490
:1008700095CB2977F4AA4816E9B7550B88D6346A80
:100880002B7597C94A14F6A8742AC896154BA9F770
:10089000B6E80A54D7896B3500401C460000204159
:1008A000EC51383E00001042000080460000A0419C
:1008B000295C833E9A9999410050C346000040400C
:1008C0002DB23D3F0000803F00000000920E493CE9
:1008D000B10AC93C2BC3163D2EFB483D752B7B3D11
:1008E00004A9963D80B6AF3D36BDC83D2FBCE13D65
:1008F00073B2FA3D87CF093E8340163EB5AB223E28
:10090000A2102F3ECF6E3B3EC2C5473E0115543E5E
:10091000135C603E7F9A6C3ECCCF783EC07D823EB9
:10092000938E883E229A8E3E32A0943E86A09A3EB6
:10093000E59AA03E128FA63ED47CAC3EEF63B23E59
:100940002A44B83E491DBE3E15EFC33E53B9C93EC9
:10095000CA7BCF3E4136D53E80E8DA3E4F92E03E3C
:100960007533E63EBBCBEB3EEA5AF13ECBE0F63EBA
:10097000275DFC3EE4E7003F3D9C033F824B063F82
:100980009BF5083F6B9A0B3FDA390E3FCDD3103FF2
:100990002A68133FD9F6153FC07F183FC6021B3F98
:1009A000D17F1D3FCBF61F3F9967223F25D2243FC1
:1009B0005636273F1594293F4AEB2B3FDE3B2E3F0F
:1009C000BB85303FC9C8323FF304353F233A373F38
:1009D0004268393F3B8F3B3FF9AE3D3F67C73F3FE2
:1009E00070D8413F01E2433F03E4453F65DE473FA6
:1009F00012D1493FF8BB4B3F029F4D3F207A4F3FFA
:100A00003D4D513F4918533F31DB543FE595563F2B
:100A10005348583F6AF2593F1A945B3F532D5D3F4C
:100A200005BE5E3F2146603F97C5613F5A3C633F2C
:100A300059AA643F880F663FD86B673F3CBF683F49
:100A4000A7096A3F0C4B6B3F5E836C3F93B26D3FCF
:100A50009ED86E3F73F56F3F0809713F5213723F86
:100A60004714733FDD0B743F0BFA743FC6DE753FCE
:100A700007BA763FC58B773FF853783F9812793F96
:100A80009DC7793F02737A3FBE147B3FCDAC7B3F5D
:100A9000283B7C3FC9BF7C3FAC3A7D3FCCAB7D3F20
:100AA00023137E3FB0707E3F6DC47E3F580E7F3F64
:100AB0006D4E7F3FAB847F3F0FB17F3F97D37F3F2A
:100AC00043EC7F3F11FB7F3F0000803F11FB7F3FE6
:100AD00043EC7F3F97D37F3F0FB17F3FAB847F3F96
:100AE0006D4E7F3F580E7F3F6DC47E3FB0707E3F9E
:100AF00023137E3FCCAB7D3FAC3A7D3FC9BF7C3FEB
:100B0000283B7C3FCDAC7B3FBE147B3F02737A3FDA
:100B10009DC7793F9812793FF853783FC58B773F4F
:100B200007BA763FC6DE753F0BFA743FDD0B743FA4
:100B30004714733F5213723F0809713F73F56F3FBB
:100B40009ED86E3F93B26D3F5E836C3F0C4B6B3F04
:100B5000A7096A3F3CBF683FD86B673F880F663F75
:100B600059AA643F5A3C633F97C5613F2146603FA5
:100B700005BE5E3F532D5D3F1A945B3F6AF2593FBD
:100B80005348583FE595563F31DB543F4918533F92
:100B90003D4D513F207A4F3F029F4D3FF8BB4B3FA9
:100BA00012D1493F65DE473F03E4453F01E2433F41
:100BB00070D8413F67C73F3FF9AE3D3F3B8F3B3F5A
:100BC0004268393F233A373FF304353FC9C8323FC3
:100BD000BB85303FDE3B2E3F4AEB2B3F1594293F30
:100BE0005636273F25D2243F9967223FCBF61F3F39
:100BF000D17F1D3FC6021B3FC07F183FD9F6153F6E
:100C00002A68133FCDD3103FDA390E3F6B9A0B3F62
:100C10009BF5083F824B063F3D9C033FE4E7003FC6
:100C2000275DFC3ECBE0F63EEA5AF13EBBCBEB3E05
:100C30007533E63E4F92E03E80E8DA3E4136D53EDF
:100C4000CA7BCF3E53B9C93E15EFC33E491DBE3ED8
:100C50002A44B83EEF63B23ED47CAC3E128FA63E2F
:100C6000E59AA03E86A09A3E32A0943E229A8E3EFD
:100C7000938E883EC07D823ECCCF783E7F9A6C3E7C
:100C8000135C603E0115543EC2C5473ECF6E3B3EED
:100C9000A2102F3EB5AB223E8340163E87CF093EC1
:100CA00073B2FA3D2FBCE13D36BDC83D80B6AF3DC5
:100CB00004A9963D752B7B3D2EFB483D2BC3163D6D
:100CC000B10AC93C920E493C00000000920E49BC9A
:100CD000B10AC9BC2BC316BD2EFB48BD752B7BBD0D
:100CE00004A996BD80B6AFBD36BDC8BD2FBCE1BD61
:100CF00073B2FABD87CF09BE834016BEB5AB22BE24
:100D0000A2102FBECF6E3BBEC2C547BE011554BE5A
:100D1000135C60BE7F9A6CBECCCF78BEC07D82BEB5
:100D2000938E88BE229A8EBE32A094BE86A09ABEB2
:100D3000E59AA0BE128FA6BED47CACBEEF63B2BE55
:100D40002A44B8BE491DBEBE15EFC3BE53B9C9BEC5
:100D5000CA7BCFBE4136D5BE80E8DABE4F92E0BE38
:100D60007533E6BEBBCBEBBEEA5AF1BECBE0F6BEB6
:100D7000275DFCBEE4E700BF3D9C03BF824B06BF7E
:100D80009BF508BF6B9A0BBFDA390EBFCDD310BFEE
:100D90002A6813BFD9F615BFC07F18BFC6021BBF94
:100DA000D17F1DBFCBF61FBF996722BF25D224BFBD
:100DB000563627BF159429BF4AEB2BBFDE3B2EBF0B
:100DC000BB8530BFC9C832BFF30435BF233A37BF34
:100DD000426839BF3B8F3BBFF9AE3DBF67C73FBFDE
:100DE00070D841BF01E243BF03E445BF65DE47BFA2
:100DF00012D149BFF8BB4BBF029F4DBF207A4FBFF6
:100E00003D4D51BF491853BF31DB54BFE59556BF27
:100E1000534858BF6AF259BF1A945BBF532D5DBF48
:100E200005BE5EBF214660BF97C561BF5A3C63BF28
:100E300059AA64BF880F66BFD86B67BF3CBF68BF45
:100E4000A7096ABF0C4B6BBF5E836CBF93B26DBFCB
:100E50009ED86EBF73F56FBF080971BF521372BF82
:100E6000471473BFDD0B74BF0BFA74BFC6DE75BFCA
:100E700007BA76BFC58B77BFF85378BF981279BF92
:100E80009DC779BF02737ABFBE147BBFCDAC7BBF59
:100E9000283B7CBFC9BF7CBFAC3A7DBFCCAB7DBF1C
:100EA00023137EBFB0707EBF6DC47EBF580E7FBF60
:100EB0006D4E7FBFAB847FBF0FB17FBF97D37FBF26
:100EC00043EC7FBF11FB7FBF000080BF11FB7FBFE2
:100ED00043EC7FBF97D37FBF0FB17FBFAB847FBF92
:100EE0006D4E7FBF580E7FBF6DC47EBFB0707EBF9A
:100EF00023137EBFCCAB7DBFAC3A7DBFC9BF7CBFE7
:100F0000283B7CBFCDAC7BBFBE147BBF02737ABFD6
:100F10009DC779BF981279BFF85378BFC58B77BF4B
:100F200007BA76BFC6DE75BF0BFA74BFDD0B74BFA0
:100F3000471473BF521372BF080971BF73F56FBFB7
:100F40009ED86EBF93B26DBF5E836CBF0C4B6BBF00
:100F5000A7096ABF3CBF68BFD86B67BF880F66BF71
:100F600059AA64BF5A3C63BF97C561BF214660BFA1
:100F700005BE5EBF532D5DBF1A945BBF6AF259BFB9
:100F8000534858BFE59556BF31DB54BF491853BF8E
:100F90003D4D51BF207A4FBF029F4DBFF8BB4BBFA5
:100FA00012D149BF65DE47BF03E445BF01E243BF3D
:100FB00070D841BF67C73FBFF9AE3DBF3B8F3BBF56
:100FC000426839BF233A37BFF30435BFC9C832BFBF
:100FD000BB8530BFDE3B2EBF4AEB2BBF159429BF2C
:100FE000563627BF25D224BF996722BFCBF61FBF35
:100FF000D17F1DBFC6021BBFC07F18BFD9F615BF6A
:101000002A6813BFCDD310BFDA390EBF6B9A0BBF5E
:101010009BF508BF824B06BF3D9C03BFE4E700BFC2
:10102000275DFCBECBE0F6BEEA5AF1BEBBCBEBBE01
:101030007533E6BE4F92E0BE80E8DABE4136D5BEDB
:10104000CA7BCFBE53B9C9BE15EFC3BE491DBEBED4
:101050002A44B8BEEF63B2BED47CACBE128FA6BE2B
:10106000E59AA0BE86A09ABE32A094BE229A8EBEF9
:10107000938E88BEC07D82BECCCF78BE7F9A6CBE78
:10108000135C60BE011554BEC2C547BECF6E3BBEE9
:10109000A2102FBEB5AB22BE834016BE87CF09BEBD
:1010A00073B2FABD2FBCE1BD36BDC8BD80B6AFBDC1
:1010B00004A996BD752B7BBD2EFB48BD2BC316BD69
:1010C000B10AC9BC920E49BC00000080B1120208EE
:1010D000E9930108F99301080000000003130208D6
:1010E000A9940108B9940108000000004C130208FB
:1010F0003195010841950108000000001D13020808
:10110000899501089995010800000000D61202088F
:1011100039960108499601080000000026130208CC
:10112000299701083997010800000000E71202081A
:101130006198010871980108000000003513020849
:10114000F19801080999010800000000F81202084E
:10115000C1990108D199010800000000C6120208D7
:10116000899C0108B19C01080000000015130208C9
:1011700019AA010831AA010800000000BB120208E8
:10118000B1BF0108C1BF010800000000DE12020863
:1011900059C0010869C00108000000002D130208B1
:1011A000E9C00108F9C0010800000000EF120208C0
:1011B00099C10108A9C101080000000040130208FC
:1011C000E1C10108F1C1010800000000CF120208CE
:1011D00081C20108A9C201080000000055495461FC
:1011E000736B005354415455535461736B00446501
:1011F0006275675461736B004D6F646553776974F2
:1012000063685461736B0047696D62616C5461730C
:101210006B00426F617264436F6D6D5461736B005C
:10122000436F6E7461696E65725461736B004368DD
:1012300061737369735461736B0053686F6F745497
:1012400061736B0053746172745461736B00434437
:101250004320496E746572666163650043444320B0
:10126000436F6E6669670053544D6963726F656CB6
:10127000656374726F6E6963730053544D3332202B
:101280005669727475616C20436F6D506F72740093
:1012900061696D004D616E00656E65726779004928
:1012A000444C4500546D725100546D722053766366
:1012B000004B425F415343454E440052454D5F4110
:1012C0005343454E44004B4559424F41524400520E
:1012D000454D4F5445004B425F48494748005245F1
:1012E0004D5F48494748004B425F5350494E0052BA
:1012F000454D5F5350494E004B425F5445525F523B
:10130000554E004B425F444F55424C455F54455249
:101310005F52554E0050524F54454354004B425F6C
:101320004649474854004B425F4C4F570052454D89
:101330005F4C4F57004B425F5445525F5244590037
:1013400052454D5F5445525F524459004B425F45F0
:101350004E45524759000000891112239B32244602
:10136000AD573665BF74488CC19D5AAFD3BE6CCAA9
:10137000E5DB7EE9F7F88110080193331A22A556C0
:101380002C47B7753E64C99C408DDBBF52AEEDDA89
:1013900064CBFFF976E802218B301002991326679F
:1013A000AF763444BD554AADC3BC588ED19F6EEB69
:1013B000E7FA7CC8F5D983310A2091121803A77780
:1013C0002E66B5543C45CBBD42ACD99E508FEFFB49
:1013D00066EAFDD874C904428D5316619F702004DB
:1013E000A9153227BB364CCEC5DF5EEDD7FC688829
:1013F000E1997AABF3BA85520C4397711E60A11440
:101400002805B3373A26CDDE44CFDFFD56ECE99808
:101410006089FBBB72AA06638F7214409D5122251E
:10142000AB343006B9174EEFC7FE5CCCD5DD6AA9E8
:10143000E3B8788AF19B87730E6295501C41A335FF
:101440002A24B1163807CFFF46EEDDDC54CDEBB9C8
:1014500062A8F99A708B088481951AA793B62CC25A
:10146000A5D33EE1B7F04008C919522BDB3A644ED0
:10147000ED5F766DFF7C899400859BB712A6ADD297
:1014800024C3BFF136E0C1184809D33B5A2AE55EB0
:101490006C4FF77D7E6C0AA583B4188691972EE376
:1014A000A7F23CC0B5D14229CB38500AD91B666F90
:1014B000EF7E744CFD5D8BB502A499961087AFF357
:1014C00026E2BDD034C1C3394A28D11A580BE77F70
:1014D0006E6EF55C7C4D0CC685D71EE597F42880B2
:1014E000A1913AA3B3B2444ACD5B5669DF78600C50
:1014F000E91D722FFB3E8DD604C79FF516E4A99017
:101500002081BBB332A2C55A4C4BD7795E68E11C2F
:10151000680DF33F7A2E0EE787F61CC495D52AA1F5
:10152000A3B03882B193466BCF7A5448DD59622D0F
:10153000EB3C700EF91F8FF706E69DD414C5ABB1D6
:1015400022A0B9923083C77B4E6AD5585C49E33DEF
:101550006A2CF11E780F0000881502080000002494
:1015600018B7000040000208A0CC020818B70024F9
:1015700048070000D804000828D1020860BE0024F3
:10158000C83501005000020880B582B04FF24470A7
:10159000C2F2004001900122022319460BF0F0F83C
:1015A0000198D0F8B4104FF07E520A60D0F8B41011
:1015B00041F26F23C3F603334B60D0F8B4C000216F
:1015C000CCF80810D0F8B4C0CCF80C20D0F8BCE0AF
:1015D00043F2BE7CC3F2066CCEF800C0D0F8BCC0AB
:1015E000CCF80430D0F8C0301A60D0F8C030596060
:1015F000D0F8C0309960D0F8C030DA60D0F8C83088
:101600004CF6CD42C3F6CC521A60D0F8C8205160D7
:10161000D0F8C8209160D0F8C8304FF07C52DA6022
:10162000D0F8CC300022C4F220121A60D0F8CC20BE
:101630005160D0F8CC209160D0F8CC100020C4F2DA
:10164000FA40C86002B080BD80B548F6CC20C2F236
:10165000014081694FF24470C2F20040D0F8EC20A2
:1016600011604DF20451C2F2004191ED0B0A91ED6F
:101670001E1A30EE410A9FED0B1A20EE010AB8EE59
:10168000001A80EE010AD0F8EC1081ED010A4DF24B
:10169000FC31C2F20041096AD0F8F02011600BF071
:1016A00074F880BDAE47613D83B002A900918DF80A
:1016B00007009DF80700012818D1FFE7009840F2C5
:1016C000C071C2F20141B1F84C2100EE102AB8EE0F
:1016D000C01A9FED160A80EE010A91ED521AB8EE7B
:1016E000C11A20EE010A80ED000A17E0009840F2CE
:1016F000C071C2F20141B1F84C2100EE102AB8EEDF
:10170000C01A9FED090A80EE010A91ED521AB8EE57
:10171000C11A20EE010A80ED000AFFE7009890ED63
:10172000000A03B0704700BF0000FA420000C84240
:10173000BFF34F8F4EF60C51CEF20001086800F453
:10174000E0600422C0F2FA5210430860BFF34F8FEA
:10175000FFE700BFFDE7000080B582B000200190E8
:10176000FFE70198012800F39C80FFE701994FF6FD
:101770004C50C2F2004000EB81007830B9EE000A14
:10178000F1EE000A0BF006F848F6CC20C2F2014058
:1017900090F85E0088B9FFE748F6CC20C2F201401D
:1017A00090F85800022808D0FFE748F6CC20C2F293
:1017B000014090F8730050B1FFE701994FF64C508B
:1017C000C2F2004000EB81010020886724E04DF266
:1017D000D030C2F200400078002812DCFFE748F663
:1017E000CC20C2F20140B0F86600032809D0FFE720
:1017F00048F6CC20C2F20140B0F8660004280AD1B5
:10180000FFE701994FF64C50C2F2004000EB810116
:1018100000208867FFE7FFE7DDF804E048F2747C0A
:10182000C2F2014C4FF4C4700EFB00C1D1F8741128
:1018300048F6CC22C2F2014202F1740364220EFB8C
:10184000023ECEF82810DDF804E00EFB00C1D1F80E
:1018500070110EFB023ECEF82C10DDF804E04FF6BE
:101860004C51C2F2004101EB8E01896F0EFB023E2A
:10187000CEF83010DDF804E00EFB00C1D1F82011E5
:101880000EFB023ECEF83410019901FB00C0D0F8E7
:10189000240101FB02318863FFE7019801300190C8
:1018A0005FE702B080BD000080B582B001904BF2CE
:1018B0004460C2F2004007210AF071FF0AF074FF91
:1018C0000090FFE70AF070FF00900AF072FF0AF044
:1018D00075FF0AF078FF684602210AF079FFF1E708
:1018E00080B594B049F2D830C2F20140808E00EE4B
:1018F000100AB8EE400A9FEDDC1A80EE010A30EEC5
:10190000000A9FEDDA1A60EE010A9FEDD90A9FEDF9
:10191000D91A0AF062FF40F68410C2F2014080ED4D
:10192000000A4DF2DC70C2F20040C07D38B1FFE722
:101930004DF2DC70C2F20040807D40B9FFE74DF20D
:10194000D031C2F2004100208861C8614EE04DF202
:10195000DC70C2F20040807D012826D1FFE74DF205
:10196000DC72C2F20042B2F90600404200EE100AF8
:10197000B8EEC00A4BF67051C2F2004191ED001A68
:1019800020EE010A4DF2D030C2F2004080ED060A8E
:10199000B2F9042000EE102AB8EEC00A91ED001A48
:1019A00020EE010A80ED070A1FE04DF2DC70C2F262
:1019B0000040807D022817D1FFE701F0E1FE4DF2E3
:1019C0004C40C2F2004090ED010AB1EE400A4DF2E7
:1019D000D031C2F2004181ED060A4DF26040C2F200
:1019E00000404068C861FFE7FFE7FFE74DF2DC70A9
:1019F000C2F20040C07D01461291092800F2A9837D
:101A00001299DFE811F00A0038001B023C0238008E
:101A100038003800380038009D0349F2D830C2F24F
:101A20000140818E00EE101AB8EE400A9FED8E2A1A
:101A300080EE020A30EE000A9FED8C1A20EE010AB9
:101A400048F6CC21C2F2014181ED030A808E00EEFE
:101A5000100AB8EE400A80EE020A30EE000A20EECC
:101A6000010A81ED080A002008614DF2D031C2F26E
:101A7000004148736EE30A200AF0B4FE20B9FFE784
:101A800003F006F998B1FFE74DF63400C2F20040CA
:101A900090ED6D0AB5EE400AF1EE10FA07D0FFE7BF
:101AA0004DF2D031C2F2004101204873FFE74DF200
:101AB000D030C2F20040407B002800F00F81FFE7E9
:101AC0004DF2D030C2F20040C089B0F57A7F00F309
:101AD0000581FFE74DF2D031C2F20041C8890130E3
:101AE000C88148F6CC20C2F2014090F8720000286C
:101AF0006AD0FFE748F6CC20C2F20140119049F2CB
:101B0000B021C4F2AD01C16049F2D831C2F2014145
:101B1000898E00EE101AB8EE400A9FED531A80EE3F
:101B2000010A30EE000A9FED511A20EE010A80ED05
:101B3000080A0021016190ED030AD0ED080A9FED2B
:101B40004D1A0AF04AFE119880ED0E0A90ED0E0A29
:101B50009FED491AB4EE410AF1EE10FA0CDAFFE7F4
:101B600048F6CC20C2F2014090ED0E0AB5EE400AD4
:101B7000F1EE10FA1ADCFFE748F6CC20C2F2014081
:101B800090ED0E0A9FED3D1AB4EE410AF1EE10FA07
:101B900019DDFFE748F6CC20C2F2014090ED0E0AB5
:101BA000B5EE400AF1EE10FA0DDAFFE748F6CC2167
:101BB000C2F20141002081F872004DF2D031C2F230
:101BC00000414873FFE788E048F6CC20C2F20140AC
:101BD000109041F28551C4F21201C16049F2D8312E
:101BE000C2F20141898E00EE101AB8EE400A9FED54
:101BF0001E1A80EE010A30EE000A9FED1C1A20EE3C
:101C0000010A80ED080A0021016190ED030AD0ED80
:101C1000080A9FED181A0AF0E0FD109880ED0E0AF0
:101C200090ED0E0A9FED141AB4EE410AF1EE10FA8F
:101C30000CDAFFE748F6CC20C2F2014090ED0E0A24
:101C4000B5EE400AF1EE10FA38DCFFE748F6CC209A
:101C5000C2F2014090ED0E0A9FED081AB4EE410A5F
:101C6000F1EE10FA38DD1DE000000046DB0F4940C0
:101C7000B092AD40DB0FC940920A863F920A86BF00
:101C8000DB0FC93FDB0FC9BF0000204200000C4240
:101C90009A99D940000034429A99B94000004842CC
:101CA00000005C4248F6CC20C2F2014090ED0E0AE2
:101CB000B5EE400AF1EE10FA0EDAFFE748F6CC2155
:101CC000C2F20141012081F872004DF2D031C2F21E
:101CD000004100204873FFE7FFE7A8E04DF2D03154
:101CE000C2F2004100204873C8814DF63400C2F2B0
:101CF000004090ED6D0AB5EE400AF1EE10FA0AD000
:101D0000FFE748F6CC21C2F2014149F2B020C4F20B
:101D1000AD00C86019E049F2D830C2F20140808EAF
:101D200000EE100AB8EE400A1FED311A80EE010AEB
:101D300030EE000A1FED331A20EE010A48F6CC20DF
:101D4000C2F2014080ED030AFFE749F2D830C2F247
:101D50000140808E00EE100AB8EE400A1FED3E1AD8
:101D600080EE010A30EE000A1FED401A20EE010A53
:101D700048F6CC20C2F201400F9080ED080A002105
:101D8000016190ED030AD0ED080A1FED461A0AF032
:101D900024FD0F9880ED0E0A90ED0E0A1FED481AF3
:101DA000B4EE410AF1EE10FA0EDCFFE748F6CC2063
:101DB000C2F2014090ED0E0A1FED4E1AB4EE410A38
:101DC000F1EE10FA0DDAFFE748F6CC21C2F201413C
:101DD00041F28550C4F21200C860012081F87200FF
:101DE00024E048F6CC20C2F2014090ED0E0A1FED2F
:101DF0005C1AB4EE410AF1EE10FA0EDBFFE748F68A
:101E0000CC20C2F2014090ED0E0A1FED621AB4EE32
:101E1000410AF1EE10FA08DDFFE748F6CC21C2F2E4
:101E20000141002081F87200FFE7FFE7FFE74DF274
:101E30003041C2F20041002048608BE148F6CC21DD
:101E4000C2F2014143F25E60C3F63670C86049F2E7
:101E5000D830C2F20140808E00EE100AB8EE400A7F
:101E60001FED7F1A80EE010A30EE000A1FED811A85
:101E700020EE010A81ED080A002008616AE148F6B7
:101E8000CC21C2F20141086AC86040F22040C2F28F
:101E9000014090ED040A1FED841AB4EE410AF1EE00
:101EA00010FA09DDFFE74DF23041C2F20041002097
:101EB000CCF21010886008E04DF23041C2F20041CF
:101EC0000020CCF210108860FFE74DF23040C2F2E3
:101ED0000040BAEE020A0AF08AFC48F6CC20C2F2B0
:101EE000014080ED040A40F69410C2F20140007CEB
:101EF00000EE100AB8EEC00AB3EE0E1AB4EE410AB4
:101F0000F1EE10FA0DDAFFE748F6CC20C2F20140FC
:101F100090ED040AB1EE0E1A30EE010A80ED040ACB
:101F2000F7E040F69410C2F20140007C00EE100A87
:101F3000B8EEC00A1FEDAB1AB4EE410AF1EE10FA8A
:101F40000DDAFFE748F6CC20C2F2014090ED040A1A
:101F50001FEDB11A30EE010A80ED040AD8E040F618
:101F60009410C2F20140007C00EE100AB8EEC00AE4
:101F70001FEDBB1AB4EE410AF1EE10FA0DDAFFE7DD
:101F800048F6CC20C2F2014090ED040AB1EE0A1AE4
:101F900030EE010A80ED040AB9E040F69410C2F276
:101FA0000140007C00EE100AB8EEC00A1FEDC71A0F
:101FB000B4EE410AF1EE10FA0DDAFFE748F6CC2054
:101FC000C2F2014090ED040A1FEDCD1A30EE010A75
:101FD00080ED040A9AE040F69410C2F20140007CC1
:101FE00000EE100AB8EEC00A1FEDD41AB4EE410A92
:101FF000F1EE10FA0DDAFFE748F6CC20C2F201400C
:1020000090ED040AB1EE061A30EE010A80ED040AE2
:102010007BE040F69410C2F20140007C00EE100A12
:10202000B8EEC00A1FEDE21AB4EE410AF1EE10FA62
:102030000DDAFFE748F6CC20C2F2014090ED040A29
:102040009FEDD81A30EE010A80ED040A5CE040F6FC
:102050009410C2F20140007C00EE100AB8EEC00AF3
:102060009FEDD11AB4EE410AF1EE10FA0DDAFFE756
:1020700048F6CC20C2F2014090ED040AB0EE0C1AF2
:1020800030EE010A80ED040A3DE040F69410C2F201
:102090000140007C00EE100AB8EEC00A9FEDC31AA2
:1020A000B4EE410AF1EE10FA0DDAFFE748F6CC2063
:1020B000C2F2014090ED040A9FEDBD1A30EE010A14
:1020C00080ED040A1EE040F69410C2F20140007C4C
:1020D00000EE100AB8EEC00A9FEDB61AB4EE410A3F
:1020E000F1EE10FA0DDAFFE748F6CC20C2F201401B
:1020F00090ED040AB0EE041A30EE010A80ED040AF5
:10210000FFE7FFE7FFE7FFE7FFE7FFE7FFE7FFE79F
:10211000FFE74DF2DC70C2F20040007D0009C0070D
:1021200068B1FFE748F6CC20C2F201400E9090ED76
:10213000040A08F001FB0E9880ED040AFFE709E0AD
:1021400048F6CC21C2F20141086AC860002008614B
:1021500000E0FFE748F6CC20C2F2014090ED030A10
:10216000B5EE400AF1EE10FA0DDAFFE748F6CC20A2
:10217000C2F2014090ED030A9FED8F1A30EE010A82
:1021800080ED030A1BE048F6CC20C2F2014090ED3E
:10219000030A9FED891AB4EE410AF1EE10FA0DDD43
:1021A000FFE748F6CC20C2F2014090ED030A9FED14
:1021B000831A30EE010A80ED030AFFE7FFE749F2D8
:1021C000D830C2F20140808E00EE100AB8EE400A0C
:1021D0009FED7B1A80EE010A30EE000A9FED791A1E
:1021E00060EE010A9FED780A9FED731A0AF0F5FA86
:1021F00048F6CC20C2F2014080ED0E0A4DF2DC70B0
:10220000C2F20040C07D022820D1FFE749F2D83059
:10221000C2F20140808E00EE100AB8EE400A9FED37
:10222000681A80EE010A30EE000A9FED661A60EE31
:10223000010A9FED660A9FED601A0AF0CEFA48F691
:10224000CC20C2F2014080ED0E0AFFE74DF2D03003
:10225000C2F200400C9090ED060A8DED060A48F699
:10226000CC20C2F20140099090ED0E0A0AF0C4FAA7
:1022700009980C99B0EE401A9DED060A20EE010A6D
:102280008DED080A91ED070A8DED070A90ED0E0A13
:102290000AF0B7FA9DED071A09980C99B0EE402A9A
:1022A0009DED080A01EE420A81ED080A91ED060A49
:1022B0008DED0B0A90ED0E0A0AF0A3FA09980C991D
:1022C0008DED0A0A91ED070A8DED0D0A90ED0E0ACB
:1022D0000AF092FA9DED0A2A9DED0B1A0C98B0EEC9
:1022E000403A9DED0D0A20EE030A01EE020A80ED50
:1022F000090A4DF2DC70C2F20040C07D032807D10C
:10230000FFE740F2E661C2F20141012008700EE0F1
:1023100040F2E760C2F20140007838B9FFE740F2CE
:10232000E661C2F2014100200870FFE7FFE74FF6C7
:102330001B50C2F20040007803282CD1FFE74DF279
:10234000DC70C2F20040C07D012818D0FFE74DF2DA
:10235000DC70C2F20040C07D042810D0FFE74DF2CF
:10236000DC70C2F20040C07D052808D0FFE74DF2C6
:10237000DC70C2F20040C07D06280CD1FFE740F2BD
:10238000E761C2F201410120087040F2EA61C2F245
:1023900001410870FFE740F2EA60C2F201400078B4
:1023A000B0B31BE09A99B94000007042000082422D
:1023B0003333334000008C42DB0FC940DB0FC9C010
:1023C00000000046DB0F4940B092AD405E36363F1C
:1023D00000000060FB21F93F8515124048F6CC2033
:1023E000C2F2014090ED090AB7EEC00AB0EEC00B90
:1023F000B0EE001BB4EE410BF1EE10FA07DAFFE786
:1024000040F2EA61C2F2014100200870FFE7FFE7F5
:1024100040F2E760C2F201400078002800F0E0805E
:10242000FFE740F68810C2F2014090ED000AB5EED9
:10243000400AF1EE10FA0BD1FFE740F68410C2F229
:102440000140006840F68811C2F201410860FFE7D0
:1024500040F2E861C2F2014108880130088040F68C
:102460008810C2F2014090ED000AB7EEC00AB0EE4B
:10247000C00B1FED291BB4EE410BF1EE10FA45DA4B
:10248000FFE748F6CC20C2F20140D0ED080A1FED6C
:10249000320A1FED371A0AF0A0F9B7EE041AB4EEAB
:1024A000410AF1EE10FA30DAFFE748F6CC20C2F22A
:1024B0000140D0ED080A1FED3C0A1FED411A0AF059
:1024C0008CF9B5EE400AF1EE10FA1EDDFFE740F29E
:1024D000E860C2F201400088332816DBFFE740F2D3
:1024E000E761C2F201410020087040F68811C2F293
:1024F0000141086040F2E861C2F20141088040F207
:10250000E561C2F201410870FFE73FE048F6CC20E8
:10251000C2F20140D0ED080A1FED510A1FED5A1A10
:102520000AF05BF9B7EE041AB4EE410AF1EE10FAC4
:102530002BDAFFE748F6CC20C2F20140D0ED080AC2
:102540001FED5B0A1FED641A0AF047F9B5EE400A69
:10255000F1EE10FA19DDFFE740F2E860C2F2014047
:102560000088332811DBFFE740F2E761C2F2014146
:102570000020087040F68811C2F20141086040F264
:10258000E861C2F201410880FFE7FFE74FF61B5008
:10259000C2F20040007803280BD1FFE74FF61B5032
:1025A000C2F20040007840F2E561C2F201410870D9
:1025B000FFE740F2E560C2F201400078032808D14D
:1025C000FFE748F6CC21C2F201414FF041400861DB
:1025D000FFE748F6CC21C2F20141086AC860FFE774
:1025E0004DF2D030C2F20040006A48F6CC21C2F26F
:1025F000014188604DF2DC70C2F20040C07D0228CB
:1026000019D1FFE74DF2D030C2F20040416A48F6DE
:10261000CC20C2F20140816090ED010A90ED021AD7
:102620009FEDC02A21EE021A31EE011A30EE010AA6
:1026300080ED010AFFE74DF2DC70C2F20040C07D80
:1026400003280BD1FFE74DF2D030C2F20040406AC0
:1026500048F6CC21C2F201418860FFE740F2EA600F
:10266000C2F20140007838B1FFE748F6CC21C2F24F
:10267000014100208860FFE74DF2FC31C2F20041C9
:1026800091ED020AB1EE400A48F6CC20C2F20140B8
:10269000059080ED0A0A91ED000A4FF2B002C2F2F5
:1026A000004292ED001A30EE010AB1EE400A80EDD0
:1026B0000B0A91ED030AB1EE400A80ED0C0A91ED90
:1026C000040AB1EE400A80ED090AC96941634FF27C
:1026D000E401C2F2004191ED1D1A91ED250A30EEA0
:1026E000410A80ED1E0A91ED091A91ED110A30EEB2
:1026F000410A80ED1D0A90ED1E0AB5EE400AF1EE8A
:1027000010FA0DDAFFE748F6CC20C2F2014090ED56
:102710001E0A9FED831A30EE010A80ED1E0AFFE7C4
:1027200048F6CC20C2F2014090ED1D0AB5EE400AF9
:10273000F1EE10FA0DDAFFE748F6CC20C2F20140C4
:1027400090ED1D0A9FED761A30EE010A80ED1D0A0C
:10275000FFE74FF2E400C2F200400390826C48F6BB
:10276000CC21C2F201410491C1F88420D0F8982014
:10277000C1F88820C26CC1F88C20D0F89C00C1F848
:1027800090004DF20450C2F2004090ED0A0AB1EE02
:10279000400A81ED250A90ED0B0AB1EE400A4FF296
:1027A000D420C2F200400290D0F8EC1081ED000A73
:1027B00009F0EBFF029A03990498D2F8E820126816
:1027C000C0F8982091ED450A91ED4D1A30EE410A7E
:1027D00080ED370A91ED310A91ED391A30EE410A58
:1027E00080ED360A90ED370AB5EE400AF1EE10FAA8
:1027F0000DDAFFE748F6CC20C2F2014090ED370A2F
:102800009FED471A30EE010A80ED370AFFE748F6E0
:10281000CC20C2F2014090ED360AB5EE400AF1EE4E
:1028200010FA0DDAFFE748F6CC20C2F2014090ED35
:10283000360A9FED3B1A30EE010A80ED360AFFE7BB
:102840004FF2E400C2F2004090ED3A0AB1EE400AC5
:1028500048F6CC22C2F20142009282ED3A0A90ED93
:102860004E0AB1EE400A82ED3B0A90ED3B0AB1EE12
:10287000400A82ED3C0A90ED4F0AB1EE400A82ED2B
:102880003D0A4DF20450C2F20040416FC2F8F81008
:10289000816F4FF2D422C2F20042019202F58E7093
:1028A000D2F80822116009F070FF00990198D0F861
:1028B00004020068C1F8FC0000201390FFE71398A1
:1028C000092813DCFFE7139A4FF64C50C2F2004080
:1028D00000EB8200806A4FF2B401C2F2004141F87D
:1028E0002200FFE7139801301390E8E748F6CC2068
:1028F000C2F20140D0F8B8204FF2B401C2F2004158
:102900008A62D0F81C01C8624DF2DC70C2F200404D
:10291000C07D4FF61B51C2F20041087014B080BD5B
:10292000DB0FC9406F12833A80B59EB048F6CC20C9
:10293000C2F2014090F85B0038B9FFE74DF2F83180
:10294000C2F2004100200860FFE748F6CC20C2F246
:10295000014090F85C00A8BBFFE709F0EDFE4DF2E6
:102960000450C2F200401A909FEDB00A8DED1B0A90
:1029700009F04CFF1A989DED1B0A4C3009F046FFF8
:1029800000201D90FFE71D9803281ADCFFE71D9823
:1029900000EB80014FF2E400C2F2004000EB0110B6
:1029A0009FEDA22AB0EE420AF0EE420AB0EE421AC1
:1029B000F0EE421A09F02FFFFFE71D9801301D903D
:1029C000E1E7EAE148F6CC20C2F2014090F85C0071
:1029D000022840F02181FFE748F6CC20C2F20140F6
:1029E000199090ED290AB1EE400A4DF20450C2F25E
:1029F0000040189009F00AFF1898199991ED420AC1
:102A00004C3009F003FF199890F85B0008B1FFE71C
:102A100001E14DF2D030C2F200400078012808D028
:102A2000FFE74DF2D030C2F200400078022803D117
:102A3000FFE700F019FFFFE7022009F0F1FE18B1EF
:102A4000FFE700F0B5FDFFE74DF2D030C2F20040E5
:102A50000078012800F0DE80FFE748F6CC20C2F2C3
:102A6000014090F85F00002800F09580FFE748F6ED
:102A7000CC20C2F2014090F85E00002840D0FFE771
:102A80004FF2E400C2F200401690F9EE040AF1EEB3
:102A9000041ACDED151A9FED652A8DED172AB0EEBB
:102AA000420AB0EE421A09F0B6FE16989DED172ABA
:102AB0005030B0EE420AF0EE420AB0EE421AF0EEAA
:102AC000421A09F0A8FEDDED151A16989DED172A99
:102AD000A030B0EE420AF0EE610AB0EE421A09F000
:102AE0009AFE16989DED172AF030B0EE420AF0EEED
:102AF000420AB0EE421AF0EE421A09F08CFE49E0AA
:102B000048F6CC20C2F20140129090ED272A4FF2F5
:102B1000E400C2F200401390DFED441ACDED141A28
:102B2000B0EE610AF0EE610AB0EE611A09F073FED0
:102B300012991398DDED141A91ED282A5030B0EE59
:102B4000610AF0EE610AB0EE611A09F064FE1299B2
:102B50001398DDED141A91ED400AB1EE402AA03031
:102B6000B0EE610AF0EE610AB0EE611A09F053FEB0
:102B700012991398DDED141A91ED410AB1EE402A35
:102B8000F030B0EE610AF0EE610AB0EE611A09F0C1
:102B900042FEFFE73DE04FF2E400C2F20040109039
:102BA0009FED222A8DED112AB0EE420AF0EE420A84
:102BB000B0EE421AF0EE421A09F02DFE10989DED8B
:102BC000112A5030B0EE420AF0EE420AB0EE421A3C
:102BD000F0EE421A09F01FFE10989DED112AA03068
:102BE000B0EE420AF0EE420AB0EE421AF0EE421A9D
:102BF00009F011FE10989DED112AF030B0EE420A56
:102C0000F0EE420AB0EE421AF0EE421A09F003FE6C
:102C1000FFE7FFE7FFE7BFE048F6CC20C2F2014044
:102C200090F85C00012840F0818001E00000000085
:102C300048F6CC20C2F201400A9090ED290AB1EE8C
:102C4000400A4DF20450C2F20040089009F0DEFD47
:102C500008980A9991ED420A4C3009F0D7FD0A987C
:102C600090ED2B0A4FF2E400C2F200400B9090ED81
:102C7000091A30EE010ADFEDBC0ACDED0C0AB2EE06
:102C8000041A8DED0D1AB0EE002A8DED0E2AF0EE2D
:102C9000421A09F0C0FD0A980B99DDED0C0A9DED72
:102CA0000D1ADDED0E1A90ED2A0A01F1500091ED9A
:102CB0001D2A30EE420A9FEDAD2A8DED092A30EE35
:102CC000420AB8EE002A8DED0F2A09F0A4FD9DED11
:102CD000093A0A980B99DDED0C0A9DED0D1A9DED50
:102CE0000E2A90ED434A01F1A00091ED310A30EE39
:102CF000440A30EE030AF0EE421A09F08CFD0A98FD
:102D00000B99DDED0C0A9DED0D1ADDED0E1A9DED12
:102D10000F2A90ED440AB1EE400A01F1F00091ED66
:102D2000453A30EE430A09F076FD34E009F004FD3F
:102D30004DF20450C2F2004006909FED8B0A8DEDDB
:102D4000070A09F063FD06989DED070A4C3009F06B
:102D50005DFD00201C90FFE71C9803281ADCFFE7AC
:102D60001C9800EB80014FF2E400C2F2004000EB3F
:102D700001109FED7D2AB0EE420AF0EE420AB0EE5D
:102D8000421AF0EE421A09F046FDFFE71C980130A6
:102D90001C90E1E7FFE7FFE7FFE7082009F040FDAF
:102DA00000284DD0FFE74DF20450C2F200400390DE
:102DB0009FED6D0A8DED050A09F028FD03989DED44
:102DC000050A4C3009F022FD9DED052A4FF2E40082
:102DD000C2F200400490B0EE420AF0EE420AB0EEB9
:102DE000421AF0EE421A09F016FD04989DED052AEC
:102DF0005030B0EE420AF0EE420AB0EE421AF0EE67
:102E0000421A09F008FD04989DED052AA030B0EEA5
:102E1000420AF0EE420AB0EE421AF0EE421A09F00F
:102E2000FAFC04989DED052AF030B0EE420AF0EE6F
:102E3000420AB0EE421AF0EE421A09F0ECFCFFE74B
:102E40004DF20450C2F2004090F8200048B1FFE774
:102E50004DF20450C2F2004090F86C0000284DD1B1
:102E6000FFE74DF20450C2F2004000909FED3E0A91
:102E70008DED020A09F0CAFC00989DED020A4C3063
:102E800009F0C4FC9DED022A4FF2E400C2F20040BA
:102E90000190B0EE420AF0EE420AB0EE421AF0EEB5
:102EA000421A09F0B8FC01989DED022A5030B0EEAC
:102EB000420AF0EE420AB0EE421AF0EE421A09F06F
:102EC000AAFC01989DED022AA030B0EE420AF0EE75
:102ED000420AB0EE421AF0EE421A09F09CFC019848
:102EE0009DED022AF030B0EE420AF0EE420AB0EE5A
:102EF000421AF0EE421A09F08EFCFFE74FF2E400AE
:102F0000C2F2004090F84000012823D1FFE74FF2C1
:102F1000E400C2F2004090F8900001281AD1FFE7C7
:102F20004FF2E400C2F2004090F8E000012811D115
:102F3000FFE74FF2E400C2F2004090F830010128B0
:102F400008D1FFE748F6CC21C2F20141012081F807
:102F50005F0007E048F6CC21C2F20141002081F871
:102F60005F00FFE71EB080BD00000000DB0F49409E
:102F700083B040F2E661C2F201410020087048F6D9
:102F8000CC21C2F2014181F8730081F86E004DF24C
:102F9000DC70C2F20040C07D01460291092800F2B7
:102FA00065820299DFE811F00A003000900071009C
:102FB0005700A900130154018C01500248F6CC219E
:102FC000C2F201410020019081F85C0081F85A00B2
:102FD00081F85800A1F866004DF2D031C2F20041EC
:102FE000486088600870887048F2C861C2F2014188
:102FF00008604DF2DC71C2F2004181F8240081F8D2
:10300000250081F8260050E248F6CC21C2F20141A9
:10301000022081F85C00002081F85A0081F85800F5
:10302000A1F866004DF2DC71C2F2004181F8240083
:1030300081F8250081F826004FF61C50C2F20040AE
:10304000007838B9FFE74DF2D031C2F200410120DB
:103050000870FFE729E248F6CC21C2F201410220C4
:1030600081F85C00012081F85A00002081F85800A6
:10307000A1F866004DF2DC71C2F2004181F8240033
:1030800081F8250081F826000FE248F6CC21C2F233
:103090000141022081F85C00002081F85A0040F2D2
:1030A000E663C2F2014301221A7081F85800A1F8C8
:1030B00066004DF2DC71C2F2004181F8240081F813
:1030C000250081F82600F0E148F6CC21C2F201414A
:1030D000022081F85C00002081F85A0081F8580035
:1030E000A1F866004DF2DC71C2F2004181F82400C3
:1030F00081F8250081F82600D7E148F6CC20C2F2FD
:103100000140022180F85C10002180F85A1080F8FC
:1031100058104DF2DC72C2F2004282F8251082F89B
:103120002610B0F8660040B9FFE748F6CC21C2F29D
:1031300001410120A1F86600FFE748F6CC20C2F269
:103140000140B0F86600012840D1FFE748F6CC20E6
:10315000C2F2014090ED300A30EE000AB0EE001AE3
:1031600080EE010A9FEDD51AB4EE410AF1EE10FA95
:103170002CDDFFE748F6CC20C2F2014090ED300A8A
:1031800030EE000AB0EE001A80EE010A9FEDCC1A74
:10319000B4EE410AF1EE10FA18DAFFE74FF2C02060
:1031A000C2F2004090ED010AB0EEC00AB0EE081A7B
:1031B000B4EE410AF1EE10FA08D1FFE74DF2DC71EE
:1031C000C2F20041012081F82400FFE76DE148F6DA
:1031D000CC20C2F20140022180F85C10002180F86E
:1031E0005A1080F858104DF2DC72C2F2004282F898
:1031F0002410B0F86600012808D1FFE748F6CC217A
:10320000C2F201410220A1F86600FFE748F6CC2097
:10321000C2F20140B0F86600052818D1FFE748F671
:10322000CC20C2F20140B0F86A0080B1FFE74DF255
:10323000DC70C2F2004090F8250040B9FFE74DF283
:10324000DC71C2F20041012081F82500FFE72CE18A
:1032500048F6CC20C2F20140022180F85C10002127
:1032600080F85A10A0F866104DF2DC72C2F20042EB
:1032700082F8241090F8580040B9FFE748F6CC21B6
:10328000C2F20141012081F85800FFE748F6CC2046
:10329000C2F2014090F85800032810D1FFE74DF228
:1032A000DC70C2F2004090F8260040B9FFE74DF212
:1032B000DC71C2F20041012081F82600FFE7F4E052
:1032C00048F6CC20C2F20140022180F85C100021B7
:1032D00080F85A10012180F86E10B0F8660080B9AD
:1032E000FFE748F6CC20C2F2014090F8580040B900
:1032F000FFE748F6CC21C2F201410120A1F86600A7
:1033000063E048F6CC20C2F20140B0F86600012824
:1033100040D1FFE748F6CC20C2F2014090ED300AE0
:1033200030EE000AB0EE001A80EE010A9FED9E1A00
:10333000B4EE410AF1EE10FA2CDDFFE748F6CC209E
:10334000C2F2014090ED300A30EE000AB0EE001AF1
:1033500080EE010A9FED951AB4EE410AF1EE10FAE3
:1033600018DAFFE74FF2C020C2F2004090ED010AE8
:10337000B0EEC00AB0EE001AB4EE410AF1EE10FA57
:1033800008D1FFE748F6CC21C2F201410220A1F8A2
:10339000660019E048F6CC20C2F20140B0F86600A1
:1033A000052810D1FFE74DF2DC70C2F2004090F822
:1033B000250040B9FFE74DF2DC71C2F20041012067
:1033C00081F82500FFE7FFE7FFE74DF2DC70C2F26E
:1033D000004090F82500E0B1FFE748F6CC20C2F2AB
:1033E000014090F85800A0B9FFE748F6CC20C2F29F
:1033F0000140B0F86A0001280BD1FFE748F6CC2164
:10340000C2F201410020A1F86600012081F85800B5
:1034100019E048F6CC20C2F2014090F85800032889
:1034200010D1FFE74DF2DC70C2F2004090F82600A8
:1034300040B9FFE74DF2DC71C2F20041012081F892
:103440002600FFE7FFE730E048F6CC21C2F2014159
:10345000022081F85C00002081F85A00A1F8660083
:1034600081F85800012081F873001EE048F6CC2155
:10347000C2F201410020009081F85C0081F85A00FE
:1034800081F85800A1F866004DF2D031C2F2004137
:103490004860886008704DF2DC72C2F2004282F827
:1034A000250082F824008870FFE74DF2DC70C2F23C
:1034B0000040C07D042821D104E000BF6666263F9D
:1034C0009A99993F4DF2DC70C2F20040807E50B173
:1034D000FFE74BF67051C2F200414CF6CD40C4F20A
:1034E0000C00486009E04BF67051C2F200414CF606
:1034F000CD40C4F20C004860FFE71BE04DF2DC70E9
:10350000C2F20040807E50B1FFE74BF67051C2F22C
:10351000004143F23330C4F21300486009E04BF637
:103520007051C2F2004143F23330C4F213004860DC
:10353000FFE7FFE74DF2DC70C2F20040C07D0728D4
:103540000AD1FFE74BF67051C2F2004149F69A10DA
:10355000C3F6D9704860FFE74DF2DC70C2F200405C
:10356000C07D04280AD1FFE74BF67051C2F200413A
:1035700047F20E40C3F65A30086009E04BF670512E
:10358000C2F2004146F20D20C3F664300860FFE746
:103590004DF2DC70C2F20040C07D4FF61C51C2F209
:1035A0000041087003B070476666E63ECDCC4C3FE4
:1035B000704700000000000080B58AB04DF2D030A6
:1035C000C2F20040282109F030F94DF24C41C2F21C
:1035D00000410491002003900861C8608860486041
:1035E00008604DF26041C2F2004105910861C86077
:1035F00088604860086008F027FE04989FED5B0A29
:103600008DED060AF8EE080ACDED070AB0EE081AAD
:103610008DED081A09F00EF905989DED060ADDED0D
:10362000070A9DED081A09F005F94DF23040C2F283
:1036300000409FED4F0AFBEE020AB3EE021A09F0BA
:10364000F9F848F6CC21C2F2014149F2B020C4F2A7
:10365000AD00C86049F69A10C3F6D970C86440F24C
:10366000262009F0ECF84DF22440C2F20040006838
:1036700000285ED1FFE74DF22441C2F20041012053
:10368000086000200990FFE70998012834DCFFE773
:1036900009984FF2D422C2F2004201924FF48E7187
:1036A000029100FB012000220123194609F068F86D
:1036B000019A0299099800FB0120D0F8B4304FF02C
:1036C0007E501860099B03FB0123D3F8C0301860BB
:1036D000099B03FB0123D3F8C8301860099800FB4D
:1036E0000120D0F8CC100020C4F248300860FFE779
:1036F000099801300990C7E74FF6B430C2F2004094
:10370000009000220123194609F03AF80098D0F8F9
:10371000B4204FF07E511160D0F8C0201160D0F875
:10372000C8201160D0F8CC100020C4F2C820086076
:10373000FFE74BF68860C2F20040B0EE000A9FED52
:103740000D1A9FED0D2AF1EE0C2A9FED0C3AF0EECA
:10375000420AF0EE621A09F077F84DF2D031C2F267
:103760000041012008730AB080BD00BF8FC2753CC4
:103770008FC2753D0080BB45000000000000008046
:1037800080B540F2FC50C2F20140007DC00768B134
:10379000FFE74BF67050C2F2004090ED010A4DF287
:1037A0004C40C2F2004009F022F821E040F2FC5007
:1037B000C2F20140007D4008C00778B1FFE74BF638
:1037C0007050C2F2004090ED010AB1EE400A4DF295
:1037D0004C40C2F2004009F00AF808E04DF24C40BB
:1037E000C2F200409FED1F0A09F001F8FFE7FFE772
:1037F00040F2FC50C2F20140007DC008C00768B131
:10380000FFE74BF67050C2F2004090ED010A4DF216
:103810006040C2F2004008F0EAFF21E040F2FC50B4
:10382000C2F20140007D8008C00778B1FFE74BF687
:103830007050C2F2004090ED010AB1EE400A4DF224
:103840006040C2F2004008F0D2FF08E04DF2604054
:10385000C2F200409FED030A08F0C9FFFFE7FFE74F
:1038600080BD00BF0000000010B5ECB04DF2FC3090
:10387000C2F2004090ED000AB0EEC00A9FEDE11ADE
:10388000B4EE410AF1EE10FA09DDFFE74BF66C5198
:10389000C2F200410020C4F2D000086008E04BF6FC
:1038A0006C51C2F200410020C4F290000860FFE7B2
:1038B0004DF2D030C2F200408078B8B9FFE74DF247
:1038C000FC30C2F2004090ED000AB0EEC00A9FED5D
:1038D000CD1AB4EE410AF1EE10FA07DAFFE74DF225
:1038E000D031C2F200410120887035E04DF2D03075
:1038F000C2F200408078B8B9FFE74DF2FC30C2F266
:10390000004090ED000AB0EEC00A9FEDBE1AB4EE82
:10391000410AF1EE10FA07DDFFE74DF2D031C2F2B5
:1039200000410320887016E04DF2D030C2F2004012
:10393000807801280ED1FFE74DF22C40C2F2004002
:10394000007838B1FFE74DF2D031C2F200410420D7
:103950008870FFE7FFE7FFE74DF2D030C2F200408A
:103960008078012840F04481FFE74FF2E401C2F281
:103970000041689101F11004684654F8043B024686
:1039800042F8043B54F8043B42F8043B54F8043B2F
:1039900042F8043B54F8043B42F8043B54F8043B1F
:1039A00042F8043B54F8043B42F8043B54F8043B0F
:1039B00042F8043B54F8043B42F8043B54F8043BFF
:1039C00042F8043B54F8043B42F8043B54F8043BEF
:1039D00042F8043B54F8043B42F8043B54F8043BDF
:1039E00042F8043B54F8043B42F8043B54F8043BCF
:1039F00042F8043B54F8043B42F8043BA031403009
:103A0000502269926A916B906B986A99699A51F801
:103A1000043B669140F8043B6790043A69926A91CE
:103A20006B90F1D1689B186859689A68DB6801F05F
:103A30000FFA014668984DF22C42C2F20042117012
:103A400050309FED712A8DED652AB0EE420AF0EEFE
:103A5000420AB0EE421AF0EE421A08F0DCFE689814
:103A60009DED652AF030B0EE420AF0EE420AB0EE6B
:103A7000421AF0EE421A08F0CEFE48F27470C2F21A
:103A80000140C06D01281CD0FFE74BF66C50C2F21C
:103A90000040D0ED000A4FF2E400C2F20040F1EE27
:103AA000041A9FED592AB0EE420AB0EE421A08F00D
:103AB000B2FE4DF2D031C2F2004148680130486098
:103AC00010E04FF2E400C2F200409FED4F2AB0EE4A
:103AD000420AF0EE420AB0EE421AF0EE421A08F044
:103AE0009AFEFFE748F27470C2F20140D0F8E40198
:103AF00001281FD0FFE74BF66C50C2F2004090ED5A
:103B0000000AF1EE400A4FF2E400C2F20040A03099
:103B1000F1EE041A9FED3C2AB0EE420AB0EE421AD2
:103B200008F079FE4DF2D031C2F2004188680130D0
:103B3000886011E04FF2E400C2F20040A0309FED37
:103B4000322AB0EE420AF0EE420AB0EE421AF0EE2D
:103B5000421A08F060FEFFE748F27470C2F20140BA
:103B6000C06D012827D1FFE748F27470C2F201400E
:103B7000D0F8E40101281ED1FFE748F2C860C2F284
:103B8000014090ED000AB7EE001A30EE010A80ED18
:103B9000000A90ED000A9FED1D1AB4EE410AF1EE05
:103BA00010FA07DDFFE74DF2D031C2F200410220EA
:103BB0008870FFE7FFE74DF2D030C2F20040406866
:103BC00040F6B83188420AD8FFE74DF2D030C2F251
:103BD0000040806840F6B931884207D3FFE74DF2D4
:103BE000D031C2F2004102208870FFE700F04BBFE5
:103BF0004DF2D030C2F200408078022840F0DF80E1
:103C00000EE000BFDB0FC93F000000000000C8420B
:103C1000CDCC4C3D920A86BF9A99193E9A9919BE0D
:103C200048F6CC20C2F20140649090ED272A4FF272
:103C3000E400C2F2004061905FED0D1ACDED631A11
:103C4000B0EE610AF0EE610AB0EE611A08F0E3FD31
:103C50006198DDED631A649991ED282A5030B0EE39
:103C6000610AF0EE610AB0EE611A08F0D4FD6198C5
:103C7000DDED631A649991ED400AB1EE402AA0305F
:103C8000B0EE610AF0EE610AB0EE611A08F0C3FD11
:103C90006198DDED631A649991ED410AB1EE402A15
:103CA000F030B0EE610AF0EE610AB0EE611A08F091
:103CB000B2FD9DED630A4DF20450C2F200406290E5
:103CC00008F0A4FD62989DED630A4C3008F09EFD5B
:103CD00064984DF22A42C2F20042118801311180EB
:103CE00048F27471C2F2014191ED0C0A90ED001A94
:103CF00030EE410AB0EEC00A1FED3B1AB4EE410AA5
:103D0000F1EE10FA43DAFFE748F27470C2F20140B4
:103D100090ED6E0A48F6CC20C2F2014090ED001AF8
:103D200030EE410AB0EEC00A1FED471AB4EE410A68
:103D3000F1EE10FA2BDAFFE74DF22840C2F2004014
:103D4000018801310180008847281FDBFFE74DF221
:103D50002841C2F20041002008804DF22A41C2F2FF
:103D6000004108804DF2D032C2F2004250609060B3
:103D70000221117048F6CC21C2F2014181F85A00AB
:103D800048F2C861C2F201410860FFE7FFE74DF267
:103D90002A40C2F200400088B0F5FA6F0DDBFFE761
:103DA0004DF2D031C2F20041052088704DF22A4117
:103DB000C2F2004100200880FFE700F063BE4DF230
:103DC000D030C2F200408078032840F0DD82FFE767
:103DD0004FF2E400C2F200405F9050301FED762AAF
:103DE0008DED602AB0EE420AF0EE420AB0EE421AC1
:103DF000F0EE421A08F00FFD5F989DED602AF0305A
:103E0000B0EE420AF0EE420AB0EE421AF0EE421A6A
:103E100008F001FD4DF2FC30C2F2004090ED000AC6
:103E20001FED841AB4EE410AF1EE10FA80F22081FF
:103E3000FFE74DF2FC30C2F2004090ED020AB0EE16
:103E4000C00A1FED8B1AB4EE410AF1EE10FA2CDA1B
:103E5000FFE74BF66C50C2F200405B90D0ED000AD9
:103E60004FF2E400C2F200405C90F1EE041ACDED96
:103E70005D1A1FED9B2A8DED5E2AB0EE420AB0EE70
:103E8000421A08F0C8FC5B995C98DDED5D1A9DED67
:103E90005E2A91ED000AF1EE400AA030B0EE420A2F
:103EA000B0EE421A08F0B7FCE1E04DF2FC30C2F28D
:103EB000004090ED020A1FEDA81AB4EE410AF1EE9F
:103EC00010FA61DDFFE748F27470C2F20140C06D84
:103ED000012808D0FFE748F27470C2F20140C06DBB
:103EE000022828D1FFE74BF66C50C2F20040D0ED1B
:103EF000000A4FF2E400C2F200405890F1EE041ABA
:103F0000CDED591A1FEDC02A8DED5A2AB0EE420AA6
:103F1000B0EE421A08F07FFC5898DDED591A9DED7D
:103F20005A2AA030B0EE420AF0EE420AB0EE421A2F
:103F300008F071FC27E04FF2E400C2F20040569016
:103F40001FEDCF2A8DED572AB0EE420AF0EE420A5D
:103F5000B0EE421AF0EE421A08F05DFC56989DED64
:103F6000572A4BF66C51C2F2004191ED000AF1EE76
:103F7000400AA030F1EE041AB0EE420AB0EE421A46
:103F800008F049FCFFE771E04DF2FC30C2F200405E
:103F900090ED020A1FEDDF1AB4EE410AF1EE10FABD
:103FA00063DAFFE748F27470C2F20140D0F8E4012E
:103FB000012809D0FFE748F27470C2F20140D0F83E
:103FC000E40102282AD1FFE74FF2E400C2F20040E8
:103FD0005390F1EE041ACDED541A9FEDE62A8DEDC3
:103FE000552AB0EE420AF0EE420AB0EE421A08F04C
:103FF00012FC5398DDED541A9DED552A4BF66C5189
:10400000C2F2004191ED000AF1EE400AA030B0EE9C
:10401000420AB0EE421A08F0FEFB25E04BF66C5067
:10402000C2F20040D0ED000A4FF2E400C2F20040BC
:104030005190F1EE041A9FEDCF2A8DED522AB0EE89
:10404000420AB0EE421A08F0E6FB51989DED522A62
:10405000A030B0EE420AF0EE420AB0EE421AF0EEA4
:10406000421A08F0D8FBFFE7FFE7FFE7FFE76AE146
:104070004DF2FC30C2F2004090ED000A9FEDBE1AF6
:10408000B4EE410AF1EE10FA40F32081FFE74DF261
:10409000FC30C2F2004090ED020AB0EEC00A9FED83
:1040A000B71AB4EE410AF1EE10FA2CDAFFE74BF63C
:1040B0006C50C2F200404D9090ED000AF1EE400AC3
:1040C0004FF2E400C2F200404E90F1EE041ACDED42
:1040D0004F1A9FEDA82A8DED502AB0EE420AB0EE9D
:1040E000421A08F098FB4D994E98DDED4F1A9DED60
:1040F000502AD1ED000AA030B0EE420AB0EE421ACA
:1041000008F089FBE1E04DF2FC30C2F2004090ED96
:10411000020A9FED9A1AB4EE410AF1EE10FA61DD3F
:10412000FFE748F27470C2F20140C06D012808D068
:10413000FFE748F27470C2F20140C06D02282AD134
:10414000FFE74BF66C50C2F2004090ED000AF1EE32
:10415000400A4FF2E400C2F200404A90F1EE041A25
:10416000CDED4B1A9FED832A8DED4C2AB0EE420A1D
:10417000B0EE421A08F04FFB4A98DDED4B1A9DED68
:104180004C2AA030B0EE420AF0EE420AB0EE421ADB
:1041900008F041FB25E04FF2E400C2F200404890F5
:1041A0009FED742A8DED492AB0EE420AF0EE420AE4
:1041B000B0EE421AF0EE421A08F02DFB48989DED41
:1041C000492A4BF66C51C2F20041D1ED000AA030F1
:1041D000F1EE041AB0EE420AB0EE421A08F01BFBF0
:1041E000FFE771E04DF2FC30C2F2004090ED020AB0
:1041F0009FED631AB4EE410AF1EE10FA63DAFFE7BD
:1042000048F27470C2F20140D0F8E401012809D0EC
:10421000FFE748F27470C2F20140D0F8E4010228CE
:1042200028D1FFE74FF2E400C2F200404590F1EEE2
:10423000041ACDED461A9FED4F2A8DED472AB0EEB8
:10424000420AF0EE420AB0EE421A08F0E4FA45984B
:10425000DDED461A9DED472A4BF66C51C2F2004146
:10426000D1ED000AA030B0EE420AB0EE421A08F0DA
:10427000D2FA27E04BF66C50C2F2004090ED000AF3
:10428000F1EE400A4FF2E400C2F200404390F1EE3A
:10429000041A9FED382A8DED442AB0EE420AB0EEA2
:1042A000421A08F0B8FA43989DED442AA030B0EEC7
:1042B000420AF0EE420AB0EE421AF0EE421A08F05C
:1042C000AAFAFFE7FFE7FFE7FFE73BE04DF2FC302C
:1042D000C2F2004090ED000AB0EEC00A9FED291A2C
:1042E000B4EE410AF1EE10FA2BDAFFE74FF2E400E8
:1042F000C2F200404090F1EE041ACDED411A9FED5C
:104300001D2A8DED422AB0EE420AF0EE420AB0EECE
:10431000421A08F080FA4098DDED411A9DED422ADC
:10432000A030B0EE420AF0EE420AB0EE421A08F0B7
:1043300072FA4DF22A41C2F2004108880130088029
:10434000FFE7FFE7FFE74DF22A40C2F20040008896
:1043500065280DDBFFE74DF2D031C2F200410120AC
:1043600088704DF22A41C2F2004100200880FFE728
:1043700087E300BF00000000920A863F9A99193E29
:104380009A9919BE920A063F4DF2D030C2F200400F
:104390008078042840F04F82FFE74FF2E400C2F239
:1043A00000403D9050301FED0D2A8DED3E2AB0EEBD
:1043B000420AF0EE420AB0EE421AF0EE421A08F05B
:1043C0002AFA3D989DED3E2AF030B0EE420AF0EE1A
:1043D000420AB0EE421AF0EE421A08F01CFA4DF210
:1043E0002A41C2F200410888013008804DF22C4079
:1043F000C2F20040007801463F9101280AD0FFE751
:104400003F98022800F09280FFE73F98032800F0D1
:104410001981A1E148F27470C2F20140C06D042814
:1044200020D1FFE74FF2E400C2F20040F7EE000AAD
:10443000F2EE041A1FED312AB0EE420AB0EE421A33
:1044400008F0E9F94DF20450C2F200403C90B0EEA1
:10445000000A08F0DBF93C984C30B8EE000A08F08E
:10446000D5F92AE048F27470C2F20140C06D032809
:1044700022D1FFE74FF2E400C2F20040F7EE000A5B
:10448000F1EE041A1FED452AB0EE420AB0EE421AD0
:1044900008F0C1F94DF20450C2F200403A90B0EE7B
:1044A000000A8DED3B0A08F0B1F93A989DED3B0A00
:1044B0004C3008F0ABF9FFE7FFE748F27470C2F246
:1044C0000140D0F8E401012812D1FFE74FF2E400E7
:1044D000C2F20040A030FFEE000AF2EE041A1FED17
:1044E0005B2AB0EE420AB0EE421A08F094F91CE0E2
:1044F0004FF2E400C2F20040A030F8EE080AF2EEFB
:10450000041A1FED642A8DED392AB0EE420AB0EE8E
:10451000421A08F080F99DED390A4DF20450C2F2BA
:1045200000404C3008F072F9FFE716E148F2747071
:10453000C2F20140D0F8E401042821D1FFE74FF294
:10454000E400C2F20040A030FFEE000AF2EE041ACE
:104550001FED782AB0EE420AB0EE421A08F05BF97D
:104560004DF20450C2F200403890B0EE000A08F05C
:104570004DF938984C30B8EE000A08F047F92CE0B5
:1045800048F27470C2F20140D0F8E401032823D14C
:10459000FFE74FF2E400C2F20040A030FFEE000A55
:1045A000F1EE041A1FED8D2AB0EE420AB0EE421A67
:1045B00008F031F94DF20450C2F200403690B8EEE6
:1045C000000A8DED370A08F021F936989DED370A7B
:1045D0004C3008F01BF9FFE7FFE748F27470C2F2B5
:1045E0000140C06D012811D1FFE74FF2E400C2F293
:1045F0000040F7EE000AF2EE041A1FEDA22AB0EE18
:10460000420AB0EE421A08F006F91AE04FF2E4004E
:10461000C2F20040F0EE080AF2EE041A1FEDAB2AD7
:104620008DED352AB0EE420AB0EE421A08F0F3F8EA
:104630009DED350A4DF20450C2F2004008F0E6F854
:10464000FFE78AE048F27470C2F20140C06D0428AE
:104650003CD1FFE748F27470C2F20140D0F8E401A7
:10466000042833D1FFE74FF2E400C2F2004031905A
:10467000F7EE000AF2EE041ACDED321A1FEDC32A4E
:104680008DED332AB0EE420AB0EE421A08F0C3F8BC
:104690003198DDED321A9DED332AA030FFEE000A8D
:1046A000B0EE420AB0EE421A08F0B5F84DF20450EE
:1046B000C2F200403490B0EE000A08F0A7F8349837
:1046C0004C30B8EE000A08F0A1F844E048F27470EB
:1046D000C2F20140C06D03283CD1FFE748F274707C
:1046E000C2F20140D0F8E401032833D1FFE74FF2D2
:1046F000E400C2F200402D90F0EE080AF2EE041A37
:10470000CDED2E1A1FEDE52A8DED2F2AB0EE420ACF
:10471000B0EE421A08F07FF82D98DDED2E1A9DEDCF
:104720002F2AA030F8EE080AB0EE420AB0EE421A84
:1047300008F071F84DF20450C2F200403090B0EE33
:10474000000A08F063F830984C30B8EE000A08F020
:104750005DF8FFE7FFE700E0FFE748F27470C2F2A0
:104760000140C06D012809D1FFE748F27470C2F220
:104770000140D0F8E401012809D0FFE74DF22C40B8
:10478000C2F20040007800F0BBFAE8B3FFE74FF256
:10479000E400C2F200402A909FEDDC2A8DED2C2A25
:1047A000B0EE420AF0EE420AB0EE421AF0EE421AC1
:1047B00008F031F82A989DED2C2AA030B0EE420A7C
:1047C000F0EE420AB0EE421AF0EE421A08F023F878
:1047D0009DED2C0A4DF20450C2F200402B9008F0DF
:1047E00015F82B989DED2C0A4C3008F00FF84DF27F
:1047F000D031C2F20041012088704DF22C41C2F24A
:10480000004100200870FFE74DF22A40C2F200404C
:104810000088B0F57A7F0DDDFFE74DF22A41C2F244
:104820000041002008804DF2D031C2F20041022048
:104830008870FFE724E14DF2D030C2F2004080786A
:10484000052840F01C81FFE74FF2E400C2F200406F
:10485000289050309FEDE32A8DED292AB0EE420AD0
:10486000F0EE420AB0EE421AF0EE421A07F0D3FF21
:1048700028989DED292AF030B0EE420AF0EE420A67
:10488000B0EE421AF0EE421A07F0C5FF48F274701B
:10489000C2F2014090ED0C0A48F6CC20C2F2014071
:1048A00090ED001A30EE410AB0EEC00A9FEDCE1A2C
:1048B000B4EE410AF1EE10FA55DDFFE748F27470EC
:1048C000C2F2014090ED6E0A48F6CC20C2F20140DF
:1048D00090ED001A30EE410AB0EEC00A9FEDC21A08
:1048E000B4EE410AF1EE10FA3DDDFFE74FF2E400CD
:1048F000C2F200402590F8EE080AF2EE041ACDED5F
:10490000261A9FEDB82A8DED272AB0EE420AB0EEA6
:10491000421A07F080FF2598DDED261A9DED272A23
:10492000A030F0EE080AB0EE420AB0EE421A07F0EC
:1049300072FF48F27470C2F20140C06D042811D1B8
:10494000FFE748F27470C2F20140D0F8E401042895
:1049500008D1FFE74DF22A41C2F200410888013038
:104960000880FFE775E048F27470C2F2014090EDF4
:104970000C0A48F6CC20C2F2014090ED001A30EE4D
:10498000410AB0EEC00A9FED981AB4EE410AF1EE6A
:1049900010FA21DDFFE74FF2E400C2F20040F8EE2A
:1049A000080AF2EE041A9FED8F2AB0EE420AB0EE2A
:1049B000421A07F030FF48F27470C2F20140C06D35
:1049C000042808D1FFE74DF22A41C2F200410888CD
:1049D00001300880FFE73BE048F27470C2F201400A
:1049E00090ED6E0A48F6CC20C2F2014090ED001A1C
:1049F00030EE410AB0EEC00A9FED7B1AB4EE410AD8
:104A0000F1EE10FA23DDFFE74FF2E400C2F20040BE
:104A1000A030F0EE080AF2EE041A9FED722AB0EE12
:104A2000420AB0EE421A07F0F6FE48F27470C2F283
:104A30000140D0F8E401042808D1FFE74DF22A41F3
:104A4000C2F20041088801300880FFE7FFE7FFE776
:104A5000FFE74DF22A40C2F20040008833280DDB08
:104A6000FFE74DF2D031C2F20041022088704DF2D2
:104A70002A41C2F2004100200880FFE7FFE7FFE77C
:104A8000FFE7FFE7FFE74DF27C40C2F2004000780D
:104A900000BBFFE74DF22841C2F200410020249004
:104AA00008804DF22A41C2F2004108804DF2D03117
:104AB000C2F20041486088600870887048F6CC21D6
:104AC000C2F2014181F85A0048F2C861C2F20141C4
:104AD0000860FFE74DF2D030C2F2004000780228B3
:104AE00074D1FFE748F27470C2F2014090ED0D0AF4
:104AF0009FED3E1A30EE010AB0EEC00AB6EE001A83
:104B0000B4EE410AF1EE10FA1EDA01E000000000F6
:104B100048F27470C2F2014090ED6F0A9FED331AB3
:104B200030EE010AB0EEC00AB6EE001AB4EE410A49
:104B3000F1EE10FA08DAFFE74DF2D031C2F200418F
:104B4000487801304870FFE748F27470C2F20140C3
:104B500090ED0D0A9FED251A30EE010AB0EEC00A65
:104B60009FED231AB4EE410AF1EE10FA1CDAFFE7CA
:104B700048F27470C2F2014090ED6F0A9FED1B1A6B
:104B800030EE010AB0EEC00A9FED191AB4EE410AE8
:104B9000F1EE10FA08DAFFE74DF2D031C2F200412F
:104BA000487801304870FFE74DF2D030C2F2004043
:104BB0004078332809DBFFE74DF2D031C2F20041E3
:104BC0000020487008708870FFE7FFE748F6CC20A7
:104BD000C2F2014090ED060A80ED0F0A80ED010A55
:104BE0006CB010BD00000000CDCCCC3DDB0FC9BFC8
:104BF0009A99593F0000000080B548F6CC20C2F2D7
:104C00000140C26A4DF24441C2F200410A60806A2A
:104C1000486060200822042307F01BFE80BD0000CE
:104C200080B582B0019007F0BFFD009007F016FE3E
:104C3000FEF7C2FCFCF7A8FCFFE707F0B5FD00900B
:104C4000FEF796F9FCF74CFE4DF2DC70C2F2004024
:104C5000C07D18B9FFE7002018B9FFE706F018FF7C
:104C600002E0FEF7A9FCFFE7FDF75EFEFFF7C4FFD9
:104C700040F69011C2F20141488840F0040048809B
:104C80006846022107F0A4FDD7E7000000000000FD
:104C900081B040F2FC50C2F20140B0F9040010F5BE
:104CA000167F18DCFFE74DF27440C2F20040B0F905
:104CB000000010F5167F0EDDFFE740F2FC50C2F257
:104CC000014080884DF27441C2F200410880012009
:104CD0008DF803000DE040F2FC50C2F201408088E4
:104CE0004DF27441C2F20041088000208DF80300AB
:104CF000FFE79DF8030001B07047000000000000CE
:104D000082B08DF806009DF8060020B9FFE701206B
:104D10008DF8070095E09DF80600014600910128F6
:104D200008D0FFE70098022824D0FFE70098032866
:104D300040D06FE04FF2E400C2F2004090ED120A62
:104D4000B0EEC00A9FED411AB4EE410AF1EE10FA3E
:104D500008DDFFE74DF27641C2F2004108880130DC
:104D6000088006E04DF27641C2F200410020088042
:104D7000FFE750E04FF2E400C2F2004090ED3A0A43
:104D8000B0EEC00A9FED311AB4EE410AF1EE10FA0E
:104D900008DDFFE74DF27641C2F20041088801309C
:104DA000088006E04DF27641C2F200410020088002
:104DB000FFE730E04FF2E400C2F2004090ED120A4B
:104DC000B0EEC00A9FED211AB4EE410AF1EE10FADE
:104DD00018DDFFE74FF2E400C2F2004090ED3A0A1E
:104DE000B0EEC00A9FED191AB4EE410AF1EE10FAC6
:104DF00008DDFFE74DF27641C2F20041088801303C
:104E0000088006E04DF27641C2F2004100200880A1
:104E1000FFE700E0FFE74DF27640C2F20040008875
:104E200065280ADBFFE74DF27641C2F2004100201F
:104E3000088001208DF8070003E000208DF80700AE
:104E4000FFE79DF8070002B0704700BF9A99993EAE
:104E500087B0069305920491039017A8009003A8C9
:104E600001909DED150AB0EEC00A9FED521AB4EE06
:104E7000410AF1EE10FA15DAFFE7019890ED130AF6
:104E8000B0EEC00AB2EE041AB4EE410AF1EE10FA26
:104E900008DDFFE74DF27841C2F200410888013099
:104EA000088006E04DF27841C2F2004100200880FF
:104EB000FFE7009890ED120AB0EEC00A9FED3D1A90
:104EC000B4EE410AF1EE10FA15DAFFE7009890ED22
:104ED000130AB0EEC00AB2EE041AB4EE410AF1EEC3
:104EE00010FA08DDFFE74DF27A41C2F2004108886E
:104EF0000130088006E04DF27A41C2F20041002004
:104F00000880FFE74DF27840C2F200400088B0F51B
:104F1000967F08DDFFE74DF27841C2F200414FF481
:104F200096700880FFE74DF27A40C2F20040008898
:104F3000B0F5967F08DDFFE74DF27A41C2F20041FD
:104F40004FF496700880FFE74DF27840C2F20040BF
:104F5000008896280CDBFFE74DF27A40C2F2004051
:104F60000088962804DBFFE703208DF80B001DE086
:104F70004DF27840C2F200400088B0F5967F04D12F
:104F8000FFE701208DF80B0010E04DF27A40C2F2ED
:104F900000400088B0F5967F04D1FFE702208DF82D
:104FA0000B0003E000208DF80B00FFE79DF80B00DD
:104FB00007B070479A99993E80B586B0059007F082
:104FC000F3FB0490FFE707F0EFFB049007F0F1FB21
:104FD00040F69011C2F20141488840F0010048803B
:104FE00007F041FC00200390FFE7039802282BDC28
:104FF000FFE7039800EB80014FF2E400C2F20040AB
:1050000000EB011090F8400068B9FFE7039800EB4F
:1050100080014FF2E400C2F2004000EB01100321D6
:1050200007F026FC0BE0039800EB80014FF2E40050
:10503000C2F2004000EB011007F01FFCFFE7FFE7A2
:10504000039802300390D0E707F0BDFB04A80121CC
:10505000019107F0BDFB07F0ACFB40F62840C2F21F
:10506000014007F00FFC01980290FFE70298032827
:105070002BDCFFE7029800EB80014FF2E400C2F264
:10508000004000EB011090F8400068B9FFE702987B
:1050900000EB80014FF2E400C2F2004000EB01108F
:1050A000032107F0E5FB0BE0029800EB80014FF2D3
:1050B000E400C2F2004000EB011007F0DEFBFFE766
:1050C000FFE7029802300290D0E707F07CFB04A8CB
:1050D000012107F07DFB76E780B582B0019007F0F3
:1050E00063FB0090FFE707F05FFB009007F0CFFB4A
:1050F00068460A2107F06CFBF5E70000000000009D
:1051000080B582B0019007F04FFB0090FFE707F0F9
:105110004BFB009007F0C0FB6846052107F058FBE9
:10512000F5E700000000000040F69010C2F20140D8
:105130000078C00780B3FFE74FF6D460C2F20040AA
:10514000407A48B3FFE740F69010C2F20140008871
:105150008009C00700BBFFE74FF6D460C2F20040F1
:10516000817901F0030240F2FC51C2F201418A74DC
:105170008279C2F38102CA7402888A814288CA8114
:1051800082880A82B0F8070088824DF2E841C2F2B4
:105190000041002008802FE040F69010C2F201404C
:1051A0000078C00700B3FFE74FF6D460C2F20040BA
:1051B000407AC8B9FFE74DF2E840C2F200400188EA
:1051C00001310180008865280DDBFFE74DF2E841E1
:1051D000C2F20041652008804FF64051C2F2004102
:1051E00000200870FFE706E04DF2E841C2F20041FE
:1051F0000020088000E0FFE770470000000000008A
:1052000084B080B58CB0119310920F910E900EA8BF
:105210009FED5F0AF0EE000ACDED010A07F041FBB9
:105220009FED5C1A20EE010AB1EE001A80EE010A31
:105230008DED0B0A9DED1E0A9DED281A8DED001ACD
:1052400007F0DAFADDED010AB0EE401A9DED000A32
:105250009FED512A8DED062A01EE020A07F021FB8F
:105260008DED030A9DED1E0A9DED291A8DED021AA2
:1052700007F0C7FADDED010A9DED062AB0EE401AEF
:105280009DED020A01EE020A07F00BFBB0EE401A98
:105290009DED030A30EE010A07F008FBB0EE401A5C
:1052A0009FED3E0A30EE410A49F2D430C2F201408D
:1052B00080ED000A9DED0B2AB7EEC20A9FED321B6E
:1052C00020EE010B90ED003A9FED351A02EE431AE5
:1052D000B7EEC11A80EE010BB7EEC00B4BF6AC6017
:1052E000C2F20040089080ED000A9DED1E0A9DED7F
:1052F000291A8DED041A07F084FA9DED041A9DED2C
:10530000062A00EE021A9DED1E0A9DED282A8DED5B
:10531000052A9DED2D2A31EE421A8DED071A07F070
:105320006BFA9DED051A9DED063AB0EE402A9DED13
:10533000070A02EE031A9DED2C2A71EE420A07F0CD
:10534000BAFA089940F6E830C2F2014080ED000A4E
:1053500040F64A42C3F60272026091ED000A8DEDFA
:10536000090A90ED000A07F04CFAB0EE401A9DEDE4
:10537000090A20EE010A8DED0A0A9DED0A0A0CB019
:10538000BDE8804004B070473518D31E3424554022
:10539000A69BC43BDB0F49408104453D48E17A3E72
:1053A000E3B605370000000080B58EB04DF2045220
:1053B000C2F2004292ED0B0AB1EE400A48F274705C
:1053C000C2F20140069090ED351A30EE410A48F6DF
:1053D000CC21C2F2014191ED0C1A30EE410A8DED63
:1053E0000C0A92ED1E0A90ED971A30EE410A91EDEB
:1053F0000C1A30EE410A8DED0B0A9DED0C0A8DED75
:10540000000A90ED360A8DED010A4FF64C50C2F2BB
:105410000040079090ED0E0A07F0F3F99DED001A99
:1054200006990798B0EE402A9DED010A20EE020A87
:105430009FED2B2A8DED032A01EE020A8DED040A61
:1054400091ED0C1A90ED0E0A90ED0F2A21EE021A42
:105450008DED021A07F0D0F99DED021A9DED032A99
:1054600006990798B0EE403A9DED040A01EE030A52
:105470009DED0B1A01EE020A8DED080A91ED980AD6
:105480008DED050A90ED100A07F0BBF99DED051AA8
:1054900006990798B0EE402A9DED080A01EE020A2F
:1054A0008DED0A0A91ED6E1A90ED100A90ED112A19
:1054B00021EE021A8DED091A07F09EF99DED091AE9
:1054C000B0EE402A9DED0A0A01EE020AB0EE001A83
:1054D00080EE010A8DED0D0A9DED0D0A0EB080BD26
:1054E000AE47613D0000000080B584B0039002919A
:1054F0000192029820B1FFE70198102801D0FFE740
:1055000009E00299019A4DF2A850C2F200406630BB
:1055100007F0D6F9FFE704B080BD000000000000EE
:1055200080B584B0039002910192029820B1FFE708
:105530000198032801D0FFE708E00299019A4DF68F
:10554000EF10C2F2004007F0BBF9FFE704B080BDE6
:1055500080B54DF63400C2F2004090ED6B0A49F27E
:10556000D830C2F2014007F051F980BD00000000C0
:1055700081B04DF6EF10C2F20040807800EE100AC4
:10558000B8EE400A4DF63400C2F2004080ED6D0ADC
:105590004DF2DC70C2F20040007E0146009128B15D
:1055A000FFE700980138032808D318E04DF63401CE
:1055B000C2F200410020C1F8AC0111E04DF6EC1040
:1055C000C2F20040B0F9000000EE100AB8EEC00AC6
:1055D0004DF63400C2F2004080ED6B0A00E0FFE7B8
:1055E00001B070470000000080B586B04DF6340071
:1055F000C2F2004005904FF4DC7107F016F90598EF
:10560000983001210391B3EE060AF6EE000A9FEDF1
:10561000291A8DED041AF3EE091ACDED011A9FED4A
:10562000262A8DED022A07F050F903999DED041A00
:105630000598E430B7EE000ADFED200AF0EE041A18
:10564000B1EE0C2A07F041F99DED010ADDED021AD9
:1056500003999DED041A05980022C0F8A420C0F813
:10566000A820DFED170A9FED172A07F02EF90399FE
:105670009DED041A05984C309FED130ADFED131AC7
:105680009FED132AF0EE410A07F01FF9059941F248
:105690006F20C3F60330C86049F69A10C3F69960CC
:1056A00008614BF2B060C2F20040022107F077F8C7
:1056B00006B080BD0000000000004842C3F5283E4F
:1056C000CDCCCC3D0000C8420000FA4500401C464D
:1056D0000050C3460000000080B586B04DF2FC309B
:1056E000C2F2004090ED050AB1EE400A4DF62021CD
:1056F000C2F20041059181ED010AC2688A60006929
:10570000C86049F2D830C2F20140808E00EE100A23
:10571000B8EE400A9FED531A80EE010A30EE000AFF
:105720009FED511A60EE010A9FED500A9FED501A4D
:1057300007F053F8059880ED000A90ED000AB5EEE9
:10574000400AF1EE10FA0DDAFFE74DF62020C2F222
:10575000004090ED000A9FED461A30EE010A80ED00
:10576000000AFFE74DF2DC70C2F20040C07D032862
:105770000BD1FFE74DF62020C2F2004090ED030A66
:10578000B1EE400A80ED040A06E04DF62021C2F297
:10579000004100200861FFE748F6CC20C2F201403A
:1057A00090ED030A49F2D830C2F20140808E01EE3A
:1057B000100AB8EE411A9FED2B2A81EE021A31EE43
:1057C000011A9FED292A21EE021AB4EE410AF1EEE8
:1057D00010FA22D1FFE74DF62020C2F200400390DC
:1057E00090ED000A07F00DF80398B0EE401A90ED26
:1057F000000A90ED012A21EE021A8DED041A06F03E
:10580000FBFF0398B0EE401A9DED040A90ED022ACA
:1058100001EE420A80ED050A21E04DF62020C2F299
:105820000040029090ED000A06F0EBFF02988DED2B
:10583000010A90ED000A90ED011A8DED001A06F0B4
:10584000DBFF9DED002A9DED011A029890ED023AD2
:1058500020EE030A01EE420A80ED050AFFE706B0DA
:1058600080BD00BF00000046DB0F4940B092AD4054
:10587000DB0FC9400000000080B582B0019006F047
:1058800093FF0090FFF7B0FEFFE706F08DFF00905A
:10589000FFF76EFEFFF720FFFFF75AFE6846022172
:1058A00006F096FFF1E7000080B582B048F6CC2004
:1058B000C2F2014090F85800012840F0F980FFE75B
:1058C0004BF6C461C2F2004100208861486040F29A
:1058D0003411C2F201414863886748F6CC21C2F214
:1058E0000141019191F86E30A5A0021D002B18BF57
:1058F000104602684DF61C50C2F20040026091F85A
:105900006E109FEDA11AB6EE000A002900FE010AF2
:105910004DF62051C2F2004181ED000A90ED000ADF
:105920004EF23840C2F2004006F061FF019880ED6F
:10593000050A4BF65862C2F200424DF20A71C3F6F4
:10594000A34111604BF65C62C2F200424CF6CD41BD
:10595000CBF64C511160B0F864100131A0F864101E
:1059600090F86E0078B1FFE74FF2C020C2F200401D
:10597000B8EE000A06F03BFF48F6CC20C2F2014028
:1059800080ED020A06E04FF2C021C2F20041002081
:105990004860FFE74FF64C50C2F2004090ED0E0A0F
:1059A000B0EEC00A4DF62050C2F2004090ED001A51
:1059B000B4EE410AF1EE10FA32DDFFE74FF64C503B
:1059C000C2F2004090ED100AB0EEC00A4DF6205031
:1059D000C2F2004090ED001AB4EE410AF1EE10FA66
:1059E0001EDDFFE748F6CC20C2F20140B0F86400AB
:1059F000C92815DBFFE74DF61C50C2F200400068D5
:105A000048F6CC21C2F201414861002088604FF283
:105A1000C022C2F200425060012081F85E00FFE720
:105A20004FF64C50C2F2004090ED0E0AB7EEC00A9D
:105A3000B0EEC00B9FED501BB4EE410BF1EE10FA2F
:105A400035DDFFE74FF64C50C2F2004090ED100AF2
:105A5000B7EEC00AB0EEC00B9FED471BB4EE410B92
:105A6000F1EE10FA23DDFFE748F6CC20C2F2014048
:105A700090F85E00D8B1FFE748F6CC21C2F20141B0
:105A8000022081F85800002081F85E0081F85A0059
:105A90004DF2D031C2F200410120087048F2C861D5
:105AA000C2F201410020C4F2CA200860FFE760E0B2
:105AB00048F6CC20C2F2014090F85800022857D195
:105AC000FFE748F6CC20C2F201404DF20A71C3F65E
:105AD0002361416148F27471C2F2014191ED0C0AF7
:105AE00090ED051A30EE410AB5EE400AF1EE10FADB
:105AF0003DDAFFE748F27470C2F2014090ED6E0AA1
:105B000048F6CC20C2F2014090ED051A30EE410A71
:105B1000B5EE400AF1EE10FA29DAFFE748F6CC209C
:105B2000C2F20140B0F862100131A0F86210B0F882
:105B3000620033281ADBFFE748F6CC21C2F20141AC
:105B4000032081F85800002081F85E004EF23842B0
:105B5000C2F200424DF20A71C3F62361516040F275
:105B60003411C2F2014148638867FFE7FFE7FFE7AE
:105B7000FFE702B080BD00BF000000403333F33FB9
:105B8000EC51B83EC3F5A83E9A99193F00000000B9
:105B900081B08DF803009DF8030048F27472C2F2E0
:105BA00001424FF4C47110FB0120C06D04285AD08B
:105BB000FFE79DF8030048F27472C2F201424FF40D
:105BC000C47110FB0120C06D03284CD0FFE74DF2DB
:105BD000FC30C2F2004090ED000AB7EEC00AB0EE11
:105BE000C00B9FED451BB4EE410BF1EE10FA3ADC11
:105BF000FFE74FF64C50C2F2004090ED0E0A90EDD8
:105C0000101A30EE410AB7EEC00AB0EEC00B9FED9D
:105C10003C1BB4EE410BF1EE10FA24DCFFE74FF62B
:105C20004C50C2F2004090ED180AB7EEC00AB0EE38
:105C3000C00B9FED311BB4EE410BF1EE10FA12DCFC
:105C4000FFE74FF64C50C2F2004090ED1A0AB7EE53
:105C5000C00AB0EEC00B9FED281BB4EE410BF1EE75
:105C600010FA31DDFFE748F6CC20C2F20140B0F86F
:105C7000660048BBFFE748F6CC20C2F2014090F82E
:105C8000580008BBFFE74DF2D030C2F20040007868
:105C9000D0B9FFE740F2F450C2F20140018801316F
:105CA00001800088C9280EDBFFE74DF2D031C2F237
:105CB00000410120087048F6CC21C2F201410020C9
:105CC00081F85A00FFE706E040F2F451C2F20141C8
:105CD00000200880FFE748F6CC20C2F2014090F88F
:105CE0005B0038B1FFE74DF2D031C2F20041002035
:105CF0000870FFE701B07047000000403333F33F06
:105D0000000000A09999E93F80B584B048F6CC2006
:105D1000C2F20140B0F86600012840F09880FFE729
:105D200048F6CC20C2F20140029090F86E200FF2AB
:105D30007850011D002A18BF084601684DF628500A
:105D4000C2F20040016090ED000A40F64810C2F235
:105D5000014006F04CFD029880ED050A4BF65861B3
:105D6000C2F200414DF20A70C3F6A34008604BF640
:105D70005C61C2F200410020039008604BF6C461F0
:105D8000C2F200418861486040F2BC11C2F2014198
:105D90008867486340F24421C2F201418867486342
:105DA00040F65C11C2F201418861486040F2FC504B
:105DB000C2F20140B0F9020006F08CFDB0F5FA7FA6
:105DC0000ADDFFE748F6CC21C2F20141B1F86800D4
:105DD0000130A1F86800FFE748F6CC20C2F201408C
:105DE000B0F8680033280BDBFFE748F6CC21C2F29D
:105DF00001410020A1F868000220A1F86600FFE739
:105E000048F6CC20C2F2014090F86E0078B1FFE76E
:105E10004FF2C020C2F20040B8EE000A06F0E7FCE4
:105E200048F6CC20C2F2014080ED020A0EE04FF2AB
:105E3000C020C2F20040B8EE080A06F0D8FC48F6CE
:105E4000CC20C2F2014080ED020AFFE720E248F6D2
:105E5000CC20C2F20140B0F86600022840F08B80EE
:105E6000FFE748F6CC20C2F2014043F23331C3F6DB
:105E7000B36141614FF2C022C2F200420021516081
:105E800090F86E00C0B1FFE748F6CC21C2F20141A4
:105E90000020CCF2200088604BF65861C2F200412D
:105EA0004DF20A70C3F6A35008604BF65C61C2F273
:105EB00000410020086017E048F6CC21C2F2014101
:105EC0000020CBF6807088604BF65861C2F200412A
:105ED0004DF20A70C3F6A34008604BF65C61C2F253
:105EE000004100200860FFE748F27470C2F20140F0
:105EF00090ED0C1A9FEDD60A30EE410AB0EEC00AC2
:105F00009FEDD41AB4EE410AF1EE10FA1EDAFFE763
:105F100048F27470C2F2014090ED6E1A9FEDE00AF3
:105F200030EE410AB0EEC00A9FEDDE1AB4EE410A2F
:105F3000F1EE10FA0ADAFFE748F6CC21C2F201418D
:105F4000B1F868000130A1F86800FFE748F6CC20FE
:105F5000C2F20140B0F8680006280BDBFFE748F604
:105F6000CC21C2F201410020A1F868000320A1F871
:105F70006600FFE78BE148F6CC20C2F20140B0F8A2
:105F80006600032853D1FFE748F6CC20C2F2014057
:105F90004CF28F21C3F6F5514161416940F6481238
:105FA000C2F20142516090F86E0050B1FFE74BF62B
:105FB0005861C2F200414DF20A70C3F6A340086076
:105FC00009E04BF65861C2F200414CF6CD40CBF6E9
:105FD000CC500860FFE74BF65C61C2F20041002044
:105FE000086048F6CC20C2F20140B0F868100131D8
:105FF000A0F8681090F86E10AF22002918BF782220
:106000004DF62C51C2F200410A80B0F868000988B0
:1060100088420BDDFFE748F6CC21C2F201410020A7
:10602000A1F868000420A1F86600FFE72EE148F619
:10603000CC20C2F20140B0F86600042870D1FFE71E
:1060400048F6CC20C2F201404FF2C351C3F6A8611A
:106050004161416940F64812C2F2014251604BF67B
:106060005862C2F200424DF20A71C3F6A3411160B8
:1060700090F86E0060B1FFE748F6CC20C2F2014014
:106080000830B8EE000AF0EE000A06F083FB0BE0E1
:1060900048F6CC20C2F201400830BFEE000AF7EE0D
:1060A000000A06F077FBFFE74BF65C61C2F20041A5
:1060B0000020086048F6CC20C2F20140B0F8681019
:1060C0000131A0F8681090ED2E0A9FED741AB4EE1D
:1060D000410AF1EE10FA0EDDFFE748F6CC20C2F2DD
:1060E000014090ED470A9FED6D1AB4EE410AF1EEC2
:1060F00010FA09DCFFE748F6CC20C2F20140B0F804
:10610000680097280BDBFFE748F6CC21C2F201417B
:106110000020A1F868000520A1F86600FFE7B4E0C0
:1061200048F6CC20C2F20140B0F86600052840F0E5
:10613000AB80FFE748F6CC20C2F20140019090F816
:106140006E2054A0011D002A18BF084601684DF6B4
:106150002850C2F20040016090ED000A40F648105D
:10616000C2F2014006F043FB019880ED050A90F869
:106170006E204FF4C871002A18BF00214DF62C5232
:10618000C2F200421180B0F8680058B9FFE74DF63E
:106190002C50C2F2004000884DF62451C2F200415A
:1061A0000860FFE74DF62450C2F200400068012865
:1061B00039DBFFE74DF62452C2F200421068411E5F
:1061C000116001282FDBFFE748F6CC20C2F2014026
:1061D000B0F868100131A0F8681090F86E0060B156
:1061E000FFE748F6CC20C2F201400830B8EE000AC2
:1061F000F0EE000A06F0CEFA0BE048F6CC20C2F230
:1062000001400830BFEE000AF7EE000A06F0C2FABD
:10621000FFE74BF65861C2F200414DF20A70C3F637
:10622000A3400860FFE74BF65C61C2F2004100202A
:10623000086048F6CC20C2F20140B0F868004DF684
:106240002C51C2F20041098888421CDB04E000BFE7
:106250009A99993E8FC2F53C4BF65861C2F20041C3
:106260004DF20A70C3F6A340086048F6CC21C2F292
:1062700001410120A1F86A004FF2C021C2F20041A1
:1062800000204860FFE7FFE7FFE7FFE7FFE7FFE7E2
:1062900004B080BD0AD7233EC3F5A83E00001643D4
:1062A0009A99993E8FC2F53CAE47E13D0AD7233E0D
:1062B00080B584B0039002910192029820B1FFE76B
:1062C0000198082801D0FFE709E00299019A4DF2F0
:1062D000A850C2F20040523006F0F2FAFFE704B0D4
:1062E00080BD00000000000080B584B003900291E2
:1062F0000192029820B1FFE70198012801D0FFE741
:1063000009E00299019A4DF2A850C2F200405A30B9
:1063100006F0D6FAFFE704B080BD000000000000E0
:1063200080B584B0039002910192029820B1FFE7FA
:1063300001980A2801D0FFE709E00299019A4DF27D
:10634000A850C2F20040483006F0BAFAFFE704B0A5
:1063500080BD00000000000080B584B00390029171
:106360000192029820B1FFE701980A2801D0FFE7C7
:1063700008E00299019A4FF6D460C2F2004006F09C
:106380009FFAFFE704B080BD80B59CB04BF6785013
:10639000C2F200400078013801461B91112800F23A
:1063A0007A831B99DFE811F012009B00D500F600FC
:1063B0000F011E012D01760185019E01F201570298
:1063C0007B028A02B702DE020F0338034FF64C50FD
:1063D000C2F20040199090ED1E0A06F080FA19985A
:1063E00090ED1F0A06F07BFA199890ED140A9FEDC4
:1063F000D61A20EE010A06F072FA199890ED150AE5
:10640000B7EEC00A9FEDD21B20EE010BB7EEC00B1A
:1064100006F065FA199890ED160AB7EEC00A9FEDDE
:10642000CE1B20EE010BB7EEC00B06F058FA199800
:1064300090ED170AB7EEC00A9FEDC91B20EE010BC5
:10644000B7EEC00B06F04BFA199890ED180AB7EEAC
:10645000C00A9FEDC51B20EE010BB7EEC00B06F086
:106460003EFA199890ED190AB7EEC00A9FEDC01BCD
:1064700020EE010BB7EEC00B06F031FA199890ED43
:106480001A0AB7EEC00A9FEDBC1B20EE010BB7EE57
:10649000C00B06F024FA199890ED1B0AB7EEC00A5B
:1064A0009FEDB71B20EE010BB7EEC00B06F017FAFD
:1064B0009FEDB50A8DED1A0A06F011FA9DED1A0A44
:1064C00006F00DFA48F6CC20C2F20140B0F86600A2
:1064D00000EE100AB8EE400A06F001FADCE240F2E3
:1064E000C070C2F20140179090ED250A06F0F7F94E
:1064F000179890ED260A06F0F2F9179890ED120A17
:1065000006F0EDF9179890ED130A06F0E8F94DF250
:10651000A030C2F20040007800EE100AB8EE400A47
:1065200006F0DDF940F62840C2F201401890B0F9BB
:10653000240000EE100AB8EEC00A06F0D0F9189850
:10654000B0F9260000EE100AB8EEC00A06F0C7F94E
:10655000A2E248F6CC20C2F20140169090ED120A59
:1065600006F0BDF9169890ED330A06F0B8F91698C2
:1065700090ED4C0A06F0B3F9169890ED0E0A06F06D
:10658000AEF94DF2FC30C2F2004090ED020A06F086
:10659000A6F981E24DF63C20C2F2004090ED000ADF
:1065A00006F09DF94FF64C50C2F2004090ED010A02
:1065B00006F095F94DF2FC30C2F2004090ED040A6D
:1065C00006F08DF968E248F6CC20C2F20140159041
:1065D00090ED2E0A06F083F9159890ED470A06F023
:1065E0007EF959E24FF64C50C2F20040149090ED03
:1065F0001E0A06F074F9149890ED1F0A06F06FF960
:106600004AE248F6CC20C2F20140129090F8B00065
:1066100000EE100AB8EE400A06F061F9129890F800
:10662000140100EE100AB8EE400A06F058F912986C
:1066300090ED2E0A06F053F9129890ED470A06F0F5
:106640004EF94BF65860C2F2004090ED000A06F099
:1066500046F9129890ED070A06F041F940F6EC3041
:10666000C2F2014090ED0A0A06F039F9129890ED55
:10667000050A06F034F94FF64C50C2F20040139070
:1066800090ED0E0A06F02BF9139890ED100A06F023
:1066900026F901E248F6CC20C2F20140119090EDBB
:1066A000330A06F01CF9119890ED4C0A06F017F920
:1066B000F2E14DF62020C2F2004090ED040A06F00F
:1066C0000EF94DF63400C2F2004090ED6B0A06F070
:1066D00006F94DF6F810C2F2004090ED010A06F0FE
:1066E000FEF8D9E148F6CC20C2F201400F9090EDBF
:1066F000340A06F0F4F80F9890ED260A06F0EFF849
:106700000F9890ED4D0A06F0EAF80F9890ED3F0AC9
:1067100006F0E5F80F9890ED350A06F0E0F80F98CE
:1067200090ED4E0A06F0DBF84FF64C50C2F20040F6
:10673000109090ED1E0A06F0D2F8109890ED1F0A06
:1067400006F0CDF8A8E100BFBEF6B4BF00BF00BFA1
:1067500049A297512CF707C0F12900C6332801C080
:1067600095F1EF332E1CF9BF6C09F9A067B329C06E
:106770006E861BF0F9E1F9BFE6577380608E15C095
:1067800035255987A3ABE6BF0000000048F6CC20B2
:10679000C2F201400C90B0F8660000EE100AB8EEAC
:1067A000400A06F09CF840F6EC30C2F201400B9033
:1067B00090ED0C0A06F093F80B9890ED0D0A06F098
:1067C0008EF848F27470C2F201400D9090ED0C0A00
:1067D00006F085F80D9890ED6E0A06F080F80C989A
:1067E00090ED2E0A06F07BF80C9890ED470A06F023
:1067F00076F80C9890ED330A06F071F80C9890ED4D
:106800004C0A06F06CF80D9890ED0D0A06F067F84A
:106810000D9890ED6F0A06F062F84FF64C50C2F2F8
:1068200000400E9090ED1D0A06F059F80E9890ED7C
:10683000200A06F054F80E9890ED210A06F04FF861
:106840000E9890ED180A06F04AF80E9890ED190A85
:1068500006F045F820E140F26040C2F201400089B4
:1068600000EE100AB8EE400A06F039F840F694102F
:10687000C2F2014090ED000A06F031F840F22040EB
:10688000C2F2014090ED0C0A06F029F84BF6705068
:10689000C2F2004090ED010A06F021F8FCE040F65B
:1068A0009410C2F201400A9090ED000A06F017F829
:1068B0000A9890ED010A06F012F8EDE04FF2E400BC
:1068C000C2F20040099090ED0E0A06F008F809980F
:1068D00090ED130A06F003F8099890ED220A05F0EE
:1068E000FEFF099890ED270A05F0F9FF099890ED51
:1068F000360A05F0F4FF099890ED3B0A05F0EFFF2A
:10690000099890ED4A0A05F0EAFF099890ED4F0AC0
:1069100005F0E5FFC0E04FF2E400C2F2004007904E
:1069200090ED0E0A05F0DBFF079890ED220A05F0C6
:10693000D6FF079890ED360A05F0D1FF079890ED45
:106940004A0A05F0CCFF4DF20450C2F20040089014
:1069500090ED090A05F0C3FF089890ED1C0A05F0B8
:10696000BEFF99E04FF24470C2F200400590D0F8AB
:10697000E80090ED010A05F0B2FF40F24860C2F273
:10698000014090ED000A05F0AAFF48F6CC20C2F2C3
:106990000140069090ED070A05F0A1FF4DF2FC3092
:1069A000C2F2004090ED080A05F099FF0598D0F872
:1069B000A00090ED010A05F092FF069890ED020A02
:1069C00005F08DFF68E048F6CC20C2F2014004904B
:1069D00090ED090A05F083FF049890ED040A05F094
:1069E0007EFF049890ED080A05F079FF049890ED79
:1069F000030A05F074FF4DF2FC30C2F2004090ED46
:106A0000000A05F06CFF4FF64C50C2F2004090EDCA
:106A10001E0A05F064FF3FE048F6CC20C2F20140B8
:106A2000019090ED0B0A05F05AFF019890ED070ACE
:106A300005F055FF4FF64C50C2F20040029090ED29
:106A40000B0A05F04CFF4DF2D030C2F2004003902B
:106A500090ED080A05F043FF039890ED090A05F050
:106A60003EFF019890ED0E0A05F039FF029890ED77
:106A7000150A05F034FF029890ED0D0A05F02FFF7E
:106A8000029890ED030A05F02AFF039890ED060A9C
:106A900005F025FF00E0FFE71CB080BD000000000E
:106AA00080B584B08DF80F0004F0D6FF002845D0E3
:106AB000FFE748F6CC20C2F2014090F85800E8BB4E
:106AC000FFE748F6CC20C2F20140B0F86600A8BB50
:106AD000FFE74DF2D030C2F20040007870BBFFE714
:106AE0009DF80F1001EB011240F2AC00C2F2014020
:106AF00000EB820040F6EC32C2F2014202EB81026E
:106B000092ED0C0A48F27473C2F201434FF4C4725E
:106B100011FB0231D1ED0C0A05F0E6FEBBEE0E1AB8
:106B200030EE010A9DF80F0048F6CC22C2F2014275
:106B3000642110FB012080ED330A9EE34DF2D0303A
:106B4000C2F200400078012808DBFFE74DF2D030A8
:106B5000C2F200408078022809D0FFE748F6CC2036
:106B6000C2F2014090F8580002283AD1FFE79DF8A0
:106B70000F1001EB011240F23410C2F2014000EBA1
:106B8000820048F6CC22C2F20142019292ED000A44
:106B900048F27473C2F201434FF4C47211FB023124
:106BA000D1ED0C0A05F0A0FE9FEDED1A30EE010AC2
:106BB0008DED020A9DF80F0000EB80014BF6C460DA
:106BC000C2F2004000EB81009DED020A05F00FFECD
:106BD000019A9DF80F00642110FB012080ED330A1B
:106BE0004AE340F2E660C2F20140007840B9FFE7B4
:106BF00040F2E760C2F20140007801283FD1FFE790
:106C00009DF80F1001EB011240F29830C2F20140E2
:106C100000EB820040F6EC32C2F2014202EB81024C
:106C200092ED0C0A48F27473C2F201434FF4C4723D
:106C300011FB0231D1ED0C0A05F056FE9DF80F0054
:106C40004FF0FF310028C8BF012101EE101AB8EE45
:106C5000C11A48F6CC22C2F2014292ED112A92EDFD
:106C6000123A32EE032A01EE020ABAEE041A30EEAC
:106C7000010A642110FB012080ED330AFBE248F693
:106C8000CC20C2F2014090F8580001283FD1FFE724
:106C90009DF80F1001EB01124FF69C70C2F20040FC
:106CA00000EB820040F6EC32C2F2014202EB8102BC
:106CB00092ED0C0A48F27473C2F201434FF4C472AD
:106CC00011FB0231D1ED0C0A05F00EFE9FEDA51A65
:106CD00030EE010A9DF80F004FF0FF310028C8BFC9
:106CE000012101EE101AB8EEC11A48F6CC22C2F208
:106CF000014292ED112A92ED123A32EE032A01EE90
:106D0000020A642110FB012080ED330AB2E248F64A
:106D1000CC20C2F20140B0F86600012840F08D801E
:106D2000FFE748F6CC20C2F2014090F86E00002840
:106D300043D0FFE79DF80F1001EB01124FF69C7056
:106D4000C2F2004000EB820040F6EC32C2F2014297
:106D500002EB810292ED0C0A48F27473C2F2014315
:106D60004FF4C47211FB0231D1ED0C0A05F0BCFDE9
:106D70004BF67C50C2F2004090ED001A30EE410A12
:106D80009DF80F004FF0FF310028C8BF012101EE30
:106D9000101AB8EEC11A48F6CC22C2F2014292EDA6
:106DA000112A92ED123A32EE032A01EE020A642110
:106DB00010FB012080ED330A3EE09DF80F1001EB3F
:106DC00001124FF69C70C2F2004000EB820040F6C8
:106DD000EC32C2F2014202EB810292ED0C0A48F25F
:106DE0007473C2F201434FF4C47211FB0231D1ED4E
:106DF0000C0A05F079FDBAEE041A30EE010A9DF88E
:106E00000F004FF0FF310028C8BF012101EE101A1A
:106E1000B8EEC11A48F6CC22C2F2014292ED112A14
:106E200092ED123A32EE032A01EE020A642110FBBF
:106E3000012080ED330AFFE71BE248F6CC20C2F2C6
:106E40000140B0F8660002283AD1FFE79DF80F1024
:106E500001EB011240F24420C2F2014000EB82003B
:106E600040F6EC32C2F2014202EB810292ED0C0AD2
:106E700048F27473C2F201434FF4C47211FB023141
:106E8000D1ED0C0A05F030FD8DED020A9DF80F00E2
:106E900000EB800140F65C10C2F2014000EB810083
:106EA0009DED020A05F0A3FC9DF80F0048F6CC22E8
:106EB000C2F20142642110FB012080ED330AD7E1C8
:106EC00048F6CC20C2F20140B0F8660003283ED15B
:106ED000FFE79DF80F1001EB011240F2BC10C2F267
:106EE000014000EB820040F6EC32C2F2014202EBBC
:106EF000810292ED0C0A48F27473C2F201434FF41E
:106F0000C47211FB0231D1ED0C0A05F0EDFC9FEDCE
:106F1000161A30EE010A8DED020A9DF80F0000EB03
:106F200080014BF6C460C2F2004000EB81009DED91
:106F3000020A05F05CFC9DF80F0048F6CC22C2F274
:106F40000142642110FB012080ED330A8FE148F6F5
:106F5000CC20C2F20140B0F86600042830D105E030
:106F6000000096C2000070C20000C8C29DF80F1059
:106F700001EB011240F2AC00C2F2014000EB8200D2
:106F800040F6EC32C2F2014202EB810292ED0C0AB1
:106F900048F27473C2F201434FF4C47211FB023120
:106FA000D1ED0C0A05F0A0FC9DF80F0048F6CC22AC
:106FB000C2F20142642110FB012080ED330A55E149
:106FC00048F6CC20C2F20140B0F86600052840F037
:106FD0008980FFE748F6CC20C2F2014090F86E00AD
:106FE00000283FD0FFE79DF80F1001EB01124FF68C
:106FF0009C70C2F2004000EB820040F6EC32C2F21C
:10700000014202EB810292ED0C0A48F27473C2F263
:1070100001434FF4C47211FB0231D1ED0C0A05F0AB
:1070200063FC9FEDBF1A30EE010A9DF80F004FF090
:10703000FF310028C8BF012101EE101AB8EEC11AB5
:1070400048F6CC22C2F2014292ED112A92ED123A98
:1070500032EE032A01EE020A642110FB012080EDCA
:10706000330A3EE09DF80F1001EB01124FF69C70C1
:10707000C2F2004000EB820040F6EC32C2F2014264
:1070800002EB810292ED0C0A48F27473C2F20143E2
:107090004FF4C47211FB0231D1ED0C0A05F024FC4F
:1070A000BBEE0E1A30EE010A9DF80F004FF0FF31D3
:1070B0000028C8BF012101EE101AB8EEC11A48F627
:1070C000CC22C2F2014292ED112A92ED123A32EE36
:1070D000032A01EE020A642110FB012080ED330A2D
:1070E000FFE7C2E048F6CC20C2F2014090F87300FE
:1070F00050B3FFE79DF80F1001EB011240F224009E
:10710000C2F2014000EB820040F6EC32C2F20142D2
:1071100002EB810292ED0C0A48F27473C2F2014351
:107120004FF4C47211FB0231D1ED0C0A05F0DCFB07
:107130009DF80F0048F6CC22C2F20142642110FBF8
:10714000012080ED330A8FE048F6CC20C2F20140E6
:1071500090F85A00012843D1FFE79DF80F1001EB8A
:1071600001124FF69C70C2F2004000EB820040F624
:10717000EC32C2F2014202EB810292ED0C0A48F2BB
:107180007473C2F201434FF4C47211FB0231D1EDAA
:107190000C0A05F0A9FB4DF21C70C2F2004090ED04
:1071A000001A30EE410A9DF80F004FF0FF31002821
:1071B000C8BF012101EE101AB8EEC11A48F6CC2260
:1071C000C2F2014292ED112A92ED123A32EE032AF6
:1071D00001EE020A642110FB012080ED330A42E037
:1071E0009DF80F1001EB01124FF69C70C2F20040A7
:1071F00000EB820040F6EC32C2F2014202EB810267
:1072000092ED0C0A48F27473C2F201434FF4C47257
:1072100011FB0231D1ED0C0A05F066FB4BF67C50F8
:10722000C2F2004090ED001A30EE410A9DF80F00C6
:107230004FF0FF310028C8BF012101EE101AB8EE4F
:10724000C11A48F6CC22C2F2014292ED112A92ED07
:10725000123A32EE032A01EE020A642110FB0120E9
:1072600080ED330AFFE7FFE7FFE7FFE7FFE7FFE710
:10727000FFE7FFE7FFE7FFE7FFE74DF2D030C2F29D
:107280000040007801280DD1FFE79DF80F0048F677
:10729000CC22C2F20142642110FB01210020C1F87E
:1072A000C80013E09DF80F104FF64C50C2F200409A
:1072B00000EB8100D0F8800048F6CC23C2F20143F5
:1072C000642211FB0231C1F8C800FFE79DF80F00EE
:1072D000FEF75EFC9DF80F1048F27472C2F2014294
:1072E0004FF4C47011FB002048F6CC23C2F20143D6
:1072F00093ED050A4BF65862C2F2004292ED001A75
:107300009FED082A71EE020A642211FB023191ED11
:10731000321AD1ED331A04F00FF804B080BD00BF6B
:10732000000070C2DB0FC93F80B582B001904DF202
:107330007C41C2F20041002008704FF64051C2F279
:10734000004108704BF29860C2F20040022105F043
:1073500026FA05F0CEFAFFE704F006FB00F028F964
:107360004FF64050C2F200400078A8B9FFE74DF652
:107370002600C2F2004001780420B0EB111F07D1B3
:10738000FFE74FF64051C2F200410120087002E0D1
:1073900002F03EFCFFE704E000F00AF901F0D0FB48
:1073A000FFE740F69010C2F201400088C0090007D4
:1073B00060B1FFE74FF64051C2F200410020087073
:1073C0004DF27C41C2F200410870FFE7FDF7ACFED0
:1073D0004FF64050C2F20040027840F2FC51C2F237
:1073E00001410020012A08BF084605F087FA00F095
:1073F0000FF840F69011C2F20141488840F01000A9
:1074000048800A2005F07FFAA6E70000000000008F
:1074100080B582B040F2FC50C2F2014002884FF6C3
:10742000F461C2F200410A8042884A80827A0A717D
:10743000C27A4A71807D88714DF27C40C2F2004070
:107440000078C8714DF2D030C2F2004000780128B7
:1074500017D1FFE74DF2FC30C2F2004090ED000A78
:10746000B0EEC00A9FED211AB4EE410AF1EE10FA17
:1074700007DDFFE74FF6F461C2F200410020C8715A
:10748000FFE74FF6F461C2F20041402008220423D6
:10749000019305F0DEF9019B40F2FC50C2F201407D
:1074A000827C4FF6EA61C2F200418A71C27CCA71E5
:1074B00082890A80C2894A80028A8A80808A0881F9
:1074C00050200A2205F0C5F9019B40F2D860C2F2B3
:1074D000014000784FF6E861C2F200410870702068
:1074E000012205F0B6F902B080BD00BF9A99993E1D
:1074F00040F26E40C2F201400088B0F57A7F20DA97
:10750000FFE740F26E41C2F2014108880130088075
:1075100040F27040C2F20140007888B9FFE740F2C3
:10752000C071C2F201414DF28620C3F60570886435
:1075300040F27041C2F20141087801300870FFE763
:10754000FFE770470000000080B584B0039002910F
:107550000192029820B1FFE70198082801D0FFE7C7
:1075600009E00299019A4DF2A850C2F20040403061
:1075700005F0A6F9FFE704B080BD000000000000A0
:1075800080B584B0039002910192029820B1FFE788
:107590000198082801D0FFE708E00299019A4FF608
:1075A000E060C2F2004005F08BF9FFE704B080BD57
:1075B00082B040F2FC50C2F20140807A012823D10F
:1075C000FFE740F2FC50C2F20140C07A01281BD113
:1075D000FFE740F2FC50C2F20140B0F9000010F5A4
:1075E000257F11D1FFE740F2FC50C2F20140B0F913
:1075F000020010F5257F07D1FFE7012001900198D7
:1076000080F31388FAF794F802B070470000000086
:1076100048F6CC20C2F2014090F8580070B9FFE75C
:1076200048F6CC21C2F20141002081F85900A1F8AE
:10763000620081F85E00A1F86400FFE748F6CC2004
:10764000C2F20140B0F8660098B9FFE748F6CC21D5
:10765000C2F201410020A1F86A00A1F8680040F6DA
:107660004811C2F2014148F21F50C3F66B604860F6
:10767000FFE770470000000080B548F6CC20C2F25A
:10768000014090F85C00022801D0FFE721E148F6B4
:10769000CC20C2F2014090F85B0070B1FFE74FF6DA
:1076A0004C50C2F2004088304BF29051C2F200417F
:1076B00004220A2305F02CF90BE104F0CDF9E8B11E
:1076C000FFE748F6CC20C2F2014090F85800A8B974
:1076D000FFE74DF2D030C2F20040007870B9FFE70A
:1076E0004FF64C50C2F2004088304BF2F041C2F2EB
:1076F000004104220A2305F00BF9E9E04DF2D030F5
:10770000C2F20040007802280ED1FFE74FF64C503D
:10771000C2F2004088304BF66C21C2F200410422D4
:107720000A2305F0F5F8D2E040F2E660C2F201402B
:107730000078012808D0FFE740F2E760C2F201407C
:10774000007801280ED1FFE74FF64C50C2F20040FE
:1077500088304BF60C31C2F2004104220A2305F0B6
:10776000D7F8B3E048F6CC20C2F2014090F873009D
:1077700070B1FFE74FF64C50C2F2004088304BF238
:107780004C71C2F2004104220A2305F0C1F89CE0CA
:1077900048F6CC20C2F2014090F8580001280ED1E2
:1077A000FFE74FF64C50C2F2004088304BF6CC1148
:1077B000C2F2004104220A2305F0AAF884E048F648
:1077C000CC20C2F20140B0F8660001280ED1FFE7DC
:1077D0004FF64C50C2F2004088304BF2EC71C2F2CE
:1077E000004104220A2305F093F86CE048F6CC200F
:1077F000C2F20140B0F8660002280EDBFFE74FF648
:107800004C50C2F2004088304BF6AC31C2F200411D
:1078100004220A2305F07CF854E048F6CC20C2F29A
:10782000014090F85A0002280ED1FFE74FF64C5065
:10783000C2F2004088304BF6CC11C2F20041042263
:107840000A2305F065F83CE048F6CC20C2F201407E
:1078500090F85A0001280ED1FFE74FF64C50C2F2C3
:10786000004088304BF62C11C2F2004104220A235A
:1078700005F04EF824E048F6CC20C2F2014090F822
:107880005A0070B9FFE74FF64C50C2F20040883002
:107890004BF68C01C2F2004104220A2305F038F8AD
:1078A0000DE04FF64C50C2F2004088304BF62C11E0
:1078B000C2F2004104220A2305F02AF8FFE7FFE79D
:1078C000FFE7FFE7FFE7FFE7FFE7FFE7FFE7FFE788
:1078D000FFE780BD0000000080B582B040F2FC50A0
:1078E000C2F20140407D8008C00750B1FFE740F27E
:1078F000C071C2F201410020C4F27020C1F86C01D5
:1079000014E0082004F08CFF78B1FFE7102004F0A9
:1079100087FF50B1FFE740F2C071C2F20141002081
:10792000C4F2C820C1F86C01FFE7FFE74DF27C40CC
:10793000C2F200400078012808D1FFE740F6371076
:10794000C2F201400078002875D1FFE74DF27C407B
:10795000C2F200400078012813D1FFE740F2FC504A
:10796000C2F20140C07A02280BD1FFE7082004F0E0
:1079700057FF30B1FFE7402004F052FF00285AD0F3
:10798000FFE74DF27C40C2F200400078022817D198
:10799000FFE740F2FC50C2F20140807C80B1FFE77B
:1079A00040F2FC50C2F20140C07C48B1FFE740F217
:1079B000FC50C2F20140407D8008C007D8BBFFE701
:1079C0004DF27C40C2F200400078022815D1FFE75A
:1079D00040F2FC50C2F20140807C70B1FFE740F2FF
:1079E000FC50C2F20140C07C38B1FFE740F63710CE
:1079F000C2F201400078F0B9FFE74DF27C40C2F2DC
:107A0000004001780020022901906FD1FFE740F289
:107A1000FC50C2F20140817C00200029019065D019
:107A2000FFE740F2FC50C2F20140C17C0020002977
:107A300001905BD1FFE740F2C070C2F2014090EDCF
:107A4000520AB8EEC00A4BF64C40C2F2004090ED2C
:107A5000001A0020B4EE410AF1EE10FA019045DB65
:107A6000FFE74DF22670C2F200400088400000EEB1
:107A7000100AB8EEC00A40F2C070C2F2014090EDA8
:107A80005B1A0020B4EE410AF1EE10FA01902DDBF2
:107A9000FFE740F62440C2F2014090ED000AB5EE47
:107AA000400AF1EE10FA09DDFFE740F62440C2F289
:107AB000014090ED000A8DED000A0AE040F62440F6
:107AC000C2F2014090ED000AB1EE400A8DED000ACD
:107AD000FFE79DED000A9FED081A0020B4EE410A71
:107AE000F1EE10FAB8BF01200190FFE7019800F015
:107AF000010002B080BD00BF000000470000000090
:107B000080B584B040F2C070C2F2014000780146F6
:107B10000391032800F241810399DFE801F0021D7F
:107B2000367A4DF22671C2F200410020088040F200
:107B3000C071C2F20141C1F8500140F62842C2F2C0
:107B4000014292ED0D0AB8EEC00A81ED120AC1F8A9
:107B50008400C1F8340121E14DF22671C2F20041E6
:107B60000020088040F2C071C2F20141C1F850010A
:107B700040F62842C2F2014292ED0D0AB8EEC00A68
:107B800081ED120AC1F8840008E1FFF7B1FC4DF263
:107B90002671C2F2004108880130088040F2C070AE
:107BA000C2F2014090ED120A90ED131A30EE410A34
:107BB00040F62440C2F2014080ED000A00F038FD9A
:107BC00038B1FFE74BF6FC51C2F2004101200870CA
:107BD000FFE700F0B1FCD8B1FFE74BF6FC51C2F271
:107BE00000410020087040F2C070C2F2014090EDE8
:107BF000120A9FED8A1A30EE010A80ED120A90ED0A
:107C0000510AB2EE041A30EE010A80ED510AFFE784
:107C1000C4E0FFF76DFC4DF22671C2F20041088806
:107C20000130088040F2C070C2F2014090ED120AAB
:107C300090ED131A30EE410A40F62440C2F20140A2
:107C400080ED000AFFF748FE10B3FFE74DF2A030C9
:107C5000C2F200400078D8B9FFE74DF22671C2F2B7
:107C600000410020088040F2C070C2F2014090ED57
:107C7000120A9FED6A1A30EE010A80ED120A90EDA9
:107C8000510AB2EE041A30EE010A80ED510AFFE704
:107C900040F62840C2F20140B0F92400012808DB78
:107CA000FFE740F62840C2F20140B0F924000290FC
:107CB00008E040F62840C2F20140B0F924004042FA
:107CC0000290FFE70298B0F5487F28DDFFE740F615
:107CD0002840C2F20140B0F92600012808DBFFE786
:107CE00040F62840C2F20140B0F92600019008E0B9
:107CF00040F62840C2F20140B0F92600404201900F
:107D0000FFE7019840F24B41884208DCFFE74DF263
:107D10009C31C2F20041086801300860FFE74DF273
:107D20009C30C2F200400068C92835D3FFE74DF20D
:107D3000A031C2F20041012008704DF2A050C2F201
:107D4000004001680131016040F62841C2F2014162
:107D500091ED0D0AB8EEC00A9FED311A30EE010A1E
:107D600040F2C071C2F2014181ED120A0068C928D7
:107D700011D3FFE74DF29C31C2F2004100200860B0
:107D80004DF2A051C2F2004108604DF2A031C2F2A2
:107D900000410870FFE7FFE700E0FFE740F2C07036
:107DA000C2F20140407801460091022804D3FFE767
:107DB000009802280AD018E040F2C071C2F20141D6
:107DC0000020C1F8E000C1F82C010FE040F2C071C2
:107DD000C2F2014191ED5A0AB1EE400A81ED380A32
:107DE000D1F86801C1F82C0100E0FFE748F2F0602B
:107DF000C2F20140D0F816004FF61D51C2F2004108
:107E000008704DF2A030C2F2004000784DF63821E3
:107E1000C2F20041087004B080BD00BF000080477E
:107E2000000080C70000000080B584B040F2C07040
:107E3000C2F20140407890B9FFE74DF22870C2F2DB
:107E4000004002909FED210A8DED030A04F0DEFC54
:107E500002989DED030A4C3004F0D8FC15E040F286
:107E6000C070C2F20140009090ED4E0A4DF22870B1
:107E7000C2F20040019004F0C9FC0099019891ED14
:107E80004F0A4C3004F0C2FCFFE740F2C070C2F26F
:107E90000140007838B9FFE740F62841C2F20141BD
:107EA000002008840FE040F2C070C2F2014090ED63
:107EB0004D0ABDEEC00A10EE100A40F62841C2F28B
:107EC00001410884FFE704B080BD00BF000000004E
:107ED00080B586B040F2C070C2F2014005904FF408
:107EE000B87104F0A2FC05989C30002104919FED2C
:107EF0002E0A8DED010ADFED2D1ACDED031A9FED4F
:107F00002C2A8DED022AF0EE610AB0EE611A04F01F
:107F1000DCFC9DED010A9DED022ADDED031A0499BA
:107F20000598E830F0EE610AB0EE611A04F0CDFC7D
:107F3000DDED031A0499059804309FED1E0A9FEDAC
:107F40001E2AF0EE610AB0EE611A04F0BEFCDDED0F
:107F5000030A0499059850309FED180A9FED181AEE
:107F6000DFED181A9FED182A04F0AFFC049805996C
:107F7000087048700020C4F27A30C1F86C0100200B
:107F8000C4F24340C1F868010A20A1F84E01322032
:107F9000A1F84C014BF2C860C2F20040012104F08C
:107FA000FEFB06B080BD00BF6F12033A0000000068
:107FB000CDCC4C3FCDCCCC3D00E04446CDCC4C3E6E
:107FC0008FC2F53D0000C8420000004500000000DF
:107FD00080B582B000F004F94DF27C40C2F200405E
:107FE000007802282ED1FFE740F2FC50C2F2014097
:107FF000C07C38B3FFE740F63710C2F2014040784A
:10800000F9F752FB9FED741AB4EE410AF1EE10FA43
:1080100005DDFFE79FED700A8DED010A09E040F6EE
:108020003710C2F201404078F9F73EFB8DED010AAE
:10803000FFE79DED010A40F2C070C2F2014080ED01
:108040005B0A26E04DF27C40C2F200400078012835
:1080500014D1FFE7082004F0E3FB78B1FFE74020EC
:1080600004F0DEFB50B1FFE740F2C071C2F2014103
:108070000020C4F2C820C1F86C0109E040F2C071D0
:10808000C2F201410020C4F2F010C1F86C01FFE718
:10809000FFE74DF2DC70C2F20040407E01460091E5
:1080A000042827D80099DFE801F0030C25141C00F0
:1080B00040F2C071C2F201410120487000200870F6
:1080C00021E040F2C071C2F2014101204870087005
:1080D00019E040F2C071C2F20141022048700870FC
:1080E00011E040F2C071C2F2014102204870032049
:1080F000087008E040F2C071C2F2014101204870EE
:1081000000200870FFE74DF27C40C2F2004000788A
:10811000022838D1FFE740F2FC50C2F20140407D16
:108120008008C00760B1FFE748F2F061C2F2014188
:1081300091F85A0000F0E300083081F85A0021E07D
:1081400040F2FC50C2F20140417D0020B0EBD11F53
:108150000CD0FFE748F2F061C2F2014191F85A00F9
:1081600000F0E300043081F85A000AE048F2F061C0
:10817000C2F2014191F85A0000F0E30081F85A0080
:10818000FFE7FFE70AE048F2F061C2F2014191F82F
:108190005A0000F0E30081F85A00FFE74DF27C40FE
:1081A000C2F200400078022813D1FFE740F2D86005
:1081B000C2F20140007B8008C00748B9FFE740F2E7
:1081C000C071C2F201410020487001200870FFE731
:1081D000FFE702B080BD00BF000048430000000080
:1081E00040F2D860C2F20140008978B1FFE740F266
:1081F000D860C2F20140028940F2C071C2F201416E
:10820000A1F84C21C088A1F84E01FFE740F2C070F0
:10821000C2F20140B0F84E11490000EE101AB8EE5B
:10822000C01A90ED510A9FED322A01EE020A80ED4C
:10823000510A90ED510AB5EE400AF1EE10FA08DA53
:10824000FFE740F2C071C2F201410020C1F84401D1
:10825000FFE740F2D860C2F20140008940F260417D
:10826000C2F201414989401A00EE100AB8EEC00A74
:10827000B0EE082A80EE020A40F2C070C2F201405D
:10828000B0F84C1101EE101AB8EEC11A90ED513A47
:1082900031EE431A81EE021A31EE011A30EE010A74
:1082A000BDEEC00A80ED520A007803280FD1FFE727
:1082B0004DF27C40C2F200400078022817D1FFE75F
:1082C00040F2FC50C2F20140807C80B9FFE740F2EE
:1082D0006040C2F20140408900EE100AB8EE400A48
:1082E00040F2C070C2F2014080ED510AFFE77047D2
:1082F0006F1283BA0000000080B586B000200590A0
:10830000FFE70598012826DCFFE7059B4DF2287062
:10831000C2F200404C2103FB0100C06A40F2C0726F
:10832000C2F2014204929C3203FB01239864059837
:1083300000FB012090ED110AD0ED120A04F0D4FAEE
:108340000498059900EB810080ED4E0AFFE705983F
:1083500001300590D5E740F62840C2F20140039075
:1083600090ED0D0AB8EEC00A40F2C071C2F20141B0
:10837000029181ED130A081D91ED120AD1ED130A45
:1083800004F0B2FA0299039A81ED250A01F1500036
:10839000B2F9262000EE102AB8EEC00A81ED260AB6
:1083A00091ED250AD1ED260A04F09EFA0299039870
:1083B00081ED4D0AB0F92400012808DBFFE740F603
:1083C0002840C2F20140B0F92400019008E040F6D4
:1083D0002840C2F20140B0F9240040420190FFE77A
:1083E0000198B0F5487F28DDFFE740F62840C2F24B
:1083F0000140B0F92600012808DBFFE740F62840DD
:10840000C2F20140B0F92600009008E040F6284092
:10841000C2F20140B0F9260040420090FFE7009808
:1084200040F24B41884208DCFFE740F2C071C2F2E3
:1084300001410020C1F83401FFE706B080BD000013
:1084400080B540F63010C2F20140D0F8030040F68B
:108450003A11C2F20141C1F8070048F26870C2F255
:1084600001400068C1F803004BF6F460C2F200401E
:108470000078087048F6CC20C2F2014090F87300F2
:1084800048704DF2A450C2F200400068C008800756
:1084900038B1FFE740F63A11C2F20141012088707D
:1084A00017E04DF2A450C2F2004000684009800776
:1084B00038B1FFE740F63A11C2F20141022088705C
:1084C00006E040F63A11C2F2014100208870FFE751
:1084D000FFE740F63A11C2F2014180200B2204234B
:1084E00004F0B7F980BD000080B582B0019004F0BF
:1084F0005BF90090FFF7ECFCFFE704F055F9009002
:1085000004F00BFAFFF764FDFFF7FAFAFFF7F4FE49
:10851000FFF78AFC02F0A8F9FFF792FF40F69011EE
:10852000C2F20141488840F00800488068460221B4
:1085300004F04EF9E1E7000082B04BF6FC50C2F2C5
:108540000040017800200029019068D0FFE740F248
:10855000C070C2F2014090ED520AB8EEC00A4BF66C
:108560004C40C2F2004090ED001A0020B4EE410AE7
:10857000F1EE10FA019052DBFFE740F2FC50C2F23C
:108580000140807C40B1FFE74DF27C40C2F20040E8
:108590000078022816D0FFE740F2FC50C2F20140FA
:1085A000B0F904100020B1F5C87F019037DDFFE776
:1085B0004DF27C40C2F20040017800200129019078
:1085C0002DD1FFE740F62440C2F2014090ED000AB1
:1085D000B5EE400AF1EE10FA09DDFFE740F624405F
:1085E000C2F2014090ED000A8DED000A0AE040F66B
:1085F0002440C2F2014090ED000AB1EE400A8DED38
:10860000000AFFE79DED000A9FED071A0020B4EE77
:10861000410AF1EE10FAB8BF01200190FFE701987E
:1086200000F0010002B07047000080470000000029
:1086300083B040F2FC50C2F20140807C50B9FFE7A9
:108640004DF27C40C2F200400178012002290290E4
:108650002ED0FFE740F2FC50C2F20140B0F9040016
:10866000012808DBFFE740F2FC50C2F20140B0F9FC
:108670000400019008E040F2FC50C2F20140B0F961
:10868000040040420190FFE7019900200929009071
:108690000BDCFFE74DF27C40C2F20040007801386D
:1086A000B0FA80F040090090FFE700980290FFE7E1
:1086B000029800F0010003B07047000000000000C5
:1086C00080B584B04FF64C50C2F2004090ED120AD3
:1086D000B0EEC00A9FED551AB4EE410AF1EE10FA61
:1086E0000CDDFFE74FF64C50C2F200400430DFEDE6
:1086F000520AB0EE600A04F04DF839E04FF64C50E3
:10870000C2F2004090ED120AB0EEC00A9FED481A86
:10871000B4EE410AF1EE10FA0CDDFFE74FF64C50D3
:10872000C2F200400430BFEE000AF7EE000A04F087
:1087300031F81CE04FF64C50C2F2004090ED120AA6
:10874000B0EEC00A9FED3B1AB4EE410AF1EE10FA0A
:108750000CDDFFE74FF64C50C2F200400430B8EE9B
:10876000000AF0EE000A04F015F8FFE7FFE7FFE764
:1087700048F6CC20C2F20140B0F8660090BBFFE79B
:1087800048F6CC20C2F2014090F8580050BBFFE7F9
:1087900048F6CC20C2F2014090F85A0010BBFFE727
:1087A0004DF2DC70C2F20040807ED8B9FFE704F0E1
:1087B000B9F8B1EE400A8DED010A04F0B3F8F0EE1D
:1087C000400A9DED010A4FF64C50C2F20040029063
:1087D0000430039003F0DEFF02990398343104F073
:1087E000A6F8FFE748F6CC20C2F20140B0F86600D8
:1087F00001280CD1FFE74FF64C50C2F20040043084
:10880000B8EE080AF0EE080A03F0C4FF0BE04FF6DA
:108810004C50C2F2004004309FED080ADFED080A18
:1088200003F0B8FFFFE704B080BD00BF9A99993EFE
:10883000CDCC4C3ECDCCCC3D00000000333313C03A
:10884000333313400000000010B581B000200090C9
:10885000FFE70098012860DCFFE7009848F6CC238A
:10886000C2F2014303F17402642100FB012C0020D9
:10887000CCF85C0000984BF6504CC2F2004C0CEB6C
:1088800040144FF64C5EC2F2004E94ED005A94ED47
:10889000011A94ED023A94ED030A9EED0B6A9EEDE7
:1088A0000D7A9EED0E4A9EED102A21EE071A05EE76
:1088B000061A03EE041A00EE021A00FB012090EDE6
:1088C000170A30EE010A80ED170A00980CEB401CE5
:1088D0009CED045A9CED051A9CED063A9CED070AA6
:1088E00093ED296A93ED324A93ED427A93ED4B2A48
:1088F00021EE071A05EE061A03EE041A00EE021A1C
:1089000000FB012090ED170A30EE010A80ED170AF6
:10891000FFE70098013000909BE701B010BD000018
:1089200080B584B00390FFE740F69010C2F201409A
:108930008078C007D8B3FFE740F69010C2F201403C
:1089400040888008C00790B3FFE740F69010C2F25D
:1089500001404088C008C00748B3FFE740F69010C8
:10896000C2F2014040880009C00700B3FFE740F6AB
:108970009011C2F201410291488820F00100488024
:10898000488820F002004880488820F00400488091
:10899000488820F008004880488820F0100048806F
:1089A0004EF22C60C2F2004003F0C6FFFFE740F237
:1089B000FC50C2F20140C07D03F0C3FF03F0C6FFCC
:1089C000024640F69011C2F201410191088862F31B
:1089D0000000088003F0BFFF01990246088802F0FA
:1089E000010220F0020040EA4200088003F0B8FFD4
:1089F00001990246088802F0010220F0040040EAD2
:108A00008200088003F0B1FF01990246088802F055
:108A1000010220F0080040EAC200088003F0AAFF2B
:108A200001990246088802F0030220F0300040EA73
:108A30000210088003F0A3FF01990246088802F0A3
:108A4000010220F0400040EA8210088003F09CFF01
:108A500001990246088802F00F0220F4F06040EA13
:108A6000C210088003F095FF02460198018802F0C9
:108A70000F0221F4F04141EAC22101800078C007D1
:108A800000283FD1FFE740F69010C2F20140008875
:108A90004008C007B0BBFFE740F69010C2F20140AB
:108AA00000888008C00768BBFFE740F69010C2F25C
:108AB00001400088C008C00720BBFFE740F69010C7
:108AC000C2F20140008800098007D8B9FFE740F6EC
:108AD0009010C2F201400088C009000790B9FFE77A
:108AE00040F69010C2F201400088C00A000748B961
:108AF000FFE740F69011C2F2014108886FF3DF30C2
:108B0000088008E040F69011C2F20141088840F464
:108B100000400880FFE740F69010C2F20140008854
:108B2000C00A000738B9FFE74DF2D031C2F2004168
:108B300001200873FFE7642003F0E5FEF4E600007F
:108B400081B040F2FC50C2F20140807A01460091AF
:108B5000012808D0FFE70098022812D0FFE700980C
:108B6000032807D014E04DF27C41C2F200410020FE
:108B700008700EE04DF27C41C2F200410120087005
:108B800007E04DF27C41C2F200410220087000E093
:108B9000FFE74DF2D030C2F20040007801280ED13C
:108BA000FFE740F2E660C2F20140007838B1FFE72B
:108BB0004DF27C41C2F2004100200870FFE740F214
:108BC000D860C2F20140007BC0F3400040F6A8111B
:108BD000C2F20141087001B07047000000000000BF
:108BE00080B586B005908DED040ACDED030A8DEDBC
:108BF000021A03980599886202980599C862049838
:108C000005990861059890ED021A90ED0A0A90ED19
:108C10000B2A30EE420A80EE010A03F0BFFE0598EF
:108C200080ED030A059890ED031A90ED040A30EEEA
:108C3000410A80ED050A059841694FF66000C2F2CD
:108C400000400190D0F8EC20116003F09EFD0198E7
:108C5000D0F8E80000680599486106B080BD0000C2
:108C600080B586B005908DED040ACDED030A8DED3B
:108C7000021A0498059908600398059948600298BB
:108C8000059988604FF66000C2F200400190002212
:108C90000123194603F074FD0198D0F8B4204FF079
:108CA0007E511160D0F8C0201160D0F8C82011604A
:108CB000D0F8CC100020C4F2C820086006B080BDF7
:108CC00080B586B005908DED040ACDED030A0498B9
:108CD0000599C861059890ED050AB5EE400AF1EED8
:108CE00010FA06DDFFE7059890ED050A8DED020A02
:108CF00007E0059890ED050AB1EE400A8DED020AF5
:108D0000FFE79DED020A9FED831AB4EE410AF1EEF2
:108D100010FA04DDFFE705990020886103E003985D
:108D200005998861FFE7059890ED020A8DED010A2B
:108D300090ED051A90ED060A30EE410A03F033FE7D
:108D4000B0EE401A9DED010A20EE010A059880ED73
:108D5000080A059890ED070A90ED081AB0EE002A6F
:108D600081EE021A30EE010A80ED0C0A059890EDB2
:108D7000070A90ED081A81EE021A30EE410A80EDE2
:108D80000D0A059890ED080AB5EE400AF1EE10FACA
:108D900006DDFFE7059890ED080A8DED000A07E073
:108DA000059890ED080AB1EE400A8DED000AFFE744
:108DB0009DED000A059890ED001A90ED012A31EE24
:108DC000421AB4EE410AF1EE10FA18DBFFE70598FB
:108DD00090ED080AB5EE400AF1EE10FA07DDFFE764
:108DE00005990868086305994868486306E005998D
:108DF00048680863059908684863FFE787E00598B5
:108E000090ED001A90ED0C0AB4EE410AF1EE10FA62
:108E100016DDFFE7059890ED001A90ED0C0A30EE94
:108E2000410A80ED090A059890ED091A90ED0D0AA6
:108E300030EE410A80ED0D0A05990868086365E087
:108E4000059890ED001A90ED0D0AB4EE410AF1EE8E
:108E500010FA16DDFFE7059890ED001A90ED0D0A67
:108E600030EE410A80ED090A059890ED091A90ED5F
:108E70000C0A30EE410A80ED0C0A05990868486337
:108E800043E0059890ED011A90ED0C0AB4EE410A0A
:108E9000F1EE10FA16DAFFE7059890ED010A90ED71
:108EA0000C1A30EE410A80ED090A059890ED091A76
:108EB00090ED0D0A30EE010A80ED0D0A0599486823
:108EC000086321E0059890ED011A90ED0D0AB4EECB
:108ED000410AF1EE10FA16DAFFE7059890ED010A63
:108EE00090ED0D1A30EE410A80ED090A059890EDDB
:108EF000091A90ED0C0A30EE010A80ED0C0A059972
:108F000048684863FFE7FFE7FFE7FFE7FFE706B0D2
:108F100080BD00BF21B0323E80B584B00390029185
:108F20000192029820B1FFE70198402801D0FFE7A5
:108F300007E002980090009A0121084603F038FDEE
:108F4000FFE704B080BD000080B58AB009908DEDC8
:108F5000080ACDED070A0898099908600798099949
:108F600048604FF67C10C2F200400190002202924D
:108F700001230393194603F003FC0198029A039B13
:108F8000D0F8B4C04FF07E510491CCF80010D0F866
:108F9000C0C0CCF80010D0F8C8C0CCF80010D0F891
:108FA000CC100020C4F2C820069008604FF698202C
:108FB000C2F200400590194603F0E2FB049A0599BD
:108FC0000698D1F8B4301A60D1F8C0301A60D1F8E0
:108FD000C8301A60D1F8CC1008600AB080BD00001B
:108FE00080B503F0EAFC03F0EDFC03F0F0FC03F0C5
:108FF000F3FC03F0F6FC80BD48F6CC20C2F2014041
:1090000090F872100120002918BF4FF0FF30704710
:1090100080B584B0039003F0C7FB0290FFF7E0FF38
:109020004BF2D460C2F20040012103F0B8FB0020F3
:109030000190FFE701981D280EDCFFE703F0B4FB69
:109040000290FFF7CDFF02A8012103F0C1FBFFE76B
:10905000019801300190EDE7FFE703F0A5FB0290D6
:1090600048F2A860C2F2014003F0C0FC48F2C061BF
:10907000C2F201410868013008604DF62600C2F2D4
:10908000004001780020B0EB111F14D0FFE74DF62F
:109090002600C2F2004001780120B0EB111F0AD077
:1090A000FFE74DF62600C2F2004001780520B0EB44
:1090B000111F1AD1FFE748F2C060C2F201400068F8
:1090C0004CF6CD41CCF6CC4148434FEAB0004CF6CB
:1090D000CC41C0F6CC41884203D8FFE700F020F82D
:1090E00002E0FFF77DFFFFE70FE040F2FC50C2F225
:1090F0000140407D0009C00718B1FFE7FFF770FF8E
:1091000002E000F00DF8FFE7FFE748F2A860C2F2C6
:10911000014003F070FC02A80A2103F059FB9CE710
:10912000F0B593B04BF60060C2F2004004900068C6
:10913000D0F80700C0F38A2000EE100AB8EEC00A8B
:109140008DED020AFFF758FF9DED020A01460498D3
:1091500001EE101AB8EEC11A48F6CC25C2F201454C
:109160000D9595F8721048F27476C2F20146099690
:1091700006F5C4740A940029214618BF314691EDC2
:109180001A3A9FEDFB2A8DED0B2A23EE023A01EEEF
:10919000430ABCEEC00A10EE10EA0268D2F80330AF
:1091A000D2F807C0D2F80B106FF3DF2E6FF39421C3
:1091B00041EA8E21C2F807C0C2F80330C2F80B1092
:1091C0000268D2F80330D2F807C0D2F80B104FEA89
:1091D0005C5E00EE10EAB8EEC00A95F872E0BEF1EF
:1091E000000FA64618BFB6469EED1B1A01EE420AB6
:1091F000BCEEC00A10EE10EA6FF35F5141EA4E5127
:10920000C2F807C0C2F80330C2F80B100168D1F8E9
:109210000B604BF60461C2F2004105910B68D3F874
:1092200003E0D3F807C0D3F80B20B60A66F3942CFA
:10923000C3F803E0C3F807C0C3F80B200268D2F8F4
:109240000BE00A68D2F803C0D2F80730D2F80B104E
:109250004FEA5E5E6EF35F53C2F803C0C2F8073098
:10926000C2F80B100068D0F80700C0F38A2000EEA7
:10927000100AB8EEC00A8DED030AFFF7BDFE9DEDA2
:10928000030A0499099A9DED0B2A0346059801EEFD
:10929000103AB8EEC11A95F87230002B234618BF69
:1092A000134693ED1C3A23EE023A01EE430ABCEE5C
:1092B000C00A10EE107AD0F800C0DCF803E0DCF849
:1092C0000760DCF80B306FF3DF276FF3942343EA7A
:1092D0008723CCF80760CCF803E0CCF80B300968A2
:1092E000D1F80710490D00EE101AB8EEC00A95F833
:1092F00072100029214618BF114691ED1D1A01EE8A
:10930000420ABCEEC00A10EE10CA0168D1F8032070
:10931000D1F80730D1F80B006FF35F5040EA4C50A2
:10932000C1F80730C1F80320C1F80B004BF6086004
:10933000C2F2004008900068D0F80700C0F38A200D
:1093400000EE100AB8EEC00A8DED060AFFF754FED3
:109350009DED060A9DED0B2ADDF824E001460898F4
:1093600001EE101AB8EEC11A95F872100029714674
:1093700018BF214691ED1A3A23EE023A01EE030A94
:10938000BCEEC00A10EE106A0268D2F80330D2F8C0
:1093900007C0D2F80B106FF3DF266FF3942141EA78
:1093A0008621C2F807C0C2F80330C2F80B10026869
:1093B000D2F80330D2F807C0D2F80B104FEA5C564F
:1093C00000EE106AB8EEC00A95F87250002D18BF72
:1093D000A6469EED1B1A01EE420ABCEEC00A10EE34
:1093E00010EA6FF35F5141EA4E51C2F807C0C2F86C
:1093F0000330C2F80B100168D1F80B404BF60C613A
:10940000C2F200410C910B68D3F803E0D3F807C017
:10941000D3F80B20A40A64F3942CC3F803E0C3F838
:1094200007C0C3F80B200268D2F80BE00A68D2F834
:1094300003C0D2F80730D2F80B104FEA5E5E6EF32D
:109440005F53C2F803C0C2F80730C2F80B100068BF
:10945000D0F80700C0F38A2000EE100AB8EEC00A68
:109460008DED070AFFF7C8FD9DED070ADDF820C066
:1094700009990A9A9DED0B2A0D9B86460C9801EEE0
:1094800010EAB8EEC11A93F872E0BEF1000F8E46F2
:1094900018BF96469EED1C3A23EE023A01EE030AEF
:1094A000BCEEC00A10EE107A0468D4F80350D4F869
:1094B0000760D4F80BE06FF3DF276FF3942E4EEACA
:1094C000872EC4F80760C4F80350C4F80BE0DCF83A
:1094D00000C0DCF807C04FEA5C5C00EE10CAB8EED2
:1094E000C00A93F87230002B18BF114691ED1D1A77
:1094F00001EE420ABCEEC00A10EE10CA0168D1F8B3
:109500000320D1F80730D1F80B006FF35F5040EA29
:109510004C50C1F80730C1F80320C1F80B004BF6DE
:109520001860C2F200400268D2F80330D2F807C0D7
:10953000D2F80B10CCF38A2000EE100AB8EEC00A65
:1095400040F69410C2F2014090F810E001EE10EAEB
:10955000B8EEC11A9FED072A81EE021A9FED062A86
:1095600001EE020ABCEEC00A10EE10EA00F016B8D6
:10957000000096430000C84200800E4400007A4478
:1095800000000046DB0F4940B092AD40DB0FC94000
:10959000000034430000B4430000B4C36FF3DF2E77
:1095A0006FF3942141EA8E21C2F807C0C2F803305C
:1095B000C2F80B1090ED000A1FED101A8DED0E1A77
:1095C00020EE010ABDEEC00A10EE100A48F21F514B
:1095D000C5F2EB110F9150FB01F1481100EBD17076
:1095E0006421109148434BF61061C2F200410968B2
:1095F000C1F80B0003F004FA0D989DED0E1A0F9AB6
:1096000010994FF64C53C2F2004393ED010A20EE3D
:10961000010ABDEEC00A10EE103A53FB02FC4FEAFD
:109620006C1303EBDC734B434BF6286CC2F2004C1B
:10963000DCF800C0CCF80B3090ED070AB0EEC00AA1
:1096400020EE010ABDEEC00A10EE100A50FB02F235
:10965000501100EBD27048434BF62061C2F200413A
:109660000968C1F80B0049F2D830C2F20140808E7F
:1096700000EE100AB8EE400A1FED3F1A80EE010A14
:1096800030EE000A1FED411A8DED111A60EE010A4D
:109690001FED430A1FED431A03F09FF89DED111AC9
:1096A0008DED120A9DED120A1FED472A20EE020AE7
:1096B00080EE010A4DF29830C2F2004080ED000ABF
:1096C00090ED000ABBEE0E1A30EE010A40F68C1047
:1096D000C2F2014080ED000A90ED000AB5EE400AAA
:1096E000F1EE10FA0DDAFFE740F68C10C2F20140FD
:1096F00090ED000A1FED591A30EE010A80ED000AC4
:10970000FFE740F68C10C2F2014090ED000A1FED19
:109710005F1AB4EE410AF1EE10FA0DDDFFE740F6F4
:109720008C10C2F2014090ED000A1FED651A30EE78
:10973000010A80ED000AFFE740F68C10C2F20140FA
:1097400090ED000ABCEEC00A10EE10CA4BF6246081
:10975000C2F200400168D1F80320D1F80730D1F8F7
:109760000B006FF35F2C6FF3963242EA8C32C1F834
:109770000730C1F80320C1F80B004DF29830C2F257
:10978000004090ED000AB3EE0E1A30EE010A4DF2E1
:109790009C50C2F2004080ED000A90ED000AB5EE48
:1097A000400AF1EE10FA0DDAFFE74DF29C50C2F2DA
:1097B000004090ED000A1FED891A30EE010A80ED9D
:1097C000000AFFE74DF29C50C2F2004090ED000A03
:1097D0001FED901AB4EE410AF1EE10FA0DDDFFE72D
:1097E0004DF29C50C2F2004090ED000A1FED961A17
:1097F00030EE010A80ED000AFFE74DF29C50C2F204
:10980000004090ED000ABCEEC00A10EE10CA4BF604
:109810002460C2F200400168D1F80320D1F807307B
:10982000D1F80B006FF3DF5242EACC52C1F8073097
:10983000C1F80320C1F80B004BF6F460C2F20040FF
:1098400000784BF63061C2F200410968C1F80B00A4
:1098500048F2A260C2F2014041784BF63462C2F293
:1098600000421268C2F80B1048F6CC21C2F2014146
:1098700091F873104BF61C62C2F20042126840F27B
:10988000000EC5F2204E00291CBF40F2000EC4F6A7
:10989000C07ED2F803C0D2F80730D2F80B106FF3B5
:1098A0005F537344C2F803C0C2F80730C2F80B100C
:1098B000407858B1FFE748F2A260C2F20140017857
:1098C0000120002918BF0420019002E00820019027
:1098D000FFE7DDF804C04BF62C60C2F200400168DF
:1098E000D1F80320D1F80730D1F80B000CF00F0CA1
:1098F00022F4705242EA8C22C1F80730C1F80320EA
:10990000C1F80B0003F081F84FF62450C2F200407A
:10991000007848F6CC21C2F2014191F85A108842F1
:1099200008D0FFE74FF64851C2F2004108681430F2
:109930000860FFE74FF62550C2F20040007848F675
:10994000CC21C2F2014191F85810884211D0FFE7B2
:1099500048F6CC20C2F2014090F85800012808D106
:10996000FFE74FF64851C2F2004108681430086022
:10997000FFE74FF62650C2F20040007848F6CC21AF
:10998000C2F20141B1F86610884211D0FFE748F6F3
:10999000CC20C2F20140B0F86600012808D1FFE7F0
:1099A0004FF64851C2F20041086814300860FFE7E2
:1099B0004FF62650C2F20040007848F6CC21C2F2A1
:1099C0000141B1F86610884211D0FFE748F6CC207B
:1099D000C2F20140B0F86600022808DBFFE74FF64C
:1099E0004851C2F20041086814300860FFE748F6A9
:1099F000CC20C2F2014090F8B000012811D1FFE75D
:109A000048F6CC20C2F2014090F81401012808D198
:109A1000FFE74DF22071C2F200410878143008705F
:109A2000FFE74FF64850C2F2004000683D2807DBD0
:109A3000FFE74FF64851C2F200413C200860FFE7C3
:109A40004DF22070C2F200400078152807DBFFE7D6
:109A50004DF22071C2F2004114200870FFE748F671
:109A6000CC20C2F2014090F85A104FF62452C2F2B4
:109A70000042117090F858104FF62552C2F2004281
:109A8000117090F866004FF62651C2F2004108703E
:109A90004FF64850C2F2004000680128C0F28980A9
:109AA000FFE74FF64851C2F20041086801380860EC
:109AB00048F6CC20C2F2014090F8580001280DD1A0
:109AC000FFE74BF63860C2F2004000680F304BF2FF
:109AD0000171C2F2004102F09DFF67E048F6CC2020
:109AE000C2F20140B0F8660001280DD1FFE74BF645
:109AF0003860C2F2004000680F304BF21071C2F2C1
:109B0000004102F087FF50E048F6CC20C2F201404D
:109B1000B0F8660002280DDBFFE74BF63860C2F2B2
:109B2000004000680F304BF2FB61C2F2004102F0CE
:109B300071FF39E048F6CC20C2F2014090F85A009B
:109B400068B9FFE74BF63860C2F2004000680F309A
:109B50004BF2F561C2F2004102F05CFF23E048F6EF
:109B6000CC20C2F2014090F85A0001280DD1FFE745
:109B70004BF63860C2F2004000680F304BF2E961EA
:109B8000C2F2004102F046FF0CE04BF63860C2F230
:109B9000004000680F304BF2EF61C2F2004102F06A
:109BA00039FFFFE7FFE7FFE7FFE7FFE702F037FFD7
:109BB000FFE74DF22070C2F200400078012816DB6A
:109BC000FFE74DF22071C2F20041087801380870B9
:109BD0004BF63C60C2F2004000680F304BF2077158
:109BE000C2F2004102F016FF02F01EFF0EE04BF63B
:109BF0003C60C2F2004000680F304BF2E061C2F2FC
:109C0000004102F007FF02F00FFFFFE713B0F0BDC5
:109C100040F2FC50C2F20140807A012824D1FFE7D3
:109C200040F2FC50C2F20140C07A01281CD1FFE78B
:109C300040F2FC50C2F20140B0F9060010F5FA7F84
:109C400011DAFFE740F2FC50C2F20140B0F9040023
:109C5000B0F5FA7F07DDFFE74FF64051C2F2004151
:109C600001200870FFE7FFE77047000000000000D8
:109C700082B08DF807008DED000A4DF2FC30C2F283
:109C8000004090ED000AB7EEC00AB0EEC00BB6EE91
:109C9000001BB4EE410BF1EE10FA49DAFFE79DF834
:109CA000070048F6CC22C2F20142642110FB0120D9
:109CB00090ED2E0A9FED721AB4EE410AF1EE10FA01
:109CC00036DAFFE740F2E660C2F20140007878BB86
:109CD000FFE748F6CC20C2F2014090F85A00012874
:109CE00026D1FFE74DF2D030C2F200400078F8B93B
:109CF000FFE748F6CC20C2F20140B0F86600B8B9E0
:109D0000FFE748F6CC20C2F20140B0F8660078B90F
:109D1000FFE79DF8070048F6CC22C2F20142642119
:109D200010FB0121B1F8B2000A30A1F8B20056E0F0
:109D30009DF8070048F6CC22C2F20142642110FBD4
:109D40000120B0F9B200012848DBFFE79DF80700C9
:109D500048F6CC21C2F2014101F17402642110FBEA
:109D60000123D88F0538D8879DF8070010FB012004
:109D700090ED110A9FED431AB4EE410AF1EE10FA8C
:109D80000FDDFFE79DF8070048F6CC22C2F2014242
:109D9000642110FB0121B1F8B2002838A1F8B2000B
:109DA000FFE79DF8070048F6CC22C2F20142642189
:109DB00010FB0120B0F9B200B0F1FF3F0DDCFFE76E
:109DC0009DF8070048F6CC22C2F20142642110FB44
:109DD00001210020A1F8B200FFE7FFE7FFE79DF8AF
:109DE000070048F6CC22C2F20142642110FB012098
:109DF000B0F9B2001F2823DBFFE79DF8070048F603
:109E0000CC21C2F2014101F17403642210FB023C37
:109E10001E20ACF83E009DF8070010FB0232012026
:109E200082F83C00002008649DF8071001EB011245
:109E30004FF69C71C2F2004101EB820148631DE0C4
:109E40009DF8070048F6CC22C2F20142642110FBC3
:109E50000120B0F9B20080B9FFE79DF8070048F68D
:109E6000CC21C2F20141642210FB0212002082F8D0
:109E7000B0004FF000400864FFE7FFE702B0704712
:109E8000000011430000204380B582B08DED010A2F
:109E900048F6CC20C2F2014090F85A00022818D1AE
:109EA000FFE74EF23840C2F200409FEDC30A02F0D5
:109EB0009EFC48F6CC20C2F2014080ED050A4BF62C
:109EC0005861C2F200414DF20A70C3F6A340086027
:109ED00034E148F6CC20C2F2014090F85A00012843
:109EE00040F0BE80FFE701F0B7FD78B1FFE748F62C
:109EF000CC21C2F201414FF2C350C3F6A8604861C1
:109F00004EF23841C2F20041486037E002F0C4F836
:109F100050B1FFE74BF65861C2F200414DF20A70B2
:109F2000C3F6A340086028E048F6CC20C2F2014006
:109F300090F8580000BBFFE748F6CC20C2F2014081
:109F4000B0F86600C0B9FFE74EF23840C2F20040F8
:109F50009FED960A02F04BFC48F6CC20C2F201407D
:109F600080ED050A4BF65861C2F200414DF20A70CD
:109F7000C3F6A3400860FFE7FFE7FFE748F6CC2001
:109F8000C2F2014090F8720038B9FFE74BF6F86171
:109F9000C2F20041C820086007E04BF6F861C2F247
:109FA00000414FF4C8700860FFE701F055FD58B15B
:109FB000FFE74BF6F860C2F20040006848F2CC615F
:109FC000C2F201410860FFE748F2CC60C2F20140F2
:109FD000006801283DDBFFE748F2CC62C2F2014293
:109FE0001068411E1160012833DBFFE748F6CC20E2
:109FF000C2F2014090F87200A8B9FFE74BF6586131
:10A00000C2F200414DF20A70C3F6A340086048F660
:10A01000CC20C2F201400830BFEE000AF7EE000A81
:10A0200002F0B8FB14E04BF65861C2F2004149F669
:10A030009910C3F61960086048F6CC20C2F20140BE
:10A0400008309FED5B0ADFED5B0A02F0A3FBFFE740
:10A05000FFE74BF65C61C2F20041002008606CE053
:10A0600001F0FAFCA8B1FFE74EF23840C2F200401E
:10A070009FED4D0A02F0BBFB48F6CC20C2F2014036
:10A0800080ED050A4BF65861C2F2004100200860DD
:10A090004CE048F6CC20C2F2014090F8580040BB9A
:10A0A000FFE748F6CC20C2F20140B0F8660000BBE2
:10A0B000FFE748F6CC20C2F2014090F87300C0B927
:10A0C000FFE74EF23840C2F200409FED360A02F040
:10A0D0008EFB48F6CC20C2F2014080ED050A4BF61B
:10A0E0005861C2F200414DF20A70C3F6A340086005
:10A0F0001BE048F6CC20C2F2014090F8730098B102
:10A10000FFE748F6CC21C2F201414CF28F20C3F6A2
:10A11000F55048614BF65861C2F200414DF20B70A8
:10A12000C3F6A3600860FFE7FFE7FFE74BF65C615B
:10A13000C2F2004100200860FFE7FFE748F6CC20AC
:10A14000C2F2014090F85800012807D1FFE74BF612
:10A150005861C2F2004100200860FFE748F6CC20B9
:10A16000C2F2014090F85A1090F8600088420FD077
:10A17000FFE74DF2D030C2F20040007840B9FFE76F
:10A180004FF69C71C2F20041002048638867FFE7E8
:10A1900048F6CC21C2F2014191F85A0081F86000E2
:10A1A00002B080BD0AD7233ECDCC4C3E3D0A573E7F
:10A1B00000000080000000007B14AE3E00000000A4
:10A1C00080B582B048F6CC20C2F20140009090EDFC
:10A1D0000A0A4BF24870C2F2004090ED001A30EECD
:10A1E000010AB1EE400A48F27470C2F20140D0EDAB
:10A1F0000C0A90ED6E1A40F6EC30C2F20140FEF708
:10A20000EFFC0098B0F8660098B9FFE748F6CC205C
:10A21000C2F2014090F8580058B9FFE701F01CFC69
:10A2200038B9FFE74DF2D030C2F20040007878B183
:10A23000FFE748F6CC20C2F2014090ED050A40F657
:10A24000EC30C2F2014080ED0D0A80ED0C0A0EE008
:10A2500048F6CC20C2F2014090ED050A40F6EC3001
:10A26000C2F20140DFED290AFEF72AFDFFE740F2C6
:10A27000E660C2F201400078002844D1FFE70020E8
:10A280000190FFE7019801283CDCFFE7019848F6C0
:10A29000CC22C2F20142642100FB012090F8B00000
:10A2A00058B3FFE7019940F6EC30C2F2014030307C
:10A2B00000EB810191ED000A9FED151A30EE010AC5
:10A2C00081ED000A019900EB810090ED000A9FEDFD
:10A2D000111AB4EE410AF1EE10FA0DDDFFE7019913
:10A2E00040F6EC30C2F2014000EB810149F69A10D1
:10A2F000C3F699600863FFE7FFE7FFE701980130C5
:10A300000190BFE7FFE702B080BD00BF0000000082
:10A310000AD7233C9A99993E80B582B048F6CC2062
:10A32000C2F20140019090ED0A0A4BF24870C2F26D
:10A33000004090ED001A70EE010A40F25430C2F273
:10A3400001409FED9F0A02F0CFFA019880ED110ABB
:10A3500090ED020AB7EEC00AB0EEC00B9FED961B5F
:10A36000B4EE410BF1EE10FA67DAFFE748F6CC20C5
:10A37000C2F2014090F8580000285ED1FFE748F68D
:10A38000CC20C2F20140B0F86600002855D1FFE7AA
:10A3900040F2E660C2F20140007800284DD1FFE7AC
:10A3A00048F6CC20C2F2014090F85A0088B9FFE785
:10A3B0004BF68C01C2F2004142F6F600CCF260008E
:10A3C0000860886243F21650C4F22000086588676E
:10A3D000FFE748F6CC20C2F20140B0F8701001311E
:10A3E000A0F87010B0F87000B0F52F7F13DDFFE714
:10A3F00048F6CC20C2F2014040F2BD21A0F8701016
:10A4000090ED0F0A80ED010A4FF64C50C2F2004069
:10A4100080ED000A10E048F6CC20C2F2014090ED39
:10A42000060A80ED0F0A80ED010A4FF64C50C2F289
:10A43000004080ED000AFFE723E04BF68C01C2F2FA
:10A4400000414DF26F30CBF697700860886245F698
:10A45000FB40C3F6F5700865886748F6CC21C2F268
:10A4600001410020A1F8700091ED060A81ED010A7A
:10A470004FF64C50C2F2004080ED000A8869C86374
:10A48000FFE701F0E9FA48B9FFE748F6CC20C2F24D
:10A490000140B0F86600022811DBFFE748F6CC2047
:10A4A000C2F2014090ED060A80ED0F0A80ED010A2C
:10A4B0004FF64C50C2F2004080ED000AFFE701F079
:10A4C000EBFD78B1FFE748F6CC20C2F2014090F8EE
:10A4D0005B0038B9FFE748F6CC21C2F20141002009
:10A4E0008860FFE740F2E660C2F201400078012890
:10A4F00035D1FFE748F6CC20C2F201400090083089
:10A50000BFEE080AF7EE080A02F044F9009890ED51
:10A51000020AB0EEC00AB6EE001AB4EE410AF1EE3D
:10A5200010FA11DDFFE74BF60C31C2F200414BF29D
:10A53000C360CCF24F004860C8624AF6C150C3F60F
:10A54000FB704865C86709E04BF60C31C2F2004168
:10A5500000204860C8624865C867FFE7FFE748F623
:10A56000CC20C2F2014082684FF64C51C2F2004149
:10A570004A60C2688A6090ED040AB1EE400A81ED3B
:10A58000030A90ED050A9FED0F1A20EE010A91EDE6
:10A59000011A91ED0D2A20EE020A20EE010A9FED2C
:10A5A0000A1A80EE010AB0EE001A80EE010A80ED70
:10A5B000120A02B080BD00BF000000E04D62503FB3
:10A5C00000000000000036418FC2753E0000000010
:10A5D00080B586B040F2E660C2F201400078002803
:10A5E00000F09B80FFE748F6CC21C2F2014149F61A
:10A5F0009A10C3F6196048614FF69C71C2F200418F
:10A600000020886748634DF2DC70C2F20040C07DD4
:10A6100003280AD1FFE74BF65C61C2F200414DF21C
:10A620000A70CBF6A340086012E04BF69041C2F2EC
:10A63000004140F22560C3F6815008604BF65C6132
:10A64000C2F200414CF28F20C3F675500860FFE75C
:10A6500048F6CC20C2F2014090ED020AB0EEC00AEA
:10A66000B6EE001AB4EE410AF1EE10FA2ADDFFE769
:10A6700048F60C40C2F2014003909FED2D0A8DED8B
:10A68000040A02F0B4F80398B0EE401A9DED040AF3
:10A69000B1EE411A4BF60C31C2F20041059181ED49
:10A6A000031A02F0A4F8059981ED0D0A41F6044061
:10A6B000CBF69670C86541F60440C3F69670C1F8B3
:10A6C000840029E048F60C40C2F2014000909FED62
:10A6D000170A8DED010A02F08AF80098B0EE401AD0
:10A6E0009DED010AB1EE411A4BF60C31C2F2004168
:10A6F000029181ED031A02F07AF8029981ED0D0AB8
:10A7000040F60260CCF20B00C86540F60260C4F26D
:10A710000B00C1F88400FFE706E04BF69041C2F25F
:10A72000004100200860FFE706B080BDEA959E3F2B
:10A73000D465713E0000000080B582B08DED010A45
:10A7400048F2E860C2F2014002F073F9B0EE401A3C
:10A7500048F2EC60C2F2014090ED000A30EE010ACE
:10A7600080ED000A9DED010A8DED000A90ED001AC2
:10A770009FED082A9FED080A01EE020A02F05EF939
:10A78000B0EE401A9DED000AB0EEC11A20EE010AAB
:10A7900002B080BDE4CB9640920A863F00000000E4
:10A7A00080B584B0039002910192029820B1FFE736
:10A7B00001980B2801D0FFE709E00299019A4DF2B8
:10A7C000A850C2F200405B3002F07AF8FFE704B014
:10A7D00080BD00000000000080B584B003900291AD
:10A7E0000192029820B1FFE70198032801D0FFE70A
:10A7F00008E00299019A4DF6F210C2F2004002F010
:10A800005FF8FFE704B080BD80B584B0039002918B
:10A810000192029820B1FFE70198032801D0FFE7D9
:10A8200008E00299019A40F63710C2F2014002F0A6
:10A8300047F8FFE704B080BD80B584B00390029173
:10A840000192029820B1FFE70198032801D0FFE7A9
:10A8500008E00299019A48F2A260C2F2014002F0B7
:10A860002FF8FFE704B080BD80B582B040F2C07021
:10A87000C2F2014090ED120A4FF62850C2F2004099
:10A8800090ED001AB8EEC11A30EE410A9FED3E1A63
:10A89000B4EE410AF1EE10FA07DBFFE748F26C7103
:10A8A000C2F2014101200870FFE748F26C70C2F269
:10A8B00001400078002847D0FFE748F27070C2F2EC
:10A8C000014090ED000AB7EE001A30EE010A80ED6B
:10A8D000000A40F63010C2F20140D0F8030000EE4A
:10A8E000100A4FF62050C2F2004090ED001A30EEF0
:10A8F000410AB7EEC00AB0EEC00B9FED211BB4EECB
:10A90000410BF1EE10FA1EDDFFE748F27070C2F263
:10A910000140019090ED000A30EE000ABDEEC00A41
:10A9200010EE100A02F08FF8019948F26870C2F236
:10A93000014080ED000A0020086048F26C71C2F20C
:10A9400001410870FFE7FFE740F2C070C2F201402A
:10A9500090ED120ABDEEC00A4FF62850C2F2004038
:10A9600080ED000A40F63010C2F20140D0F803003A
:10A970004FF62051C2F20041086002B080BD00BF16
:10A98000FCA9F1D24D62503FCDCC4C4700000000F5
:10A9900080B5C6B045908DED440ACDED430A8DEDEE
:10A9A000421ACDED411A8DED402ACDED3F2A449853
:10A9B00045998863439845994864459890ED070AFE
:10A9C0008DED2F0A9DED440A01F016FFB0EE401AFE
:10A9D0009DED2F0A20EE010A459880ED180A459852
:10A9E00090ED070A8DED300A9DED440A01F009FF54
:10A9F000B0EE401A9DED300A20EE010A459880ED38
:10AA0000190A459890ED0A0A8DED310A9DED430A29
:10AA100001F0F2FE9DED311AB0EE402A459890ED1E
:10AA20000B0A01EE020A80ED1A0A459890ED0A0A17
:10AA30008DED320A9DED430A01F0E3FEB0EE401ABF
:10AA40009DED320A20EE010A459880ED1B0A4598DB
:10AA500090ED181A90ED1A0A30EE410AF0EE000A55
:10AA6000CDED3D0A01F01DFFDDED3D0A8DED330A10
:10AA7000459890ED191A90ED1B0A30EE410A01F04D
:10AA800010FFB0EE401A9DED330A30EE010A01F0DE
:10AA90000DFFDDED3D0A459880ED220A459890EDC9
:10AAA000080A90ED182A90ED1A1A30EE000A31EEDD
:10AAB000421A20EE010A80ED230A459890ED080A1B
:10AAC00090ED192A90ED1B1A30EE000A31EE421A71
:10AAD00020EE010A80ED240A459890ED080A01F065
:10AAE000E0FEDDED3D0A8DED340A459890ED220A39
:10AAF00001F0D7FEDDED3D0AB0EE401A9DED340ABF
:10AB000030EE010A8DED350A459890ED090A01F005
:10AB1000C8FEDDED3D0AB0EE401A9DED350A30EE7F
:10AB2000410A459880ED250A459890ED230A90ED5D
:10AB3000241A8DED381A01F0B4FEDDED3D0A8DEDDD
:10AB4000360A459890ED240A01F0ABFEDDED3D0A92
:10AB5000B0EE401A9DED360A30EE010A8DED370A4F
:10AB6000459890ED250A01F09CFEB0EE401A9DED4F
:10AB7000370A30EE410A01F099FEB0EE401A9DED21
:10AB8000380A30EE010A459890ED231A90ED252AF7
:10AB900071EE020A01F08FFE30EE000A459880ED5A
:10ABA0000F0A459890ED080A8DED390A90ED0F0ACD
:10ABB00090ED181A8DED3A1A01F01EFE9DED391A2E
:10ABC000B0EE402A9DED3A0A01EE020A459880ED6A
:10ABD0001C0A459890ED080A8DED3B0A90ED0F0A8E
:10ABE00090ED191A8DED3C1A01F00BFE9DED3B1A0C
:10ABF000B0EE402A9DED3C0A01EE020A459880ED38
:10AC00001D0A459890ED1A2A90ED1B3A90ED1C1AFA
:10AC100090ED1D0A30EE430A71EE420A01F04BFE40
:10AC2000DDED3D0A459880ED100A459890ED1C0A2F
:10AC300090ED1E1A30EE410A01F033FEDDED3D0AC3
:10AC40008DED3E0A459890ED1D0A90ED1F1A30EEED
:10AC5000410A01F026FEB0EE401A9DED3E0A30EEAC
:10AC6000010A01F023FE459880ED0C0A459890ED0D
:10AC70001C1A90ED1D0A90ED1E2A90ED1F3A30EE41
:10AC8000430A71EE420A01F016FE459880ED0D0A66
:10AC9000459890ED1C0AB5EE400AF1EE10FA0DDD74
:10ACA000FFE7459890ED1D0AB5EE400AF1EE10FA67
:10ACB00004DDFFE745990120C86548E0459890ED1F
:10ACC0001C0AB5EE400AF1EE10FA0DDAFFE74598DE
:10ACD00090ED1D0AB5EE400AF1EE10FA04DDFFE733
:10ACE00045990220C86531E0459890ED1C0AB5EE03
:10ACF000400AF1EE10FA0DDAFFE7459890ED1D0AD3
:10AD0000B5EE400AF1EE10FA04DAFFE745990320A8
:10AD1000C8651AE0459890ED1C0AB5EE400AF1EEC0
:10AD200010FA0DDDFFE7459890ED1D0AB5EE400ADB
:10AD3000F1EE10FA04DAFFE745990420C86503E054
:10AD400045990020C865FFE7FFE7FFE7FFE7429866
:10AD50004599C1F8C80041984599C1F8D000459877
:10AD600090ED070A8DED030A90ED0D0A01F049FD03
:10AD7000B0EE401A9DED030A20EE010A8DED040AA3
:10AD8000459890ED100A01F03CFDB0EE401A9DEDA3
:10AD9000040A20EE010A8DED050A459890ED0E0A91
:10ADA00090ED0F1A30EE410A01F02BFDB0EE401A83
:10ADB0009DED050A20EE010A8DED090A459890EDFA
:10ADC0000A0A8DED060A90ED0D0A01F015FDB0EEB0
:10ADD000401A9DED060A20EE010A8DED070A4598FE
:10ADE00090ED0F0A01F00DFDB0EE401A9DED070A3F
:10ADF00020EE010A8DED080A459890ED100A90EDBD
:10AE0000111A30EE410A01F0FCFC9DED081AB0EE7B
:10AE1000402A9DED090A01EE420A8DED0A0A459885
:10AE200090ED0F0A90ED101A30EE410A01F0E9FCA6
:10AE3000B0EE401A9DED0A0A80EE010A459880EDB9
:10AE4000370A459890ED070A8DED0B0A90ED0D0A33
:10AE500001F0D2FCB0EE401A9DED0B0A20EE010A83
:10AE60008DED0C0A459890ED100A01F0CAFCB0EE89
:10AE7000401A9DED0C0A20EE010A8DED100A45984E
:10AE800090ED0E0A90ED0F1A30EE410A01F0B9FC78
:10AE90008DED0F0A459890ED0A0A8DED0D0A90EDA3
:10AEA0000D0A01F0AEFCB0EE401A9DED0D0A20EE49
:10AEB000010A8DED0E0A459890ED0F0A01F0A1FCF4
:10AEC000B0EE401A9DED0E0A20EE010A8DED110A3A
:10AED000459890ED100A90ED111A30EE410A01F0FC
:10AEE00090FC9DED0F2A9DED101AB0EE403A9DEDBD
:10AEF000110A20EE030A01EE020A8DED120A4598AE
:10AF000090ED0F0A90ED101A30EE410A01F079FC35
:10AF1000B0EE401A9DED120A80EE010A459880EDD0
:10AF2000380A459890ED070A8DED130A90ED0D0A49
:10AF300001F067FCB0EE401A9DED130A20EE010A05
:10AF40008DED140A459890ED100A01F055FCB0EE15
:10AF5000401A9DED140A20EE010A8DED180A45985D
:10AF600090ED0E0A90ED0F1A30EE410A01F049FC07
:10AF70008DED170A459890ED0A0A8DED150A90EDB2
:10AF80000D0A01F039FCB0EE401A9DED150A20EED5
:10AF9000010A8DED160A459890ED0F0A01F02CFC80
:10AFA000B0EE401A9DED160A20EE010A8DED190A49
:10AFB000459890ED100A90ED111A30EE410A01F01B
:10AFC00020FC9DED172A9DED181AB0EE403A9DED3C
:10AFD000190A20EE030A01EE420A8DED1A0A45987D
:10AFE00090ED0F0A90ED101A30EE410A01F009FCC5
:10AFF000B0EE401A9DED1A0A80EE010A459880EDE8
:10B00000390A459890ED070A8DED1B0A90ED0D0A5F
:10B0100001F0F2FBB0EE401A9DED1B0A20EE410A52
:10B020008DED1C0A459890ED100A01F0E5FBB0EE9D
:10B03000401A9DED1C0A20EE010A8DED1D0A45986F
:10B0400090ED0E0A90ED0F1A30EE410A01F0D9FB97
:10B05000B0EE401A9DED1D0A20EE010A8DED210A89
:10B06000459890ED0A0A8DED1E0A90ED0D0A01F04B
:10B07000C8FBB0EE401A9DED1E0A20EE010A8DEDD0
:10B080001F0A459890ED0F0A01F0B6FBB0EE401A8A
:10B090009DED1F0A20EE010A8DED200A459890EDE6
:10B0A000100A90ED111A30EE410A01F0AAFB9DED55
:10B0B000201AB0EE402A9DED210A01EE420A8DEDE4
:10B0C000220A459890ED0F0A90ED101A30EE410AD1
:10B0D00001F097FBB0EE401A9DED220A80EE010AC6
:10B0E000459880ED3A0A459A02F1DC0002F1C80168
:10B0F000D432EC4601232D93CCF8043002232C9358
:10B10000CCF8003001F0A4FC459890ED0C2A90EDAD
:10B11000350ABFEE001A81EE021A20EE010A80ED18
:10B12000350A459890ED360A90ED3B1A30EE410A0B
:10B130009FED661A80EE010A80ED3C0A4599D1F830
:10B14000D800C1F8EC0040984599C1F8F4003F9848
:10B150004599C1F8FC00459890ED0C0A8DED230A45
:10B1600090ED0D0A90ED0F1A30EE410A01F049FB07
:10B17000B0EE401A9DED230A20EE010A8DED250A5E
:10B18000459890ED070A8DED240A90ED0E0A90ED9A
:10B190000F1A30EE410A01F034FB9DED241AB0EE97
:10B1A000402A9DED250A21EE021A80EE010A4598FB
:10B1B00080ED420A459890ED0C0A8DED260A90ED3F
:10B1C0000D0A90ED101A30EE410A01F01AFBB0EEB4
:10B1D000401A9DED260A20EE010A8DED280A4598B9
:10B1E00090ED0A0A8DED270A90ED101A90ED110AE4
:10B1F00030EE410A01F005FB9DED271AB0EE402A22
:10B200009DED280A21EE021A80EE010A459880ED94
:10B21000430A459890ED0D0A90ED0F1A30EE410A61
:10B2200001F0EAFA8DED2A0A459890ED070A8DEDB6
:10B23000290A90ED0E1A90ED0F0A30EE410A01F046
:10B24000E0FA9DED291AB0EE402A9DED2A0A21EE82
:10B25000021A80EE010A459880ED440A459890ED67
:10B260000D0A90ED101A30EE410A01F0C5FA8DED8D
:10B270002E0A459890ED0A0A8DED2B0A90ED100AE2
:10B2800090ED111A30EE410A01F0BBFA9DED2B1A38
:10B290002C9BDDF8B4E0B0EE402A9DED2E0A21EEA5
:10B2A000021A80EE010A459880ED450A459A02F59A
:10B2B000847002F1F40102F58072EC46CCF804E0EF
:10B2C000CCF8003001F0C4FB46B080BD6F12033BE8
:10B2D00083B00290019101200090FFE700980528BB
:10B2E0000FDCFFE70198009A00EB820050F8040C95
:10B2F000029901EB82018861FFE70098013000901C
:10B30000ECE7029890ED0B0AB0EE001A80EE010A0D
:10B3100080ED1E0A02990020C867029991ED0B0A80
:10B3200080EE010A81ED4E0A0299C1F83C0103B09A
:10B33000704700000000000080B5B2B031908DED84
:10B34000300ACDED2F0A8DED2E1ACDED2D1A309845
:10B350003199C1F818012F983199C1F81C01319821
:10B3600090ED460A8DED030A90ED470A90ED4E1AD6
:10B370008DED041A01F040FA9DED031AB0EE402A5B
:10B380009DED040A01EE020A319880ED4C0A3198D5
:10B3900090ED460A8DED050A90ED470A90ED4F1AA3
:10B3A0008DED061A01F02DFA9DED051AB0EE402A3A
:10B3B0009DED060A01EE020A319880ED4D0A3198A2
:10B3C00090ED4C0AF0EE000ACDED1A0A01F069FA90
:10B3D000DDED1A0A8DED070A319890ED4D0A01F066
:10B3E00060FADDED1A0AB0EE401A9DED070A30EE64
:10B3F000010A8DED080A319890ED070A01F051FA23
:10B40000DDED1A0AB0EE401A9DED080A30EE410A51
:10B410008DED090A319890ED080A01F042FAB0EE7C
:10B42000401A9DED090A30EE410A319890ED071A55
:10B4300090ED082A31EE011A21EE021A80EE010A7F
:10B4400001F00BFBDDED1A0AB0EE401A9FEDFB0A8E
:10B450008DED1E0A30EE410A319880ED510A319887
:10B4600090ED0B1A90ED4C0A30EE410A01F019FAFA
:10B47000DDED1A0A8DED0A0A319890ED4D0A01F0C2
:10B4800010FADDED1A0AB0EE401A9DED0A0A30EE10
:10B49000010A8DED0B0A319890ED090A01F001FACD
:10B4A000DDED1A0AB0EE401A9DED0B0A30EE410AAE
:10B4B0008DED0C0A319890ED0A0A01F0F2F9B0EE28
:10B4C000401A9DED0C0A30EE410A319890ED091AB0
:10B4D00090ED0A2A31EE011A21EE021A80EE010ADD
:10B4E00001F0BBFA9DED1E1A30EE010A319880ED95
:10B4F000520A3199D1F83001C1F85C01319890EDD0
:10B50000080A8DED0D0A90ED510A01F07AF9B0EEBE
:10B51000401A9DED0D0A20EE010A319880ED580A7F
:10B52000319890ED070A8DED0F0A90ED080A8DED28
:10B530000E0A90ED510A01F05FF99DED0E1ADDED56
:10B540001A0AB0EE402A9DED0F0A01EE420A319828
:10B5500080ED590A319890ED580A90ED591A8DED09
:10B56000111A01F09EF9DDED1A0A8DED100A3198DD
:10B5700090ED590A01F095F9B0EE401A9DED100AD0
:10B5800030EE010A01F092F9B0EE401A9DED110A79
:10B5900080EE010A01F061FADDED1A0A8DED140A60
:10B5A000319890ED570A8DED130A90ED580A01F08D
:10B5B00078F9DDED1A0A8DED120A319890ED590AED
:10B5C00001F06FF9B0EE401A9DED120A30EE010A5B
:10B5D00001F06CF9B0EE401A9DED130A80EE010AFD
:10B5E00001F03BFAB0EE401A9DED140A30EE010A6C
:10B5F000319880ED500A319890ED0B0A90ED4C1A7D
:10B6000030EE410A80ED570A319890ED090A8DED30
:10B61000150A90ED520A01F0F4F8B0EE401A9DEDD3
:10B62000150A20EE010A319880ED580A319890ED04
:10B63000090A8DED160A90ED0A0A8DED170A90EDB4
:10B64000520A01F0D9F89DED161ADDED1A0AB0EE96
:10B65000402A9DED170A01EE420A319880ED590A01
:10B66000319890ED580A90ED591A8DED191A01F0A4
:10B6700018F9DDED1A0A8DED180A319890ED590A86
:10B6800001F00FF9B0EE401A9DED180A30EE010AF4
:10B6900001F00CF9B0EE401A9DED190A80EE010A96
:10B6A00001F0DBF9DDED1A0A8DED1D0A319890ED00
:10B6B000570A8DED1C0A90ED580A01F0F2F8DDED05
:10B6C0001A0A8DED1B0A319890ED590A01F0E9F83C
:10B6D000B0EE401A9DED1B0A30EE010A01F0E6F8CB
:10B6E000B0EE401A9DED1C0A80EE010A01F0B5F99A
:10B6F0009DED1D1AB0EE402A9DED1E0A31EE021A94
:10B70000319880ED531A3199D1F84001C1F82001E8
:10B71000319890ED502A90ED511A31EE021A31EE27
:10B72000401A80ED491A319890ED521A90ED532A43
:10B7300031EE421A80ED4A1A319890ED531A30EEEC
:10B74000410A80ED4B0A2E983199C1F868012D9875
:10B750003199C1F86C01319890ED070A8DED1F0AFF
:10B7600090ED0E0A90ED0F1A30EE410A01F049F803
:10B77000B0EE401A9DED1F0A20EE010A8DED200A61
:10B78000319890ED0D0A90ED101A30EE410A01F05B
:10B7900033F8B0EE401A9DED200A20EE010A8DED3F
:10B7A000220A319890ED0C0A8DED210A90ED0F1AC6
:10B7B00090ED100A30EE410A01F023F89DED211AB8
:10B7C000B0EE402A9DED220A21EE021A80EE010A17
:10B7D000319880ED5E0A319890ED070A8DED230ACD
:10B7E00090ED0E0A90ED0F1A30EE410A01F009F8C3
:10B7F000B0EE401A9DED230A20EE010A8DED240AD9
:10B80000319890ED0D0A90ED101A30EE410A00F0DB
:10B81000F8FFB0EE401A9DED240A20EE010A8DEDEE
:10B82000250A319890ED0F1A90ED100A30EE410A7A
:10B8300000F0E7FFB0EE401A00F002B8DB0F49401D
:10B840009DED250A80EE010A319880ED5F0A31985E
:10B8500090ED0A0A8DED260A90ED100A90ED111A6E
:10B8600030EE410A00F0CDFFB0EE401A9DED260A01
:10B8700020EE010A8DED270A319890ED0D0A90ED2A
:10B880000F1A30EE410A00F0B7FFB0EE401A9DEDFE
:10B89000270A20EE010A8DED290A319890ED0C0A55
:10B8A0008DED280A90ED0F1A90ED100A30EE410A46
:10B8B00000F0A7FF9DED281AB0EE402A9DED290A61
:10B8C00021EE021A80EE010A319880ED600A31986B
:10B8D00090ED0A0A8DED2A0A90ED100A90ED111AEA
:10B8E00030EE410A00F08DFFB0EE401A9DED2A0ABD
:10B8F00020EE010A8DED2B0A319890ED0D0A90EDA6
:10B900000F1A30EE410A00F07CFFB0EE401A9DEDB8
:10B910002B0A20EE010A8DED2C0A319890ED0F1ABA
:10B9200090ED100A30EE410A00F06BFFB0EE401AC5
:10B930009DED2C0A80EE010A319880ED610A319A62
:10B9400002F5BC7002F5B47102F5B872EC46012341
:10B95000CCF804300223CCF8003001F079F832B092
:10B9600080BD00000000000080B582B04FF6E060AE
:10B97000C2F2004001686FF3DF21A1F5806148F653
:10B980008422C2F2014211800168C1F3CA21A1F5EB
:10B99000806151804168C1F34A01A1F580619180C5
:10B9A00001684368890D41EA83216FF3DF21A1F526
:10B9B0008061D1804168C1F34A41A1F58061118164
:10B9C0004068000B800718B9FFE7012001900CE0E8
:10B9D0004FF6E060C2F200404068C0F3013102203F
:10B9E000012908BF03200190FFE7019848F6842150
:10B9F000C2F20141887240F69010C2F20140007814
:10BA0000C00720B3FFE74FF6D460C2F20040407A8F
:10BA1000E8B1FFE740F69010C2F2014000888009CB
:10BA2000C007A0B9FFE748F68420C2F20140807A3F
:10BA300002280CD1FFE740F2FC50C2F2014048F668
:10BA40008421C2F20141482200F03AFFFFE702B030
:10BA500080BD00000000000081B048F6CC20C2F29A
:10BA6000014090F8B0100020009059B1FFE748F66F
:10BA7000CC20C2F2014090F81401002818BF012028
:10BA80000090FFE7009800F0010001B0704700004F
:10BA900080B5ADF5027D48F6CC20C2F2014090EDB4
:10BAA000251A90ED3E0A9FED9B3A20EE030A01EE27
:10BAB000030AB0EE001A80EE010A80ED060A90ED4E
:10BAC000262A90ED3F0A20EE030A02EE030A80EEDA
:10BAD000010A80ED070AF9F767FC40F24860C2F2FC
:10BAE000014080ED000AF5F7AFFD00208190FFE7EF
:10BAF0008198012823DCFFE7819948F27472C2F231
:10BB000001424FF4C47001FB002048F6CC23C2F27E
:10BB10000143642201FB0231D1ED1D0A91ED1E0AA1
:10BB2000D1ED211A91ED221A91ED242AD1ED232A8B
:10BB3000FEF72EFFFFE7819801308190D8E748F6A5
:10BB4000CC20C2F2014080694FF64C51C2F2004154
:10BB5000886240F2E660C2F20140007838B9FFE73F
:10BB600040F2E760C2F20140007858B1FFE748F6C2
:10BB7000CC20C2F20140C0694FF64C51C2F20041E4
:10BB8000C8620CE04FF24470C2F20040D0F8E80006
:10BB900040684FF64C51C2F20041C862FFE748F6D8
:10BBA000CC20C2F20140026A4FF64C51C2F2004171
:10BBB00075910A6390ED090AB1EE400A81ED0D0A14
:10BBC0004BF65C62C2F2004292ED000A90ED0B1A55
:10BBD00030EE010A81ED120A006BC8644BF6586220
:10BBE000C2F2004292ED000A91ED121A9FED4A3A1C
:10BBF00031EE031A48F27470C2F2014090ED0D2A42
:10BC000031EE021A30EE010A81ED0E0A91ED130AAF
:10BC100090ED351A30EE010A81ED0F0A91ED0F0A11
:10BC200091ED4C1A30EE410A9FED3C1A80EE010A6C
:10BC300081ED4A0ACB6BC1F8303192ED000A91EDEB
:10BC4000122A32EE032A90ED6F3A32EE032A30EEDA
:10BC5000020A4BF69042C2F2004292ED002A30EE08
:10BC6000020A81ED100A91ED130A90ED972A30EE49
:10BC7000020A81ED110A91ED110A91ED4D2A30EE83
:10BC8000420A80EE010A81ED4B0A486CC1F834018A
:10BC900000208090FFE78098012832DCFFE7809B3E
:10BCA00048F6CC20C2F2014000F174017291642088
:10BCB000739003FB0010006D40F6B012C2F2014217
:10BCC00071924FF48E71749103FB0123D3F8EC3021
:10BCD0001860809800FB012000F057FDDDF8C4C11A
:10BCE000729B739A7498809901FB00C0D0F8E800A9
:10BCF000006801FB0231C864FFE780980130809042
:10BD0000C9E700207F90FFE77F98012800F3CE80ED
:10BD100006E000BFAE47613DDB0FC9BF6F12033BBA
:10BD20007F9848F27472C2F2014268924FF4C47173
:10BD3000699100FB0120006B7C907F9800FB012043
:10BD4000D0F8D8007D907F9800FB0120D0F8F0005B
:10BD50007E90DDF8FCC14FF64C50C2F2004000F17D
:10BD6000280303EBCC0CDCF810C0CDF8E4C1DDF8FF
:10BD7000FCC103EBCC035B697A937F9B00EB8300F0
:10BD8000D0F828017B9048F6CC20C2F201406790A1
:10BD900090ED0D0A7F9800FB012090ED401AD0ED48
:10BDA000410A7CA879A900F093F9679B6898699A81
:10BDB0007F9903F1740CCDF8A8C164236B9301FB48
:10BDC00003C181ED120A4BF6C061C2F2004109685D
:10BDD000DDF8FCC14BF6B863C2F2004343F82C1007
:10BDE0007F9901FB02006C9051436D9100F11001AD
:10BDF000684640F278126E926F91709070986F99C9
:10BE00006E9A51F8043B659140F8043B6690043A01
:10BE10006E926F917090F1D16898DDF8B4C16C9B0F
:10BE200059689A68DB6850F80C00F9F7E9F96A99E3
:10BE30006B987F9B4BF6B062C2F20042639202EBBA
:10BE4000830282ED000A7F9B03FB0010806C4FF29F
:10BE50000C52C2F2004264924FF48E71629103FB65
:10BE60000123D3F8EC3018607F9800FB012000F02C
:10BE70008CFCDDF888C1639B6A9A6B99DDF890E1D0
:10BE80007F9800FB0CECDCF8E8C09CED000A03EBAB
:10BE9000800393ED001A30EE010A00FB012080EDD3
:10BEA000110AFFE77F9801307F902DE748F6CC20FC
:10BEB000C2F20140D0ED080A9FED720A9FED721A9E
:10BEC00000F08BFC8DED780A9DED780AB0EEC00A8B
:10BED0008DED780A00207790FFE7779801280BDC3A
:10BEE000FFE79DF8DC019DED780AFDF7C1FEFFE755
:10BEF000779801307790F0E79DED780AFDF7C4FF61
:10BF0000FBF786FBF9F7D0FCF9F7FEFEFEF760FBC6
:10BF1000FEF756F9FBF7B0FBFEF7FEF9FCF7D0FB96
:10BF20006946012008604FF64C50C2F20040619013
:10BF300000F1280100F15002B7EE000AFFEE000AFE
:10BF40000A2300F08FFD619890ED020AD0ED0C0AF3
:10BF50009FED4D1A00F041FC619880ED160A4DF2FC
:10BF6000DC70C2F20040C07D03280CD1FFE74FF621
:10BF70004C50C2F200405430BFEE040AF7EE040AFF
:10BF800000F008FC0BE04FF64C50C2F20040543079
:10BF90009FED3E0ADFED3E0A00F0FCFBFFE74DF2AD
:10BFA000D030C2F20040407B38B3FFE74FF64C5030
:10BFB000C2F200405F905030DFED360ACDED600AEE
:10BFC000B0EE600A00F0E6FB5F98DDED600A5430E9
:10BFD000B0EE600A00F0DEFB5F985830BEEE000A5B
:10BFE000F6EE000A00F0D6FB5F98DDED600A5C30EB
:10BFF000B0EE600A00F0CEFBFFE769460120486022
:10C000000A2008604FF64C52C2F2004202F188004A
:10C0100002F150017832042300F01AFDFCF714FC01
:10C0200048F6CC20C2F201405E9090ED100A90EDEF
:10C03000262A90ED341A31EE421A20EE010A80EDE4
:10C04000350A90ED100A90ED3F2A90ED4D1A31EE31
:10C05000421A20EE010A80ED4E0A00207690FFE79A
:10C060007698012809DCFFE79DF8D801FAF718FD5A
:10C07000FFE7769801307690F2E7F5F76DFB0DF566
:10C08000027D80BDB092AD40DB0FC9406666E6BF61
:10C090006666E63F0000000081B048F6CC20C2F2A0
:10C0A000014090F8B0100120009059B9FFE748F620
:10C0B000CC20C2F2014090F81401002818BF0120E2
:10C0C0000090FFE7009800F0010001B07047000009
:10C0D00080B592B08DED110ACDED100A8DED0F1ADD
:10C0E0000E900D919DED100A8DED010A0D9890EDC9
:10C0F000000A00F0BCFC8DED000A9DED0F0A8DEDED
:10C10000020A0D9890ED000A00F098FC9DED002ABF
:10C110009DED011AB0EE403A9DED020A20EE030AB1
:10C120000E9890ED003A80EE030A01EE020A4BF6FB
:10C13000C060C2F200400B9080ED000A9DED110A34
:10C140008DED040A0E9890ED020A8DED030A0D980C
:10C1500090ED000A00F08BFC9DED031AB0EE402A32
:10C160009DED040A01EE420A8DED060A0E9890ED4F
:10C17000010A30EE001A0D9890ED000A90ED012AA8
:10C1800021EE021A8DED051A00F058FC9DED051AFE
:10C19000B0EE402A9DED060A01EE020A8DED080A76
:10C1A0000E9890ED001A0D9890ED000A90ED022A7D
:10C1B00021EE021A8DED071A00F040FC9DED071AE2
:10C1C000B0EE402A9DED080A01EE020A8DED0C0A40
:10C1D0000E9890ED000A8DED090A0D9890ED010A78
:10C1E000F0EE000A00F05DFBB0EE401A9DED090A8A
:10C1F00020EE010A8DED0A0A0D9890ED000A00F07C
:10C2000036FC9DED0A1A0B99B0EE402A9DED0C0A02
:10C2100001EE020A49F22440C2F2014080ED000A18
:10C2200091ED000A9FED051A30EE010A90ED001A1B
:10C230009FED032A01EE020A12B080BDEB73E040CD
:10C240003D0A373F0000000080B5A0B048F6CC2181
:10C25000C2F201414DF20A70C3F62360486100202A
:10C260001D9081F85E004FF00040086441F6B86010
:10C27000C3F6056008604EF23840C2F200409FED00
:10C28000D00A8DED120ADFEDCF0ACDED130A9FED36
:10C29000CE1A8DED141A00F0CDFA9DED120ADDEDE7
:10C2A000130A9DED141A40F64810C2F2014000F046
:10C2B000C1FA4FF2C020C2F200409FEDC40AF8EE6E
:10C2C000080AB0EE081A8DED1A1A00F0B3FA9DEDC7
:10C2D0001A1A48F60C40C2F201409FEDBD0ADFED8C
:10C2E000BD0A00F0A7FA40F65C10C2F201401590BA
:10C2F0009FEDF80A8DED160ADFEDF70ACDED170A6E
:10C300009FEDF61A8DED181A00F094FA15989DED30
:10C31000160ADDED170A9DED181A143000F08AFA9E
:10C320009DED1A0A4BF6C460C2F200401990DFED91
:10C33000EC0ACDED1B0A9FEDEB1A8DED1C1A00F0F7
:10C3400079FA19989DED1A0ADDED1B0A9DED1C1A6C
:10C35000143000F06FFA1D981F90FFE71F98012816
:10C3600000F3EC80FFE71F9848F27472C2F20142BA
:10C370004FF4C47100FB01204BF23061C2F2004166
:10C38000FEF7A6FF1F9800EB001140F2BC10C2F2AE
:10C39000014000EB810000210E919FEDD80AF7EEDD
:10C3A000080A9FEDCB1A8DED101ADFEDD51ACDEDF1
:10C3B000081A9FEDCA2A8DED0A2A00F086FADDEDF3
:10C3C000081A9DED0A2A0E999DED101A1F9800EB90
:10C3D000001240F24420C2F2014000EB82009FEDC7
:10C3E000C90AF0EE080ACDED090A00F06EFADDED9B
:10C3F000090A9DED0A2A0E991F9800EB001240F2DF
:10C400003410C2F2014000EB82009FEDBF0A9FEDA5
:10C41000BF1A8DED0F1ADFEDBE1A00F056FA0E9915
:10C42000DDED101A1F9800EB001240F2AC00C2F2D2
:10C43000014000EB82009FEDB70A8DED0B0A9FEDE6
:10C44000B61A9FEDB62AF0EE610A00F03EFA9DEDB5
:10C450000B0A1F9800EB00114FF69C70C2F20040CF
:10C460000C9000EB81000121F0EE000ACDED0D0AE9
:10C470009FEDAB1ADFEDAB1A9FEDAB2A8DED112AC4
:10C4800000F023FA0C989DED0D0A0E999DED101AFF
:10C490001F9A02EB021200EB82034DF20A72C3F6FE
:10C4A0002342DA601F9A02EB021200EB82024CF286
:10C4B0008F20C3F6F54010611F9800EB001240F288
:10C4C000CC20C2F2014000EB8200F6EE000ADFED64
:10C4D000971A9FED872A00F0F8F90E999DED0F1A33
:10C4E000DDED101A9DED112A1F9800EB001240F2AD
:10C4F0009830C2F2014000EB82009FED8D0AF0EE11
:10C50000610A00F0E2F90E999DED0F1ADDED101AA7
:10C510009DED112A1F9800EB001240F22400C2F298
:10C52000014000EB82009FED830AF0EE610A00F00B
:10C53000CCF9FFE71F9801301F900FE740F254300D
:10C54000C2F2014000219FED680A9FED681ADFEDFD
:10C55000601A9FED672AF0EE610A00F0B6F948F61E
:10C560000840C2F201400068002840F0AA80FFE7BE
:10C5700048F60841C2F201410120086040F67040CF
:10C58000C2F201409FED5B0A8DED070ADFED5A0A0A
:10C59000FCF7DAFC9DED071A40F6EC30C2F20140E0
:10C5A0009FED4A0ADFED480AFCF75AFB00208DF8A0
:10C5B0007B00FFE79DF87B00012800F381800BE002
:10C5C0006F12833AAE47E13DA470BD3E6F12033C4B
:10C5D000CDCC4C3D000000009DF87B004FF20C528A
:10C5E000C2F2004201924FF48E71069110FB0120BD
:10C5F0000022029201230393194600F0C1F8DDF8EE
:10C6000004C0029A039B06999DF87B0010FB01C0B1
:10C61000D0F8B4E04FF07E500490CEF800009DF8C2
:10C620007BE01EFB01CEDEF8C0E0CEF800009DF8F6
:10C630007BE01EFB01CEDEF8C8E0CEF800009DF8DE
:10C640007B0010FB01C0D0F8CCC00020C4F2FA304F
:10C65000CCF800009DF87B0040F6B01CC2F2014C03
:10C66000CDF814C010FB01C0194600F089F80498F9
:10C67000059A06999DF87B3013FB0123D3F8B4305B
:10C6800018609DF87B3013FB0123D3F8C03018608D
:10C690009DF87B3013FB0123D3F8C83018609DF858
:10C6A0007B0010FB0120D0F8CC100020C4F27A40AF
:10C6B0000860FFE79DF87B0001308DF87B0079E78B
:10C6C000FFE720B080BD00BFAE47E13DA470BD3E96
:10C6D00000000000000070420000FAC30000FA43AE
:10C6E000000016C4000016440000C84300401C4669
:10C6F000000048428FC2F53EAE47613D0000E14474
:10C7000000001643008009450000964400401C4785
:10C710000000C8420000484400409C4600004843D6
:10C720000060EA4600008C4200009643000034425C
:10C730000080BB4400007A4440F23411C2F201414F
:10C740000020486388674FF69C71C2F2004148633D
:10C7500088674EF23841C2F200414CF6CD40C3F634
:10C76000CC50486040F64811C2F20141486048F69A
:10C77000CC21C2F20141886948608869C86370476A
:10C7800048F6A93CC0F6010C604749F2A91CC0F666
:10C79000010C604746F6C15CC0F6010C604746F2EA
:10C7A000597CC0F6010C60474AF2314CC0F6010CCE
:10C7B00060474CF6812CC0F6010C604746F2291CFC
:10C7C000C0F6010C60474CF6D92CC0F6010C60474E
:10C7D0004AF2F13CC0F6010C604746F2296CC0F603
:10C7E000010C604749F6194CC0F6010C60474BF646
:10C7F000F13CC0F6010C604745F69D1CC0F6010CEB
:10C80000604746F2650CC0F6010C604747F2B13C48
:10C81000C0F6010C604747F6F92CC0F6010C6047E2
:10C820004BF6195CC0F6010C604740F23D4CC0F677
:10C83000000C60474BF6B14CC0F6010C604741F26A
:10C84000512CC0F6000C604741F2A16CC0F6000C00
:10C85000604746F6592CC0F6010C60474AF6091CA1
:10C86000C0F6010C604747F2E92CC0F6010C6047A6
:10C8700047F6992CC0F6010C604747F2817CC0F660
:10C88000010C60474AF2690CC0F6010C604746F69D
:10C89000190CC0F6010C60474AF2311CC0F6010CBD
:10C8A00060474FF2A14CC0F6010C60474FF6954C23
:10C8B000C0F6010C60474EF6457CC0F6010C60479F
:10C8C00040F20B4CC0F6000C60474AF2B16CC0F667
:10C8D000010C604740F2034CC0F6000C60474AF27E
:10C8E000911CC0F6010C60474AF2095CC0F6010CCD
:10C8F00060474CF2213CC0F6010C60474CF2493CC9
:10C90000C0F6010C60474AF2C93CC0F6010C604712
:10C9100045F6890CC0F6010C60474DF6B90CC0F61F
:10C92000010C60474AF2397CC0F6010C604749F6B9
:10C93000295CC0F6010C604746F2913CC0F6000C41
:10C9400060474BF6495CC0F6010C60474BF6E14C82
:10C95000C0F6010C60474DF2B93CC0F6010C6047CF
:10C9600048F2B95CC0F6010C60474AF2017CC0F69F
:10C97000010C604748F2593CC0F6010C604746F292
:10C98000F10CC0F6010C604746F6116CC0F6010CC4
:10C99000604747F2295CC0F6010C60474FF2F11C7A
:10C9A000C0F6010C60474FF6D14CC0F6010C604751
:10C9B00046F2D14CC0F6010C60474CF2414CC0F637
:10C9C000010C60474CF2494CC0F6010C60474CF238
:10C9D000514CC0F6010C60474CF2594CC0F6010CAA
:10C9E00060474CF2614CC0F6010C60474CF2516C50
:10C9F000C0F6010C60474CF2096CC0F6010C6047B0
:10CA00004CF2815CC0F6010C60474CF2895CC0F6C8
:10CA1000010C604740F2614CC0F6000C60474CF2DC
:10CA2000915CC0F6010C60474CF2995CC0F6010CB9
:10CA3000604741F2012CC0F6000C60474FF6053C00
:10CA4000C0F6010C60474AF2892CC0F6010C604721
:10CA500045F6F10CC0F6010C60474EF62D6CC0F6A1
:10CA6000010C604745F6210CC0F6010C60474FF2FF
:10CA7000513CC0F6010C60470000000000000000BF
:10CA800000000000000000000000000000000000A6
:10CA90000000000000000000000000000000000096
:10CAA0000000000000000000000000000000000086
:10CAB0000000000000000000000000000000000076
:10CAC0000000000000000000000000000000000066
:10CAD0000000000000000000EAC41242158C58401B
:10CAE00003899DC1C93CB6BF1361F5C1E3FC61C0B8
:10CAF0000000000000000000000000000000000036
:10CB000003899DC1C93CB6BFEAC41242158C584086
:10CB10001361F5C1E3FC61C0000000003333333F13
:10CB2000000000C0000080BF000000000000000006
:10CB300000000000000000000000000000000000F5
:10CB4000000000003333333F000000400000803F0E
:10CB500000000000000000000000000000000000D5
:10CB600000000000000000000000000000000000C5
:10CB700000000000000000000000000000000000B5
:10CB800000000000000000000000000000000000A5
:10CB90000000000000000000000000000000000095
:10CBA0000000000000000000000000000000000085
:10CBB0000000000000000000F6285C3E9318843E50
:10CBC0009318843EF6285C3E000000004000000000
:10CBD000C15F00240000000050000000994D0024B7
:10CBE0000000000060000000294D0024000000004B
:10CBF00070000000614D0024000000008000000073
:10CC0000199200240000000090000000613F002401
:10CC100000000000000100009179002400000000E5
:10CC200005000000F95F0024000000001000000073
:10CC3000D14D00240000000020000000993F002496
:10CC400000000000300000005192002400000000AD
:10CC5000300000008192002400000000300000003D
:10CC6000B19200240000000020202020202020205D
:10CC7000004D69642020004D616E2020004C6F77CC
:10CC8000202000466C792020004869676820006FEA
:10CC900066665F6C616E640053686F7274000000BA
:10CCA000C1148281011E81160108F1041E111701B1
:10CCB0000839041A89041A31101AA104710260801B
:10CCC00000111888E30842E42C4E40547461C16995
:10CCD000C563BF6920693091181F3A54BFE2583BC1
:10CCE000C00E2D7EC0FB3A88BF401314C19B727DDD
:10CCF000BF54749AC0FE431A509FC2C04BC89FBF16
:10CD0000281A40286A3F206930692898292315BECF
:10CD10003FCEAAA24047E6AEC091D0CABFCE2ACE2F
:10CD200041840D0F401895E5C086AF8FBEBCF499C5
:10CD3000C13FC60CC0281A40286A3F2069306928C4
:10CD4000982972F9B3BFB28053C01153FFC08F3618
:10CD5000E6BF304C53C1DA8FACBF952BBFC0F1B7E3
:10CD600035BF992AC8C0835199BF281A40286A3F05
:10CD700020693069289829BF0EE03F8D627D40C947
:10CD8000762CC18CBE26C0EA840242A88C2D40417C
:10CD9000F13DC1F67B26BFA993BFC1C8EF37C028BC
:10CDA0001A412879206930692898295F993BBF602A
:10CDB000933FC011197CC00FD184BF55C175C18686
:10CDC000E6F2BF2C2BB3C0AC8B43BFC22F95C0790A
:10CDD000CC7CBF281A40286A3F2069306928100F90
:10CDE000F81A263F965B2640CBB9DBC02029981A5B
:10CDF000C0500DF341BE134540D26F5FC1BDAA774D
:10CE0000BF3B81A6C1134449C0281A402879206934
:10CE10003069289829029D41BF77BE43C033C48F33
:10CE2000C01CB57ABF83C08AC1417D0FC0255DADEE
:10CE3000C0F51362BF401864C05FB542BF281A40F6
:10CE4000286A3F20693069289829DF17FF3E111EA4
:10CE5000FD3FA68A14C1B77F19C00EED0242807D46
:10CE60004840EBE29CC1A4AAA9BF704EAEC1CCD190
:10CE700055C0281A41287920693069289829D95F36
:10CE800096BFAEF553C0DE7687C0C8EF9DBFD0B366
:10CE90003DC11CB196BF6BF1A0C0E7501EBF9335DA
:10CEA000C1C065DFA1BF281A40286A3F20693069E8
:10CEB0002898295B976A3F63621F40B3D292C09063
:10CEC00088C1BFBC74A04137C3D53F910A0DC1359D
:10CED0007A19BFDB7991C1F9F719C0281A4028796E
:10CEE0002069306928413CC3B64F08D81DEA959E99
:10CEF000BF751389C15E8510C0A6B8BBC0C8B25447
:10CF0000BF5249E8C056BC91BF286A3F206930A98A
:10CF10002845C1ADFB3F381C020E0BC03945DB4133
:10CF20002C9A3A40295C6BC1EDF093BFF85310C2C4
:10CF3000D5EC7B489928792069306928982972F9BD
:10CF4000B3BFB28053C085B6B3C0E9D4DDBF0E2DE8
:10CF500054C15DF9ACBFC269BDC0EBE434BF992ACE
:10CF6000C8C0835199BF281A40286A3F2069306998
:10CF7000289829BF0EE03F8D627D40C79DF7C071A4
:10CF80003821C038380242BB442D4077BE3CC12115
:10CF90005C25BFA993BFC1C8EF37C0281A402879C4
:10CFA0002069306928215823204252277641A54E16
:10CFB0006CC0287E0CBFB5A629BFDCD7813EB53733
:10CFC000F83D05C50FBD9FAB2DBD202A401C39245F
:10CFD000191C2924291C2924157B142E3E2C90D0A1
:10CFE0000304400D6909010899060108C90C0108EC
:10CFF000180A89070108310501082914C11E89088A
:10D00000010819041AF90429021409024313020140
:10D0100025C03209041B01020B130524161001055B
:10D020002401100901042402020524061701070542
:10D03000820308151009040133020A2E07050102B4
:10D0400040072A810711130A0632023340011A12DF
:10D05000231302021E4083044057591B0203151379
:10D06000D1051B08C9041A69041309061B083904F1
:10D07000071C040309041A031F90400F3E783B5716
:10D080002A405D21132041240103061BE0410C14BA
:10D09000428CBD2A24045A94045A9C0421270C4231
:10D0A0006666A63F5A34085A48081E5C423333B3BA
:10D0B000085A70082382421AC0081E8C42CDCCCC7C
:10D0C000085A96081EA0429A99D9081AB4381AE646
:10D0D000081AC83014F33F0112041ECF840124DE65
:10D0E000041AED041AFC041E298501240B041A1AE3
:10D0F000041AA1041A47041A65041A56041A830470
:10D100001A92041A74041ABF041AFB041E3786010B
:10D110002473043201290432101AAA010009000AFA
:08D12000D7A33D0AD7233D000F
:04000005080002CD20
:00000001FF
